{"type":"Feature","bbox":[-180.0,-90.0,180.0,-60.5247],"properties":{"iso":"AQ","name":"Antarctica","name_de":"Antarktika","key":"AQ"},"geometry":{"type":"MultiPolygon","coordinates":[[[[-52.6431,-82.1604],[-50.7632,-81.9588],[-50.5579,-81.9938],[-48.3804,-81.8903],[-47.3804,-81.9235],[-47.3682,-81.9703],[-47.2638,-81.97],[-47.5846,-82.0204],[-47.2555,-82.0722],[-47.055,-81.9933],[-46.2792,-81.9098],[-46.2293,-81.9169],[-46.2534,-81.9553],[-46.2169,-82.0032],[-46.0126,-82.0944],[-46.0456,-82.1425],[-45.9488,-82.1257],[-46.3008,-82.3059],[-46.6888,-82.4055],[-46.453,-82.4708],[-46.5183,-82.5034],[-46.0536,-82.5549],[-45.7194,-82.4436],[-45.5204,-82.5266],[-44.5372,-82.3803],[-44.1371,-82.2447],[-44.0135,-82.263],[-44.057,-82.3498],[-44.153,-82.3893],[-44.0111,-82.3912],[-43.1598,-82.1247],[-43.2558,-82.0475],[-43.169,-81.9929],[-43.2235,-81.9566],[-43.1656,-81.886],[-42.2352,-81.6913],[-42.2789,-81.6779],[-42.2065,-81.6364],[-41.9414,-81.6114],[-41.8999,-81.5836],[-41.9561,-81.5509],[-41.8401,-81.4485],[-41.5879,-81.3401],[-41.0467,-81.1814],[-40.398,-81.1699],[-39.8385,-81.0436],[-38.8224,-80.9054],[-38.7723,-80.8923],[-38.8201,-80.8862],[-38.7911,-80.8596],[-37.6228,-80.996],[-37.6879,-81.0134],[-37.2303,-81.0893],[-36.9785,-81.0524],[-36.817,-80.975],[-36.5907,-81.005],[-36.5951,-80.9726],[-36.4579,-80.9347],[-36.0332,-80.9207],[-35.7781,-80.8015],[-35.215,-80.6954],[-35.4668,-80.6481],[-35.3584,-80.6153],[-33.4762,-80.6154],[-33.1776,-80.5546],[-33.4648,-80.4977],[-32.9315,-80.5416],[-32.0305,-80.4352],[-30.3502,-80.4999],[-31.3195,-80.3089],[-29.7209,-80.262],[-29.8638,-80.2154],[-29.7608,-80.1756],[-24.2541,-80.0759],[-24.0686,-80.0099],[-22.9056,-79.9828],[-22.7668,-79.9262],[-22.5325,-79.9171],[-23.7913,-79.8156],[-24.262,-79.8224],[-24.3031,-79.8038],[-24.2562,-79.7151],[-24.7298,-79.782],[-30.6732,-79.5881],[-29.5414,-79.28],[-29.8292,-79.3194],[-29.8338,-79.2761],[-30.5415,-79.2751],[-30.5562,-79.2482],[-30.4495,-79.2172],[-29.9418,-79.1114],[-30.1956,-79.1044],[-30.139,-79.074],[-30.2392,-79.0343],[-30.5736,-79.1059],[-30.6112,-79.075],[-32.8202,-79.2439],[-34.2181,-79.1381],[-34.1518,-79.1176],[-36.2513,-78.8517],[-36.4113,-78.7535],[-36.4438,-78.634],[-36.2602,-78.3923],[-36.0218,-78.2159],[-35.8173,-78.152],[-35.581,-78.1505],[-35.6212,-78.0817],[-35.4905,-78.0507],[-35.4665,-77.968],[-35.3129,-77.8444],[-34.4997,-77.852],[-34.4591,-77.822],[-34.7593,-77.7477],[-34.7739,-77.6874],[-34.3205,-77.4664],[-33.9755,-77.4189],[-33.6968,-77.3058],[-33.1738,-77.2613],[-32.5006,-77.1262],[-31.915,-77.1508],[-31.8514,-77.051],[-31.6961,-76.9767],[-30.6614,-76.8517],[-30.1535,-76.6353],[-29.6581,-76.5769],[-29.3583,-76.4438],[-28.8591,-76.3533],[-27.3376,-76.1721],[-26.9852,-76.1697],[-26.8229,-76.0973],[-26.5953,-76.0896],[-25.9481,-75.933],[-24.2137,-75.7564],[-23.2694,-75.738],[-22.6507,-75.6907],[-22.5334,-75.642],[-22.3785,-75.6782],[-22.3019,-75.6446],[-22.074,-75.7058],[-21.6805,-75.6712],[-21.2696,-75.7143],[-20.9475,-75.633],[-20.6653,-75.6213],[-20.7303,-75.5416],[-20.3995,-75.4721],[-19.7676,-75.5495],[-19.2405,-75.5484],[-19.2378,-75.502],[-18.9672,-75.5149],[-18.9356,-75.491],[-19.0285,-75.4543],[-18.9871,-75.4428],[-18.6536,-75.4821],[-18.2514,-75.4602],[-18.5315,-75.4074],[-18.6387,-75.3196],[-18.8735,-75.2494],[-18.7497,-75.2239],[-18.6829,-75.1513],[-18.5463,-75.1469],[-18.5094,-75.0226],[-18.258,-74.9885],[-18.1311,-74.9387],[-18.1063,-74.8727],[-17.8022,-74.7765],[-17.9657,-74.6379],[-17.6232,-74.5852],[-17.5668,-74.5138],[-17.6173,-74.4705],[-17.5708,-74.3696],[-16.5973,-74.3074],[-15.639,-74.4308],[-15.1955,-74.3605],[-15.3196,-74.3191],[-15.3021,-74.2214],[-14.5251,-73.9757],[-14.5182,-73.934],[-14.3618,-73.8577],[-14.6272,-73.8391],[-14.7176,-73.7805],[-15.6863,-73.9485],[-16.517,-73.8852],[-16.5544,-73.8648],[-16.392,-73.8793],[-15.8258,-73.7887],[-16.5832,-73.6863],[-16.5986,-73.6015],[-16.5436,-73.4687],[-15.9762,-73.3038],[-15.9931,-73.2148],[-15.8977,-73.15],[-15.5666,-73.0793],[-14.8832,-73.0424],[-14.6124,-73.0822],[-14.4415,-73.1647],[-13.9168,-73.1059],[-14.0146,-73.0663],[-13.8953,-72.9867],[-14.4183,-72.7238],[-14.3907,-72.7131],[-13.3794,-72.8361],[-13.1548,-72.7995],[-12.8612,-72.6535],[-12.579,-72.5846],[-11.3875,-72.4181],[-11.3253,-72.3279],[-11.4097,-72.3019],[-11.24,-72.1765],[-11.383,-72.1721],[-11.0323,-72.0489],[-11.1179,-72.0378],[-10.9812,-71.9807],[-10.9178,-71.8958],[-10.9392,-71.8513],[-10.8472,-71.7809],[-10.9491,-71.7429],[-11.5274,-71.7553],[-12.1503,-71.6364],[-12.3677,-71.4508],[-12.3492,-71.3564],[-11.8795,-71.2603],[-11.6601,-71.2765],[-11.7168,-71.3287],[-11.6511,-71.4098],[-11.2958,-71.4374],[-11.0366,-71.5612],[-10.7581,-71.5774],[-10.6003,-71.527],[-10.7331,-71.4096],[-10.6535,-71.325],[-9.9888,-71.1193],[-10.4501,-70.991],[-10.0697,-70.9119],[-9.9431,-70.9445],[-9.9758,-71.0286],[-9.8852,-71.0842],[-9.4517,-71.0992],[-9.0545,-71.2067],[-8.9879,-71.2765],[-9.14,-71.3678],[-9.1345,-71.4057],[-8.8534,-71.4207],[-8.7507,-71.4736],[-8.8298,-71.5333],[-8.7154,-71.5857],[-8.6849,-71.6562],[-8.7186,-71.7048],[-8.4097,-71.7299],[-8.1626,-71.5766],[-8.0723,-71.6111],[-8.0912,-71.6576],[-7.6039,-71.634],[-7.5966,-71.594],[-7.7792,-71.4941],[-7.7652,-71.4284],[-7.5685,-71.3346],[-7.5642,-71.1506],[-7.8756,-70.9899],[-7.9619,-70.8731],[-7.9122,-70.8437],[-7.2843,-70.7912],[-6.6183,-70.924],[-6.5533,-70.815],[-6.4298,-70.7379],[-6.0136,-70.6798],[-5.6753,-70.7327],[-5.5666,-70.8417],[-5.7218,-71.03],[-6.0437,-71.1183],[-6.0997,-71.1568],[-6.058,-71.2192],[-6.2811,-71.3106],[-6.1498,-71.3663],[-4.3873,-71.3229],[-3.9376,-71.3674],[-3.9904,-71.3156],[-3.9372,-71.2941],[-3.7182,-71.3786],[-3.7071,-71.4571],[-3.4922,-71.5227],[-3.469,-71.4377],[-3.3378,-71.4252],[-3.3346,-71.3249],[-3.2902,-71.2872],[-3.1328,-71.3566],[-2.9912,-71.3611],[-2.9923,-71.2809],[-2.6775,-71.2574],[-2.4853,-71.3694],[-2.2526,-71.3775],[-2.1068,-71.4854],[-1.972,-71.4225],[-1.3954,-71.4435],[-1.3063,-71.4028],[-1.3107,-71.3196],[-1.1376,-71.2553],[-0.8128,-71.3775],[-0.806,-71.4216],[-0.8655,-71.449],[-0.8453,-71.5032],[-0.9521,-71.6236],[-0.6219,-71.6853],[-0.5185,-71.7652],[0.2322,-71.3499],[0.7109,-71.2182],[1.4519,-71.1183],[2.5197,-70.9006],[3.0741,-70.8946],[4.224,-70.7838],[4.3976,-70.7109],[4.9629,-70.6887],[5.0208,-70.637],[6.2031,-70.627],[6.5364,-70.5753],[6.7806,-70.5994],[6.8102,-70.5398],[6.8988,-70.5605],[6.9852,-70.5226],[7.1453,-70.561],[7.2503,-70.5162],[7.5537,-70.5285],[7.6118,-70.486],[7.6683,-70.5182],[7.4392,-70.3375],[7.4142,-70.2214],[7.479,-70.1899],[7.8936,-70.1774],[7.9219,-70.2439],[7.8342,-70.3661],[7.9304,-70.4723],[8.4431,-70.4824],[8.7847,-70.4176],[8.8372,-70.3539],[9.1367,-70.3754],[9.1514,-70.2903],[8.9382,-70.2468],[8.8984,-70.1855],[9.1288,-70.0759],[9.2943,-70.0788],[9.6558,-70.2478],[9.6565,-70.343],[9.765,-70.3486],[9.9793,-70.4535],[11.2376,-70.757],[11.8535,-70.7815],[12.0817,-70.674],[12.0877,-70.5453],[12.322,-70.3703],[13.041,-70.2345],[12.9398,-70.165],[12.4831,-70.1269],[12.4446,-70.0702],[12.9692,-70.0462],[13.085,-70.0751],[13.3428,-70.2727],[13.8488,-70.3478],[14.3864,-70.2859],[14.78,-70.3298],[15.0369,-70.2909],[15.8269,-70.3776],[15.8579,-70.26],[15.9626,-70.1896],[16.5773,-70.1314],[16.6502,-70.2208],[16.6106,-70.2433],[16.6193,-70.343],[16.5051,-70.4542],[16.8711,-70.4394],[16.927,-70.4845],[17.217,-70.464],[18.0938,-70.5424],[18.4982,-70.5025],[18.2528,-70.3259],[18.7146,-70.2599],[18.9417,-70.171],[19.2905,-70.2481],[19.1735,-70.2739],[19.2966,-70.3681],[18.9152,-70.634],[18.9309,-70.736],[19.2892,-70.9143],[19.5674,-70.9461],[19.7328,-70.8927],[20.4226,-70.9225],[21.0054,-70.8709],[21.2012,-70.8122],[21.1561,-70.65],[21.2245,-70.6124],[21.2085,-70.5764],[21.3172,-70.4903],[21.4517,-70.4684],[21.6113,-70.2721],[21.7456,-70.2262],[22.5793,-70.5402],[22.481,-70.61],[21.8264,-70.655],[22.3674,-70.6946],[22.3269,-70.7595],[22.7249,-70.7693],[22.9499,-70.8292],[23.2927,-70.8212],[23.5129,-70.6708],[23.5578,-70.6056],[23.5221,-70.5749],[23.6436,-70.5514],[23.7525,-70.4026],[24.1089,-70.4094],[24.4194,-70.5449],[24.4554,-70.6145],[24.2653,-70.6786],[24.3193,-70.7403],[24.5552,-70.8468],[24.968,-70.9455],[25.5769,-70.9714],[25.9827,-71.0419],[26.4456,-71.0324],[26.9263,-70.9239],[27.2751,-70.9897],[27.3189,-70.9256],[27.1594,-70.8707],[27.5744,-70.7892],[27.6284,-70.7413],[28.4517,-70.694],[28.773,-70.594],[29.0347,-70.5688],[29.4514,-70.3923],[29.7634,-70.363],[29.8412,-70.3113],[30.7378,-70.2735],[30.9353,-70.2146],[31.2804,-70.2371],[32.7453,-70.0134],[32.8687,-69.9303],[32.8242,-69.8661],[32.8376,-69.7848],[32.9857,-69.6594],[33.0005,-69.5048],[32.952,-69.3595],[32.7013,-69.2436],[32.4876,-69.0816],[32.5306,-69.0485],[32.5057,-68.9031],[32.8381,-68.7521],[33.216,-68.6696],[34.3006,-68.6882],[34.363,-68.7255],[34.3713,-68.8063],[34.0912,-68.8525],[33.8306,-69.0094],[33.6037,-69.0524],[33.7713,-69.0535],[33.9216,-69.1222],[34.3615,-69.1329],[34.62,-69.0707],[35.1255,-69.2595],[35.1999,-69.2941],[35.1047,-69.4596],[35.2288,-69.5367],[35.0735,-69.6319],[35.0794,-69.6706],[35.244,-69.7356],[36.0796,-69.6367],[36.1607,-69.7045],[36.3706,-69.658],[36.3325,-69.6192],[36.3704,-69.6056],[36.7057,-69.6298],[36.9951,-69.7973],[36.9689,-69.8383],[37.0363,-69.8867],[37.2405,-69.8318],[37.1926,-69.782],[37.281,-69.7284],[37.4915,-69.7546],[37.5964,-69.7301],[37.5083,-69.6902],[37.7863,-69.6819],[37.7857,-69.7571],[38.0384,-69.7175],[38.2407,-69.7665],[38.0202,-69.8494],[38.2559,-69.9492],[38.2197,-70.024],[38.4187,-70.0247],[38.714,-70.1887],[38.9403,-70.2047],[39.0752,-70.1546],[38.8152,-70.0554],[38.8036,-69.9877],[39.1926,-69.8925],[39.2459,-69.8505],[39.1361,-69.8295],[39.1615,-69.7267],[39.4951,-69.6863],[39.5887,-69.5988],[39.6774,-69.6569],[39.7072,-69.6583],[39.6428,-69.6261],[39.6688,-69.6034],[39.7787,-69.6114],[39.686,-69.5411],[39.7962,-69.5265],[39.74,-69.4905],[39.8479,-69.3847],[39.7017,-69.3068],[39.8148,-69.28],[39.7362,-69.196],[39.8113,-69.1809],[39.709,-69.0212],[39.8579,-68.8295],[40.2629,-68.8022],[40.5239,-68.7192],[40.7522,-68.7507],[41.0383,-68.6342],[41.0148,-68.5964],[41.544,-68.4721],[42.5361,-68.3796],[42.5232,-68.3362],[42.5804,-68.2856],[42.5427,-68.2649],[42.5603,-68.2237],[42.8479,-68.1369],[42.8286,-68.0964],[43.4055,-68.0346],[43.7761,-68.0465],[44.0022,-67.9685],[44.4964,-67.9594],[44.6299,-68.0094],[44.8032,-67.9763],[44.618,-67.8604],[44.7171,-67.7836],[44.9732,-67.7311],[45.1316,-67.7472],[45.4038,-67.6951],[45.5853,-67.7449],[45.5169,-67.7979],[45.5828,-67.8244],[45.7722,-67.7586],[45.7395,-67.7087],[45.8193,-67.6652],[46.217,-67.653],[46.4016,-67.7454],[46.4336,-67.7296],[46.3884,-67.6793],[46.406,-67.6194],[46.6227,-67.59],[46.306,-67.5593],[46.2723,-67.504],[46.3117,-67.4738],[46.2345,-67.4487],[46.2808,-67.3342],[46.48,-67.2753],[46.9144,-67.267],[46.9817,-67.2893],[46.9549,-67.3131],[46.9917,-67.3464],[47.4411,-67.4094],[46.9196,-67.5065],[46.9813,-67.5387],[46.9303,-67.5816],[47.1279,-67.5444],[47.3272,-67.5665],[47.116,-67.6292],[47.0957,-67.657],[47.1948,-67.6588],[47.0591,-67.685],[47.0938,-67.7052],[47.2649,-67.6506],[47.6345,-67.6603],[47.57,-67.7102],[47.3069,-67.7434],[47.3587,-67.7731],[47.5457,-67.7844],[47.9113,-67.649],[48.1331,-67.6526],[48.4546,-67.7302],[48.1712,-67.8888],[48.2494,-68.0208],[48.3827,-68.0234],[48.614,-67.8793],[48.7181,-67.7293],[48.7183,-67.6819],[48.5998,-67.6015],[48.582,-67.4748],[49.1747,-67.377],[49.22,-67.3137],[49.3285,-67.2888],[49.313,-67.2223],[49.4053,-67.2233],[49.2573,-67.1735],[49.0874,-67.1941],[49.1145,-67.1715],[49.068,-67.1508],[48.7316,-67.2208],[48.4758,-67.1881],[48.3547,-67.1215],[48.3611,-67.0164],[48.5881,-66.9373],[49.0593,-66.8849],[49.2165,-66.8189],[49.328,-66.8835],[49.3475,-66.9547],[49.1599,-67.0009],[49.3115,-67.0462],[49.7933,-67.0281],[49.8828,-67.0782],[49.7943,-67.2097],[49.6657,-67.2784],[49.6975,-67.2885],[50.1477,-67.1153],[50.6424,-67.242],[50.7207,-67.2382],[50.6196,-67.1847],[50.6499,-67.1777],[50.8812,-67.2162],[50.8185,-67.1778],[50.9782,-67.1681],[50.9554,-67.114],[50.4593,-67.0688],[50.5236,-66.9949],[50.4458,-66.9401],[50.5796,-66.8505],[50.8298,-66.7747],[50.5104,-66.7922],[50.2395,-66.7431],[50.1936,-66.5705],[50.322,-66.3938],[50.5374,-66.3039],[51.3523,-66.2218],[51.4783,-66.1205],[51.7721,-66.0372],[53.7902,-65.8454],[54.0134,-65.8897],[55.1834,-65.9309],[55.8613,-66.1198],[55.8447,-66.1491],[55.9151,-66.2091],[56.2107,-66.3199],[56.3991,-66.4627],[56.4473,-66.3971],[56.8078,-66.4055],[57.2761,-66.5812],[57.2481,-66.665],[57.2814,-66.7088],[57.0147,-66.7293],[56.6222,-66.6813],[56.5647,-66.6129],[56.4966,-66.6857],[56.1934,-66.5829],[55.9919,-66.5857],[56.0879,-66.611],[56.0125,-66.6609],[56.1702,-66.711],[56.5095,-66.7438],[56.3571,-66.7756],[56.3805,-66.8061],[56.5423,-66.7917],[56.3921,-66.8323],[56.6597,-66.8513],[56.7068,-66.8997],[56.6012,-66.9435],[56.2717,-66.8757],[56.322,-66.9089],[56.1541,-66.9518],[56.3672,-67.0102],[55.8555,-67.1703],[55.7322,-67.2636],[56.1535,-67.1961],[56.0884,-67.3484],[56.1707,-67.4089],[56.3396,-67.232],[56.5584,-67.1098],[56.9679,-67.0462],[57.3591,-67.0878],[57.3089,-67.0426],[57.5935,-66.9899],[58.0051,-67.1083],[58.1365,-67.0984],[58.1499,-67.1412],[58.0469,-67.225],[58.2703,-67.148],[58.4263,-67.1486],[58.4553,-67.1949],[58.6887,-67.157],[58.9159,-67.1775],[59.0938,-67.2447],[58.9886,-67.3102],[58.5488,-67.2302],[58.681,-67.343],[59.127,-67.425],[58.9858,-67.4874],[59.2649,-67.4843],[59.5129,-67.6064],[59.5934,-67.5943],[59.5091,-67.5243],[59.655,-67.5108],[59.6575,-67.3972],[60.4666,-67.3698],[61.167,-67.5053],[61.1292,-67.5414],[61.2432,-67.5905],[61.6081,-67.5396],[62.1174,-67.5623],[62.6174,-67.6601],[63.1126,-67.5338],[63.6509,-67.5034],[64.721,-67.6531],[66.7249,-67.7919],[67.1289,-67.759],[68.3767,-67.8952],[69.1068,-67.8463],[69.3524,-67.7301],[69.639,-67.7633],[69.683,-67.8644],[69.5955,-68.0431],[69.6348,-68.1222],[70.0894,-68.483],[70.1797,-68.4948],[69.8942,-68.5807],[69.6316,-68.5886],[69.6722,-68.6003],[69.5731,-68.622],[69.6753,-68.6335],[69.6047,-68.7188],[69.672,-68.7136],[69.2813,-68.8313],[69.3859,-68.8849],[69.8576,-68.8725],[69.7196,-68.9671],[69.3039,-69.0473],[69.3708,-69.0571],[69.3357,-69.0997],[69.7264,-69.1697],[69.7601,-69.1978],[69.7401,-69.2961],[69.6045,-69.352],[69.3438,-69.3219],[69.2595,-69.3679],[68.9207,-69.309],[68.742,-69.3893],[68.8977,-69.4547],[68.7471,-69.4924],[68.7334,-69.5509],[69.3552,-69.6171],[69.2017,-69.7057],[68.8827,-69.7409],[69.2069,-69.7979],[69.0222,-69.9485],[68.5726,-70.0209],[68.2808,-69.8464],[68.177,-69.7197],[68.1353,-69.7355],[68.1234,-69.8486],[67.9105,-69.9239],[67.9136,-69.9789],[67.5713,-70.0245],[67.5662,-70.0966],[67.4819,-70.1364],[67.4787,-70.2018],[67.2179,-70.2628],[67.2292,-70.3045],[67.7127,-70.2755],[67.7459,-70.287],[67.6579,-70.3233],[67.6779,-70.3458],[67.9761,-70.4542],[68.4221,-70.402],[68.5627,-70.4724],[68.6326,-70.4488],[68.688,-70.3537],[68.9235,-70.3046],[69.168,-70.3166],[69.2575,-70.4316],[69.2054,-70.6931],[69.0793,-70.7773],[69.0077,-70.9421],[68.8543,-71.0248],[68.8965,-71.0362],[68.5479,-71.1809],[68.6697,-71.2037],[68.055,-71.3547],[68.0833,-71.3654],[67.8325,-71.5385],[67.8601,-71.5558],[67.8192,-71.5904],[67.8942,-71.6037],[67.848,-71.6367],[67.8706,-71.6822],[67.5334,-71.7975],[67.6112,-71.8268],[67.4491,-71.8959],[67.5319,-71.9455],[67.507,-71.9933],[67.3987,-72.0637],[67.2622,-72.0812],[67.3318,-72.1291],[67.3151,-72.3279],[67.0838,-72.634],[66.9774,-72.9264],[66.3259,-73.1314],[66.4059,-73.2154],[66.5584,-73.2315],[67.1006,-73.1978],[67.0164,-73.2709],[67.1633,-73.2659],[67.2232,-73.3124],[68.0223,-73.1467],[68.0443,-73.0314],[68.1174,-72.9527],[68.0749,-72.8762],[67.9597,-72.8273],[67.9691,-72.7532],[67.9211,-72.693],[68.3328,-72.5075],[68.7523,-72.4936],[69.0838,-72.4163],[69.5593,-72.464],[69.6318,-72.4308],[69.5899,-72.3971],[69.6688,-72.3032],[69.9505,-72.2581],[69.916,-72.1999],[69.8049,-72.1877],[69.8569,-72.1193],[69.9541,-72.0772],[70.53,-72.0479],[70.7295,-71.9461],[70.7334,-71.912],[70.4424,-71.8622],[70.447,-71.8302],[70.6873,-71.8316],[70.9712,-71.7514],[71.2782,-71.7283],[71.0535,-71.671],[71.0955,-71.6214],[71.5398,-71.6103],[71.1582,-71.4561],[71.2534,-71.388],[71.2025,-71.3351],[71.5359,-71.2455],[71.5339,-71.2044],[71.3416,-71.1821],[71.5418,-70.9601],[71.686,-70.9537],[71.6524,-70.9122],[71.8482,-70.8447],[71.8594,-70.8097],[71.7268,-70.774],[71.8215,-70.7042],[71.9995,-70.6627],[72.1555,-70.7048],[72.1922,-70.6529],[72.346,-70.6755],[72.4373,-70.5701],[72.6458,-70.4675],[72.8528,-70.4448],[72.78,-70.3113],[72.6275,-70.1946],[72.6395,-70.1603],[72.7663,-70.069],[73.2307,-69.9789],[73.2489,-69.8586],[73.4055,-69.7975],[73.473,-69.7809],[73.7048,-69.8625],[73.884,-69.7459],[74.0749,-69.7127],[74.2352,-69.7376],[74.3169,-69.8068],[74.2746,-69.9074],[74.3027,-69.9196],[74.4671,-69.9252],[74.7175,-69.8354],[74.772,-69.8421],[74.7202,-69.8801],[74.7759,-69.9089],[74.9402,-69.8567],[75.0911,-69.9371],[75.2752,-69.8105],[75.4382,-69.9374],[75.9163,-69.7828],[75.7539,-69.6218],[75.8205,-69.5251],[76.3782,-69.4054],[76.3606,-69.4672],[76.406,-69.475],[76.6052,-69.3652],[76.8096,-69.3606],[76.8275,-69.2897],[76.9613,-69.276],[77.0005,-69.2117],[77.4707,-69.2057],[77.8416,-69.1301],[77.8313,-69.0832],[77.9226,-69.0076],[78.044,-69.0026],[77.9478,-68.9776],[78.0319,-68.9251],[77.9362,-68.9197],[77.9856,-68.8201],[78.1429,-68.759],[78.6699,-68.6985],[78.4583,-68.6501],[78.5446,-68.601],[78.5267,-68.5063],[78.4617,-68.4855],[78.5599,-68.3647],[78.7466,-68.2625],[79.1314,-68.1477],[82.0594,-67.6718],[82.362,-67.7042],[82.5862,-67.6034],[82.905,-67.6368],[83.2153,-67.579],[83.4727,-67.6578],[83.616,-67.6384],[83.6564,-67.5935],[83.4309,-67.5456],[83.3867,-67.4465],[83.7241,-67.3137],[84.2497,-67.2241],[84.4915,-67.1101],[84.9622,-67.0761],[85.0703,-67.0886],[85.0156,-67.129],[85.167,-67.1591],[85.6165,-67.1882],[85.8801,-67.1378],[86.0671,-67.0409],[86.5583,-67.0281],[86.6968,-67.0639],[87.1087,-66.9333],[87.9657,-66.7703],[88.1633,-66.7779],[88.2512,-66.8596],[88.7347,-66.7849],[89.5999,-66.846],[90.1489,-66.7712],[90.3987,-66.8196],[90.4917,-66.7429],[91.0861,-66.5781],[91.4368,-66.596],[91.9601,-66.4982],[92.7603,-66.6339],[93.0213,-66.5622],[93.6235,-66.5826],[93.7312,-66.6043],[93.6834,-66.6518],[93.7393,-66.7472],[93.8879,-66.6867],[93.9612,-66.7045],[93.9483,-66.7343],[94.0781,-66.718],[94.426,-66.6217],[94.5451,-66.5431],[94.9172,-66.4754],[95.2787,-66.5271],[95.3451,-66.6373],[95.5213,-66.6515],[95.4819,-66.7082],[95.5562,-66.7106],[95.9502,-66.6575],[96.1087,-66.5701],[96.2072,-66.6135],[96.4074,-66.5838],[96.6104,-66.6148],[97.0807,-66.4923],[97.2352,-66.508],[97.3371,-66.5813],[97.4388,-66.572],[97.4818,-66.635],[97.6953,-66.6786],[97.8401,-66.5661],[98.2478,-66.4479],[98.5371,-66.4544],[98.5754,-66.486],[98.4907,-66.6038],[98.5398,-66.6227],[99.0693,-66.4899],[99.0073,-66.5529],[98.7165,-66.6428],[98.8176,-66.7283],[98.7053,-66.7743],[98.7759,-66.7988],[98.8262,-66.9099],[99.0173,-66.6945],[99.1694,-66.7531],[99.1992,-66.7101],[99.4225,-66.6622],[99.4229,-66.6187],[99.5296,-66.5574],[99.5762,-66.5485],[99.5363,-66.6222],[99.5602,-66.6721],[99.9232,-66.4997],[100.2796,-66.4311],[100.3123,-66.4836],[100.447,-66.4557],[100.5,-66.5187],[100.6439,-66.4577],[100.528,-66.4514],[100.5672,-66.4246],[100.4706,-66.3974],[100.855,-66.3797],[101.0715,-66.267],[101.1426,-66.1769],[101.4762,-66.0584],[101.1687,-66.0295],[101.3364,-65.944],[102.3379,-65.9513],[102.7137,-65.8613],[103.306,-65.9282],[103.6105,-66.0099],[103.9082,-65.9788],[104.416,-66.0607],[104.6302,-66.1412],[105.3508,-66.2086],[106.3026,-66.38],[106.3457,-66.4334],[106.5986,-66.4142],[106.6987,-66.4703],[107.117,-66.4626],[107.7791,-66.5517],[107.8792,-66.6331],[107.7019,-66.7377],[107.7098,-66.8476],[107.8856,-66.7277],[108.207,-66.6267],[108.2982,-66.7564],[108.6219,-66.818],[108.7139,-66.9274],[108.8587,-66.9714],[109.125,-66.8847],[109.3858,-66.9327],[109.6099,-66.9197],[109.5863,-66.8922],[109.6192,-66.877],[109.8478,-66.8544],[109.8052,-66.8293],[110.4177,-66.6559],[110.6305,-66.7258],[110.7442,-66.7145],[110.6726,-66.6677],[110.7054,-66.6246],[110.6512,-66.5939],[110.6507,-66.5319],[110.6019,-66.5295],[110.6887,-66.489],[110.7249,-66.4055],[110.489,-66.3088],[110.9271,-66.0546],[111.6156,-65.9329],[113.2036,-65.7654],[113.2756,-65.8321],[113.7756,-65.9485],[114.4299,-66.226],[114.3094,-66.357],[114.4834,-66.4152],[114.3224,-66.509],[115.1135,-66.4781],[115.6494,-66.6145],[115.7808,-66.7883],[115.3874,-67.0038],[114.0301,-67.1907],[113.8164,-67.3183],[113.8849,-67.33],[113.8684,-67.3622],[113.6467,-67.4643],[113.7044,-67.5002],[114.0315,-67.4784],[114.6701,-67.3434],[114.5825,-67.4162],[114.669,-67.4242],[114.812,-67.367],[115.2542,-67.3131],[115.2079,-67.2909],[115.3379,-67.2195],[115.7997,-67.1812],[115.8475,-67.225],[116.0138,-67.1445],[116.157,-67.1651],[116.2326,-67.096],[116.3589,-67.1497],[116.9429,-66.9482],[116.8538,-67.1227],[116.8831,-67.1368],[117.5449,-67.0832],[117.7141,-67.1718],[117.9143,-67.0831],[118.4281,-67.0318],[118.2532,-67.1477],[118.46,-67.1843],[118.8685,-67.1869],[119.1497,-67.1164],[119.3284,-67.1276],[120.3517,-66.9348],[120.446,-66.9777],[118.7322,-67.2789],[118.7896,-67.2893],[118.8137,-67.3518],[118.9624,-67.3805],[118.8905,-67.4197],[118.9567,-67.4225],[120.4993,-67.2331],[120.9207,-67.1315],[121.5153,-67.093],[121.7687,-67.0066],[121.8643,-67.0187],[121.8019,-66.9753],[122.1885,-66.8551],[123.1499,-66.7332],[123.5579,-66.7486],[123.7303,-66.6503],[124.0151,-66.5888],[124.2605,-66.595],[124.3713,-66.6584],[124.3402,-66.7179],[124.7168,-66.7592],[124.8252,-66.6977],[125.1481,-66.6596],[125.4104,-66.4177],[125.7048,-66.3914],[125.9406,-66.3023],[126.0676,-66.3399],[126.176,-66.47],[126.3284,-66.4699],[126.2913,-66.4991],[126.3723,-66.5616],[126.4304,-66.3547],[126.5144,-66.3727],[126.4905,-66.423],[126.5531,-66.443],[126.7061,-66.4047],[126.6846,-66.443],[126.8543,-66.4493],[126.7189,-66.5929],[126.5695,-66.6658],[126.7041,-66.6413],[126.8192,-66.6913],[126.6805,-66.7569],[126.6821,-66.8454],[126.9683,-66.8079],[127.0628,-66.8487],[126.9987,-66.9328],[127.0829,-66.9563],[127.0444,-67.05],[127.0814,-67.1354],[127.1846,-66.9885],[127.3636,-66.9311],[127.3342,-66.9816],[127.4011,-67.0676],[128.0746,-67.0224],[128.1639,-67.1013],[128.3309,-67.0719],[128.5205,-67.1458],[128.7074,-67.1083],[128.7635,-67.0258],[129.0129,-67.1117],[129.0646,-67.1744],[129.2728,-67.0074],[129.4445,-66.9592],[129.3929,-66.8581],[129.5847,-66.7292],[129.4746,-66.691],[129.7105,-66.5152],[129.7217,-66.4382],[130.1027,-66.2768],[130.5628,-66.2617],[130.7048,-66.1496],[131.2693,-66.238],[131.7578,-66.2433],[132.4783,-66.1506],[132.8269,-66.1904],[133.2756,-66.0802],[133.7923,-66.1054],[134.2908,-66.3189],[134.4265,-66.3115],[134.1094,-66.5046],[134.339,-66.4831],[134.2988,-66.5173],[134.3501,-66.52],[134.7668,-66.3377],[134.7393,-66.3673],[135.1785,-66.3315],[135.1665,-66.2613],[135.2976,-66.2158],[135.343,-66.1007],[135.4943,-66.1147],[135.6473,-66.2781],[135.6296,-66.3474],[135.7564,-66.276],[136.1284,-66.2355],[136.3521,-66.3681],[136.5447,-66.4098],[136.6567,-66.5408],[136.7319,-66.4772],[136.6365,-66.4565],[136.6563,-66.4001],[136.736,-66.3487],[137.4579,-66.3448],[137.7206,-66.3681],[138.1416,-66.4987],[138.1843,-66.5383],[138.1333,-66.624],[138.3781,-66.5335],[139.2517,-66.5672],[139.4549,-66.594],[139.4774,-66.6506],[139.6776,-66.6305],[139.867,-66.6918],[139.8919,-66.7216],[139.8228,-66.797],[140.1102,-66.7292],[140.2845,-66.7291],[140.3848,-66.787],[140.4147,-66.7372],[140.5174,-66.725],[141.0037,-66.7673],[141.281,-66.8615],[141.5781,-66.78],[141.9817,-66.8],[142.4771,-67.026],[142.822,-67.0197],[143.5083,-66.8447],[143.861,-66.9197],[143.8786,-67.0737],[143.7515,-67.1394],[144.0691,-67.0862],[144.1148,-67.1774],[144.1546,-67.0733],[144.2268,-67.0237],[144.5125,-67.0157],[144.6624,-67.1166],[144.556,-67.196],[144.3215,-67.1716],[144.5142,-67.2346],[144.4465,-67.3338],[144.301,-67.4174],[144.1771,-67.3471],[144.0857,-67.4247],[144.1646,-67.4784],[144.1897,-67.5956],[143.8801,-67.781],[143.8406,-67.8473],[143.9548,-67.8333],[143.8807,-67.9339],[144.1559,-67.8855],[144.1385,-67.9534],[144.2487,-67.9544],[144.4691,-67.7944],[144.905,-67.7377],[145.2798,-67.5157],[145.4443,-67.5148],[145.5266,-67.6905],[145.6159,-67.7371],[145.6883,-67.7009],[145.7334,-67.593],[146.0481,-67.5866],[146.1907,-67.6228],[146.2289,-67.6871],[146.1097,-67.7496],[146.301,-67.8513],[146.4416,-67.7311],[146.529,-67.7703],[146.5109,-67.8415],[146.3854,-67.9152],[146.4102,-67.9518],[146.5444,-67.9376],[146.553,-67.9889],[146.6668,-67.9394],[146.8728,-67.9376],[146.5583,-68.1432],[146.6023,-68.1785],[147.0647,-68.0388],[147.0549,-68.1347],[146.718,-68.3034],[147.1079,-68.294],[147.0384,-68.3928],[147.0604,-68.4228],[147.6624,-68.3566],[147.8494,-68.3704],[148.001,-68.464],[148.2415,-68.4142],[148.2927,-68.4274],[148.2883,-68.4665],[148.4354,-68.4733],[148.6113,-68.4682],[148.6919,-68.403],[148.8573,-68.4537],[149.1541,-68.4025],[149.1206,-68.421],[149.2075,-68.4604],[149.3903,-68.3844],[149.7849,-68.4869],[149.8836,-68.4636],[149.6836,-68.3693],[149.9133,-68.4234],[150.3779,-68.4399],[150.9566,-68.343],[151.0628,-68.3704],[151.1141,-68.4561],[150.9707,-68.7172],[151.0249,-68.777],[151.1636,-68.8776],[151.2847,-68.8287],[151.5669,-68.9168],[151.5733,-68.6926],[151.9238,-68.6668],[152.1565,-68.7364],[152.5264,-68.7149],[153.093,-68.8792],[153.3203,-68.8593],[153.3818,-68.7688],[153.5483,-68.796],[153.845,-68.7604],[153.7004,-68.5457],[153.8652,-68.4937],[153.7293,-68.4487],[153.682,-68.3761],[153.7083,-68.3001],[153.8784,-68.279],[154.7185,-68.5283],[154.7151,-68.5826],[154.7692,-68.6218],[154.4504,-68.6257],[154.5876,-68.7263],[154.5183,-68.804],[154.7947,-68.7109],[154.9512,-68.8029],[155.0111,-68.8989],[155.3086,-68.8933],[155.369,-68.9318],[155.3866,-69.0103],[155.2888,-69.0359],[155.6375,-69.1342],[155.7571,-69.1012],[155.5368,-68.9836],[155.7754,-68.9469],[155.9563,-69.0281],[156.001,-69.1114],[156.1021,-69.0988],[156.3501,-69.2019],[157.1398,-69.1613],[157.4225,-69.4372],[157.6462,-69.3824],[157.5047,-69.3495],[157.5335,-69.232],[157.6255,-69.1954],[157.8108,-69.2232],[157.9053,-69.1695],[158.2683,-69.225],[158.5487,-69.3507],[158.8171,-69.3163],[159.1001,-69.5129],[159.2354,-69.4279],[159.5122,-69.4991],[159.7733,-69.5065],[160.3345,-69.7961],[160.3242,-69.8488],[160.2505,-69.8741],[159.7612,-69.8852],[159.8783,-69.9904],[160.1428,-69.9688],[160.6614,-70.0816],[160.596,-70.1047],[160.7598,-70.102],[161.249,-70.4622],[161.1792,-70.5753],[161.2638,-70.5283],[161.2815,-70.6257],[161.4517,-70.686],[161.3098,-70.7961],[161.3068,-70.8604],[161.3612,-70.901],[161.6463,-70.8635],[161.7276,-70.9256],[161.933,-70.9073],[162.0941,-70.9768],[162.057,-71.0115],[162.0911,-71.0408],[162.3408,-71.1095],[162.4167,-71.0881],[162.4285,-71.0317],[162.2448,-70.9195],[162.2186,-70.8547],[162.0381,-70.8295],[162.0856,-70.6623],[162.0353,-70.6384],[161.9979,-70.4384],[162.0944,-70.3141],[162.5952,-70.2691],[162.8955,-70.4089],[162.8567,-70.4299],[162.9202,-70.5025],[163.1003,-70.533],[163.1703,-70.5876],[163.45,-70.6575],[163.8665,-70.6266],[163.895,-70.782],[164.0121,-70.7911],[164.1263,-70.6616],[164.1999,-70.6393],[164.0276,-70.5323],[164.2404,-70.4911],[164.8765,-70.5738],[165.427,-70.565],[165.9258,-70.6843],[166.3695,-70.5839],[166.7245,-70.6183],[166.8374,-70.6767],[166.4575,-70.7092],[166.4264,-70.7331],[166.4707,-70.7663],[167.7009,-70.7913],[167.8701,-70.9239],[167.14,-70.9964],[167.2555,-71.0383],[167.8779,-71.0143],[168.1013,-71.1085],[168.0443,-71.1437],[167.8683,-71.1323],[167.7433,-71.1945],[167.7599,-71.228],[168.5003,-71.1611],[168.6698,-71.1828],[168.7762,-71.2399],[168.7615,-71.2756],[169.1345,-71.3354],[169.4953,-71.4635],[169.4646,-71.4911],[169.516,-71.5151],[169.7603,-71.5079],[169.8895,-71.5751],[169.9774,-71.5629],[170.0759,-71.656],[170.1828,-71.6744],[170.2717,-71.6508],[170.2632,-71.5934],[170.3618,-71.544],[170.2087,-71.3142],[170.2824,-71.2988],[170.6912,-71.657],[170.6642,-71.6806],[170.8137,-71.6998],[170.8875,-71.8103],[170.9661,-71.8346],[170.5853,-72.0074],[170.5376,-71.9542],[170.5791,-71.9381],[170.334,-71.8009],[170.1384,-71.9319],[170.2564,-71.9508],[170.1958,-72.0202],[170.0457,-72.02],[170.0892,-72.0844],[170.0164,-72.1708],[169.7726,-72.2201],[170.0099,-72.2878],[169.8667,-72.3971],[169.8853,-72.4299],[170.2824,-72.3263],[170.3405,-72.4312],[170.2554,-72.603],[170.0996,-72.612],[169.3921,-72.4669],[169.1265,-72.485],[168.7067,-72.3591],[168.3162,-72.3736],[168.8674,-72.5759],[169.3018,-72.5773],[169.4702,-72.6823],[169.6789,-72.6656],[169.9325,-72.7359],[169.5845,-72.9622],[169.5773,-73.0112],[169.6312,-73.0437],[169.5823,-73.0805],[169.1722,-73.1031],[169.2495,-73.1907],[169.2146,-73.2765],[168.8939,-73.2234],[168.8869,-73.1632],[169.0057,-73.1104],[168.9751,-73.0915],[168.7145,-73.1201],[168.7526,-73.0769],[168.3941,-72.9719],[168.2976,-72.9903],[168.4025,-73.103],[168.3342,-73.1655],[168.0415,-73.1174],[167.1714,-73.153],[167.0584,-73.1291],[166.9463,-73.0239],[166.5205,-72.9298],[166.5829,-72.882],[166.3408,-72.9039],[166.4141,-72.9867],[166.7668,-73.0649],[166.7056,-73.1209],[166.8721,-73.2214],[166.7395,-73.3292],[166.7776,-73.3653],[167.0952,-73.2521],[167.3115,-73.2736],[167.3314,-73.3137],[167.9294,-73.3587],[167.6229,-73.3591],[167.7532,-73.4321],[167.7165,-73.4469],[167.2497,-73.4055],[167.2258,-73.4343],[167.2754,-73.4527],[167.2236,-73.477],[167.4347,-73.5032],[167.2728,-73.528],[166.9893,-73.4651],[167.0769,-73.5126],[167.033,-73.5661],[166.8491,-73.5905],[166.7817,-73.5395],[166.8328,-73.5221],[166.7473,-73.4864],[166.5903,-73.5904],[166.4514,-73.5927],[166.1398,-73.482],[166.0934,-73.4934],[166.2185,-73.5662],[165.8171,-73.5782],[166.2942,-73.7258],[166.1702,-73.7621],[166.1444,-73.8134],[165.583,-73.8051],[165.7931,-73.8725],[165.6519,-73.9137],[165.199,-73.8591],[165.256,-73.7441],[165.2367,-73.6066],[165.032,-73.4109],[165.3582,-73.34],[165.1952,-73.3222],[164.9139,-73.3879],[164.5261,-73.3302],[164.4432,-73.3687],[164.8938,-73.4835],[164.9059,-73.6572],[164.7146,-73.7817],[164.9525,-73.8909],[164.8709,-73.9316],[165.3088,-74.0304],[165.0755,-74.0548],[164.8237,-73.9648],[164.4108,-73.9433],[164.5877,-73.9797],[164.5933,-74.0195],[164.6725,-73.9996],[164.679,-74.0444],[164.8182,-74.0402],[164.8644,-74.0886],[164.8181,-74.102],[164.8938,-74.1204],[164.8128,-74.1459],[164.8823,-74.1708],[164.8599,-74.2092],[165.0628,-74.2566],[165.1006,-74.3425],[165.2717,-74.4588],[165.4578,-74.4944],[165.4347,-74.629],[165.1769,-74.5263],[164.8484,-74.5852],[164.4885,-74.5673],[164.3408,-74.5021],[163.9251,-74.5577],[163.9617,-74.5851],[163.8473,-74.6176],[163.6847,-74.6157],[163.6428,-74.5158],[163.6719,-74.4744],[163.5334,-74.4565],[163.5555,-74.3604],[163.4699,-74.342],[163.0986,-74.4189],[163.2708,-74.5418],[163.0453,-74.7078],[162.9378,-74.6047],[162.813,-74.6038],[162.8387,-74.6511],[162.7705,-74.7128],[162.5915,-74.7502],[162.6282,-74.7911],[162.5833,-74.8502],[162.3638,-74.8416],[162.4896,-74.9436],[162.7861,-74.99],[162.6178,-75.0309],[162.6857,-75.0507],[162.5462,-75.1012],[162.6556,-75.1674],[162.5952,-75.2237],[162.2625,-75.2712],[161.7764,-75.1889],[161.4749,-75.2856],[160.9759,-75.2872],[160.5824,-75.3784],[160.9253,-75.428],[161.0871,-75.3844],[162.1911,-75.3878],[162.3067,-75.5294],[162.0296,-75.5742],[162.2165,-75.592],[162.2005,-75.6379],[162.315,-75.6944],[162.9001,-75.8229],[162.7927,-75.9072],[162.5405,-75.9218],[162.7069,-75.9811],[162.7361,-76.0739],[162.3942,-76.0598],[162.5218,-76.0982],[162.3618,-76.0781],[162.3011,-76.1005],[162.4476,-76.1282],[162.1658,-76.155],[162.0923,-76.2022],[162.3294,-76.2763],[162.4823,-76.2206],[162.7515,-76.2351],[162.7873,-76.2848],[162.7004,-76.3077],[162.8843,-76.4391],[162.7239,-76.5427],[162.5344,-76.547],[162.4232,-76.6393],[162.8431,-76.6647],[162.9314,-76.7075],[162.9746,-76.7897],[162.866,-76.85],[162.6261,-76.8249],[162.4225,-76.8992],[162.5856,-76.9181],[162.3018,-76.9513],[162.5267,-76.9602],[162.387,-76.9885],[162.4294,-77.0117],[163.1629,-77.0436],[163.1244,-77.0839],[163.3773,-77.1767],[163.543,-77.3132],[163.5357,-77.3626],[163.8241,-77.4308],[163.7743,-77.4478],[163.8313,-77.4958],[163.8005,-77.528],[163.5051,-77.5694],[163.7188,-77.6149],[163.4401,-77.6686],[163.5571,-77.72],[163.9065,-77.6964],[164.2433,-77.7819],[163.8376,-77.8159],[163.7026,-77.8498],[163.7285,-77.8792],[164.5007,-77.8539],[164.5567,-77.8896],[164.5337,-77.9871],[164.3395,-78.03],[164.4203,-78.0631],[164.4011,-78.086],[163.8421,-78.227],[164.1165,-78.2143],[164.6397,-78.3256],[165.0972,-78.254],[165.2345,-78.1935],[165.1556,-78.1656],[165.2268,-78.1176],[165.4944,-78.0186],[165.6061,-78.0593],[165.6043,-78.1225],[165.3371,-78.1989],[165.7085,-78.2712],[165.7612,-78.3341],[165.6882,-78.3644],[165.7302,-78.3996],[166.5652,-78.5071],[167.0581,-78.509],[167.2157,-78.6007],[167.2278,-78.6692],[166.5467,-78.712],[166.0896,-78.5668],[164.4097,-78.6039],[163.8998,-78.7367],[163.5775,-78.7208],[163.5586,-78.7696],[163.4847,-78.7819],[163.4347,-78.7338],[163.065,-78.7369],[162.9014,-78.8144],[162.9113,-78.8818],[162.6216,-78.9452],[162.4528,-78.878],[162.5244,-78.7963],[162.4819,-78.779],[162.1257,-78.7599],[161.7605,-78.6104],[161.875,-78.5229],[161.824,-78.4812],[161.5529,-78.5055],[161.3359,-78.5812],[161.556,-78.7496],[161.5208,-78.7953],[161.7554,-78.8395],[161.6326,-78.871],[161.7918,-78.9099],[162.0654,-79.0686],[161.4934,-79.0196],[161.3489,-78.915],[161.0037,-78.9337],[161.1981,-78.9622],[161.0985,-79.06],[160.6951,-79.0375],[160.7472,-79.0749],[160.387,-79.1681],[160.5198,-79.2405],[160.439,-79.277],[160.4601,-79.303],[160.7288,-79.3406],[160.624,-79.3786],[160.662,-79.4054],[160.9627,-79.4277],[161.0342,-79.4748],[160.6235,-79.45],[160.1408,-79.5785],[159.635,-79.5256],[159.7371,-79.6173],[159.8755,-79.662],[160.8405,-79.6184],[160.0862,-79.7721],[159.4961,-79.8195],[159.6649,-79.8344],[159.5237,-79.8749],[159.822,-79.9257],[160.3289,-79.8613],[160.8509,-79.9575],[161.3202,-79.8775],[161.4706,-79.9016],[161.3833,-79.947],[158.7824,-80.259],[158.7331,-80.3246],[158.173,-80.4195],[158.5879,-80.477],[160.7749,-80.3832],[161.0401,-80.498],[160.9324,-80.5232],[160.5567,-80.4738],[160.6649,-80.5297],[160.1003,-80.5909],[159.9338,-80.5497],[159.7542,-80.5707],[159.8776,-80.6502],[160.2601,-80.6788],[160.8574,-80.6104],[161.1799,-80.6378],[161.1956,-80.6834],[161.0093,-80.7586],[161.3464,-80.7844],[159.5783,-80.768],[159.5298,-80.7804],[159.6028,-80.7981],[159.4976,-80.843],[160.6016,-80.8691],[160.8761,-80.9146],[160.6408,-80.9343],[160.877,-80.9509],[160.9339,-80.9723],[160.9075,-80.9929],[160.5474,-81.0068],[160.8245,-81.0982],[160.5415,-81.1192],[160.8145,-81.1897],[160.6087,-81.1931],[161.1424,-81.2444],[160.9194,-81.2702],[160.132,-81.2037],[160.3633,-81.2936],[160.6262,-81.3167],[160.4025,-81.3256],[160.3078,-81.3798],[160.3499,-81.3928],[160.8869,-81.357],[161.0728,-81.3849],[160.8421,-81.4285],[160.8898,-81.4709],[161.4541,-81.4235],[161.5192,-81.4521],[161.0115,-81.5488],[161.5925,-81.5715],[161.5059,-81.5842],[162.4793,-81.6891],[162.5305,-81.719],[162.4458,-81.7272],[162.6204,-81.7543],[162.2375,-81.8248],[162.7679,-81.8484],[162.8937,-81.8072],[163.1022,-81.8737],[162.6104,-81.9123],[163.0348,-81.9402],[162.9022,-81.9501],[163.9168,-82.1901],[163.8387,-82.2311],[160.6397,-82.4229],[160.8021,-82.492],[162.5287,-82.4767],[163.4395,-82.5452],[163.1648,-82.4495],[164.6732,-82.3388],[165.2302,-82.3928],[165.5593,-82.4934],[165.3049,-82.5795],[165.3733,-82.6061],[166.2268,-82.6436],[166.5298,-82.7027],[166.4302,-82.7504],[166.5383,-82.7815],[166.9058,-82.7576],[167.3065,-82.8171],[167.3508,-82.8438],[167.1665,-82.9003],[167.4085,-82.925],[167.0628,-82.9561],[167.1069,-82.9697],[167.458,-82.9811],[167.4242,-83.0261],[167.6566,-83.0617],[168.119,-82.9611],[168.5928,-82.999],[168.6234,-83.006],[168.6008,-83.0554],[168.8688,-83.1459],[168.7639,-83.1913],[168.0769,-83.1839],[168.5342,-83.2337],[168.4152,-83.2669],[166.9988,-83.1992],[168.0347,-83.3071],[167.9551,-83.3285],[168.0317,-83.3596],[168.4745,-83.353],[168.6609,-83.3971],[169.3835,-83.3368],[169.4271,-83.3708],[169.3641,-83.4221],[169.4662,-83.4474],[169.6301,-83.4148],[169.5847,-83.3987],[169.6296,-83.3691],[170.1026,-83.4047],[170.0593,-83.4132],[170.1276,-83.4633],[170.4033,-83.4916],[170.7541,-83.4264],[171.1931,-83.4456],[171.5769,-83.5003],[170.9243,-83.5343],[171.9597,-83.6202],[171.8662,-83.6441],[172.0467,-83.6585],[171.9149,-83.6878],[172.0011,-83.7169],[172.8206,-83.6679],[173.3079,-83.7526],[173.7214,-83.7636],[173.2913,-83.8564],[173.409,-83.8781],[174.9739,-83.8305],[175.4431,-83.9033],[175.1618,-83.9573],[175.301,-83.9845],[175.6777,-83.9616],[177.5352,-84.0579],[178.2179,-84.1446],[178.5276,-84.1214],[178.4063,-84.1555],[179.355,-84.1974],[179.7879,-84.2839],[179.6016,-84.3113],[180.0,-84.3528],[180.0,-90.0],[-180.0,-90.0],[-180.0,-84.3528],[-178.2976,-84.3077],[-177.7047,-84.4184],[-176.0643,-84.3959],[-176.5106,-84.4355],[-175.9987,-84.4874],[-176.0422,-84.4934],[-175.8813,-84.5475],[-175.2489,-84.4975],[-175.1429,-84.4523],[-175.2248,-84.4402],[-175.178,-84.4148],[-168.2547,-84.6482],[-168.1236,-84.6951],[-168.1649,-84.7219],[-168.0568,-84.7708],[-167.5082,-84.8119],[-167.4801,-84.8364],[-167.555,-84.8484],[-167.4418,-84.8674],[-166.9112,-84.8202],[-162.9941,-84.9142],[-162.8489,-84.8831],[-158.8714,-85.0763],[-158.4658,-85.1552],[-158.5651,-85.0993],[-158.3515,-85.103],[-158.1633,-85.1647],[-156.0084,-85.2219],[-156.9275,-85.1952],[-155.9907,-85.1862],[-155.9011,-85.1576],[-156.0997,-85.1423],[-155.504,-85.1261],[-156.9388,-85.007],[-157.0466,-84.9572],[-157.6372,-84.8972],[-155.7882,-84.9046],[-155.7496,-84.9003],[-156.1097,-84.8853],[-155.5892,-84.8405],[-158.3836,-84.7892],[-158.2496,-84.7672],[-163.8629,-84.5499],[-164.0966,-84.4806],[-163.2655,-84.4918],[-163.6602,-84.4291],[-165.1942,-84.4347],[-166.4235,-84.3703],[-165.5046,-84.3986],[-165.4097,-84.3645],[-163.0011,-84.363],[-164.1567,-84.2921],[-164.0983,-84.2626],[-164.7402,-84.1562],[-165.1544,-84.138],[-165.0185,-84.1189],[-165.0935,-84.0722],[-165.0097,-84.0567],[-163.7028,-84.0499],[-164.039,-83.9907],[-163.8901,-83.9636],[-163.9939,-83.9391],[-164.9796,-83.7965],[-165.5144,-83.7457],[-166.0682,-83.818],[-167.6792,-83.7701],[-167.1952,-83.8255],[-167.2996,-83.8378],[-168.0826,-83.7796],[-167.9885,-83.7668],[-168.2595,-83.7436],[-167.6772,-83.7442],[-168.3375,-83.6928],[-168.6097,-83.6225],[-168.6343,-83.6046],[-168.5342,-83.573],[-168.5826,-83.5304],[-169.0757,-83.4892],[-168.7799,-83.4757],[-171.741,-83.2272],[-170.9567,-83.2619],[-174.0276,-82.9152],[-174.3696,-82.7789],[-174.269,-82.7558],[-173.181,-82.9164],[-172.7418,-82.9184],[-172.5124,-82.8699],[-171.4083,-82.9538],[-170.9298,-83.0641],[-170.7195,-83.197],[-169.5997,-83.3105],[-169.5353,-83.3019],[-169.7346,-83.2444],[-165.0863,-83.2021],[-164.8541,-83.2503],[-164.9477,-83.2813],[-164.9858,-83.3559],[-164.7796,-83.3909],[-164.6573,-83.4981],[-164.1773,-83.5271],[-164.114,-83.5064],[-164.2032,-83.4317],[-164.1662,-83.3961],[-163.134,-83.3155],[-162.8699,-83.3215],[-162.8036,-83.3919],[-162.3701,-83.424],[-162.2601,-83.4499],[-162.4573,-83.4738],[-162.1691,-83.5247],[-160.07,-83.4792],[-159.1934,-83.5444],[-158.9999,-83.4571],[-157.5553,-83.3902],[-156.9177,-83.2302],[-158.5579,-83.1327],[-155.5922,-83.0461],[-155.4364,-83.0077],[-155.4968,-82.9555],[-155.1345,-82.8775],[-155.0588,-82.8019],[-152.5429,-82.5481],[-152.8968,-82.3741],[-154.2148,-82.1257],[-154.2556,-82.1015],[-154.1114,-82.0715],[-154.8389,-81.9448],[-154.3519,-81.8235],[-153.8298,-81.7922],[-153.6924,-81.747],[-153.8164,-81.6812],[-154.9966,-81.4892],[-157.0567,-81.3513],[-157.1459,-81.319],[-157.0958,-81.2664],[-156.4501,-81.1487],[-147.628,-80.9202],[-147.5483,-80.8869],[-147.6256,-80.8473],[-148.4515,-80.7822],[-148.3648,-80.7709],[-148.4066,-80.746],[-149.4617,-80.7192],[-148.8852,-80.7006],[-149.4455,-80.6832],[-149.0356,-80.6612],[-149.2484,-80.6428],[-149.1903,-80.6266],[-148.2577,-80.6363],[-149.6805,-80.59],[-149.727,-80.5825],[-149.5027,-80.5688],[-149.7945,-80.5538],[-149.6227,-80.537],[-149.6652,-80.527],[-150.2359,-80.528],[-150.3221,-80.5148],[-150.0849,-80.4963],[-150.4487,-80.4561],[-150.3868,-80.4371],[-150.4222,-80.4296],[-151.0116,-80.4295],[-149.9683,-80.3937],[-150.3955,-80.3163],[-150.7258,-80.3204],[-150.5719,-80.3058],[-150.8032,-80.2455],[-150.1337,-80.1857],[-150.3697,-80.0746],[-148.8341,-80.1313],[-148.5462,-80.0715],[-147.5548,-80.0512],[-148.5117,-80.008],[-147.879,-80.003],[-147.935,-79.9854],[-148.9499,-79.9726],[-148.1943,-79.9713],[-148.647,-79.954],[-148.4999,-79.9129],[-148.9997,-79.8608],[-148.0438,-79.8902],[-148.2075,-79.9068],[-147.9769,-79.9377],[-147.1553,-79.9459],[-147.1818,-79.9174],[-147.0671,-79.9086],[-147.8974,-79.9011],[-147.5852,-79.8746],[-148.1412,-79.8108],[-147.7731,-79.7795],[-149.0013,-79.6862],[-149.0924,-79.6303],[-150.4469,-79.5592],[-152.0038,-79.3425],[-151.6549,-79.2677],[-151.698,-79.2516],[-152.2142,-79.3102],[-152.4142,-79.2639],[-151.9896,-79.204],[-152.107,-79.2014],[-151.7201,-79.0838],[-152.2568,-79.0771],[-152.2342,-79.1109],[-152.5644,-79.1751],[-152.7047,-79.1139],[-152.935,-79.1701],[-154.9698,-79.0348],[-156.5283,-78.6637],[-156.55,-78.6236],[-156.4993,-78.5943],[-156.0876,-78.5573],[-156.0394,-78.5421],[-156.116,-78.5076],[-156.0528,-78.4941],[-154.5229,-78.434],[-154.5821,-78.4169],[-154.2908,-78.3889],[-154.3326,-78.3741],[-154.1811,-78.3352],[-154.2353,-78.281],[-154.1366,-78.2483],[-153.8151,-78.2332],[-154.2097,-78.2218],[-154.3962,-78.1359],[-154.7177,-78.154],[-154.6505,-78.1752],[-154.7741,-78.2345],[-155.12,-78.257],[-155.2516,-78.205],[-154.9777,-78.2067],[-155.0427,-78.154],[-155.3227,-78.1999],[-155.4215,-78.1708],[-156.348,-78.1999],[-156.453,-78.1457],[-156.6252,-78.1428],[-156.7409,-78.2133],[-157.1996,-78.2527],[-158.0888,-78.0053],[-158.3439,-77.9744],[-158.64,-77.8486],[-158.3249,-77.6365],[-158.1181,-77.5558],[-158.2863,-77.5139],[-158.1402,-77.4279],[-158.3295,-77.3429],[-158.3254,-77.2961],[-158.1775,-77.2058],[-158.3117,-77.1324],[-158.2202,-77.0737],[-157.8431,-77.075],[-157.0218,-77.3587],[-156.4671,-77.2607],[-156.8336,-77.1877],[-156.5903,-77.1124],[-155.8655,-77.0597],[-155.475,-77.1679],[-154.8944,-77.1037],[-154.7503,-77.1535],[-154.4052,-77.1529],[-153.534,-77.2542],[-153.3172,-77.3381],[-153.4554,-77.3984],[-153.9418,-77.4159],[-153.8624,-77.4426],[-152.5754,-77.502],[-152.6149,-77.4386],[-152.4764,-77.4079],[-152.4855,-77.3191],[-152.3507,-77.3027],[-152.0965,-77.391],[-151.5146,-77.4164],[-151.3712,-77.4506],[-151.4661,-77.4865],[-151.4209,-77.509],[-151.0011,-77.5585],[-149.975,-77.8162],[-149.2453,-77.7575],[-149.5908,-77.6493],[-149.8143,-77.6479],[-149.7855,-77.6246],[-149.4985,-77.6095],[-148.8845,-77.7072],[-148.6737,-77.6749],[-148.8147,-77.5615],[-147.7582,-77.4617],[-149.0555,-77.3202],[-149.0275,-77.2639],[-148.8027,-77.2343],[-148.9712,-77.2275],[-148.7697,-77.1047],[-148.5131,-77.1076],[-147.8468,-77.2638],[-147.7699,-77.3118],[-147.7779,-77.3697],[-147.6614,-77.423],[-147.6213,-77.4174],[-147.7143,-77.3556],[-147.5796,-77.3853],[-147.233,-77.3137],[-147.2642,-77.2595],[-146.9762,-77.2359],[-146.3751,-77.5031],[-146.0255,-77.5192],[-145.9326,-77.5001],[-145.9997,-77.4801],[-145.787,-77.4781],[-145.4628,-77.5232],[-145.4066,-77.4793],[-145.7347,-77.3687],[-145.9551,-77.3634],[-145.8098,-77.3479],[-145.9004,-77.3288],[-145.9534,-77.2331],[-145.246,-77.2324],[-146.3814,-77.0031],[-145.5069,-77.0795],[-145.31,-77.0587],[-145.5693,-76.9826],[-145.5467,-76.9478],[-145.5925,-76.9168],[-145.8104,-76.9199],[-145.9636,-76.8575],[-145.9136,-76.818],[-145.3983,-76.7795],[-145.4626,-76.7516],[-146.11,-76.7092],[-146.4701,-76.5927],[-146.3912,-76.5587],[-147.0817,-76.4328],[-148.0395,-76.4485],[-148.4528,-76.506],[-149.6398,-76.4299],[-149.709,-76.3767],[-149.5458,-76.3004],[-149.0333,-76.3019],[-148.5397,-76.2283],[-148.6893,-76.1611],[-148.4254,-76.0895],[-148.1971,-76.0871],[-147.1645,-76.2322],[-147.2163,-76.2409],[-146.5976,-76.3596],[-146.4945,-76.3268],[-146.2507,-76.4238],[-145.7184,-76.4649],[-145.3546,-76.4345],[-145.5386,-76.3155],[-145.9091,-76.2592],[-146.4996,-76.087],[-146.2092,-75.9155],[-145.9508,-75.8826],[-145.1803,-75.9072],[-145.2136,-75.8935],[-144.8912,-75.8409],[-144.2213,-75.8212],[-144.1604,-75.804],[-144.2025,-75.7185],[-143.9718,-75.6961],[-144.3572,-75.624],[-143.3918,-75.5383],[-142.6794,-75.5618],[-142.5372,-75.5368],[-142.5782,-75.4513],[-142.467,-75.4317],[-141.8614,-75.5212],[-141.5272,-75.7675],[-141.3795,-75.7395],[-140.6465,-75.8072],[-140.7765,-75.7439],[-140.6849,-75.746],[-140.8372,-75.6829],[-141.2384,-75.5987],[-141.3265,-75.5268],[-141.2305,-75.4924],[-140.8197,-75.5309],[-140.277,-75.4326],[-140.1571,-75.3406],[-139.6742,-75.2185],[-139.5666,-75.148],[-137.9043,-75.1056],[-137.7423,-75.0606],[-137.0949,-75.1799],[-136.9952,-75.1448],[-136.346,-75.1778],[-136.4301,-75.1339],[-136.335,-75.1254],[-136.3744,-75.1081],[-137.0099,-75.0099],[-136.8643,-74.9646],[-136.8849,-74.8283],[-136.8343,-74.7604],[-136.2248,-74.7014],[-135.7018,-74.7473],[-135.6478,-74.7135],[-135.7001,-74.678],[-135.42,-74.5651],[-134.5186,-74.6432],[-134.5014,-74.6769],[-134.5863,-74.7363],[-134.373,-74.8117],[-134.4147,-74.859],[-133.9292,-74.8842],[-133.9481,-74.9203],[-133.8655,-74.9283],[-132.7912,-74.7686],[-132.5787,-74.8258],[-132.0931,-74.7633],[-131.7788,-74.7809],[-131.5554,-74.846],[-130.8158,-74.8157],[-129.9751,-74.9133],[-127.2447,-74.6801],[-126.1134,-74.7615],[-125.7401,-74.7048],[-124.8263,-74.736],[-124.3656,-74.707],[-124.0513,-74.8111],[-123.3441,-74.7564],[-123.1182,-74.7963],[-122.4548,-74.7534],[-121.7725,-74.7861],[-121.7157,-74.7511],[-121.2546,-74.7247],[-121.3177,-74.7477],[-121.2031,-74.756],[-121.0434,-74.7161],[-120.9466,-74.7478],[-120.154,-74.6601],[-119.8973,-74.6819],[-118.8671,-74.6025],[-118.6165,-74.5222],[-119.1383,-74.5034],[-118.9755,-74.4042],[-118.1239,-74.3128],[-117.9708,-74.2581],[-117.8411,-74.3377],[-117.9781,-74.3998],[-117.8092,-74.4147],[-117.8827,-74.4698],[-117.7858,-74.5175],[-116.6935,-74.5579],[-116.0502,-74.4973],[-116.0975,-74.4669],[-116.0841,-74.4191],[-115.9067,-74.3854],[-115.9282,-74.4225],[-115.8883,-74.456],[-115.6493,-74.5309],[-114.8743,-74.4816],[-114.8385,-74.4714],[-114.8911,-74.3982],[-114.8424,-74.385],[-115.068,-74.2564],[-115.1261,-74.1511],[-115.0827,-74.113],[-115.1249,-74.0949],[-114.7969,-73.9389],[-114.21,-73.8635],[-113.9518,-73.9146],[-114.286,-74.0592],[-114.2423,-74.0783],[-113.6112,-74.0252],[-113.4396,-74.0997],[-113.422,-74.1749],[-113.9478,-74.2564],[-113.6852,-74.2966],[-113.8053,-74.3427],[-113.8022,-74.3928],[-113.7484,-74.4113],[-113.8013,-74.4518],[-113.2251,-74.4021],[-113.3109,-74.4807],[-113.6219,-74.5811],[-114.357,-74.6959],[-113.9154,-74.6799],[-113.8267,-74.713],[-113.9696,-74.8849],[-114.2781,-75.0197],[-114.1058,-75.0689],[-113.8883,-75.0359],[-113.7349,-74.9604],[-112.9178,-74.8731],[-112.6758,-74.898],[-112.5702,-74.8464],[-112.2458,-74.8626],[-112.0758,-74.8089],[-111.5426,-74.8015],[-111.5576,-74.7623],[-111.515,-74.7399],[-111.7104,-74.7214],[-111.9168,-74.6184],[-111.9261,-74.5512],[-111.8182,-74.4909],[-111.3256,-74.4755],[-111.7408,-74.4098],[-111.9048,-74.2824],[-111.887,-74.2286],[-111.5926,-74.1725],[-111.2308,-74.1967],[-110.7966,-74.3268],[-110.6688,-74.2405],[-110.5549,-74.2441],[-110.2482,-74.3722],[-110.4455,-74.4094],[-110.1929,-74.4323],[-110.1031,-74.5486],[-110.1367,-74.6002],[-110.317,-74.6555],[-110.2416,-74.7228],[-110.2944,-74.7819],[-110.6754,-74.8294],[-110.9891,-74.9811],[-111.5268,-75.108],[-111.6007,-75.1552],[-111.4908,-75.1576],[-111.6187,-75.1974],[-111.3042,-75.2409],[-111.1299,-75.2021],[-110.4459,-75.193],[-109.8672,-75.2306],[-109.6929,-75.1461],[-108.1037,-75.2565],[-107.8661,-75.3235],[-107.1929,-75.343],[-106.9049,-75.31],[-106.5913,-75.3786],[-106.4491,-75.3168],[-105.1418,-75.1813],[-105.0265,-75.1078],[-104.5506,-75.1607],[-104.1014,-75.1208],[-103.8122,-75.153],[-103.296,-75.0854],[-102.3407,-75.1305],[-101.7607,-75.0829],[-101.5642,-75.1467],[-101.5544,-75.1967],[-101.6569,-75.3054],[-101.1486,-75.3718],[-101.1127,-75.4321],[-100.4357,-75.3505],[-100.1099,-75.3864],[-99.4314,-75.3034],[-99.0143,-75.3395],[-98.642,-75.3095],[-98.4022,-75.2364],[-98.7442,-75.2245],[-98.4343,-75.1334],[-98.8991,-75.175],[-99.3797,-75.1127],[-99.3354,-75.0763],[-99.324,-74.9626],[-99.4385,-74.9133],[-100.1051,-74.9431],[-100.5223,-74.8909],[-100.5286,-74.8552],[-100.0834,-74.8461],[-99.9193,-74.7698],[-100.1102,-74.7162],[-100.0179,-74.6436],[-100.1134,-74.631],[-99.8009,-74.5367],[-100.1307,-74.4734],[-100.5995,-74.4846],[-100.9273,-74.5506],[-101.3959,-74.5027],[-101.4626,-74.4763],[-101.3772,-74.4256],[-101.4287,-74.3743],[-101.295,-74.2748],[-101.4264,-74.28],[-101.3599,-74.2453],[-101.3655,-74.1989],[-101.5892,-74.0002],[-102.8486,-73.9216],[-102.9233,-73.8575],[-102.789,-73.7488],[-102.8039,-73.717],[-102.9783,-73.6822],[-102.9986,-73.6096],[-101.3854,-73.6672],[-101.1639,-73.7707],[-100.6321,-73.7822],[-100.4586,-73.7262],[-99.5845,-73.707],[-99.4721,-73.6756],[-99.5859,-73.6349],[-99.4973,-73.6186],[-98.8144,-73.6323],[-98.8677,-73.5939],[-99.5877,-73.5226],[-99.4056,-73.4866],[-99.7149,-73.4677],[-99.7113,-73.3989],[-99.7681,-73.3642],[-102.8736,-73.3082],[-103.1175,-73.186],[-103.3067,-73.1471],[-103.2396,-73.0778],[-103.2878,-73.0478],[-103.2613,-73.0066],[-103.4299,-72.8494],[-103.2986,-72.7576],[-103.0414,-72.7076],[-102.094,-72.7717],[-102.1688,-72.8098],[-102.1886,-72.8945],[-102.7169,-72.9977],[-102.0767,-72.9784],[-101.984,-72.987],[-101.9971,-73.0397],[-101.9603,-73.0556],[-100.7659,-72.976],[-100.3183,-73.0688],[-99.8536,-72.9955],[-97.7174,-73.0253],[-97.9812,-73.1694],[-97.8166,-73.2013],[-97.4189,-73.1249],[-96.475,-73.2995],[-95.8427,-73.3315],[-95.7466,-73.2551],[-95.1938,-73.2091],[-94.578,-73.2355],[-94.3358,-73.3215],[-94.131,-73.3126],[-93.7743,-73.2162],[-93.6343,-73.2238],[-93.5716,-73.1752],[-93.0227,-73.1931],[-92.8014,-73.1428],[-92.7183,-73.1838],[-91.9538,-73.1845],[-91.8436,-73.2551],[-91.1149,-73.3007],[-91.0774,-73.3366],[-90.5343,-73.2802],[-90.1608,-73.1397],[-89.2303,-73.1113],[-89.28,-73.0377],[-89.0541,-72.9291],[-89.1193,-72.9025],[-89.1105,-72.7643],[-89.4247,-72.6435],[-89.3485,-72.6345],[-88.1735,-72.7321],[-88.1088,-72.8434],[-88.4063,-72.9184],[-88.4412,-72.9561],[-88.3937,-72.9905],[-88.4193,-73.0211],[-88.714,-73.1198],[-88.4069,-73.2706],[-88.2297,-73.2128],[-87.9215,-73.2527],[-87.3495,-73.1696],[-87.3323,-73.2021],[-87.3937,-73.2263],[-87.3583,-73.2561],[-87.1345,-73.2872],[-87.1335,-73.3525],[-86.9465,-73.3836],[-86.4604,-73.3373],[-86.3677,-73.2628],[-86.2223,-73.2776],[-85.8868,-73.1769],[-85.6786,-73.1775],[-85.5804,-73.2005],[-85.6649,-73.2551],[-85.5037,-73.353],[-85.5316,-73.3853],[-85.3395,-73.3963],[-85.1015,-73.4871],[-84.4669,-73.5694],[-83.7517,-73.5602],[-83.7598,-73.6349],[-83.8816,-73.6667],[-83.8087,-73.6938],[-83.8093,-73.7413],[-83.5192,-73.7371],[-83.4501,-73.6852],[-82.9337,-73.7104],[-82.1371,-73.8897],[-81.1847,-73.7042],[-81.0863,-73.5945],[-81.3282,-73.4801],[-81.3095,-73.3536],[-81.3555,-73.3238],[-81.2347,-73.248],[-80.8102,-73.2631],[-80.3938,-73.4142],[-80.1968,-73.402],[-80.3518,-73.3455],[-80.4368,-73.1882],[-80.651,-73.0844],[-80.6465,-72.9968],[-80.4925,-72.9533],[-79.6475,-73.0387],[-79.0923,-73.2653],[-78.7819,-73.338],[-78.7425,-73.4133],[-78.8605,-73.5196],[-78.845,-73.6088],[-77.5312,-73.4675],[-77.244,-73.5126],[-76.8798,-73.4586],[-76.7183,-73.5235],[-76.7282,-73.5917],[-77.2424,-73.8124],[-77.0808,-73.8793],[-76.7783,-73.7903],[-76.2772,-73.8209],[-75.8978,-73.7271],[-75.5607,-73.7138],[-75.2681,-73.6212],[-74.9076,-73.6423],[-74.6628,-73.7353],[-74.2772,-73.6627],[-74.0253,-73.7239],[-73.6865,-73.589],[-73.5729,-73.6452],[-73.4504,-73.565],[-73.2285,-73.5597],[-73.0731,-73.4444],[-72.3845,-73.4698],[-72.3558,-73.454],[-72.4173,-73.4361],[-72.2392,-73.3888],[-71.423,-73.3538],[-71.062,-73.2664],[-70.293,-73.2934],[-68.7797,-73.108],[-67.9425,-72.9282],[-67.7889,-72.8537],[-67.6627,-72.8779],[-67.5111,-72.8341],[-67.5041,-72.7364],[-67.2219,-72.5937],[-67.1896,-72.4612],[-66.9783,-72.3495],[-66.9194,-72.2238],[-66.7508,-72.1131],[-66.7921,-71.9606],[-67.1813,-71.7669],[-67.1029,-71.753],[-67.1422,-71.7226],[-67.4813,-71.5871],[-67.6226,-71.4334],[-67.6011,-71.3532],[-67.444,-71.2389],[-67.5446,-71.2075],[-67.4582,-71.1899],[-67.514,-71.1113],[-67.4014,-71.0705],[-67.4111,-70.9929],[-67.6427,-70.8547],[-67.7046,-70.7634],[-67.6745,-70.6398],[-67.8559,-70.5009],[-67.9494,-70.3118],[-68.1907,-70.235],[-68.3231,-70.1091],[-68.4838,-70.0527],[-68.4873,-69.9179],[-68.3801,-69.8693],[-68.3619,-69.6834],[-68.8249,-69.4313],[-68.6538,-69.3821],[-68.3088,-69.404],[-68.2859,-69.3499],[-68.3324,-69.3038],[-68.2789,-69.2813],[-67.5275,-69.4337],[-67.3923,-69.5027],[-67.2744,-69.4438],[-67.3392,-69.3948],[-67.253,-69.273],[-66.894,-69.2324],[-66.8446,-69.1755],[-66.9564,-69.1225],[-66.7591,-69.0712],[-66.7893,-69.0361],[-66.945,-69.0504],[-66.8271,-68.9975],[-66.845,-68.9729],[-67.2733,-68.9433],[-67.4807,-68.8419],[-67.3842,-68.7934],[-67.0162,-68.7857],[-66.9592,-68.7481],[-67.0146,-68.6147],[-67.1747,-68.5253],[-67.1129,-68.4767],[-66.9677,-68.4721],[-66.8743,-68.4181],[-66.9591,-68.3674],[-66.8607,-68.3676],[-67.1258,-68.342],[-67.1571,-68.3022],[-66.7656,-68.3136],[-66.6251,-68.2467],[-66.6894,-68.1901],[-66.9459,-68.2228],[-67.2106,-68.0751],[-67.065,-68.0414],[-67.2687,-67.9687],[-66.8506,-67.9137],[-66.8315,-67.8699],[-66.8912,-67.829],[-66.7671,-67.7752],[-67.0803,-67.7799],[-67.016,-67.7411],[-66.7379,-67.7306],[-66.9676,-67.6931],[-66.7672,-67.5888],[-66.5338,-67.6091],[-66.5102,-67.5279],[-66.6321,-67.5436],[-66.9927,-67.4687],[-67.6107,-67.547],[-67.5189,-67.5073],[-67.6608,-67.4828],[-67.4833,-67.3289],[-67.5548,-67.2643],[-67.4438,-67.1894],[-67.6077,-67.1783],[-67.4762,-67.0541],[-67.3031,-67.0993],[-67.2165,-66.9734],[-67.119,-67.0168],[-67.074,-67.0007],[-67.104,-66.9278],[-66.9507,-66.9389],[-66.9075,-67.0378],[-66.9393,-67.1183],[-66.8875,-67.1681],[-66.9809,-67.2763],[-66.7856,-67.3115],[-66.7089,-67.1905],[-66.5958,-67.2452],[-66.5358,-67.34],[-66.4628,-67.3366],[-66.4565,-67.1988],[-66.5268,-67.1139],[-66.4442,-67.0854],[-66.6142,-67.038],[-66.4203,-66.8819],[-66.5519,-66.8106],[-66.5479,-66.6502],[-66.2568,-66.5832],[-66.0919,-66.5914],[-65.8004,-66.7158],[-65.6894,-66.6837],[-65.6461,-66.653],[-65.7667,-66.6018],[-65.688,-66.586],[-65.7224,-66.5544],[-65.6627,-66.434],[-65.5504,-66.4002],[-65.6916,-66.3205],[-65.8724,-66.2989],[-65.6405,-66.2148],[-65.7055,-66.15],[-65.5958,-66.0984],[-65.1874,-66.1725],[-65.0909,-66.1501],[-65.3192,-66.0383],[-65.3277,-65.9811],[-65.2598,-65.9575],[-64.8866,-65.9284],[-64.7035,-66.033],[-64.5841,-66.0335],[-64.4877,-65.9505],[-64.6937,-65.8405],[-64.6714,-65.7526],[-64.3964,-65.8093],[-64.3353,-65.7166],[-64.4787,-65.6314],[-64.0451,-65.6931],[-64.2269,-65.5533],[-64.0819,-65.5148],[-63.7952,-65.6057],[-63.8287,-65.5475],[-63.6823,-65.5239],[-63.7623,-65.4716],[-64.09,-65.4133],[-63.9845,-65.3699],[-64.1099,-65.2678],[-64.0549,-65.2625],[-64.0797,-65.1653],[-63.8739,-65.046],[-63.3824,-65.1109],[-63.2613,-65.0803],[-63.2048,-65.1463],[-63.0836,-65.1661],[-62.992,-65.1254],[-63.0054,-65.0354],[-63.1387,-65.0278],[-63.2338,-64.9653],[-63.0565,-64.9044],[-62.8679,-64.921],[-62.7888,-64.8666],[-62.8543,-64.8316],[-62.7941,-64.8127],[-62.584,-64.9107],[-62.4072,-64.8766],[-62.6738,-64.7773],[-62.4972,-64.7319],[-62.5741,-64.6567],[-62.4725,-64.6311],[-62.5211,-64.6122],[-62.4955,-64.5986],[-62.3109,-64.6565],[-62.369,-64.7491],[-62.1418,-64.7848],[-62.2201,-64.7381],[-62.1289,-64.746],[-62.1368,-64.6833],[-62.0549,-64.7179],[-61.9709,-64.6904],[-61.9207,-64.6378],[-61.9668,-64.6122],[-61.9157,-64.5749],[-61.795,-64.5828],[-61.8437,-64.5182],[-61.8057,-64.4929],[-61.6531,-64.654],[-61.5788,-64.662],[-61.491,-64.6145],[-61.6058,-64.5322],[-61.4323,-64.5456],[-61.4447,-64.4651],[-61.5248,-64.4841],[-61.5829,-64.4426],[-61.4561,-64.3683],[-61.3651,-64.359],[-61.4166,-64.4076],[-61.2953,-64.4324],[-61.2713,-64.3947],[-61.0907,-64.3863],[-61.1352,-64.3331],[-61.0958,-64.3029],[-60.9417,-64.2819],[-60.976,-64.2409],[-60.9205,-64.2101],[-60.9629,-64.1563],[-60.8408,-64.1642],[-61.0194,-64.0825],[-60.9857,-64.0645],[-60.7729,-64.0851],[-60.7293,-64.0115],[-60.3065,-63.9155],[-59.97,-63.9581],[-59.9429,-63.8657],[-59.8225,-63.8455],[-59.8484,-63.8053],[-59.8074,-63.7717],[-59.7607,-63.7996],[-59.7702,-63.86],[-59.4291,-63.9099],[-59.4012,-63.862],[-59.4406,-63.8303],[-59.3398,-63.7853],[-59.3523,-63.7086],[-59.2313,-63.6806],[-59.1155,-63.7184],[-58.9361,-63.6692],[-58.9403,-63.5644],[-58.8985,-63.5402],[-58.1652,-63.463],[-58.1265,-63.4161],[-58.1829,-63.4079],[-58.1699,-63.3766],[-58.0329,-63.4132],[-57.8628,-63.3066],[-57.3687,-63.2179],[-57.0294,-63.281],[-57.0029,-63.3622],[-57.0476,-63.4156],[-56.9444,-63.3985],[-56.9913,-63.4604],[-56.7996,-63.5431],[-56.7758,-63.6038],[-56.8478,-63.6437],[-56.9684,-63.6114],[-57.1244,-63.6545],[-57.1755,-63.5969],[-57.0965,-63.5585],[-57.1268,-63.5035],[-57.4454,-63.4444],[-57.491,-63.4601],[-57.4584,-63.5338],[-57.3861,-63.5417],[-57.4207,-63.5619],[-57.7156,-63.5541],[-57.7656,-63.587],[-57.6044,-63.6025],[-57.8954,-63.6838],[-58.0977,-63.664],[-58.7047,-63.9948],[-58.7074,-64.0877],[-58.8199,-64.2187],[-59.0334,-64.1889],[-59.1079,-64.2273],[-58.7545,-64.2934],[-58.7614,-64.3322],[-58.9495,-64.3574],[-58.7799,-64.4317],[-58.764,-64.4986],[-58.8158,-64.5427],[-58.9908,-64.5143],[-59.0137,-64.4304],[-59.3309,-64.44],[-59.4639,-64.3106],[-59.6622,-64.3915],[-59.6107,-64.448],[-59.6492,-64.5203],[-59.5509,-64.5447],[-59.5911,-64.588],[-59.7689,-64.567],[-59.7702,-64.4247],[-60.0073,-64.3984],[-60.0095,-64.468],[-60.2239,-64.5159],[-60.262,-64.5661],[-60.422,-64.5248],[-60.3609,-64.6436],[-60.6659,-64.7087],[-60.7352,-64.811],[-61.0517,-65.0109],[-61.1943,-64.9998],[-61.3812,-65.0533],[-61.5185,-64.9791],[-61.7287,-64.9687],[-61.7394,-65.0878],[-61.5558,-65.1579],[-61.6262,-65.1702],[-61.6276,-65.2414],[-61.8037,-65.2468],[-61.9612,-65.1913],[-62.0557,-65.2293],[-62.0389,-65.2617],[-62.1983,-65.3045],[-62.0321,-65.3722],[-62.0954,-65.4031],[-62.0674,-65.4773],[-61.9221,-65.5412],[-61.701,-65.5457],[-62.0799,-65.5964],[-62.0549,-65.6663],[-62.0897,-65.7116],[-62.3619,-65.8142],[-62.3353,-65.8591],[-62.3724,-65.9157],[-62.2643,-65.9286],[-62.2484,-66.0095],[-62.0228,-66.1115],[-61.7529,-66.1022],[-61.596,-66.1656],[-61.6471,-66.0336],[-61.3091,-66.0866],[-61.3002,-65.9991],[-61.3554,-65.9323],[-61.2755,-65.9125],[-61.0312,-66.0359],[-61.0067,-65.9128],[-60.5471,-65.9583],[-60.6019,-66.0357],[-60.6999,-66.0419],[-60.7084,-66.1308],[-60.8402,-66.0453],[-61.0241,-66.0828],[-61.0222,-66.1326],[-60.8759,-66.1876],[-60.9947,-66.3415],[-61.1463,-66.3325],[-61.144,-66.2228],[-61.1874,-66.1814],[-61.4687,-66.1144],[-61.4935,-66.2599],[-61.7804,-66.213],[-61.6693,-66.3923],[-61.7509,-66.4777],[-61.8116,-66.4645],[-61.8924,-66.3283],[-61.9823,-66.27],[-61.9702,-66.1984],[-62.258,-66.1754],[-62.6683,-66.2275],[-62.7609,-66.3161],[-62.5511,-66.4132],[-62.5145,-66.4782],[-62.6904,-66.5099],[-62.7037,-66.5807],[-62.5197,-66.5939],[-62.5555,-66.6647],[-62.4579,-66.6433],[-62.4806,-66.7027],[-62.6439,-66.7245],[-62.7882,-66.6643],[-62.8787,-66.4937],[-63.163,-66.353],[-63.2108,-66.2487],[-63.8116,-66.1889],[-63.7121,-66.2504],[-63.8741,-66.2726],[-63.7152,-66.3002],[-63.7375,-66.3194],[-63.5861,-66.3522],[-63.5734,-66.3912],[-63.9033,-66.3816],[-63.7613,-66.435],[-63.8766,-66.4478],[-63.912,-66.5026],[-63.8048,-66.5297],[-63.797,-66.5885],[-63.9264,-66.6071],[-64.0212,-66.5576],[-64.1349,-66.6432],[-63.7513,-66.7877],[-63.7198,-66.8621],[-63.7555,-66.8976],[-64.0444,-66.9362],[-64.3088,-66.8365],[-64.3685,-66.9112],[-64.516,-66.905],[-64.5509,-66.8733],[-64.5269,-66.7568],[-64.6179,-66.7678],[-64.7738,-66.8456],[-64.703,-66.928],[-64.7105,-66.9871],[-64.9638,-66.8967],[-64.8822,-66.9631],[-64.9663,-67.0339],[-64.8762,-67.1095],[-64.7254,-67.0986],[-64.6901,-67.1484],[-65.0659,-67.2021],[-64.7912,-67.2621],[-64.7491,-67.3073],[-64.8815,-67.3318],[-64.9932,-67.2975],[-65.0889,-67.364],[-65.1585,-67.3232],[-65.2461,-67.3946],[-65.3269,-67.3991],[-65.3936,-67.2919],[-65.4769,-67.2636],[-65.4636,-67.3459],[-65.5843,-67.3113],[-65.616,-67.3689],[-65.5185,-67.4075],[-65.5015,-67.4623],[-65.615,-67.4951],[-65.5887,-67.5544],[-65.3375,-67.658],[-65.3659,-67.7033],[-65.5767,-67.7288],[-65.5761,-67.8444],[-65.7067,-67.8595],[-65.3292,-67.9838],[-65.7809,-68.0948],[-65.7607,-68.1657],[-65.2264,-68.163],[-64.9374,-68.0221],[-64.9891,-68.0891],[-64.8292,-68.1007],[-64.8336,-68.0705],[-64.7558,-68.1081],[-64.8008,-68.1638],[-65.0052,-68.2242],[-65.1475,-68.2079],[-65.4939,-68.3171],[-65.4364,-68.3814],[-65.0811,-68.3645],[-64.9757,-68.4078],[-65.3474,-68.5338],[-65.2438,-68.6295],[-64.6615,-68.6726],[-64.528,-68.7735],[-64.3594,-68.7844],[-64.4139,-68.7376],[-64.3732,-68.7384],[-64.033,-68.8313],[-64.1802,-68.7477],[-64.0006,-68.7543],[-64.3258,-68.6422],[-64.1811,-68.6491],[-64.1456,-68.6318],[-64.2573,-68.5738],[-64.1396,-68.5854],[-63.9892,-68.4914],[-63.3285,-68.4151],[-62.8717,-68.4207],[-62.9245,-68.5058],[-63.2379,-68.4465],[-63.4654,-68.5475],[-63.7606,-68.581],[-63.824,-68.6398],[-63.7799,-68.6701],[-63.8485,-68.6774],[-63.8129,-68.718],[-63.3708,-68.7741],[-63.2123,-68.8386],[-63.5127,-68.8132],[-63.3886,-68.8805],[-63.4771,-68.9239],[-63.4051,-68.9358],[-63.8292,-68.9426],[-63.8971,-68.9826],[-63.3035,-69.0556],[-63.4355,-69.158],[-63.3431,-69.1964],[-63.1727,-69.1625],[-62.9863,-69.3736],[-62.7452,-69.3522],[-62.5586,-69.4928],[-62.3973,-69.5152],[-62.3929,-69.7068],[-62.5297,-69.8639],[-62.3133,-69.9192],[-62.2824,-69.9518],[-62.3273,-69.9826],[-62.0093,-70.0759],[-61.8687,-70.2083],[-62.0146,-70.2926],[-62.2399,-70.2193],[-62.3935,-70.2188],[-62.3222,-70.277],[-62.4364,-70.3048],[-62.4072,-70.4055],[-62.1703,-70.4216],[-62.1365,-70.4954],[-62.1855,-70.5372],[-62.1449,-70.5525],[-61.9352,-70.4994],[-61.4741,-70.4931],[-61.3542,-70.5611],[-61.6811,-70.6188],[-61.6254,-70.6701],[-61.6879,-70.7071],[-62.1293,-70.7234],[-62.1381,-70.7706],[-62.0058,-70.7931],[-62.0326,-70.903],[-61.793,-70.9196],[-61.6668,-70.8497],[-61.305,-70.8561],[-61.267,-70.9309],[-61.3712,-71.0157],[-61.1766,-71.0334],[-61.2086,-71.1005],[-60.9346,-71.1822],[-60.9669,-71.2343],[-61.2774,-71.2244],[-60.9242,-71.3386],[-60.9838,-71.3668],[-61.4174,-71.3225],[-61.1293,-71.4148],[-61.3358,-71.4659],[-61.554,-71.4474],[-61.5422,-71.5055],[-61.7258,-71.5328],[-61.7246,-71.6047],[-62.1122,-71.6398],[-62.0682,-71.6736],[-61.5572,-71.6906],[-61.1413,-71.5329],[-60.9458,-71.6191],[-60.9803,-71.6608],[-60.7779,-71.677],[-60.8353,-71.7115],[-60.7716,-71.76],[-60.7978,-71.7815],[-61.097,-71.7081],[-61.1628,-71.7188],[-61.0561,-71.797],[-61.088,-71.8193],[-61.0272,-71.8323],[-61.0918,-71.871],[-61.4972,-71.8549],[-62.4409,-71.9196],[-62.1122,-72.0095],[-62.3491,-72.0976],[-62.2543,-72.1352],[-61.6743,-72.0466],[-61.4274,-72.0652],[-61.167,-72.1699],[-61.1737,-72.067],[-60.6938,-71.9978],[-60.6525,-72.0782],[-60.6886,-72.1202],[-61.0719,-72.1913],[-60.6872,-72.2309],[-60.6744,-72.3254],[-60.998,-72.3562],[-60.6922,-72.3747],[-60.6426,-72.4299],[-60.8235,-72.4651],[-61.4647,-72.4073],[-61.3656,-72.466],[-61.471,-72.4978],[-61.2755,-72.5261],[-61.2154,-72.6381],[-61.4203,-72.6458],[-61.2593,-72.6913],[-61.2153,-72.7639],[-61.1366,-72.7833],[-61.0044,-72.6866],[-60.5524,-72.6559],[-60.4917,-72.7912],[-60.5797,-72.8904],[-60.6644,-72.9156],[-60.6221,-72.9423],[-60.7699,-73.0354],[-60.7635,-73.0745],[-60.5522,-72.9806],[-60.2757,-73.046],[-60.0821,-72.8748],[-59.9494,-72.8952],[-59.9041,-72.9934],[-60.0301,-73.1213],[-59.9752,-73.2382],[-60.0266,-73.279],[-60.3783,-73.3217],[-60.4504,-73.3019],[-60.4693,-73.2273],[-60.5986,-73.1848],[-60.7344,-73.398],[-60.8346,-73.3849],[-60.8207,-73.3092],[-60.8779,-73.242],[-60.9496,-73.3429],[-61.0828,-73.3474],[-61.2554,-73.2444],[-61.2296,-73.2018],[-62.0017,-73.1042],[-62.0651,-73.1305],[-61.6461,-73.252],[-61.6265,-73.2851],[-62.0018,-73.2306],[-61.5685,-73.3531],[-61.5393,-73.3922],[-61.9348,-73.3722],[-61.9069,-73.4162],[-61.7129,-73.4601],[-61.6878,-73.5359],[-61.5626,-73.5377],[-61.4523,-73.4778],[-60.7996,-73.5779],[-61.1456,-73.7379],[-60.7347,-73.7158],[-60.9866,-73.9553],[-61.2324,-73.9582],[-61.4377,-73.8732],[-61.692,-73.8862],[-61.791,-73.9067],[-61.5819,-73.9699],[-61.8593,-74.0299],[-61.4905,-74.0156],[-61.3505,-74.0662],[-61.0558,-74.0732],[-61.1335,-74.1642],[-61.4044,-74.2486],[-61.5512,-74.2253],[-61.5539,-74.1751],[-61.7569,-74.2512],[-61.9781,-74.2442],[-61.8566,-74.3287],[-61.6442,-74.2975],[-61.2787,-74.3298],[-60.8581,-74.2452],[-60.65,-74.254],[-60.682,-74.3248],[-60.9784,-74.4212],[-60.906,-74.4492],[-60.9779,-74.4972],[-61.5427,-74.544],[-62.3639,-74.4035],[-62.2775,-74.4921],[-61.7882,-74.7121],[-61.7922,-74.779],[-62.1319,-74.9516],[-62.526,-74.9972],[-62.5911,-74.9511],[-62.5878,-74.7739],[-62.6891,-74.7531],[-62.7013,-74.678],[-62.8444,-74.7084],[-63.119,-74.6523],[-63.2657,-74.6681],[-63.293,-74.7201],[-63.1069,-74.822],[-63.0769,-74.9085],[-63.5731,-74.8714],[-63.6097,-74.9368],[-64.0856,-74.9986],[-63.9004,-75.0353],[-63.2779,-75.0154],[-63.0409,-75.1472],[-64.1588,-75.2243],[-64.4344,-75.3176],[-64.3299,-75.3664],[-63.7621,-75.3246],[-63.0845,-75.3517],[-63.1616,-75.4094],[-65.0109,-75.7873],[-65.2648,-75.7914],[-66.2186,-76.0108],[-68.1043,-76.1479],[-68.1467,-76.1657],[-67.9492,-76.2159],[-69.5468,-76.3269],[-70.1809,-76.4506],[-69.7463,-76.4695],[-70.0499,-76.4987],[-69.8162,-76.5222],[-70.0995,-76.5652],[-70.0805,-76.6174],[-69.8274,-76.6139],[-70.0943,-76.6751],[-69.9418,-76.6672],[-70.014,-76.6936],[-70.3321,-76.6777],[-70.5808,-76.7109],[-70.3695,-76.7153],[-70.5867,-76.7494],[-71.7091,-76.7628],[-72.4062,-76.6894],[-72.8814,-76.6721],[-72.9744,-76.7126],[-73.9368,-76.653],[-73.7666,-76.719],[-75.2103,-76.5652],[-75.3326,-76.6031],[-75.6667,-76.5613],[-75.5926,-76.6082],[-75.8104,-76.6381],[-76.0538,-76.5617],[-76.3771,-76.5681],[-76.5416,-76.5168],[-76.7705,-76.5787],[-76.7083,-76.6744],[-77.1182,-76.5606],[-77.3156,-76.5549],[-77.4569,-76.4801],[-77.3849,-76.545],[-77.5093,-76.5561],[-77.4259,-76.6272],[-77.6935,-76.4876],[-77.5085,-76.6305],[-77.5691,-76.6988],[-77.5236,-76.7297],[-77.1869,-76.8266],[-76.8223,-77.0055],[-76.9999,-77.0364],[-76.4739,-77.164],[-76.2667,-77.2858],[-75.8716,-77.3495],[-75.9106,-77.3647],[-75.5266,-77.5412],[-75.0804,-77.4371],[-72.7223,-77.5756],[-72.7967,-77.6008],[-72.761,-77.6562],[-72.8045,-77.699],[-73.4982,-77.9865],[-73.4311,-77.9994],[-73.4656,-78.0147],[-74.2694,-78.1292],[-73.9333,-78.1124],[-74.0557,-78.1371],[-74.892,-78.1681],[-75.0474,-78.2316],[-75.2176,-78.1446],[-77.6854,-77.9299],[-79.1456,-77.8447],[-79.4237,-77.878],[-80.2272,-77.7978],[-80.7694,-77.6699],[-80.6569,-77.7249],[-80.7623,-77.79],[-81.1571,-77.8523],[-81.6675,-77.8415],[-77.4125,-78.4196],[-77.3666,-78.4479],[-77.3294,-78.5978],[-77.754,-78.7358],[-80.2952,-78.8468],[-82.487,-78.4658],[-83.7676,-77.968],[-83.8286,-77.9967],[-83.7251,-78.1357],[-83.56,-78.1772],[-83.5913,-78.2263],[-83.2179,-78.3346],[-82.9449,-78.4733],[-83.1053,-78.5051],[-83.2398,-78.3985],[-83.4174,-78.4059],[-83.4618,-78.3928],[-83.4071,-78.3518],[-83.6813,-78.3272],[-83.74,-78.3609],[-83.71,-78.3972],[-83.7443,-78.4181],[-83.8861,-78.4194],[-83.7196,-78.5602],[-83.2535,-78.7727],[-82.9181,-78.8586],[-82.5857,-78.8679],[-82.607,-78.9296],[-82.4798,-78.9671],[-81.7428,-79.0654],[-81.4101,-79.1736],[-81.4534,-79.1886],[-81.3883,-79.2155],[-81.1057,-79.2034],[-81.3193,-79.2985],[-81.1685,-79.4482],[-80.4923,-79.5779],[-80.386,-79.5082],[-80.5454,-79.4143],[-80.5372,-79.3237],[-80.4294,-79.2585],[-76.5326,-79.3129],[-76.0663,-79.4353],[-75.9245,-79.5422],[-76.0976,-79.7336],[-76.6322,-79.9392],[-77.4191,-80.0138],[-79.6873,-79.9826],[-79.6454,-80.0213],[-78.2732,-80.1782],[-77.9005,-80.149],[-77.6661,-80.1817],[-76.2745,-80.0811],[-76.254,-80.1842],[-76.0951,-80.2941],[-75.9652,-80.2748],[-75.9672,-80.3134],[-75.8721,-80.3077],[-75.4141,-80.4885],[-75.424,-80.5416],[-75.712,-80.6381],[-74.9495,-80.7702],[-75.7709,-80.8376],[-75.5541,-80.8914],[-75.1488,-80.8635],[-74.8383,-80.9194],[-74.1042,-80.7962],[-72.5889,-80.9614],[-72.629,-80.9104],[-72.5837,-80.8323],[-72.4623,-80.7504],[-71.5266,-80.7154],[-71.1258,-80.6026],[-70.8206,-80.6101],[-70.4015,-80.6681],[-70.3641,-80.7077],[-70.3971,-80.8233],[-70.0342,-80.8927],[-70.0527,-80.9435],[-69.9758,-80.976],[-69.1741,-81.0297],[-68.6803,-80.9609],[-68.4487,-80.9771],[-68.0571,-81.0383],[-68.421,-81.0878],[-68.3717,-81.1103],[-65.1743,-81.5123],[-62.4142,-81.5576],[-62.2113,-81.5921],[-62.0836,-81.6457],[-62.2073,-81.6926],[-63.4613,-81.7008],[-63.2954,-81.649],[-63.3912,-81.6321],[-64.0844,-81.6889],[-63.8439,-81.6222],[-63.8782,-81.6008],[-64.1986,-81.6884],[-64.7127,-81.6982],[-64.5135,-81.6388],[-64.6168,-81.6193],[-64.9792,-81.695],[-65.6917,-81.7105],[-65.7015,-81.77],[-65.6249,-81.7841],[-64.9176,-81.8195],[-63.4794,-81.78],[-63.5409,-81.8293],[-63.4761,-81.8373],[-63.5772,-81.8718],[-65.8031,-81.8884],[-66.2558,-81.948],[-65.6298,-81.9866],[-65.9437,-82.0958],[-66.0624,-82.1954],[-65.8669,-82.2099],[-66.0281,-82.2397],[-65.9899,-82.2494],[-65.8627,-82.2448],[-66.0801,-82.2917],[-66.0303,-82.3116],[-65.2335,-82.2569],[-65.0726,-82.406],[-64.4569,-82.3544],[-64.5257,-82.3779],[-64.4396,-82.4103],[-63.8418,-82.3022],[-63.3334,-82.3408],[-63.1888,-82.2576],[-62.073,-82.2875],[-60.7087,-82.1607],[-60.6473,-82.1667],[-60.6929,-82.1977],[-60.4012,-82.1702],[-61.1202,-82.3443],[-62.795,-82.5197],[-62.4952,-82.6817],[-62.5387,-82.7206],[-62.1007,-82.8497],[-61.9325,-82.9723],[-62.2093,-83.0188],[-62.1808,-83.0341],[-61.8335,-82.9924],[-61.6202,-83.0634],[-61.385,-82.9664],[-61.3141,-82.8902],[-61.1479,-82.9648],[-61.1102,-82.949],[-61.1329,-82.9179],[-61.0657,-82.9098],[-60.9749,-83.0055],[-61.1125,-83.1648],[-61.8515,-83.3676],[-61.5411,-83.3508],[-61.4889,-83.4069],[-60.8996,-83.388],[-61.1136,-83.4479],[-60.9523,-83.4763],[-60.6081,-83.4284],[-60.4461,-83.4687],[-59.8741,-83.4275],[-59.47,-83.4601],[-57.8966,-83.009],[-57.6989,-82.9103],[-56.338,-82.6454],[-55.9923,-82.5409],[-55.9161,-82.477],[-55.5589,-82.4612],[-55.2248,-82.5178],[-55.1439,-82.4907],[-55.1876,-82.4583],[-55.0155,-82.3523],[-53.9247,-82.2061],[-54.3035,-82.1917],[-53.7996,-82.194],[-53.2249,-82.1251],[-52.6431,-82.1604]]],[[[167.6637,-78.1274],[167.4055,-78.2492],[166.9473,-78.2223],[166.3151,-78.3103],[166.0978,-78.2678],[165.9861,-78.1096],[166.0934,-78.0832],[166.7957,-78.2116],[167.5117,-77.9924],[167.6033,-78.0302],[167.6637,-78.1274]]],[[[163.6143,-74.8434],[163.6737,-74.8586],[163.6952,-74.8923],[163.6265,-74.9138],[163.6143,-74.8434]]],[[[163.6878,-74.7255],[164.0164,-74.6032],[164.3024,-74.5527],[164.2443,-74.6313],[164.0381,-74.6363],[164.0303,-74.6939],[164.1072,-74.7361],[163.926,-74.7722],[164.0378,-74.8063],[163.9634,-74.8664],[163.9292,-74.8268],[163.7599,-74.8097],[163.6878,-74.7255]]],[[[163.3096,-70.3864],[163.4553,-70.3391],[163.5667,-70.3639],[163.3096,-70.3864]]],[[[164.8403,-67.3393],[164.926,-67.4311],[164.849,-67.5009],[164.875,-67.5151],[164.7604,-67.5704],[164.6572,-67.5383],[164.6328,-67.4887],[164.6963,-67.4168],[164.6572,-67.2608],[164.8403,-67.3393]]],[[[163.3132,-66.7815],[163.2951,-66.8849],[163.1908,-66.8438],[163.0813,-66.7065],[163.2605,-66.7162],[163.257,-66.7633],[163.3132,-66.7815]]],[[[-45.0002,-60.7009],[-45.0834,-60.6847],[-45.0671,-60.6311],[-45.0002,-60.7009]]],[[[-59.2868,-80.2096],[-59.5926,-80.214],[-59.6226,-80.2597],[-59.5746,-80.2858],[-59.7574,-80.3357],[-59.7841,-80.3982],[-59.7309,-80.4142],[-59.7926,-80.4294],[-59.8468,-80.5283],[-59.6263,-80.477],[-59.4665,-80.4909],[-59.8592,-80.595],[-59.8843,-80.6459],[-59.6659,-80.6464],[-59.819,-80.7449],[-60.3614,-80.9161],[-60.6527,-80.9604],[-62.5221,-80.8649],[-62.9585,-80.7753],[-62.9736,-80.6969],[-63.1411,-80.5925],[-63.7923,-80.6061],[-64.1275,-80.6536],[-64.1761,-80.7332],[-64.2848,-80.7512],[-66.7009,-80.4124],[-66.8048,-80.3285],[-66.5767,-80.2273],[-66.2399,-80.1944],[-66.1672,-80.2182],[-66.2118,-80.2499],[-66.2035,-80.3437],[-65.9184,-80.395],[-61.7504,-80.3683],[-61.1846,-80.2526],[-61.5159,-80.2419],[-61.8079,-80.0576],[-61.2356,-79.9797],[-61.5227,-79.893],[-61.1208,-79.8735],[-61.0269,-79.8061],[-60.0767,-79.656],[-60.0408,-79.6601],[-60.0745,-79.6941],[-60.4866,-79.7377],[-59.7991,-79.7743],[-59.8536,-79.8172],[-59.6564,-79.8504],[-59.8544,-79.8376],[-59.8628,-79.9033],[-59.6256,-79.9063],[-59.7322,-79.9138],[-59.6776,-79.9572],[-59.8467,-79.9436],[-59.7843,-80.0578],[-59.9613,-80.0839],[-59.5199,-80.1119],[-59.4216,-80.1362],[-59.48,-80.1695],[-59.3495,-80.1617],[-59.2868,-80.2096]]],[[[-67.7073,-79.5256],[-65.7886,-79.6246],[-66.7008,-79.6681],[-66.1146,-79.7669],[-65.5541,-79.7774],[-65.5658,-79.8127],[-65.9013,-79.8395],[-65.5304,-79.8827],[-65.4501,-79.9524],[-66.3105,-80.0807],[-66.3954,-80.0598],[-66.4153,-80.0295],[-66.3358,-80.0163],[-66.4193,-79.9604],[-67.0257,-79.8984],[-66.8118,-79.7919],[-67.6904,-79.6383],[-67.8398,-79.5588],[-67.7073,-79.5256]]],[[[-32.2056,-79.627],[-32.1687,-79.6691],[-32.4967,-79.6733],[-32.6012,-79.6611],[-32.4503,-79.6196],[-32.4547,-79.5507],[-32.2942,-79.5219],[-31.9135,-79.5728],[-32.2056,-79.627]]],[[[-68.447,-79.3238],[-68.0177,-79.2258],[-67.6131,-79.2115],[-67.0482,-79.2648],[-67.5111,-79.3972],[-67.2422,-79.4558],[-67.4679,-79.506],[-68.5721,-79.4366],[-67.4694,-79.308],[-67.8533,-79.2809],[-68.447,-79.3238]]],[[[-67.6881,-79.1252],[-67.6025,-79.1367],[-68.2259,-79.1681],[-67.6881,-79.1252]]],[[[-33.9165,-79.3126],[-34.0709,-79.3615],[-36.7264,-79.2981],[-36.9385,-79.1812],[-36.5901,-79.2756],[-36.6596,-79.2231],[-35.8441,-79.1686],[-35.5034,-79.0901],[-34.0209,-79.2685],[-33.9165,-79.3126]]],[[[-75.6499,-78.8332],[-75.5058,-78.7351],[-75.3937,-78.741],[-75.525,-78.8059],[-75.4812,-78.8523],[-75.5124,-78.8668],[-75.6499,-78.8332]]],[[[-66.7344,-78.4418],[-67.0568,-78.4953],[-67.0227,-78.5143],[-67.3995,-78.6642],[-69.296,-79.2177],[-69.6648,-79.4118],[-69.5033,-79.4151],[-69.822,-79.4584],[-69.4916,-79.5326],[-69.7362,-79.5672],[-69.6466,-79.6038],[-70.3418,-79.6969],[-71.4442,-79.6529],[-71.6704,-79.5811],[-71.8157,-79.4792],[-71.7529,-79.3251],[-71.5996,-79.2],[-71.3954,-79.1017],[-70.5928,-78.8859],[-69.8334,-78.7997],[-69.4372,-78.6871],[-67.5776,-78.3718],[-66.9929,-78.3067],[-66.6055,-78.3637],[-66.8725,-78.428],[-66.7344,-78.4418]]],[[[-52.5188,-80.2001],[-52.3964,-80.185],[-51.4831,-79.9262],[-50.2637,-79.5357],[-50.2462,-79.4433],[-50.3502,-79.3985],[-50.3331,-79.3661],[-50.3892,-79.3308],[-50.7397,-79.2844],[-50.4844,-79.1293],[-50.453,-79.0038],[-50.5613,-78.9596],[-50.3343,-78.9138],[-50.2144,-78.8329],[-50.4305,-78.8126],[-50.2673,-78.7232],[-50.3674,-78.6905],[-50.2639,-78.6713],[-50.2211,-78.6044],[-49.9711,-78.4733],[-49.2781,-78.2009],[-49.111,-78.0529],[-47.2225,-77.7726],[-45.9341,-77.8171],[-44.5146,-78.0422],[-43.8188,-78.2483],[-43.7311,-78.3118],[-43.7251,-78.395],[-43.9203,-78.5963],[-45.3027,-78.6804],[-45.35,-78.6933],[-45.2246,-78.7356],[-45.3705,-78.7861],[-45.219,-78.8189],[-43.739,-78.8006],[-43.4599,-78.9555],[-43.4525,-79.1108],[-43.3578,-79.1008],[-43.1335,-79.1819],[-43.3485,-79.2392],[-43.0697,-79.3557],[-42.9616,-79.4409],[-42.9364,-79.5221],[-42.9815,-79.7866],[-43.1374,-79.9518],[-43.8567,-79.996],[-43.438,-80.1095],[-43.4524,-80.1645],[-43.5316,-80.2],[-49.7192,-80.6856],[-49.7591,-80.7219],[-49.696,-80.768],[-49.798,-80.7909],[-54.1616,-80.8771],[-54.4078,-80.74],[-54.3776,-80.5774],[-54.2175,-80.5217],[-54.0965,-80.5584],[-54.0194,-80.4706],[-53.5895,-80.2321],[-53.4237,-80.193],[-53.4576,-80.1609],[-53.4071,-80.1077],[-53.1515,-80.176],[-52.8902,-80.177],[-52.4093,-80.0551],[-52.2799,-80.0783],[-52.5188,-80.2001]]],[[[-49.2587,-77.8725],[-49.4508,-77.8631],[-48.8469,-77.7442],[-48.7504,-77.7477],[-49.2587,-77.8725]]],[[[-20.3666,-74.4254],[-20.4781,-74.4987],[-20.843,-74.4628],[-20.9812,-74.211],[-21.2995,-74.1059],[-22.0402,-74.1056],[-21.894,-74.0417],[-21.336,-74.0037],[-21.1454,-73.9501],[-21.0095,-73.8705],[-20.8904,-73.679],[-20.6402,-73.5875],[-20.5159,-73.6598],[-20.535,-73.7395],[-20.4958,-73.7937],[-20.5831,-73.8541],[-20.5986,-73.9905],[-20.6929,-74.102],[-20.3995,-74.3317],[-20.3666,-74.4254]]],[[[-73.8238,-73.3875],[-73.7794,-73.3591],[-73.7351,-73.3701],[-73.7876,-73.3964],[-73.8238,-73.3875]]],[[[-71.7965,-73.2198],[-71.9874,-73.2584],[-72.0962,-73.2145],[-71.9808,-73.1811],[-71.7965,-73.2198]]],[[[-73.8868,-73.1201],[-73.6981,-73.0988],[-73.5225,-73.1301],[-73.6921,-73.217],[-73.7084,-73.2916],[-74.0147,-73.4063],[-74.1592,-73.308],[-74.0029,-73.2516],[-74.0636,-73.2203],[-73.8749,-73.1897],[-73.8868,-73.1201]]],[[[-104.9586,-72.9426],[-104.5327,-73.1745],[-104.7469,-73.2185],[-104.9457,-73.1862],[-105.1554,-73.0053],[-104.9586,-72.9426]]],[[[-89.8924,-72.8846],[-89.5715,-72.863],[-89.3307,-72.928],[-89.6891,-73.0906],[-90.2191,-73.0842],[-90.3363,-72.9874],[-90.2825,-72.9413],[-90.0055,-72.9767],[-89.8924,-72.8846]]],[[[-75.4039,-72.822],[-74.504,-72.8821],[-74.3096,-72.9211],[-74.2186,-72.9908],[-74.3861,-73.1027],[-74.5084,-73.2524],[-74.758,-73.3032],[-74.5546,-73.3167],[-74.5524,-73.3874],[-74.3609,-73.4604],[-74.4653,-73.5829],[-74.5931,-73.6145],[-75.8746,-73.3466],[-76.031,-73.2839],[-76.1261,-73.1588],[-76.0392,-73.0842],[-75.8582,-73.0476],[-75.5245,-73.1134],[-75.4168,-73.1067],[-75.4609,-73.0735],[-75.4332,-73.0548],[-75.0364,-73.039],[-75.5011,-72.9894],[-75.7757,-72.8936],[-75.4039,-72.822]]],[[[-93.7508,-72.8886],[-93.862,-72.9282],[-94.1282,-72.873],[-93.9829,-72.819],[-93.7508,-72.8886]]],[[[-98.1308,-72.6923],[-97.9403,-72.6574],[-97.7487,-72.6833],[-97.9412,-72.725],[-98.1308,-72.6923]]],[[[-90.758,-72.6974],[-90.9305,-72.8479],[-90.7859,-72.841],[-90.7245,-72.9128],[-90.9177,-73.1013],[-91.2058,-73.1944],[-91.5063,-73.1978],[-91.4491,-72.9518],[-91.3334,-72.8976],[-91.5285,-72.7831],[-91.6865,-72.61],[-91.39,-72.5501],[-90.9152,-72.5622],[-90.8164,-72.6034],[-90.758,-72.6974]]],[[[-93.3888,-72.6025],[-93.2765,-72.5456],[-93.1106,-72.5598],[-93.2363,-72.6355],[-93.3888,-72.6025]]],[[[-60.7751,-72.5624],[-60.827,-72.5844],[-60.9689,-72.592],[-60.9093,-72.5411],[-60.7751,-72.5624]]],[[[-94.5021,-72.4793],[-94.3998,-72.6074],[-95.2012,-72.6773],[-95.2743,-72.6518],[-95.1978,-72.5886],[-94.5809,-72.4689],[-94.5021,-72.4793]]],[[[-16.338,-72.4606],[-16.1028,-72.6874],[-16.3816,-72.69],[-16.4875,-72.6223],[-16.5163,-72.5191],[-16.338,-72.4606]]],[[[-70.6536,-72.2507],[-70.4465,-72.2281],[-70.4176,-72.2384],[-70.5385,-72.2783],[-70.6536,-72.2507]]],[[[-60.2585,-72.204],[-60.1881,-72.176],[-60.1066,-72.2241],[-60.1814,-72.2558],[-60.2585,-72.204]]],[[[-12.8102,-72.0007],[-12.4897,-72.1671],[-12.7423,-72.1852],[-12.9211,-72.1212],[-12.9674,-72.0563],[-12.8102,-72.0007]]],[[[-95.8104,-72.3317],[-95.4289,-72.3342],[-95.5155,-72.402],[-96.0226,-72.4365],[-96.0968,-72.4611],[-95.9444,-72.5016],[-95.9439,-72.5462],[-96.0548,-72.5837],[-96.6043,-72.5608],[-96.7148,-72.517],[-96.9361,-72.5802],[-97.259,-72.5071],[-97.5994,-72.5572],[-98.5801,-72.5728],[-98.673,-72.5422],[-98.5355,-72.4641],[-99.3966,-72.4982],[-99.4681,-72.4614],[-99.1864,-72.3754],[-99.7646,-72.3735],[-100.2053,-72.2713],[-101.7252,-72.163],[-101.9673,-72.1933],[-102.2922,-72.1267],[-102.3237,-72.0641],[-102.087,-71.9739],[-100.4374,-71.8793],[-100.1326,-71.8219],[-99.9444,-71.8938],[-100.452,-71.9983],[-99.9454,-71.9786],[-99.8683,-71.9963],[-99.9027,-72.03],[-99.8612,-72.0494],[-99.499,-71.9304],[-99.0004,-72.0839],[-98.6855,-72.1074],[-98.634,-72.0981],[-98.7855,-72.0024],[-99.1526,-71.9162],[-98.8563,-71.7652],[-98.5316,-71.7568],[-97.9824,-71.8596],[-98.1152,-71.9465],[-98.2909,-71.9742],[-98.2286,-72.045],[-98.3526,-72.1564],[-98.0691,-72.0782],[-97.8525,-72.117],[-97.952,-72.164],[-97.7643,-72.1425],[-97.7537,-72.094],[-97.8639,-72.0204],[-97.8288,-71.9334],[-97.8921,-71.9107],[-97.6028,-71.8881],[-97.4723,-71.908],[-97.6227,-71.9505],[-97.365,-71.9799],[-97.4125,-72.0346],[-97.6183,-72.0961],[-97.3941,-72.2084],[-97.2231,-72.1203],[-96.9901,-71.8473],[-96.3605,-71.8351],[-96.0653,-71.9138],[-96.1395,-72.0136],[-96.5096,-72.0138],[-96.3822,-72.0569],[-97.0,-72.2143],[-96.7238,-72.2641],[-95.9533,-72.1438],[-95.6581,-72.0476],[-95.5932,-72.0768],[-95.6894,-72.0934],[-95.7191,-72.1033],[-95.5029,-72.1516],[-95.641,-72.2066],[-96.2316,-72.2341],[-96.4158,-72.2898],[-95.9762,-72.2592],[-95.8104,-72.3317]]],[[[-60.5307,-71.051],[-60.7566,-71.05],[-60.9573,-70.9773],[-60.8133,-70.9171],[-60.587,-70.9251],[-60.5166,-70.9916],[-60.5307,-71.051]]],[[[-74.4005,-70.9753],[-76.1304,-71.1379],[-76.4059,-71.1075],[-76.5426,-70.9656],[-76.109,-70.8377],[-75.1998,-70.7766],[-75.0772,-70.7271],[-75.0294,-70.6081],[-74.9545,-70.5846],[-74.8209,-70.607],[-74.5961,-70.7941],[-74.4699,-70.7514],[-74.4634,-70.5768],[-74.1007,-70.6586],[-74.1575,-70.5859],[-74.1308,-70.5651],[-73.8839,-70.5706],[-73.5475,-70.7162],[-73.6189,-70.775],[-74.4005,-70.9753]]],[[[-60.4353,-70.5968],[-60.7165,-70.7106],[-60.8856,-70.7001],[-60.9822,-70.6209],[-60.9694,-70.5476],[-60.8345,-70.5124],[-60.5049,-70.5175],[-60.4353,-70.5968]]],[[[-2.7471,-70.5118],[-3.5099,-70.5144],[-3.4925,-70.4811],[-3.1442,-70.3007],[-2.8338,-70.2814],[-2.7194,-70.3139],[-2.6806,-70.3884],[-2.685,-70.4723],[-2.7471,-70.5118]]],[[[-71.711,-70.4298],[-71.8165,-70.2958],[-71.4088,-70.2656],[-71.3186,-70.2988],[-71.5345,-70.4362],[-71.711,-70.4298]]],[[[-70.7689,-70.3035],[-70.7223,-70.2408],[-70.6324,-70.255],[-70.6671,-70.3268],[-70.7689,-70.3035]]],[[[-61.1054,-69.9638],[-61.2885,-69.9843],[-61.406,-69.9428],[-61.3734,-69.8733],[-61.2682,-69.852],[-61.1383,-69.8886],[-61.1054,-69.9638]]],[[[-74.7761,-70.171],[-75.6931,-70.1131],[-75.8317,-70.0164],[-75.7262,-69.8909],[-75.2301,-69.8417],[-75.4355,-69.7688],[-74.9628,-69.7169],[-74.7179,-69.763],[-74.7178,-69.8038],[-74.5355,-69.861],[-74.3971,-69.9618],[-74.6424,-69.9919],[-74.589,-70.0911],[-74.7761,-70.171]]],[[[-72.7718,-69.6498],[-72.9568,-69.5403],[-72.968,-69.4854],[-72.6619,-69.4161],[-72.3985,-69.4653],[-72.1516,-69.6197],[-71.9497,-69.6828],[-72.0185,-69.711],[-71.9704,-69.7517],[-72.1676,-69.684],[-72.2053,-69.7345],[-72.7718,-69.6498]]],[[[-61.8194,-69.3703],[-61.7354,-69.4933],[-61.7962,-69.5274],[-61.9197,-69.5378],[-61.8762,-69.5934],[-61.9451,-69.6375],[-61.9189,-69.6609],[-61.9599,-69.7084],[-62.0951,-69.7297],[-62.1992,-69.6061],[-62.1988,-69.5081],[-62.4687,-69.3225],[-62.5792,-69.1891],[-62.463,-69.1464],[-62.192,-69.1862],[-61.8194,-69.3703]]],[[[-71.4601,-72.6292],[-72.4083,-72.6745],[-72.5148,-72.6393],[-72.4321,-72.5535],[-72.7997,-72.5942],[-73.1642,-72.4312],[-72.6767,-72.2713],[-72.3206,-72.296],[-72.1797,-72.3625],[-72.0649,-72.3181],[-70.7097,-72.3964],[-70.1163,-72.2385],[-70.4577,-72.1402],[-71.3672,-72.2879],[-72.0552,-72.1581],[-72.0116,-72.1197],[-70.7698,-71.9897],[-70.7197,-71.9057],[-70.8565,-71.8456],[-71.1164,-71.8845],[-71.3942,-71.8334],[-71.8297,-71.8986],[-71.8322,-71.7991],[-72.1888,-71.7078],[-72.1696,-71.675],[-72.2477,-71.6241],[-72.3389,-71.6135],[-72.5493,-71.7482],[-72.6831,-71.7398],[-72.7115,-71.8609],[-72.8594,-71.921],[-73.5046,-71.8355],[-73.8789,-71.8642],[-73.5013,-72.0125],[-74.0048,-72.1735],[-74.2208,-72.1445],[-74.3578,-72.0444],[-74.816,-72.0649],[-75.356,-71.9236],[-75.4287,-71.8749],[-75.4024,-71.801],[-75.1772,-71.7526],[-75.4141,-71.6609],[-75.0164,-71.5265],[-74.8859,-71.5284],[-74.644,-71.6266],[-74.2895,-71.6579],[-74.397,-71.5837],[-74.4366,-71.4509],[-74.2225,-71.3819],[-73.8522,-71.4557],[-73.5252,-71.6062],[-73.3364,-71.5368],[-73.6601,-71.4106],[-73.654,-71.3495],[-73.5853,-71.3229],[-72.7574,-71.4046],[-72.5675,-71.3642],[-72.189,-71.3731],[-72.2187,-71.3421],[-72.1738,-71.3303],[-72.3153,-71.2888],[-72.8959,-71.2304],[-73.1246,-71.144],[-72.7861,-71.0628],[-72.3954,-71.0651],[-71.6901,-71.1589],[-71.3597,-71.0691],[-71.3099,-71.0232],[-71.3636,-70.99],[-71.3436,-70.9661],[-70.7179,-70.9985],[-70.4112,-70.9454],[-70.2085,-70.988],[-69.9968,-71.1518],[-69.838,-71.152],[-69.7967,-71.0436],[-69.8365,-70.9618],[-69.7867,-70.8534],[-69.8537,-70.8355],[-69.9303,-70.8815],[-70.4027,-70.8191],[-70.7013,-70.8318],[-71.1661,-70.756],[-71.2665,-70.6801],[-71.0031,-70.5138],[-70.9986,-70.4658],[-70.1175,-70.3298],[-69.6946,-70.4206],[-69.5885,-70.3935],[-70.2318,-70.2351],[-70.244,-70.1921],[-70.1693,-70.1686],[-70.1957,-70.1401],[-70.5409,-70.1662],[-70.6981,-70.1148],[-71.0592,-70.2241],[-71.7845,-70.0422],[-71.9276,-69.9542],[-71.8346,-69.7996],[-71.9116,-69.7083],[-71.7231,-69.6407],[-71.7413,-69.5666],[-71.6159,-69.4548],[-71.6774,-69.3863],[-72.098,-69.3127],[-72.0419,-69.296],[-72.1588,-69.2267],[-72.1044,-69.1617],[-72.1989,-69.0978],[-72.0127,-68.9555],[-71.4038,-68.86],[-70.4021,-68.7868],[-70.0967,-68.9025],[-70.0662,-68.9864],[-70.1065,-69.0009],[-69.9943,-69.0937],[-70.0944,-69.1362],[-70.0218,-69.1916],[-70.142,-69.237],[-70.1083,-69.301],[-69.739,-69.2937],[-69.538,-69.4514],[-69.4727,-69.5652],[-69.3171,-69.6259],[-69.3312,-69.8056],[-69.2655,-69.8805],[-69.2848,-69.9231],[-68.7204,-70.3691],[-68.3302,-70.7997],[-68.4812,-70.8095],[-68.2992,-70.8691],[-68.31,-71.0165],[-68.2381,-71.1689],[-68.2268,-71.3412],[-68.2739,-71.4366],[-68.1612,-71.6064],[-68.2073,-71.6637],[-68.2086,-71.8211],[-68.2497,-71.8831],[-68.4831,-71.8969],[-68.3419,-72.0571],[-68.4361,-72.2408],[-68.7628,-72.2234],[-68.7702,-72.2743],[-68.9128,-72.2931],[-68.9154,-72.3611],[-69.1388,-72.3754],[-69.2274,-72.4267],[-69.1403,-72.5021],[-69.2182,-72.5429],[-70.5238,-72.6676],[-70.6709,-72.6598],[-70.7433,-72.5588],[-70.9231,-72.651],[-71.4601,-72.6292]]],[[[-60.7461,-68.7989],[-61.0211,-68.7067],[-60.7905,-68.692],[-60.652,-68.7758],[-60.7461,-68.7989]]],[[[-67.135,-68.1381],[-67.2008,-68.1726],[-67.255,-68.1448],[-67.2401,-68.1331],[-67.135,-68.1381]]],[[[-67.04,-67.8614],[-66.9455,-67.8489],[-66.8554,-67.8722],[-66.9011,-67.8884],[-67.04,-67.8614]]],[[[-67.0831,-67.8327],[-67.2464,-67.894],[-67.2926,-67.8688],[-67.2338,-67.8308],[-67.3368,-67.8183],[-67.1859,-67.7941],[-67.0831,-67.8327]]],[[[-64.9543,-67.6614],[-64.9405,-67.5988],[-64.5637,-67.6204],[-64.7071,-67.6742],[-64.7999,-67.6378],[-64.9543,-67.6614]]],[[[-67.2882,-67.7301],[-67.5105,-67.7895],[-67.751,-67.7324],[-67.6436,-67.6837],[-67.7748,-67.6858],[-67.4957,-67.589],[-67.1837,-67.5998],[-67.1222,-67.6425],[-67.3205,-67.711],[-67.2882,-67.7301]]],[[[-66.8105,-67.5235],[-66.9994,-67.5915],[-67.1603,-67.5881],[-66.9712,-67.517],[-66.8105,-67.5235]]],[[[-67.7445,-67.3608],[-67.6905,-67.3188],[-67.6042,-67.3146],[-67.6687,-67.3571],[-67.7445,-67.3608]]],[[[-67.5758,-67.2145],[-67.6933,-67.2843],[-67.8102,-67.2634],[-67.6709,-67.205],[-67.5758,-67.2145]]],[[[-67.6815,-67.1281],[-67.5727,-67.0468],[-67.5404,-67.0989],[-67.6334,-67.1415],[-67.6815,-67.1281]]],[[[-67.3812,-66.9024],[-67.4934,-66.9045],[-67.6031,-66.88],[-67.4902,-66.7991],[-67.5199,-66.7621],[-67.4066,-66.7365],[-67.29,-66.769],[-67.2407,-66.8308],[-67.3812,-66.9024]]],[[[-68.9319,-67.6975],[-69.1789,-67.5517],[-69.1164,-67.4304],[-68.8375,-67.2668],[-68.3778,-66.8207],[-67.8605,-66.6257],[-67.6594,-66.6486],[-67.642,-66.6832],[-67.8192,-66.8014],[-67.9287,-66.815],[-68.0262,-66.9406],[-67.9232,-66.9972],[-67.9854,-67.0627],[-67.6768,-67.148],[-67.974,-67.2547],[-67.9848,-67.2989],[-68.251,-67.3693],[-67.9652,-67.3946],[-67.9738,-67.4684],[-68.1307,-67.5724],[-68.2642,-67.5212],[-68.4137,-67.5592],[-68.3958,-67.6252],[-68.5752,-67.7439],[-68.663,-67.7102],[-68.8993,-67.7605],[-68.9319,-67.6975]]],[[[-67.161,-66.3888],[-67.1227,-66.3626],[-67.1475,-66.3253],[-67.0271,-66.3419],[-67.161,-66.3888]]],[[[-67.1018,-66.2617],[-67.0716,-66.235],[-66.8768,-66.2638],[-66.9774,-66.288],[-67.1018,-66.2617]]],[[[-66.7725,-66.1378],[-66.6403,-66.0685],[-66.5556,-66.087],[-66.6348,-66.128],[-66.576,-66.1804],[-66.6019,-66.2088],[-66.8887,-66.3258],[-66.9108,-66.3019],[-66.7704,-66.2218],[-66.7725,-66.1378]]],[[[-65.7799,-65.948],[-65.7277,-65.9894],[-65.802,-65.9926],[-65.7799,-65.948]]],[[[-65.9001,-65.8767],[-65.9144,-65.9169],[-66.0338,-65.9246],[-65.9707,-65.8881],[-65.9001,-65.8767]]],[[[-65.254,-65.9002],[-65.3444,-65.8395],[-65.194,-65.8839],[-65.254,-65.9002]]],[[[-66.1859,-65.8652],[-66.1598,-65.7625],[-66.038,-65.7389],[-66.074,-65.664],[-65.97,-65.6186],[-65.96,-65.5533],[-65.6248,-65.5349],[-65.6655,-65.6601],[-65.913,-65.7058],[-65.838,-65.7341],[-65.8135,-65.8399],[-66.1013,-65.8845],[-66.1859,-65.8652]]],[[[-65.527,-65.4729],[-65.66,-65.5115],[-65.7322,-65.4853],[-65.7222,-65.4709],[-65.527,-65.4729]]],[[[-59.4355,-65.2338],[-59.6488,-65.2199],[-59.8415,-65.1274],[-59.7714,-65.0861],[-59.4355,-65.2338]]],[[[-62.9215,-64.8771],[-62.9879,-64.8967],[-63.1295,-64.8694],[-63.0699,-64.8414],[-62.9215,-64.8771]]],[[[-62.8468,-64.809],[-62.9005,-64.8239],[-63.031,-64.8064],[-62.9571,-64.7949],[-62.8468,-64.809]]],[[[-63.1571,-64.7245],[-63.3249,-64.8664],[-63.5945,-64.9074],[-63.4437,-64.8338],[-63.5201,-64.822],[-63.4479,-64.7895],[-63.3368,-64.7953],[-63.1571,-64.7245]]],[[[-62.6375,-64.7262],[-62.7048,-64.7477],[-62.7643,-64.7096],[-62.6678,-64.6699],[-62.6375,-64.7262]]],[[[-62.0228,-64.6249],[-62.0367,-64.6612],[-62.077,-64.6511],[-62.0689,-64.6325],[-62.0228,-64.6249]]],[[[-62.149,-64.5803],[-62.0538,-64.538],[-62.0146,-64.5529],[-62.093,-64.6209],[-62.149,-64.5803]]],[[[-57.6525,-64.4503],[-57.5846,-64.4177],[-57.564,-64.4423],[-57.5875,-64.471],[-57.6525,-64.4503]]],[[[-61.6265,-64.3596],[-61.5463,-64.3503],[-61.4892,-64.3845],[-61.5658,-64.3956],[-61.6265,-64.3596]]],[[[-57.442,-64.4522],[-56.944,-64.3288],[-56.8784,-64.3357],[-56.9464,-64.3756],[-56.9679,-64.4555],[-57.2191,-64.5654],[-57.4476,-64.5344],[-57.442,-64.4522]]],[[[-62.9064,-64.5212],[-62.8298,-64.5698],[-63.176,-64.6492],[-63.3517,-64.7636],[-63.5583,-64.7322],[-63.5085,-64.7599],[-63.6821,-64.8532],[-63.8048,-64.7869],[-64.3011,-64.6999],[-64.1963,-64.649],[-64.1995,-64.5921],[-63.8553,-64.5029],[-63.9308,-64.4594],[-63.6575,-64.4177],[-63.639,-64.3627],[-63.691,-64.3493],[-63.5544,-64.3072],[-63.5749,-64.2652],[-63.3429,-64.24],[-63.1534,-64.2916],[-63.3599,-64.4362],[-63.1112,-64.398],[-63.2423,-64.4782],[-63.1051,-64.4768],[-63.2987,-64.5636],[-63.2704,-64.5812],[-62.9064,-64.5212]]],[[[-56.8985,-64.3173],[-56.6352,-64.2216],[-56.5825,-64.2351],[-56.7145,-64.3066],[-56.8985,-64.3173]]],[[[-61.6591,-64.1716],[-61.7491,-64.1573],[-61.7537,-64.1142],[-61.6896,-64.1027],[-61.6591,-64.1716]]],[[[-62.5875,-64.5196],[-62.7885,-64.4838],[-62.5856,-64.4537],[-62.671,-64.3964],[-62.4638,-64.2367],[-62.6234,-64.1305],[-62.4881,-64.089],[-62.5721,-64.0524],[-62.3147,-64.016],[-62.2654,-64.0325],[-62.2669,-64.0993],[-62.0089,-64.1417],[-62.2115,-64.1784],[-62.049,-64.2145],[-62.2075,-64.3006],[-62.1675,-64.3621],[-62.3358,-64.3941],[-62.3209,-64.4264],[-62.4767,-64.4952],[-62.5311,-64.4548],[-62.5875,-64.5196]]],[[[-62.064,-64.071],[-61.8292,-63.9597],[-61.7843,-63.9695],[-61.9618,-64.0851],[-62.064,-64.071]]],[[[-57.5133,-64.341],[-57.4924,-64.3738],[-57.6641,-64.3312],[-57.6575,-64.3831],[-57.727,-64.3936],[-57.6542,-64.3015],[-57.8552,-64.2995],[-57.8031,-64.3813],[-57.8525,-64.4167],[-57.9675,-64.3985],[-57.9068,-64.3377],[-57.9624,-64.316],[-58.0608,-64.3214],[-58.1069,-64.3899],[-58.1446,-64.3938],[-58.0897,-64.352],[-58.215,-64.3845],[-58.3133,-64.3214],[-58.0127,-64.239],[-58.1832,-64.2131],[-58.1311,-64.1022],[-58.4202,-64.1371],[-58.4604,-64.0857],[-58.2996,-63.9877],[-58.3326,-63.9543],[-58.3039,-63.925],[-57.7947,-63.7914],[-57.828,-63.8097],[-57.7554,-63.8961],[-57.8879,-63.9757],[-57.8182,-64.0042],[-57.8644,-64.0666],[-57.7177,-64.0754],[-57.7444,-64.03],[-57.4935,-63.9262],[-57.4735,-63.9685],[-57.5326,-64.0214],[-57.1554,-64.0851],[-57.196,-64.1251],[-57.4004,-64.1456],[-57.2828,-64.1617],[-57.3256,-64.1818],[-57.0702,-64.1596],[-57.2645,-64.2403],[-57.4233,-64.2136],[-57.4845,-64.2327],[-57.3066,-64.2698],[-57.5646,-64.2872],[-57.3684,-64.3106],[-57.2955,-64.3712],[-57.4305,-64.3859],[-57.5133,-64.341]]],[[[-57.2429,-63.8669],[-57.6952,-63.8167],[-57.37,-63.7883],[-57.3462,-63.8215],[-57.4025,-63.8391],[-57.1849,-63.8092],[-57.0891,-63.8395],[-57.244,-63.9023],[-57.2429,-63.8669]]],[[[-61.6842,-63.8079],[-61.8083,-63.7289],[-61.6364,-63.7262],[-61.6138,-63.7636],[-61.6842,-63.8079]]],[[[-60.8866,-63.8586],[-60.9845,-63.8425],[-60.7875,-63.8347],[-60.7997,-63.7545],[-60.6652,-63.7223],[-60.7688,-63.7219],[-60.8022,-63.6658],[-60.5528,-63.6993],[-60.6988,-63.8097],[-60.6279,-63.8586],[-60.8212,-63.9135],[-60.899,-63.8969],[-60.8866,-63.8586]]],[[[-57.4639,-63.6887],[-57.5721,-63.6428],[-57.4021,-63.628],[-57.4639,-63.6887]]],[[[-56.6892,-63.5929],[-56.6027,-63.5573],[-56.4679,-63.5657],[-56.648,-63.6233],[-56.6892,-63.5929]]],[[[-59.8716,-63.5838],[-59.7974,-63.5534],[-59.7779,-63.5948],[-59.8716,-63.5838]]],[[[-55.7196,-63.4754],[-55.9649,-63.5815],[-56.2405,-63.4787],[-56.2067,-63.4362],[-55.8064,-63.4074],[-55.7196,-63.4754]]],[[[-61.9517,-63.3118],[-62.0118,-63.3451],[-62.2775,-63.3523],[-62.2416,-63.3193],[-62.2643,-63.2731],[-62.2027,-63.2371],[-61.9517,-63.3118]]],[[[-56.6986,-63.2062],[-56.6549,-63.1583],[-56.566,-63.1629],[-56.5919,-63.2086],[-56.6986,-63.2062]]],[[[-55.1594,-63.2039],[-55.0428,-63.283],[-55.1727,-63.3576],[-55.6252,-63.3342],[-55.7919,-63.2856],[-55.7917,-63.325],[-55.9014,-63.2966],[-56.0949,-63.3888],[-56.3551,-63.4397],[-56.5538,-63.3673],[-56.4256,-63.3146],[-56.4774,-63.294],[-56.3695,-63.2281],[-55.9745,-63.1469],[-55.5757,-63.1291],[-55.4779,-63.1525],[-55.535,-63.1791],[-55.4434,-63.2078],[-55.1594,-63.2039]]],[[[-56.2735,-63.1785],[-56.618,-63.0514],[-56.4768,-62.9767],[-56.1042,-63.0042],[-56.035,-63.0575],[-56.2735,-63.1785]]],[[[-60.4979,-62.9643],[-60.6853,-62.9262],[-60.6935,-62.9669],[-60.5575,-63.0076],[-60.6188,-63.0165],[-60.747,-62.9406],[-60.6193,-62.8967],[-60.4979,-62.9643]]],[[[-62.6013,-63.0656],[-62.7123,-63.0893],[-62.5193,-62.9125],[-62.3063,-62.8752],[-62.6013,-63.0656]]],[[[-61.5073,-62.8136],[-61.5202,-62.7745],[-61.4607,-62.7372],[-61.1989,-62.7277],[-61.4093,-62.8233],[-61.5073,-62.8136]]],[[[-61.1604,-62.6633],[-61.1418,-62.6191],[-61.1945,-62.5937],[-60.9623,-62.6116],[-60.8238,-62.5758],[-60.8467,-62.5331],[-60.8018,-62.4689],[-60.6418,-62.5642],[-60.4911,-62.5771],[-60.23,-62.5265],[-60.1295,-62.4601],[-60.0109,-62.5256],[-60.0796,-62.5637],[-60.0245,-62.627],[-59.803,-62.6113],[-60.2906,-62.7576],[-60.3375,-62.7361],[-60.2982,-62.6819],[-60.4337,-62.7162],[-60.3236,-62.6285],[-60.3792,-62.6101],[-60.7103,-62.614],[-60.8118,-62.672],[-61.1604,-62.6633]]],[[[-59.7457,-62.545],[-59.7991,-62.5095],[-59.9961,-62.4526],[-59.7225,-62.4519],[-59.777,-62.4809],[-59.5537,-62.5012],[-59.7457,-62.545]]],[[[-59.6942,-62.3785],[-59.4368,-62.3551],[-59.3474,-62.4065],[-59.5088,-62.457],[-59.6257,-62.4081],[-59.6022,-62.3815],[-59.6942,-62.3785]]],[[[-59.0329,-62.2335],[-58.8343,-62.3093],[-59.0694,-62.3491],[-59.2178,-62.2921],[-59.0329,-62.2335]]],[[[-58.4669,-62.1604],[-58.4474,-62.2048],[-58.5846,-62.249],[-58.7831,-62.225],[-58.7409,-62.2101],[-58.8074,-62.1702],[-59.0107,-62.2197],[-58.6991,-62.0124],[-58.4141,-61.9333],[-58.2244,-61.9602],[-58.0079,-61.9045],[-57.8358,-61.942],[-57.6699,-61.9135],[-57.6786,-61.9809],[-57.5898,-62.0255],[-57.7884,-62.0087],[-57.954,-62.0781],[-58.1553,-62.0585],[-58.1859,-62.1119],[-58.1232,-62.1401],[-58.2428,-62.1816],[-58.379,-62.1061],[-58.2792,-62.0826],[-58.4762,-62.0704],[-58.5089,-62.081],[-58.4818,-62.1274],[-58.6339,-62.1779],[-58.4669,-62.1604]]],[[[-54.036,-61.2457],[-54.098,-61.3121],[-54.2274,-61.2701],[-54.0574,-61.127],[-54.0089,-61.1376],[-54.0575,-61.1926],[-54.036,-61.2457]]],[[[-55.378,-61.0705],[-54.9735,-61.1071],[-54.6515,-61.1065],[-54.7296,-61.1523],[-55.0537,-61.1598],[-55.2114,-61.2673],[-55.3437,-61.2275],[-55.3912,-61.1785],[-55.3448,-61.1537],[-55.449,-61.115],[-55.378,-61.0705]]],[[[-44.4517,-60.7033],[-44.7178,-60.7727],[-44.8473,-60.7155],[-44.6946,-60.7228],[-44.6903,-60.6762],[-44.4517,-60.7033]]],[[[-46.007,-60.6127],[-45.9351,-60.5247],[-45.4772,-60.5456],[-45.3494,-60.6286],[-45.1907,-60.6329],[-45.2178,-60.6546],[-45.1468,-60.6858],[-45.1873,-60.6989],[-45.141,-60.7361],[-45.4085,-60.648],[-45.7189,-60.6456],[-45.7893,-60.5841],[-46.007,-60.6127]]],[[[-162.4815,-82.8766],[-161.5758,-83.0243],[-161.8442,-83.0455],[-162.0127,-83.1261],[-162.4024,-83.1484],[-163.2613,-83.081],[-163.2956,-83.0266],[-163.6016,-82.9902],[-163.6251,-82.9528],[-163.5623,-82.9241],[-163.8114,-82.8469],[-162.4815,-82.8766]]],[[[-169.0303,-83.1542],[-168.7873,-83.2138],[-169.8022,-83.184],[-171.9014,-82.8421],[-169.0303,-83.1542]]],[[[-159.0192,-81.7877],[-157.8086,-82.0392],[-158.0985,-82.0958],[-158.037,-82.0756],[-159.0192,-81.7877]]],[[[-160.5711,-81.5989],[-163.7285,-81.4816],[-163.6582,-81.4616],[-163.9901,-81.4035],[-163.8512,-81.3189],[-162.9839,-81.2703],[-160.6757,-81.4628],[-160.6285,-81.4968],[-160.6851,-81.5147],[-160.4139,-81.5737],[-160.5711,-81.5989]]],[[[-153.8946,-80.0209],[-154.3619,-80.0305],[-154.3098,-80.0167],[-155.6653,-79.8168],[-153.8946,-80.0209]]],[[[-155.7905,-79.7701],[-155.5817,-79.7829],[-155.8554,-79.7975],[-155.7905,-79.7701]]],[[[-163.1629,-79.7399],[-162.7342,-79.7939],[-162.6874,-79.8149],[-162.7827,-79.8417],[-163.4001,-79.7829],[-163.0381,-79.7771],[-163.1629,-79.7399]]],[[[-29.6183,-79.9112],[-29.7796,-79.9296],[-30.0954,-79.8562],[-30.2523,-79.8862],[-29.9891,-79.9656],[-30.3664,-80.0178],[-30.4717,-79.9887],[-30.278,-79.9758],[-30.5292,-79.9026],[-30.6312,-79.9064],[-30.6789,-79.9563],[-31.5417,-79.8985],[-31.8724,-79.8471],[-31.7189,-79.8095],[-32.0895,-79.8093],[-31.8788,-79.7545],[-32.1618,-79.7096],[-31.9678,-79.6901],[-32.0773,-79.6666],[-32.0244,-79.6497],[-31.6448,-79.6369],[-31.0954,-79.8107],[-30.2256,-79.8375],[-30.8202,-79.7483],[-30.9289,-79.6843],[-30.7974,-79.6501],[-30.6471,-79.7397],[-29.9062,-79.815],[-29.6183,-79.9112]]],[[[-159.8422,-79.3486],[-159.3349,-79.5283],[-159.3772,-79.5506],[-158.9748,-79.7223],[-158.9531,-79.7697],[-159.0698,-79.8188],[-160.7129,-79.8546],[-163.4815,-79.4897],[-163.9366,-79.4117],[-164.3265,-79.2874],[-164.2226,-79.2857],[-164.3054,-79.2201],[-164.2755,-79.0995],[-164.2026,-79.0841],[-164.2457,-79.0432],[-164.1778,-79.0035],[-163.7787,-78.9304],[-163.8336,-78.9069],[-163.3003,-78.7734],[-163.265,-78.7573],[-163.311,-78.721],[-163.243,-78.7063],[-162.3532,-78.7526],[-159.8422,-79.3486]]],[[[-148.832,-77.4483],[-149.2077,-77.4567],[-149.1747,-77.4483],[-149.2089,-77.4399],[-148.832,-77.4483]]],[[[-148.9189,-77.3849],[-149.3917,-77.3823],[-149.6698,-77.3044],[-149.3364,-77.2835],[-148.9189,-77.3849]]],[[[-150.9852,-77.2223],[-150.35,-77.3455],[-150.4985,-77.3756],[-151.5115,-77.2708],[-150.9852,-77.2223]]],[[[-153.0472,-77.24],[-153.1088,-77.2649],[-153.4676,-77.2111],[-153.1163,-77.2061],[-153.0472,-77.24]]],[[[-147.6016,-77.1843],[-147.1877,-77.2102],[-147.3834,-77.259],[-147.6016,-77.1843]]],[[[169.2734,-77.4545],[169.3644,-77.5221],[168.8726,-77.6404],[168.4009,-77.6962],[168.0874,-77.6456],[167.4081,-77.644],[166.6773,-77.86],[166.6145,-77.8364],[166.8906,-77.7125],[166.4534,-77.7101],[166.8957,-77.6757],[166.3887,-77.6134],[166.1655,-77.5348],[166.3706,-77.4982],[166.6761,-77.36],[166.4001,-77.2665],[166.5244,-77.183],[166.6795,-77.1633],[166.9733,-77.1822],[167.0881,-77.2407],[167.1131,-77.2819],[167.0658,-77.3163],[167.5681,-77.4133],[168.2196,-77.3723],[169.2734,-77.4545]]],[[[-154.5619,-77.1135],[-154.284,-77.0641],[-154.0358,-77.1301],[-154.1871,-77.1544],[-154.5619,-77.1135]]],[[[166.8533,-76.9362],[166.9566,-76.9384],[166.9773,-76.9627],[166.8722,-76.9729],[166.8533,-76.9362]]],[[[-149.3048,-76.912],[-148.4352,-76.9737],[-148.9399,-77.028],[-149.239,-76.9964],[-149.3048,-76.912]]],[[[-149.2244,-77.1181],[-150.4216,-77.0898],[-150.8011,-76.99],[-150.419,-76.9221],[-150.4748,-76.8908],[-150.3948,-76.8775],[-150.3929,-76.9072],[-149.84,-76.878],[-149.4429,-77.025],[-149.4448,-77.0782],[-149.2244,-77.1181]]],[[[-146.2497,-76.881],[-146.119,-76.9496],[-146.3862,-76.8909],[-146.4792,-76.9499],[-147.0315,-77.0053],[-147.0948,-76.9899],[-147.0093,-76.9566],[-147.1302,-76.8818],[-147.0721,-76.8239],[-146.2497,-76.881]]],[[[-148.3089,-76.7656],[-148.9271,-76.8498],[-149.4907,-76.7669],[-149.3098,-76.714],[-148.3089,-76.7656]]],[[[-150.0781,-76.7385],[-150.6018,-76.7966],[-150.8755,-76.7405],[-150.206,-76.6868],[-150.0781,-76.7385]]],[[[-148.4679,-76.6772],[-148.9438,-76.6852],[-149.1485,-76.637],[-148.8115,-76.6119],[-148.4679,-76.6772]]],[[[-147.5598,-76.6629],[-147.9923,-76.5991],[-148.0062,-76.5737],[-147.7316,-76.5844],[-147.5598,-76.6629]]],[[[-147.2406,-76.5055],[-146.7403,-76.6399],[-147.0638,-76.6281],[-146.8397,-76.7011],[-146.9513,-76.717],[-147.3655,-76.6174],[-147.2601,-76.5724],[-147.3196,-76.5319],[-147.2406,-76.5055]]],[[[-147.4605,-76.0978],[-147.3451,-76.0623],[-146.9083,-76.107],[-146.703,-76.2047],[-146.6613,-76.2756],[-146.8118,-76.2949],[-147.062,-76.2468],[-147.0321,-76.2268],[-147.3819,-76.1606],[-147.327,-76.1413],[-147.4605,-76.0978]]],[[[162.5765,-75.6628],[162.9776,-75.565],[162.8135,-75.6933],[162.5765,-75.6628]]],[[[-145.4404,-75.58],[-145.2008,-75.6858],[-145.383,-75.718],[-146.1598,-75.5698],[-145.8708,-75.5046],[-145.4404,-75.58]]],[[[162.488,-75.4572],[162.5708,-75.4229],[162.6178,-75.4592],[162.5337,-75.4841],[162.488,-75.4572]]],[[[-132.8985,-74.4264],[-132.3423,-74.4045],[-132.5318,-74.499],[-132.8575,-74.471],[-132.8985,-74.4264]]],[[[-130.9205,-74.4443],[-130.9727,-74.5325],[-131.0882,-74.5991],[-131.2059,-74.6071],[-131.8461,-74.5543],[-132.1813,-74.4238],[-131.6837,-74.3205],[-131.5641,-74.3312],[-131.6124,-74.3489],[-131.5532,-74.3751],[-130.9205,-74.4443]]],[[[-127.1285,-74.4694],[-127.234,-74.5309],[-127.1738,-74.5543],[-127.2159,-74.5881],[-127.5517,-74.6436],[-128.0882,-74.4885],[-128.0692,-74.4505],[-128.1892,-74.3161],[-127.758,-74.3427],[-127.1285,-74.4694]]],[[[-116.9681,-74.2919],[-117.2821,-74.3774],[-117.3956,-74.3661],[-117.3115,-74.3093],[-116.9681,-74.2919]]],[[[-132.1219,-74.1496],[-132.1747,-74.1731],[-132.3005,-74.1349],[-132.1849,-74.1293],[-132.1219,-74.1496]]],[[[-116.1407,-73.9025],[-116.6496,-74.0656],[-116.4857,-74.0815],[-116.5994,-74.1418],[-117.1964,-74.2003],[-117.4003,-74.1325],[-117.3711,-74.0798],[-116.4034,-73.8673],[-116.1407,-73.9025]]],[[[-119.821,-74.1208],[-119.9296,-74.0846],[-119.6361,-74.0012],[-119.8581,-73.8766],[-119.7677,-73.8512],[-119.9036,-73.825],[-119.4949,-73.7726],[-119.1234,-73.7809],[-118.9141,-73.8274],[-118.8708,-73.8857],[-119.0038,-73.9836],[-119.2231,-74.0441],[-119.821,-74.1208]]],[[[-120.2612,-73.9278],[-120.2959,-73.9523],[-120.2373,-73.9815],[-120.2755,-74.0032],[-121.0272,-74.1559],[-121.0719,-74.2756],[-120.9442,-74.3087],[-121.099,-74.3481],[-122.2435,-74.4133],[-122.9038,-74.337],[-123.0282,-74.2483],[-122.7292,-74.2158],[-122.9464,-74.1352],[-122.9242,-74.0916],[-122.749,-74.0556],[-122.7366,-74.0002],[-122.3274,-73.9157],[-122.9341,-73.8793],[-123.017,-73.8308],[-123.3498,-73.8388],[-123.2374,-73.8202],[-123.2868,-73.7639],[-123.1202,-73.6828],[-122.2724,-73.6822],[-120.5402,-73.7534],[-120.3758,-73.7965],[-120.378,-73.831],[-120.7352,-73.8795],[-120.2612,-73.9278]]],[[[169.9617,-73.5144],[169.8584,-73.5631],[169.854,-73.6069],[169.6662,-73.631],[169.6228,-73.5828],[169.4588,-73.5549],[169.6775,-73.4218],[169.6371,-73.3954],[169.6722,-73.3414],[169.7516,-73.3201],[169.9617,-73.5144]]],[[[-127.4732,-73.5496],[-127.4152,-73.5256],[-127.4954,-73.4296],[-127.149,-73.2773],[-127.0299,-73.3093],[-126.5272,-73.2683],[-126.1041,-73.2962],[-125.9425,-73.3759],[-125.5993,-73.4294],[-125.5658,-73.4438],[-125.6297,-73.4946],[-125.6061,-73.5173],[-125.2128,-73.6398],[-125.27,-73.6988],[-125.878,-73.7048],[-125.9071,-73.7551],[-125.8653,-73.781],[-125.6835,-73.8261],[-125.2606,-73.7919],[-124.9924,-73.8823],[-124.913,-73.8699],[-124.9488,-73.8144],[-124.9027,-73.7955],[-124.5343,-73.7276],[-124.0275,-73.8552],[-124.2088,-73.9343],[-123.7544,-74.0725],[-123.8993,-74.1782],[-123.8063,-74.215],[-123.9283,-74.2618],[-124.245,-74.2148],[-124.7843,-74.226],[-125.2034,-74.163],[-125.2402,-74.1501],[-125.1093,-74.1228],[-125.7189,-74.0403],[-125.8127,-73.9666],[-126.4755,-73.8422],[-126.4055,-73.7784],[-126.4962,-73.7575],[-126.4635,-73.7057],[-126.5465,-73.6703],[-126.8727,-73.6467],[-126.9842,-73.6855],[-126.9525,-73.7267],[-127.0052,-73.7404],[-127.2512,-73.7289],[-127.2543,-73.6441],[-127.166,-73.6026],[-127.4732,-73.5496]]],[[[68.7787,-72.1165],[68.8626,-72.1935],[68.8091,-72.2398],[68.3947,-72.2971],[68.6475,-72.1093],[68.7787,-72.1165]]],[[[69.9245,-71.9089],[69.7874,-72.0554],[69.7269,-72.0564],[69.6828,-71.975],[69.7741,-71.8966],[69.9245,-71.9089]]],[[[-3.2281,-71.0528],[-3.1791,-71.1101],[-2.9446,-71.225],[-3.2245,-71.2289],[-3.415,-71.13],[-3.3704,-71.0938],[-3.4093,-71.0665],[-3.2281,-71.0528]]],[[[-2.7344,-70.7924],[-2.2985,-70.7927],[-2.0807,-70.8256],[-2.2509,-70.9197],[-2.3039,-71.0164],[-2.5643,-71.1326],[-2.8,-71.1677],[-2.8622,-71.0535],[-2.6673,-70.9937],[-2.985,-70.9358],[-2.9428,-70.8995],[-2.9873,-70.8561],[-3.5856,-70.7384],[-3.5257,-70.6816],[-3.1808,-70.6681],[-2.5046,-70.7315],[-2.7344,-70.7924]]],[[[1.9513,-70.6043],[2.0653,-70.601],[2.1452,-70.6501],[2.054,-70.6735],[1.9513,-70.6043]]],[[[-5.9398,-70.4226],[-5.966,-70.4985],[-5.8849,-70.5494],[-6.1501,-70.6148],[-6.4538,-70.4444],[-5.9398,-70.4226]]],[[[3.2199,-70.3923],[3.2526,-70.4867],[3.0632,-70.5934],[2.6824,-70.623],[2.5808,-70.5243],[3.0498,-70.3854],[3.2199,-70.3923]]],[[[72.2009,-70.5412],[72.1936,-70.6438],[72.0845,-70.654],[71.787,-70.6078],[71.6605,-70.5031],[71.6233,-70.3547],[71.8084,-70.2659],[71.886,-70.4123],[72.0354,-70.4661],[72.0881,-70.5331],[72.2009,-70.5412]]],[[[4.0488,-70.303],[4.1327,-70.256],[4.4688,-70.2446],[4.5744,-70.2761],[4.6218,-70.3527],[4.5456,-70.4726],[4.3314,-70.5045],[4.1047,-70.4008],[4.0488,-70.303]]],[[[5.4656,-70.2553],[5.6546,-70.2257],[5.8259,-70.304],[5.6429,-70.3295],[5.4656,-70.2553]]],[[[161.8119,-70.2415],[161.8677,-70.2175],[161.9204,-70.2407],[161.8557,-70.2612],[161.8119,-70.2415]]],[[[6.2727,-70.1227],[6.4517,-70.137],[6.5365,-70.165],[6.5365,-70.2072],[6.4325,-70.2145],[6.2727,-70.1227]]],[[[26.6502,-70.0927],[26.8799,-70.3189],[26.8179,-70.4241],[26.4578,-70.4501],[26.0573,-70.391],[25.9123,-70.2849],[25.9873,-70.195],[26.3274,-70.0666],[26.6502,-70.0927]]],[[[1.411,-70.0402],[1.465,-70.1505],[1.2757,-70.2739],[1.1978,-70.4064],[1.1638,-70.4171],[1.1193,-70.3175],[0.9568,-70.1917],[0.9397,-70.1049],[0.9795,-70.0656],[1.411,-70.0402]]],[[[10.5398,-70.0115],[11.0008,-70.0764],[10.812,-70.0759],[10.5398,-70.0115]]],[[[72.6399,-69.9957],[72.7311,-70.0226],[72.4593,-70.1087],[72.412,-70.0748],[72.6399,-69.9957]]],[[[16.2468,-69.706],[16.6372,-69.7429],[16.2887,-69.8499],[16.1716,-70.0729],[15.5891,-69.9321],[15.5549,-69.8727],[15.7219,-69.7639],[16.2468,-69.706]]],[[[47.4929,-67.5727],[47.9233,-67.5866],[47.4113,-67.6218],[47.5588,-67.5209],[47.6097,-67.5242],[47.4929,-67.5727]]],[[[120.54,-66.8813],[120.7118,-66.9106],[120.8664,-66.8868],[120.48,-66.9501],[120.54,-66.8813]]],[[[121.0481,-66.7888],[121.1952,-66.7864],[120.8831,-66.8464],[121.0481,-66.7888]]],[[[85.3454,-66.7192],[85.7961,-66.7696],[85.9412,-66.8899],[85.7874,-66.9689],[85.613,-66.9866],[85.6413,-66.9394],[85.3748,-66.8772],[85.2586,-66.7662],[85.3454,-66.7192]]],[[[48.7737,-66.7205],[48.8089,-66.7673],[48.7634,-66.7833],[48.3122,-66.8095],[48.2816,-66.7672],[48.3753,-66.6992],[48.7737,-66.7205]]],[[[86.5364,-66.6691],[86.6758,-66.7197],[86.4032,-66.796],[86.2305,-66.7304],[86.3323,-66.6782],[86.5364,-66.6691]]],[[[85.1107,-66.5207],[85.3425,-66.6047],[85.2012,-66.6467],[85.0549,-66.6062],[85.1107,-66.5207]]],[[[98.5886,-66.388],[98.7117,-66.364],[98.9533,-66.4181],[98.7912,-66.4874],[98.6681,-66.4625],[98.5886,-66.388]]],[[[97.4055,-66.4035],[97.3937,-66.4303],[97.0105,-66.381],[97.1677,-66.3259],[97.4055,-66.4035]]],[[[162.6261,-66.4625],[162.5464,-66.5346],[162.2902,-66.3976],[162.3495,-66.3604],[162.2979,-66.2548],[162.6261,-66.4625]]],[[[100.3065,-66.1301],[100.3106,-66.173],[100.2512,-66.1843],[100.3073,-66.199],[100.2537,-66.2228],[100.0648,-66.2043],[100.2058,-66.1147],[100.3065,-66.1301]]],[[[96.9172,-66.0544],[97.0309,-66.1406],[96.9085,-66.2114],[96.4074,-66.2276],[96.2966,-66.1835],[96.4676,-66.0507],[96.9172,-66.0544]]],[[[100.5586,-65.7844],[101.0256,-65.8126],[100.9046,-65.8781],[100.3997,-65.8547],[100.5586,-65.7844]]],[[[92.3503,-65.6948],[92.6716,-65.7492],[92.669,-65.7848],[92.4344,-65.8244],[92.2358,-65.7507],[92.3503,-65.6948]]],[[[100.5659,-65.403],[100.9346,-65.3787],[101.1267,-65.4119],[101.2614,-65.5403],[100.9671,-65.6829],[100.5579,-65.704],[100.298,-65.6586],[100.2682,-65.5947],[100.3037,-65.5361],[100.5659,-65.403]]],[[[103.1774,-65.3347],[103.416,-65.4487],[103.1722,-65.4606],[103.104,-65.3046],[102.7761,-65.2325],[102.7522,-65.1783],[102.8394,-65.1277],[103.0931,-65.1736],[103.1888,-65.2297],[103.1774,-65.3347]]],[[[-90.5124,-68.8092],[-90.6386,-68.7851],[-90.6123,-68.728],[-90.5117,-68.7526],[-90.5124,-68.8092]]]]}}