{"type":"Feature","bbox":[95.0147,-10.9211,140.9772,5.9052],"properties":{"iso":"ID","name":"Indonesia","name_de":"Indonesien","key":"ID"},"geometry":{"type":"MultiPolygon","coordinates":[[[[117.7036,4.1634],[117.907,4.1567],[117.9348,4.0599],[117.8871,4.0319],[117.8386,4.0402],[117.7036,4.1634]]],[[[124.4505,-9.1802],[124.6043,-9.1563],[124.668,-9.1131],[124.688,-9.0695],[124.9195,-8.962],[124.9079,-9.0375],[124.933,-9.0745],[124.9659,-9.0773],[125.0518,-9.035],[125.0868,-8.9862],[125.1624,-9.0606],[125.1506,-9.1854],[125.0739,-9.2113],[125.0072,-9.1861],[124.9579,-9.2119],[124.966,-9.2934],[125.0234,-9.3456],[125.0616,-9.4858],[125.002,-9.5363],[124.9797,-9.649],[124.8469,-9.7482],[124.7345,-9.8995],[124.5603,-10.0152],[124.4994,-10.112],[124.3809,-10.1705],[124.1224,-10.1725],[124.0339,-10.2761],[123.9328,-10.2949],[123.7993,-10.3747],[123.6589,-10.3493],[123.6174,-10.3663],[123.5365,-10.332],[123.472,-10.3649],[123.4925,-10.2452],[123.5154,-10.2131],[123.7647,-10.075],[123.6843,-10.025],[123.6056,-10.0543],[123.5774,-10.0344],[123.5838,-9.944],[123.6604,-9.8713],[123.6433,-9.7828],[123.6699,-9.7405],[123.6888,-9.6114],[123.7938,-9.517],[123.863,-9.488],[124.0101,-9.3439],[124.03,-9.342],[124.0903,-9.4215],[124.1211,-9.4269],[124.1672,-9.3806],[124.2107,-9.3789],[124.254,-9.4387],[124.2575,-9.5012],[124.3101,-9.4887],[124.3323,-9.4666],[124.3479,-9.3746],[124.4279,-9.2995],[124.4505,-9.1802]]],[[[117.5671,4.1597],[117.5186,4.1223],[117.3731,4.1697],[117.4074,4.125],[117.3958,4.0989],[117.4665,4.0799],[117.4683,4.0435],[117.5203,4.0493],[117.6885,3.909],[117.6509,3.8952],[117.5701,3.9332],[117.5234,3.9295],[117.6367,3.8729],[117.6817,3.8823],[117.7191,3.8606],[117.7829,3.779],[117.7022,3.7787],[117.8179,3.73],[117.8262,3.7036],[117.7485,3.6369],[117.6287,3.6321],[117.5466,3.664],[117.5036,3.7687],[117.4688,3.7923],[117.5234,3.6502],[117.5098,3.6074],[117.4309,3.6347],[117.0905,3.6458],[117.0305,3.5944],[117.0832,3.6166],[117.1992,3.6163],[117.2166,3.603],[117.2,3.555],[117.2428,3.4907],[117.3045,3.4694],[117.3255,3.436],[117.3744,3.4486],[117.4465,3.4348],[117.4419,3.373],[117.3696,3.3052],[117.3595,3.2443],[117.3337,3.2321],[117.2738,3.2648],[117.27,3.2343],[117.3527,3.1828],[117.4539,3.1712],[117.4551,3.1282],[117.4817,3.1013],[117.6172,3.0859],[117.6294,3.0424],[117.565,2.9835],[117.6556,2.9974],[117.6851,2.9631],[117.5438,2.9221],[117.7363,2.9016],[117.6196,2.8255],[117.784,2.7582],[117.8262,2.6074],[117.979,2.4665],[118.0371,2.364],[118.0447,2.3815],[118.0822,2.3375],[118.0994,2.2778],[118.0578,2.22],[117.9554,2.1823],[117.9147,2.0935],[117.8262,2.1065],[117.9004,2.05],[117.7407,2.045],[117.75,2.0314],[117.8734,1.9905],[117.8573,1.8977],[117.9241,1.8192],[118.0462,1.7831],[118.0479,1.7436],[118.1267,1.6547],[118.4251,1.4857],[118.3997,1.4544],[118.4489,1.4355],[118.4563,1.3946],[118.6133,1.3512],[118.6751,1.2804],[118.7542,1.2296],[118.7847,1.1817],[118.7642,1.164],[118.8089,1.1397],[118.8569,1.0582],[118.9155,1.0786],[118.9852,1.0576],[119.0055,1.0376],[119.0117,0.9763],[118.9566,0.9127],[118.865,0.8688],[118.7982,0.8049],[118.6628,0.8464],[118.5653,0.804],[118.4284,0.84],[118.384,0.8049],[118.3169,0.8588],[118.0967,0.9086],[118.0447,0.9551],[117.9895,1.0786],[117.924,1.125],[117.8939,1.1135],[118.0247,0.8728],[118.033,0.8002],[117.9827,0.7913],[117.9474,0.8311],[117.9025,0.8375],[117.8113,0.8118],[117.7432,0.7405],[117.7191,0.6368],[117.6204,0.502],[117.6271,0.4344],[117.5695,0.3891],[117.5173,0.291],[117.5231,0.2258],[117.4802,0.1665],[117.5173,0.1402],[117.47,0.1088],[117.4756,0.0576],[117.4971,0.051],[117.5303,-0.0323],[117.4849,-0.0922],[117.4351,-0.2397],[117.4421,-0.2819],[117.4971,-0.3503],[117.4575,-0.427],[117.4665,-0.4573],[117.4414,-0.5252],[117.596,-0.4226],[117.6301,-0.4187],[117.6316,-0.4475],[117.5545,-0.5027],[117.599,-0.5214],[117.5785,-0.5969],[117.5303,-0.6071],[117.5759,-0.63],[117.5399,-0.6745],[117.5513,-0.6896],[117.4829,-0.6996],[117.6136,-0.7341],[117.6271,-0.7709],[117.5376,-0.8126],[117.4891,-0.7989],[117.4935,-0.8278],[117.4582,-0.8205],[117.4465,-0.877],[117.4129,-0.8749],[117.3792,-0.8393],[117.339,-0.9013],[117.3279,-0.8415],[117.2815,-0.8092],[117.2503,-0.9093],[117.1639,-0.9817],[117.0392,-1.1378],[117.0237,-1.2029],[116.9577,-1.2399],[116.8198,-1.2614],[116.8307,-1.195],[116.7971,-1.2172],[116.7874,-1.1589],[116.7463,-1.1105],[116.7568,-1.0237],[116.7432,-1.0248],[116.7153,-1.1248],[116.7571,-1.1822],[116.7361,-1.221],[116.7909,-1.2439],[116.763,-1.2985],[116.7624,-1.3653],[116.5676,-1.4465],[116.5392,-1.4812],[116.5645,-1.5834],[116.5402,-1.6227],[116.3249,-1.7039],[116.2224,-1.7896],[116.2859,-1.8071],[116.3301,-1.7781],[116.4248,-1.7664],[116.4483,-1.7961],[116.4136,-1.8473],[116.4666,-1.9075],[116.4505,-1.9575],[116.4579,-2.0424],[116.4269,-2.0763],[116.3367,-2.1082],[116.2832,-2.1694],[116.3709,-2.1379],[116.4107,-2.2038],[116.5178,-2.1664],[116.5427,-2.2092],[116.5986,-2.1839],[116.6033,-2.2242],[116.5179,-2.5539],[116.4824,-2.5603],[116.4446,-2.4983],[116.3042,-2.5256],[116.3237,-2.5475],[116.2969,-2.6082],[116.3106,-2.615],[116.3662,-2.5567],[116.3931,-2.574],[116.3657,-2.6526],[116.3648,-2.8614],[116.2876,-2.9871],[116.2288,-3.0016],[116.2124,-2.9304],[116.1741,-2.903],[116.1506,-2.8163],[116.1377,-2.8234],[116.1398,-2.8689],[116.1113,-2.9303],[116.1267,-2.9661],[116.1057,-2.998],[116.1614,-3.0035],[116.1775,-3.0499],[116.2549,-3.1087],[116.2649,-3.1369],[116.1672,-3.1563],[116.1877,-3.232],[116.1685,-3.2658],[116.1262,-3.2799],[116.1721,-3.2262],[116.1105,-3.2462],[116.0234,-3.4118],[115.9895,-3.5827],[115.9679,-3.6088],[115.8582,-3.6202],[115.7588,-3.697],[115.5833,-3.7805],[115.0603,-3.9858],[114.6643,-4.1842],[114.6248,-4.1705],[114.6066,-4.1323],[114.6316,-4.0129],[114.6043,-3.8552],[114.6111,-3.6839],[114.5223,-3.5193],[114.5503,-3.3481],[114.5,-3.3827],[114.4768,-3.5007],[114.4124,-3.4853],[114.2635,-3.3976],[114.3648,-3.2115],[114.2481,-3.3603],[114.1865,-3.3823],[114.1082,-3.3473],[114.1177,-3.1904],[114.0972,-3.2761],[114.042,-3.3556],[113.8147,-3.4553],[113.7131,-3.4726],[113.6325,-3.4568],[113.6421,-3.256],[113.6115,-3.1742],[113.4862,-3.1747],[113.4522,-3.1994],[113.4397,-3.2385],[113.3657,-3.2529],[113.3027,-3.1625],[113.3511,-3.2724],[113.2305,-3.1643],[113.2017,-3.093],[113.1013,-3.0426],[113.0352,-2.9229],[113.0173,-3.0368],[112.9832,-3.0497],[112.9411,-3.1064],[112.9684,-3.144],[113.0215,-3.1625],[112.638,-3.4168],[112.5816,-3.4159],[112.5451,-3.4443],[112.349,-3.3228],[112.2029,-3.3295],[112.1169,-3.3823],[111.9053,-3.572],[111.8088,-3.533],[111.8429,-3.3845],[111.815,-3.1904],[111.8325,-3.0616],[111.7336,-2.8034],[111.7541,-2.7385],[111.7108,-2.7746],[111.7131,-2.8484],[111.6725,-2.8946],[111.7035,-2.9436],[111.5698,-3.0157],[111.5344,-3.0121],[111.4857,-2.9415],[111.363,-2.9229],[111.2962,-2.9365],[110.9862,-3.0875],[110.9065,-3.0833],[110.8237,-3.0372],[110.7542,-3.0261],[110.8044,-2.9591],[110.9658,-2.8996],[110.9561,-2.879],[110.794,-2.9435],[110.6979,-3.0627],[110.6624,-3.0807],[110.6306,-3.0533],[110.6426,-3.0187],[110.617,-2.9098],[110.5886,-2.8766],[110.5495,-2.8676],[110.4041,-2.9205],[110.301,-2.998],[110.2632,-3.0029],[110.2048,-2.8962],[110.2471,-2.8151],[110.2117,-2.6526],[110.157,-2.6213],[110.1992,-2.5523],[110.2649,-2.5566],[110.2805,-2.5182],[110.2468,-2.5398],[110.221,-2.5328],[110.1599,-2.4365],[110.1409,-2.2897],[110.0972,-2.2358],[110.1292,-2.0695],[110.0925,-1.9496],[110.075,-1.9225],[109.9536,-1.8743],[109.9038,-1.8261],[109.9243,-1.8132],[109.9107,-1.779],[109.9939,-1.7302],[110.0339,-1.6462],[110.0685,-1.4325],[110.0614,-1.3464],[110.0296,-1.2859],[109.9642,-1.2657],[109.9299,-1.2232],[109.9346,-1.1126],[109.8355,-1.0862],[109.7405,-0.9675],[109.7349,-0.9177],[109.7635,-0.8709],[109.7244,-0.8888],[109.7141,-0.9474],[109.6773,-0.9838],[109.6299,-0.9519],[109.6052,-0.9566],[109.5817,-0.8945],[109.5256,-0.8624],[109.428,-0.8466],[109.419,-0.9036],[109.3908,-0.9119],[109.2732,-0.8536],[109.2453,-0.6959],[109.2625,-0.6674],[109.4686,-0.7371],[109.5065,-0.7164],[109.4616,-0.713],[109.4129,-0.664],[109.3552,-0.6481],[109.3688,-0.6339],[109.3552,-0.6139],[109.4241,-0.6202],[109.4006,-0.5973],[109.2624,-0.5925],[109.2151,-0.5534],[109.1714,-0.5563],[109.1394,-0.5286],[109.1006,-0.3697],[109.136,-0.36],[109.0908,-0.2872],[109.1013,-0.2576],[109.0764,-0.2506],[109.0671,-0.2713],[109.0462,-0.2459],[109.0603,-0.2167],[109.1187,-0.2031],[109.2248,-0.2372],[109.1906,-0.1887],[109.1869,-0.0822],[109.1565,0.0201],[109.1721,0.0342],[109.3005,0.0105],[109.1668,0.1123],[109.1023,0.2431],[109.0332,0.2934],[108.9531,0.3017],[108.9209,0.3403],[108.9443,0.4225],[108.91,0.5306],[108.9312,0.6162],[108.876,0.7147],[108.8897,0.7537],[108.8555,0.8322],[108.9414,0.884],[108.9808,0.956],[108.9243,1.164],[109.1428,1.2506],[109.2664,1.3946],[109.2405,1.4042],[109.1374,1.2623],[108.9858,1.2158],[109.0544,1.3522],[109.073,1.5339],[109.2722,1.6938],[109.3478,1.8096],[109.3369,1.8188],[109.2868,1.7782],[109.3351,1.8502],[109.341,1.9355],[109.5789,1.9976],[109.6453,2.0832],[109.6003,1.9831],[109.5284,1.89],[109.5556,1.8022],[109.6418,1.781],[109.658,1.5972],[109.7664,1.4965],[109.7756,1.4579],[109.8078,1.46],[109.8428,1.4033],[109.9202,1.3948],[109.9638,1.2986],[110.0307,1.2536],[110.0518,1.2155],[110.1704,1.1745],[110.2566,1.0391],[110.2635,0.9943],[110.3641,0.9814],[110.4603,0.8797],[110.5539,0.8514],[110.6134,0.894],[110.6613,0.8721],[110.7042,0.9014],[110.7767,0.9033],[110.797,0.9497],[110.8804,1.0105],[111.1976,1.0752],[111.3741,1.0075],[111.4721,1.0222],[111.5032,0.9584],[111.5389,0.9977],[111.6227,1.0303],[111.7628,0.993],[111.8231,1.0085],[111.9101,1.114],[112.0929,1.1431],[112.1874,1.3797],[112.1541,1.4095],[112.1616,1.4345],[112.4705,1.5677],[112.8015,1.5438],[112.855,1.5827],[112.9732,1.5699],[113.0141,1.5508],[113.0243,1.5144],[112.9582,1.4157],[113.089,1.4313],[113.1586,1.3882],[113.3237,1.3514],[113.3976,1.2939],[113.5245,1.3136],[113.6248,1.2276],[113.8082,1.3397],[113.9097,1.4425],[114.0943,1.4657],[114.1734,1.4205],[114.3749,1.5069],[114.5006,1.436],[114.5456,1.435],[114.568,1.4694],[114.5632,1.5364],[114.6245,1.5988],[114.669,1.694],[114.6795,1.8407],[114.832,1.9025],[114.8411,2.0382],[114.7806,2.0361],[114.753,2.1348],[114.7788,2.2472],[114.9133,2.284],[114.9222,2.3539],[114.973,2.3575],[115.105,2.4657],[115.2061,2.5099],[115.152,2.5971],[115.0565,2.6086],[115.0719,2.6718],[115.057,2.7113],[115.1046,2.7615],[115.0691,2.8326],[115.2421,3.0416],[115.31,2.9859],[115.4641,3.0308],[115.4822,3.111],[115.517,3.1573],[115.4828,3.2065],[115.5176,3.3572],[115.5572,3.4255],[115.6012,3.4302],[115.5444,3.6292],[115.5886,3.8576],[115.5383,3.8978],[115.5388,3.9206],[115.581,3.9469],[115.6095,3.9969],[115.6469,4.1691],[115.7326,4.2394],[115.7707,4.2256],[115.8175,4.2813],[115.8441,4.3892],[115.8788,4.3521],[115.9772,4.3286],[116.0206,4.2709],[116.1258,4.3789],[116.2288,4.3561],[116.3107,4.3834],[116.4113,4.2887],[116.4941,4.3249],[116.4865,4.3488],[116.5222,4.3968],[116.5902,4.3311],[116.68,4.3399],[116.7117,4.3668],[116.8045,4.3301],[116.883,4.3449],[117.1647,4.3331],[117.2027,4.3561],[117.4365,4.1856],[117.5671,4.1597]]],[[[140.9745,-2.6005],[140.9769,-6.3351],[140.9528,-6.3738],[140.9671,-6.3939],[140.9528,-6.4318],[140.9125,-6.4386],[140.9486,-6.4655],[140.9502,-6.4987],[140.893,-6.5654],[140.905,-6.5895],[140.8504,-6.6236],[140.8658,-6.6492],[140.8492,-6.7028],[140.8845,-6.7539],[140.8709,-6.7784],[140.916,-6.8627],[140.9397,-6.8563],[140.9433,-6.8881],[140.9772,-6.8966],[140.977,-9.1061],[140.8569,-9.0491],[140.6216,-8.8067],[140.5075,-8.6381],[140.3635,-8.4908],[140.3014,-8.4675],[139.9881,-8.1925],[139.9797,-8.1215],[140.0584,-8.082],[140.0606,-7.9483],[140.1287,-7.9361],[140.1517,-7.8847],[140.119,-7.9148],[140.061,-7.9244],[140.0418,-8.0455],[139.9736,-8.0969],[139.6305,-8.1249],[139.515,-8.1789],[139.3952,-8.2009],[139.3195,-8.1902],[139.2546,-8.1461],[139.2451,-8.0151],[139.2189,-7.9797],[139.2879,-7.9734],[139.2171,-7.9513],[139.2245,-8.0744],[139.0895,-8.1336],[138.9733,-8.2299],[138.9434,-8.2912],[138.9144,-8.2921],[138.8428,-8.1613],[138.8428,-8.1174],[138.9253,-8.0705],[138.9058,-8.0436],[138.9154,-7.9033],[138.994,-7.8655],[139.0072,-7.7543],[139.093,-7.56],[139.0359,-7.5152],[138.9443,-7.497],[138.9255,-7.4273],[138.8655,-7.336],[138.7388,-7.2436],[138.6913,-7.2336],[138.6675,-7.1978],[138.9046,-7.1994],[139.0039,-7.2404],[139.1571,-7.2431],[139.24,-7.1511],[139.2061,-7.1505],[139.1594,-7.2032],[139.0606,-7.2125],[138.9461,-7.1572],[138.8425,-7.1456],[138.762,-7.1139],[138.5615,-6.9186],[138.6126,-6.8772],[138.7398,-6.8971],[138.7981,-6.8562],[138.9315,-6.8425],[138.9894,-6.8659],[139.0728,-6.9488],[139.1922,-6.9729],[139.0687,-6.9182],[138.9663,-6.8357],[138.8379,-6.8145],[138.6834,-6.7145],[138.6825,-6.6451],[138.8291,-6.706],[138.709,-6.6297],[138.4661,-6.4021],[138.3954,-6.2532],[138.3655,-6.0917],[138.2625,-5.9147],[138.3042,-5.8683],[138.404,-5.8357],[138.322,-5.851],[138.2088,-5.8253],[138.1576,-5.7737],[138.363,-5.6788],[138.2527,-5.6799],[138.152,-5.7231],[138.0711,-5.7286],[138.0549,-5.5896],[138.1097,-5.5341],[138.0642,-5.5112],[138.0749,-5.4196],[138.0614,-5.4037],[138.0513,-5.4318],[138.0265,-5.4311],[138.036,-5.4748],[137.9993,-5.4789],[137.9146,-5.3869],[137.9248,-5.3287],[137.9041,-5.3235],[137.8534,-5.3616],[137.814,-5.3582],[137.7801,-5.315],[137.8081,-5.253],[137.7324,-5.2734],[137.6907,-5.2114],[137.6629,-5.2203],[137.5798,-5.1819],[137.5951,-5.15],[137.5728,-5.1208],[137.5193,-5.1485],[137.4649,-5.0959],[137.3778,-5.0825],[137.3556,-5.0618],[137.3692,-5.0265],[137.3496,-5.0405],[137.3079,-4.9991],[137.3016,-5.0266],[137.2681,-5.0138],[137.2788,-4.9366],[137.2324,-4.9694],[137.219,-5.0134],[137.1521,-4.9744],[137.1497,-4.9451],[137.1154,-4.9792],[137.0901,-4.9601],[137.1017,-4.8893],[137.0418,-4.943],[136.9465,-4.9177],[136.9789,-4.8796],[136.9692,-4.8696],[136.8221,-4.9283],[136.7992,-4.8801],[136.7432,-4.8815],[136.3757,-4.6838],[136.2673,-4.6762],[136.0358,-4.586],[135.9504,-4.5063],[135.6561,-4.4858],[135.4295,-4.4304],[135.272,-4.4584],[135.1856,-4.4489],[134.9592,-4.3186],[134.9066,-4.2641],[134.8098,-4.2541],[134.7334,-4.1975],[134.7239,-4.1425],[134.6482,-4.1187],[134.6965,-4.0532],[134.6746,-4.0163],[134.6885,-3.9474],[134.8644,-3.9532],[134.9163,-3.9787],[134.9678,-3.9368],[134.9436,-3.9513],[134.9163,-3.9234],[134.6758,-3.9084],[134.6203,-3.9547],[134.6022,-4.0007],[134.5252,-4.0265],[134.4639,-3.9787],[134.4784,-3.9616],[134.4304,-3.9078],[134.3335,-3.8688],[134.3604,-3.926],[134.349,-3.9435],[134.3062,-3.9445],[134.3403,-3.996],[134.3153,-4.0203],[134.2722,-3.9714],[134.1912,-3.9435],[134.1704,-3.8881],[134.1411,-3.903],[134.1442,-3.8748],[134.1926,-3.8355],[134.1275,-3.7453],[134.1104,-3.8176],[134.0393,-3.7931],[133.9994,-3.8463],[133.971,-3.8503],[133.9133,-3.7294],[133.8436,-3.6384],[133.8381,-3.5904],[133.8045,-3.6023],[133.7954,-3.6315],[133.8293,-3.7219],[133.7629,-3.6603],[133.7031,-3.6726],[133.708,-3.6101],[133.6414,-3.4837],[133.6532,-3.4444],[133.6968,-3.4274],[133.7022,-3.4044],[133.6834,-3.3049],[133.6909,-3.2161],[133.7097,-3.232],[133.7224,-3.183],[133.7581,-3.1904],[133.7839,-3.1314],[133.8464,-3.0871],[133.8639,-3.0805],[133.9141,-3.1266],[133.9295,-3.1147],[133.8639,-3.0421],[133.8816,-2.9638],[133.8605,-2.9229],[133.8176,-2.9347],[133.8298,-2.9539],[133.8016,-3.0182],[133.72,-3.0636],[133.6682,-3.1222],[133.6633,-3.3615],[133.6277,-3.4163],[133.551,-3.4316],[133.514,-3.3784],[133.5194,-3.4308],[133.4906,-3.4443],[133.5691,-3.4819],[133.5918,-3.5453],[133.5759,-3.5805],[133.5056,-3.6223],[133.4089,-3.7224],[133.4087,-3.8006],[133.4534,-3.8654],[133.4118,-3.8862],[133.251,-4.0668],[133.0515,-4.0612],[132.9899,-4.1139],[132.9077,-4.0881],[132.8914,-4.0367],[132.7959,-3.9406],[132.7964,-3.9181],[132.8259,-3.9378],[132.8246,-3.9164],[132.731,-3.6823],[132.7297,-3.6491],[132.7561,-3.6275],[132.8811,-3.6428],[132.8963,-3.5864],[132.9318,-3.5541],[132.8809,-3.4754],[132.8319,-3.461],[132.8211,-3.4374],[132.8117,-3.2817],[132.7407,-3.2765],[132.7332,-3.331],[132.6712,-3.3285],[132.603,-3.2419],[132.6272,-3.1974],[132.5818,-3.1703],[132.5531,-3.107],[132.3399,-2.9776],[132.3257,-2.9465],[132.1883,-2.9167],[132.1688,-2.9465],[132.1065,-2.9366],[132.1012,-2.9599],[132.0754,-2.9577],[132.058,-2.9167],[131.9761,-2.9298],[132.0239,-2.8547],[131.9898,-2.841],[132.0444,-2.8034],[131.958,-2.7882],[132.0654,-2.7448],[132.0816,-2.7579],[132.0881,-2.7356],[132.1815,-2.7249],[132.1108,-2.7194],[132.1616,-2.6833],[132.3118,-2.6764],[132.4285,-2.697],[132.4212,-2.7448],[132.4758,-2.7311],[132.4689,-2.7076],[132.4846,-2.6995],[132.5857,-2.7175],[132.679,-2.8017],[132.7283,-2.8132],[132.853,-2.7175],[133.0335,-2.4794],[133.1729,-2.4221],[133.2396,-2.4168],[133.3123,-2.443],[133.326,-2.5051],[133.3538,-2.4963],[133.3903,-2.5266],[133.3807,-2.6764],[133.403,-2.6752],[133.4046,-2.5914],[133.4456,-2.4947],[133.4504,-2.6423],[133.4732,-2.616],[133.4735,-2.5217],[133.4925,-2.5235],[133.5187,-2.5896],[133.6067,-2.5325],[133.634,-2.5393],[133.6733,-2.5748],[133.6824,-2.7175],[133.7131,-2.512],[133.7474,-2.5292],[133.8169,-2.649],[133.8279,-2.5499],[133.804,-2.5068],[133.8196,-2.4772],[133.7673,-2.4719],[133.7472,-2.4379],[133.8501,-2.4242],[133.9084,-2.4772],[133.8665,-2.4114],[133.9866,-2.4062],[134.0051,-2.3884],[133.8987,-2.3776],[133.8945,-2.3634],[133.9636,-2.3264],[133.8674,-2.3412],[133.95,-2.2929],[133.95,-2.2035],[133.929,-2.2742],[133.9021,-2.2587],[133.8401,-2.2997],[133.792,-2.2602],[133.8816,-2.1899],[133.9014,-2.1984],[133.95,-2.1694],[133.8953,-2.1625],[133.9295,-2.1489],[133.9404,-2.1076],[133.8582,-2.1074],[133.8333,-2.1422],[133.71,-2.1756],[133.6458,-2.236],[133.5936,-2.2376],[133.5936,-2.183],[133.5486,-2.245],[133.5042,-2.2035],[133.5147,-2.226],[133.4456,-2.2379],[133.3882,-2.2172],[133.3166,-2.2226],[133.2962,-2.2042],[133.1694,-2.2169],[132.9436,-2.2834],[132.8159,-2.245],[132.6887,-2.3072],[132.6367,-2.2773],[132.6135,-2.211],[132.5604,-2.1856],[132.3479,-2.2701],[132.3057,-2.2656],[132.2145,-2.1658],[132.0483,-2.0832],[132.0444,-2.0595],[132.127,-1.9981],[132.0274,-2.0185],[131.9729,-1.9646],[131.9723,-1.9124],[131.9419,-1.8951],[131.9277,-1.8058],[132.0183,-1.7213],[132.0239,-1.676],[131.9175,-1.7073],[131.8867,-1.652],[131.8967,-1.6015],[131.9822,-1.5388],[131.8799,-1.5735],[131.8888,-1.5566],[131.8713,-1.5532],[131.8049,-1.6076],[131.811,-1.5204],[131.7912,-1.4977],[131.784,-1.5475],[131.7502,-1.5735],[131.7078,-1.5558],[131.7229,-1.5182],[131.6472,-1.5256],[131.5731,-1.4802],[131.4895,-1.4705],[131.469,-1.4977],[131.4365,-1.5017],[131.3898,-1.4568],[131.4019,-1.4273],[131.3728,-1.3947],[131.3223,-1.4011],[131.2771,-1.3743],[131.3369,-1.4531],[131.2057,-1.5236],[131.1672,-1.4705],[131.1263,-1.4533],[130.9773,-1.4529],[130.9483,-1.4122],[131.0044,-1.3723],[131.03,-1.2756],[131.0745,-1.2376],[131.1817,-1.2172],[131.2362,-1.1173],[131.271,-1.0037],[131.2635,-0.9293],[131.2915,-0.915],[131.2354,-0.8464],[131.243,-0.8194],[131.5029,-0.7333],[131.5448,-0.7369],[131.5168,-0.7853],[131.8765,-0.6896],[131.9519,-0.5888],[132.0689,-0.532],[132.0996,-0.4699],[132.1509,-0.4357],[132.3967,-0.3534],[132.7092,-0.36],[132.9053,-0.4532],[132.9751,-0.4448],[132.9834,-0.4699],[133.0483,-0.5079],[133.1548,-0.532],[133.3916,-0.7232],[133.5728,-0.7509],[133.6047,-0.7257],[133.7454,-0.7507],[133.7741,-0.7172],[133.8298,-0.7437],[133.9772,-0.7232],[134.1721,-0.8639],[134.0745,-0.895],[134.0589,-0.9482],[134.0361,-0.9578],[134.1275,-1.1484],[134.2038,-1.2126],[134.282,-1.3502],[134.2305,-1.4363],[134.2158,-1.5603],[134.0871,-1.6828],[134.1555,-2.0395],[134.1349,-2.0496],[134.1206,-2.1353],[134.1486,-2.1625],[134.1616,-2.3102],[134.1934,-2.3791],[134.3303,-2.5222],[134.4017,-2.7448],[134.4639,-2.8621],[134.5327,-2.8342],[134.4776,-2.6349],[134.4844,-2.5393],[134.5537,-2.4915],[134.5345,-2.4788],[134.5464,-2.463],[134.6384,-2.5112],[134.6581,-2.5628],[134.6668,-2.8256],[134.7013,-2.9587],[134.7271,-2.9858],[134.7722,-2.9776],[134.8513,-2.8998],[134.8611,-2.94],[134.8263,-3.0396],[134.8185,-3.1363],[134.8537,-3.1479],[134.8989,-3.2628],[134.9641,-3.2382],[134.9567,-3.2799],[135.0021,-3.3361],[135.3408,-3.3897],[135.5054,-3.3481],[135.5691,-3.2817],[135.6016,-3.204],[135.7517,-3.1284],[135.7671,-3.1088],[135.7456,-3.0771],[135.7573,-3.0558],[135.7995,-3.0533],[135.9099,-2.9858],[135.9368,-2.9435],[135.9268,-2.8788],[135.9605,-2.8377],[135.9646,-2.7758],[136.0129,-2.747],[136.0364,-2.697],[136.1974,-2.6244],[136.2664,-2.5603],[136.294,-2.4335],[136.3441,-2.3683],[136.342,-2.2834],[136.3809,-2.2341],[136.5326,-2.1899],[136.533,-2.2258],[136.6052,-2.252],[136.6839,-2.2587],[136.7046,-2.2376],[136.7493,-2.252],[136.8672,-2.1882],[136.9385,-2.1725],[136.9815,-2.1266],[137.1785,-2.1061],[137.2337,-2.061],[137.1912,-2.0046],[137.2048,-1.9496],[137.1017,-1.8883],[137.1235,-1.7975],[137.3488,-1.7101],[137.5164,-1.6008],[137.8391,-1.4711],[137.9248,-1.4841],[138.0749,-1.6103],[138.2292,-1.6491],[138.3567,-1.7101],[138.6652,-1.7892],[138.8428,-1.9496],[138.9496,-1.9599],[139.1067,-2.0128],[139.2832,-2.1218],[139.7808,-2.3547],[139.8648,-2.372],[140.0593,-2.3543],[140.1047,-2.3201],[140.145,-2.3412],[140.158,-2.3209],[140.2102,-2.4021],[140.3323,-2.4557],[140.3796,-2.4411],[140.3639,-2.4049],[140.3771,-2.3953],[140.5007,-2.4357],[140.6076,-2.4394],[140.7446,-2.4991],[140.7361,-2.5637],[140.6986,-2.6082],[140.7238,-2.634],[140.7517,-2.6008],[140.7855,-2.6213],[140.9745,-2.6005]]],[[[113.3952,-8.447],[113.4092,-8.4867],[113.282,-8.4882],[113.2891,-8.4328],[113.3952,-8.447]]],[[[123.1463,-8.426],[123.1799,-8.4444],[123.1636,-8.4737],[123.0066,-8.5079],[122.9308,-8.6041],[122.883,-8.5829],[122.9104,-8.5147],[122.9998,-8.4487],[123.1463,-8.426]]],[[[128.2136,-8.1994],[128.2315,-8.2729],[128.182,-8.2851],[128.1037,-8.2751],[128.0833,-8.2546],[128.1038,-8.2118],[128.2136,-8.1994]]],[[[129.0296,-8.2068],[129.035,-8.2361],[129.0062,-8.2636],[128.9492,-8.236],[128.9164,-8.2547],[128.8877,-8.2449],[128.8345,-8.1998],[128.8895,-8.1778],[129.0296,-8.2068]]],[[[127.7419,-8.1589],[127.7688,-8.2126],[127.6692,-8.2409],[127.604,-8.2068],[127.683,-8.1552],[127.7419,-8.1589]]],[[[117.6643,-8.1481],[117.6926,-8.1835],[117.6403,-8.2241],[117.5666,-8.3639],[117.5339,-8.3849],[117.4925,-8.361],[117.5112,-8.2955],[117.4827,-8.2507],[117.4868,-8.1829],[117.5635,-8.1452],[117.6643,-8.1481]]],[[[127.2163,-8.027],[127.2342,-8.0704],[127.2249,-8.1086],[127.1521,-8.0969],[127.1589,-8.0349],[127.2163,-8.027]]],[[[130.9995,-7.6575],[131.1326,-7.6233],[131.0923,-7.6923],[131.0359,-7.6876],[131.0438,-7.7135],[130.9712,-7.7013],[130.9995,-7.6575]]],[[[130.9686,-7.5346],[130.9858,-7.5519],[130.8977,-7.5545],[130.841,-7.5287],[130.8587,-7.4869],[130.8937,-7.5141],[130.9846,-7.5182],[130.9686,-7.5346]]],[[[131.0182,-7.4152],[131.1829,-7.4159],[131.0803,-7.5037],[131.0574,-7.5079],[131.0718,-7.4794],[130.9893,-7.4732],[130.9911,-7.4389],[131.0182,-7.4152]]],[[[131.2839,-7.3298],[131.2976,-7.3191],[131.2771,-7.3708],[131.2158,-7.3571],[131.265,-7.2971],[131.2839,-7.3298]]],[[[120.8157,-7.2575],[121.05,-7.2858],[121.0669,-7.3025],[121.0569,-7.3211],[120.9927,-7.3336],[120.8814,-7.295],[120.8163,-7.3024],[120.7923,-7.2795],[120.8157,-7.2575]]],[[[120.7578,-7.0759],[120.7813,-7.0559],[120.7715,-7.1305],[120.6834,-7.1243],[120.6703,-7.151],[120.6335,-7.1315],[120.6242,-7.094],[120.5629,-7.0945],[120.5563,-7.0729],[120.6137,-7.0698],[120.6213,-6.9982],[120.7578,-7.0759]]],[[[138.7534,-6.7783],[138.7874,-6.8295],[138.7163,-6.8647],[138.682,-6.8478],[138.6729,-6.8102],[138.6231,-6.7673],[138.6185,-6.7291],[138.7534,-6.7783]]],[[[131.5974,-6.6791],[131.6193,-6.6825],[131.6245,-6.7097],[131.5687,-6.7326],[131.5913,-6.7677],[131.551,-6.8015],[131.5274,-6.7809],[131.5374,-6.7381],[131.5974,-6.6791]]],[[[134.7074,-6.589],[134.7376,-6.631],[134.6694,-6.7729],[134.6214,-6.747],[134.6283,-6.7094],[134.6815,-6.5999],[134.7074,-6.589]]],[[[134.6078,-6.4215],[134.5537,-6.4732],[134.5606,-6.516],[134.5418,-6.5295],[134.5116,-6.5136],[134.4639,-6.4249],[134.4273,-6.4264],[134.3472,-6.3596],[134.4461,-6.2854],[134.5747,-6.3748],[134.6078,-6.4215]]],[[[134.8406,-6.2877],[134.8718,-6.2885],[134.8882,-6.3141],[134.8263,-6.4732],[134.7983,-6.4522],[134.7941,-6.402],[134.8142,-6.3458],[134.8338,-6.3424],[134.8406,-6.2877]]],[[[134.356,-6.2546],[134.4229,-6.2809],[134.3377,-6.332],[134.2028,-6.1943],[134.1623,-6.1965],[134.186,-6.134],[134.1411,-6.1579],[134.1204,-6.1222],[134.126,-6.0343],[134.1553,-6.0065],[134.1553,-6.048],[134.2178,-6.0236],[134.2405,-6.0735],[134.2715,-6.0617],[134.2341,-6.1301],[134.3333,-6.2346],[134.3615,-6.2394],[134.356,-6.2546]]],[[[109.906,-7.8377],[109.6567,-7.7817],[109.4861,-7.7618],[109.4263,-7.7742],[109.3967,-7.7475],[109.4035,-7.7263],[109.3688,-7.7135],[109.0981,-7.6869],[109.0144,-7.7326],[108.9736,-7.7022],[108.9015,-7.6896],[108.8732,-7.6106],[108.7611,-7.6928],[108.6917,-7.6723],[108.6726,-7.7206],[108.6389,-7.6879],[108.5396,-7.6923],[108.5078,-7.7195],[108.4953,-7.7929],[108.4537,-7.8185],[108.3268,-7.8175],[107.9535,-7.7399],[107.8645,-7.7451],[107.8302,-7.7292],[107.8067,-7.6867],[107.6865,-7.6621],[107.6608,-7.6142],[107.591,-7.5704],[107.4114,-7.4959],[106.5227,-7.411],[106.4339,-7.362],[106.3978,-7.3785],[106.3991,-7.3348],[106.3754,-7.3102],[106.3861,-7.2306],[106.4149,-7.1877],[106.4673,-7.1764],[106.4566,-7.1448],[106.5405,-7.0546],[106.5371,-6.983],[106.5108,-6.9638],[106.4517,-6.9551],[106.4016,-6.9931],[106.333,-7.0007],[106.2542,-6.9643],[106.2012,-6.9137],[106.1247,-6.8963],[106.053,-6.8368],[105.9787,-6.8177],[105.8844,-6.8477],[105.7029,-6.8357],[105.5351,-6.8723],[105.4422,-6.8425],[105.4201,-6.8569],[105.398,-6.8295],[105.3108,-6.8104],[105.2747,-6.8494],[105.2168,-6.7721],[105.2747,-6.7617],[105.3638,-6.665],[105.4082,-6.706],[105.4407,-6.7941],[105.4901,-6.809],[105.5286,-6.7233],[105.6222,-6.6316],[105.619,-6.5325],[105.6439,-6.4823],[105.6778,-6.4749],[105.6822,-6.5115],[105.7114,-6.5346],[105.7822,-6.5121],[105.8241,-6.4346],[105.8324,-6.2287],[105.8672,-6.1101],[105.9773,-5.9835],[105.9972,-5.9177],[106.0527,-5.881],[106.1071,-5.9109],[106.1116,-5.9752],[106.1592,-6.0095],[106.2095,-5.9983],[106.2565,-5.9416],[106.2988,-5.945],[106.361,-5.9934],[106.4701,-6.0344],[106.5493,-6.0065],[106.6854,-6.0125],[106.7209,-6.0309],[106.7378,-6.0839],[106.7932,-6.1041],[107.0051,-6.0724],[107.015,-6.029],[106.999,-6.0035],[107.0256,-5.9587],[107.0213,-5.9241],[107.0444,-5.9143],[107.1697,-5.9798],[107.2809,-5.9548],[107.3541,-5.976],[107.4703,-6.1454],[107.6211,-6.1875],[107.6782,-6.238],[107.8103,-6.2112],[107.8263,-6.1851],[107.864,-6.2064],[107.8854,-6.1869],[107.8956,-6.231],[108.0937,-6.3268],[108.1423,-6.3226],[108.1951,-6.2871],[108.2053,-6.2498],[108.1866,-6.2312],[108.3322,-6.2616],[108.3603,-6.2464],[108.3722,-6.3404],[108.4554,-6.4421],[108.5396,-6.4869],[108.6055,-6.7617],[108.6631,-6.7673],[108.7488,-6.8122],[108.835,-6.7879],[108.9448,-6.8494],[108.9834,-6.8417],[109.0013,-6.7892],[109.0208,-6.7887],[109.1428,-6.8562],[109.3519,-6.8757],[109.4382,-6.8601],[109.4929,-6.8015],[109.532,-6.8351],[109.7256,-6.8631],[109.9407,-6.9234],[110.1388,-6.8971],[110.1775,-6.8562],[110.2126,-6.9],[110.381,-6.9757],[110.4862,-6.9379],[110.5715,-6.8362],[110.6447,-6.6882],[110.6819,-6.5219],[110.6711,-6.4999],[110.7305,-6.457],[110.8423,-6.4181],[110.9248,-6.4037],[110.9725,-6.4317],[111.0108,-6.421],[111.0593,-6.4699],[111.1444,-6.6918],[111.3664,-6.712],[111.4441,-6.6891],[111.4934,-6.6235],[111.6101,-6.665],[111.7404,-6.7817],[111.8823,-6.8087],[111.9762,-6.7848],[112.084,-6.906],[112.4352,-6.8705],[112.5428,-6.9176],[112.5625,-6.8668],[112.5828,-6.8705],[112.6038,-6.9046],[112.5828,-6.9899],[112.618,-7.0412],[112.6574,-7.0379],[112.6658,-7.0549],[112.6177,-7.0706],[112.6141,-7.0912],[112.6838,-7.1749],[112.6643,-7.1988],[112.6038,-7.1926],[112.7007,-7.2547],[112.7682,-7.1994],[112.8233,-7.2626],[112.8161,-7.3871],[112.7615,-7.4489],[112.7615,-7.5312],[112.8449,-7.5929],[113.056,-7.663],[113.1327,-7.7278],[113.2412,-7.7407],[113.2853,-7.7817],[113.3231,-7.7856],[113.5286,-7.7004],[113.7859,-7.7263],[113.8547,-7.677],[113.9451,-7.678],[114.0456,-7.612],[114.1404,-7.7009],[114.196,-7.7141],[114.2586,-7.7004],[114.3252,-7.7503],[114.3889,-7.7581],[114.4673,-7.831],[114.4404,-7.9325],[114.4468,-8.0143],[114.3587,-8.4091],[114.3767,-8.5195],[114.4011,-8.5172],[114.4056,-8.447],[114.4453,-8.6028],[114.5891,-8.6642],[114.6248,-8.7407],[114.5972,-8.7756],[114.5553,-8.7779],[114.367,-8.7415],[114.3919,-8.7003],[114.3853,-8.6647],[114.3026,-8.6119],[114.2617,-8.6109],[114.197,-8.6456],[114.1748,-8.6198],[114.104,-8.6381],[114.0593,-8.6314],[114.032,-8.6041],[113.98,-8.6202],[113.9644,-8.5624],[113.9229,-8.5768],[113.8372,-8.5421],[113.8235,-8.5563],[113.8062,-8.5011],[113.7239,-8.5283],[113.7073,-8.4924],[113.6726,-8.4948],[113.573,-8.426],[113.5272,-8.4293],[113.4666,-8.3775],[113.4136,-8.3902],[113.3231,-8.3093],[113.2407,-8.2809],[113.0267,-8.303],[112.9027,-8.404],[112.8338,-8.3757],[112.6727,-8.447],[112.5207,-8.3918],[112.3766,-8.3713],[112.384,-8.3576],[112.3416,-8.3327],[112.2444,-8.342],[112.0247,-8.3049],[111.9707,-8.2778],[111.9186,-8.303],[111.792,-8.2565],[111.7704,-8.3173],[111.7507,-8.3235],[111.7173,-8.2927],[111.6958,-8.3713],[111.6541,-8.3581],[111.6305,-8.3235],[111.6126,-8.337],[111.4487,-8.3129],[111.4251,-8.2688],[111.2761,-8.2483],[111.162,-8.2819],[111.103,-8.2068],[111.0667,-8.2525],[111.0173,-8.2547],[110.8479,-8.2011],[110.7153,-8.1931],[110.4767,-8.1119],[110.3804,-8.0732],[110.3284,-8.0212],[109.906,-7.8377]]],[[[124.0652,-5.9625],[124.0593,-6.0274],[124.0304,-5.976],[123.9689,-5.9353],[123.9792,-5.8699],[124.0652,-5.9625]]],[[[132.7974,-5.6091],[132.8128,-5.6713],[132.8054,-5.685],[132.7849,-5.6576],[132.7805,-5.6804],[132.7637,-5.6788],[132.7432,-5.6044],[132.7849,-5.5273],[132.7849,-5.5615],[132.811,-5.5556],[132.7974,-5.6091]]],[[[132.3186,-5.5136],[132.3807,-5.5341],[132.3714,-5.5541],[132.3343,-5.5729],[132.3088,-5.5357],[132.3186,-5.5136]]],[[[123.7332,-5.4753],[123.8014,-5.5227],[123.8147,-5.5956],[123.6912,-5.4728],[123.7332,-5.4753]]],[[[123.5199,-5.2517],[123.6238,-5.2665],[123.6338,-5.3669],[123.5906,-5.3741],[123.5593,-5.3513],[123.523,-5.2774],[123.5199,-5.2517]]],[[[129.8591,-4.5548],[129.9485,-4.5143],[129.9334,-4.5629],[129.8591,-4.5548]]],[[[127.2346,-3.8211],[127.256,-3.8745],[127.2414,-3.9108],[127.1726,-3.9101],[127.1451,-3.885],[127.1379,-3.8469],[127.1652,-3.8141],[127.2346,-3.8211]]],[[[122.3213,-3.5119],[122.3555,-3.5566],[122.2933,-3.5808],[122.2904,-3.5412],[122.3213,-3.5119]]],[[[132.7028,-3.4533],[132.7029,-3.5193],[132.6664,-3.4534],[132.6203,-3.4238],[132.6665,-3.4103],[132.7028,-3.4533]]],[[[122.4123,-3.3878],[122.4647,-3.4409],[122.4336,-3.4853],[122.4026,-3.4306],[122.4123,-3.3878]]],[[[127.564,-3.2558],[127.6436,-3.3561],[127.5197,-3.3303],[127.4805,-3.2934],[127.5264,-3.2543],[127.564,-3.2558]]],[[[127.7722,-3.1625],[127.7964,-3.2115],[127.7785,-3.2442],[127.6792,-3.2516],[127.6433,-3.2244],[127.7063,-3.1563],[127.7722,-3.1625]]],[[[127.926,-2.9167],[127.9944,-2.9391],[127.9473,-3.0185],[127.827,-3.029],[127.8372,-3.0019],[127.9253,-2.9552],[127.926,-2.9167]]],[[[123.8599,-2.0105],[123.8879,-2.0509],[123.887,-2.0739],[123.8394,-2.0491],[123.8599,-2.0105]]],[[[124.3489,-1.9596],[124.3721,-1.9926],[124.3703,-2.039],[124.3006,-1.9875],[124.3489,-1.9596]]],[[[123.6496,-1.9018],[123.6644,-1.9489],[123.6638,-1.9633],[123.6496,-1.9018]]],[[[123.738,-1.9079],[123.7458,-1.936],[123.7117,-1.9571],[123.7129,-1.9117],[123.738,-1.9079]]],[[[108.6773,-1.7138],[108.7232,-1.6936],[108.7781,-1.7027],[108.7588,-1.7175],[108.6773,-1.7138]]],[[[127.3711,-1.3674],[127.3788,-1.4055],[127.3167,-1.4363],[127.2842,-1.4254],[127.3303,-1.3538],[127.3711,-1.3674]]],[[[109.1702,-1.2576],[109.1769,-1.2785],[109.1442,-1.3115],[109.1008,-1.3006],[109.1702,-1.2576]]],[[[109.2546,-1.1694],[109.2598,-1.2022],[109.2234,-1.2271],[109.22,-1.198],[109.2546,-1.1694]]],[[[104.48,-0.2713],[104.4925,-0.3088],[104.4065,-0.3118],[104.405,-0.2834],[104.48,-0.2713]]],[[[102.8391,0.291],[102.8845,0.3153],[102.9273,0.3109],[102.8753,0.2841],[102.8391,0.291]]],[[[103.0796,0.6244],[103.077,0.5748],[103.0366,0.6575],[103.0554,0.6587],[103.0796,0.6244]]],[[[103.5064,0.7019],[103.5179,0.6676],[103.4979,0.627],[103.472,0.623],[103.5064,0.7019]]],[[[103.1128,0.793],[103.1162,0.7578],[103.0923,0.7224],[103.0772,0.7609],[103.1128,0.793]]],[[[104.5646,0.7982],[104.6205,0.777],[104.5112,0.7503],[104.5234,0.7884],[104.5646,0.7982]]],[[[103.6677,0.8397],[103.7181,0.7981],[103.7249,0.7665],[103.7009,0.7657],[103.6677,0.8397]]],[[[103.4622,0.9189],[103.4795,0.8936],[103.469,0.8696],[103.4071,0.9114],[103.4622,0.9189]]],[[[120.6076,1.0725],[120.6687,1.061],[120.6834,1.0446],[120.6076,1.0725]]],[[[120.3776,1.0799],[120.3924,1.0861],[120.4065,1.061],[120.3779,1.0241],[120.3776,1.0799]]],[[[119.8465,-0.8746],[119.8672,-0.7883],[119.854,-0.7164],[119.792,-0.6071],[119.7578,-0.4699],[119.7811,-0.2394],[119.8084,-0.1828],[119.8,-0.1238],[119.792,-0.1068],[119.7305,-0.1214],[119.6753,-0.0994],[119.6387,-0.0509],[119.6345,0.0105],[119.6685,-0.0038],[119.6753,0.0303],[119.7783,-0.0763],[119.8327,-0.0844],[119.8882,0.0713],[119.794,0.1966],[119.7852,0.2395],[119.8695,0.2872],[119.8587,0.3642],[119.9118,0.4737],[120.0322,0.5163],[120.0452,0.55],[120.0247,0.6672],[120.0457,0.7344],[120.2271,0.8149],[120.2565,0.9689],[120.2785,0.9942],[120.3416,0.9829],[120.3464,0.8556],[120.3674,0.8664],[120.422,0.8118],[120.4696,0.7968],[120.5115,0.8106],[120.5681,0.7821],[120.6144,0.8322],[120.6022,0.8557],[120.6623,0.9688],[120.6902,0.9961],[120.7339,0.9797],[120.7542,1.0207],[120.8018,1.0526],[120.8335,1.3257],[120.8745,1.3257],[120.9092,1.3537],[120.9085,1.3114],[120.9673,1.3462],[121.0804,1.3319],[121.2649,1.2296],[121.3991,1.2624],[121.4514,1.2976],[121.4715,1.2566],[121.43,1.233],[121.4505,1.1674],[121.5467,1.0725],[121.6309,1.062],[121.9261,1.0987],[121.9902,1.0219],[122.0637,1.065],[122.2354,1.0098],[122.4541,1.0207],[122.5242,0.98],[122.6453,0.9592],[122.6794,0.9188],[122.8489,0.818],[122.9185,0.8596],[122.968,0.9626],[123.1756,0.9226],[123.1909,0.9279],[123.1867,0.9736],[123.2258,0.9495],[123.2549,0.9607],[123.294,0.9142],[123.3833,0.9279],[123.563,0.8669],[123.6123,0.8862],[123.6912,0.8527],[123.9292,0.8315],[123.9514,0.8461],[123.9375,0.859],[124.0081,0.8982],[124.2904,1.0173],[124.315,1.0377],[124.3628,1.1674],[124.3894,1.1861],[124.5142,1.1954],[124.5483,1.2158],[124.5669,1.192],[124.5938,1.1959],[124.616,1.2568],[124.5344,1.2886],[124.5483,1.3598],[124.6204,1.4171],[124.7173,1.4058],[124.7742,1.4552],[124.8357,1.4691],[124.8504,1.4897],[124.8259,1.5729],[124.9499,1.6826],[124.9686,1.6738],[124.9839,1.7316],[125.0252,1.7441],[125.0349,1.692],[125.0617,1.6745],[125.1753,1.6782],[125.1678,1.5848],[125.2398,1.5237],[125.2492,1.4847],[125.1154,1.3852],[125.0337,1.1754],[124.8987,0.973],[124.822,0.9415],[124.6638,0.8056],[124.6361,0.7251],[124.5733,0.6491],[124.5825,0.5954],[124.5483,0.592],[124.5034,0.534],[124.5142,0.5033],[124.4658,0.4487],[124.4146,0.4481],[124.3218,0.3989],[124.1506,0.3699],[124.1094,0.3872],[124.0685,0.3519],[124.0339,0.3593],[123.782,0.2986],[123.7246,0.3088],[123.626,0.2666],[123.5711,0.3036],[123.3901,0.2978],[123.2388,0.3245],[123.0742,0.5163],[122.9779,0.4828],[122.6941,0.4828],[122.6497,0.5238],[122.6394,0.4753],[122.5659,0.4965],[122.3244,0.4971],[122.1664,0.4692],[122.0378,0.4821],[121.9851,0.4484],[121.8005,0.4265],[121.7155,0.5151],[121.636,0.5163],[121.6019,0.5517],[121.5877,0.5329],[121.5283,0.5374],[121.4951,0.4828],[121.3303,0.4617],[121.2606,0.4825],[121.1638,0.4575],[121.1079,0.4071],[121.0049,0.4487],[120.8765,0.4245],[120.8472,0.4617],[120.7888,0.4897],[120.7508,0.4828],[120.6795,0.5306],[120.5027,0.5289],[120.3753,0.4777],[120.1582,0.2278],[120.1039,0.1173],[120.0755,-0.0164],[120.023,-0.071],[119.9956,-0.2092],[120.0186,-0.3635],[120.0594,-0.442],[120.0457,-0.483],[120.0731,-0.6139],[120.2556,-0.8993],[120.3255,-0.9387],[120.4124,-0.905],[120.4468,-0.9601],[120.5003,-0.9753],[120.5868,-1.1166],[120.5654,-1.2155],[120.676,-1.3947],[120.8301,-1.3401],[120.8267,-1.3777],[120.8444,-1.3896],[120.9878,-1.3811],[121.0733,-1.4213],[121.1055,-1.4059],[121.167,-1.3229],[121.2066,-1.1913],[121.2668,-1.1486],[121.5007,-0.8593],[121.5778,-0.8468],[121.5877,-0.8126],[121.6201,-0.8004],[121.6597,-0.8126],[121.6629,-0.8876],[121.7142,-0.9355],[121.926,-0.9553],[122.0186,-0.9168],[122.1053,-0.9262],[122.1414,-0.8868],[122.1563,-0.7989],[122.2077,-0.7647],[122.4875,-0.7497],[122.5571,-0.7682],[122.6223,-0.7506],[122.7165,-0.7924],[122.929,-0.7589],[122.9602,-0.7306],[122.8973,-0.7164],[122.883,-0.6959],[122.7664,-0.683],[122.7346,-0.6484],[122.7793,-0.6463],[122.823,-0.6122],[123.013,-0.6044],[123.0759,-0.5564],[123.2395,-0.5705],[123.4035,-0.6427],[123.4544,-0.7582],[123.4378,-0.8536],[123.4002,-0.8948],[123.3833,-1.0037],[123.3524,-1.0397],[123.3112,-1.0514],[123.2388,-1.0248],[123.1499,-0.9355],[123.1509,-0.873],[123.0962,-0.8351],[123.0608,-0.8805],[123.0095,-0.8937],[122.8387,-0.8992],[122.721,-1.1091],[122.6616,-1.1428],[122.6384,-1.2062],[122.5721,-1.2532],[122.3688,-1.4928],[122.1839,-1.6142],[122.1432,-1.594],[122.0637,-1.6213],[122.0259,-1.6144],[121.9548,-1.6638],[121.8613,-1.6697],[121.7986,-1.718],[121.7551,-1.8338],[121.6921,-1.9081],[121.553,-1.9291],[121.5047,-1.8767],[121.4567,-1.8609],[121.4409,-1.8136],[121.3713,-1.8058],[121.3474,-1.779],[121.3119,-1.7829],[121.2961,-1.8167],[121.3042,-1.8469],[121.3406,-1.8398],[121.3457,-1.8557],[121.327,-1.919],[121.3406,-1.9913],[121.402,-1.9094],[121.4363,-1.9802],[121.5353,-2.0588],[121.5746,-2.1625],[121.7009,-2.1804],[121.8229,-2.2873],[121.8826,-2.4133],[122.0093,-2.5935],[122.0156,-2.6935],[122.0838,-2.7639],[122.1773,-2.8068],[122.1926,-2.8663],[122.2871,-2.8888],[122.3125,-2.9269],[122.2708,-3.0021],[122.2796,-3.0396],[122.3859,-3.132],[122.4304,-3.1147],[122.4461,-3.1493],[122.4729,-3.1511],[122.4367,-3.1904],[122.4292,-3.2459],[122.3579,-3.2175],[122.3213,-3.2571],[122.2957,-3.3129],[122.3036,-3.3412],[122.3726,-3.3722],[122.3784,-3.4387],[122.3275,-3.4033],[122.3252,-3.3753],[122.2796,-3.3556],[122.2517,-3.3761],[122.2905,-3.4714],[122.2625,-3.529],[122.2005,-3.5566],[122.2054,-3.5938],[122.2356,-3.6432],[122.3054,-3.675],[122.335,-3.718],[122.4414,-3.7311],[122.5487,-3.8787],[122.6564,-3.8893],[122.6672,-3.9189],[122.6244,-3.9524],[122.5513,-3.9708],[122.6564,-4.0066],[122.6882,-4.1384],[122.7078,-4.1391],[122.7111,-4.1153],[122.7782,-4.137],[122.8421,-4.1288],[122.7752,-4.0483],[122.845,-4.0577],[122.9071,-4.196],[122.9002,-4.3888],[122.8421,-4.4381],[122.7229,-4.3325],[122.6702,-4.3145],[122.7451,-4.4101],[122.7703,-4.4168],[122.7581,-4.4848],[122.7111,-4.4518],[122.6823,-4.4804],[122.6701,-4.4322],[122.5991,-4.3967],[122.4976,-4.4352],[122.4304,-4.4169],[122.1078,-4.52],[122.0396,-4.6633],[122.0593,-4.7424],[122.1289,-4.8005],[122.0774,-4.8421],[121.8875,-4.8464],[121.8233,-4.8131],[121.7044,-4.8352],[121.6572,-4.7872],[121.5542,-4.7437],[121.4846,-4.6564],[121.4805,-4.5808],[121.5293,-4.3976],[121.5332,-4.2381],[121.5596,-4.2252],[121.553,-4.2524],[121.585,-4.2367],[121.6277,-4.0871],[121.5552,-4.0214],[121.3543,-3.9684],[121.2962,-3.8868],[121.2556,-3.903],[121.2551,-3.8157],[121.1603,-3.7962],[120.8938,-3.5392],[120.8745,-3.499],[120.8894,-3.3888],[120.979,-3.267],[121.0667,-3.1938],[121.073,-3.1147],[121.0481,-3.0662],[121.0804,-2.9776],[121.0817,-2.8723],[121.0708,-2.851],[121.0532,-2.8621],[121.0327,-2.8142],[121.0117,-2.8484],[120.9844,-2.8239],[121.0252,-2.7789],[121.0804,-2.759],[121.0059,-2.6608],[120.8538,-2.6462],[120.7993,-2.615],[120.5845,-2.6821],[120.543,-2.7472],[120.2035,-2.9577],[120.2854,-3.1222],[120.2643,-3.142],[120.3831,-3.2091],[120.4004,-3.2509],[120.4258,-3.2561],[120.4021,-3.2968],[120.3989,-3.5009],[120.4465,-3.7287],[120.3597,-3.8942],[120.3519,-4.1003],[120.3814,-4.1673],[120.3879,-4.294],[120.3674,-4.4244],[120.4026,-4.4721],[120.4021,-4.5745],[120.45,-4.6466],[120.4159,-4.6889],[120.3866,-4.8293],[120.3264,-4.8421],[120.3094,-4.8713],[120.3067,-4.9929],[120.2643,-5.15],[120.3879,-5.3522],[120.4636,-5.6202],[120.4164,-5.6168],[120.3475,-5.5136],[120.3233,-5.5095],[120.1004,-5.5956],[119.9866,-5.5642],[119.9149,-5.5689],[119.8057,-5.6925],[119.7236,-5.7038],[119.648,-5.6788],[119.634,-5.6174],[119.6097,-5.6091],[119.57,-5.6559],[119.5176,-5.558],[119.4553,-5.5738],[119.4699,-5.5956],[119.4333,-5.5878],[119.4221,-5.5512],[119.4375,-5.5217],[119.3528,-5.3556],[119.4037,-5.1241],[119.46,-5.0735],[119.5198,-4.9167],[119.4971,-4.718],[119.5252,-4.698],[119.5911,-4.5641],[119.6268,-4.3145],[119.6001,-4.2424],[119.6268,-4.163],[119.6063,-4.1047],[119.647,-3.978],[119.6071,-3.9758],[119.5934,-4.0265],[119.5852,-3.9703],[119.4543,-3.7001],[119.514,-3.5631],[119.4976,-3.4953],[119.3469,-3.4306],[119.2976,-3.4279],[119.2297,-3.4853],[119.158,-3.4784],[119.027,-3.5097],[118.9987,-3.525],[119.0044,-3.5597],[118.9702,-3.5398],[118.9495,-3.569],[118.9268,-3.5661],[118.8423,-3.3683],[118.8525,-3.2956],[118.8171,-3.1718],[118.782,-3.1443],[118.7642,-3.0909],[118.7914,-3.0602],[118.8484,-3.0678],[118.8855,-2.8696],[118.8343,-2.841],[118.7717,-2.8621],[118.7573,-2.7758],[118.8062,-2.6298],[118.9144,-2.6484],[119.0149,-2.5772],[119.0474,-2.5129],[119.1358,-2.4543],[119.134,-2.2035],[119.1856,-2.1209],[119.2161,-2.0099],[119.2644,-1.9633],[119.347,-1.9594],[119.367,-1.8329],[119.3288,-1.7812],[119.3054,-1.652],[119.3333,-1.5735],[119.2948,-1.4054],[119.3333,-1.3502],[119.3136,-1.2458],[119.3992,-1.1335],[119.4531,-1.0964],[119.5252,-0.8604],[119.6821,-0.7369],[119.6594,-0.6962],[119.7337,-0.6339],[119.8098,-0.8339],[119.8465,-0.8746]]],[[[127.7599,2.2699],[127.8106,2.2639],[127.8162,2.2338],[127.7813,2.2089],[127.7482,2.2474],[127.7599,2.2699]]],[[[128.1936,2.3673],[128.1699,2.2974],[128.1546,2.2864],[128.1287,2.3583],[128.1602,2.4049],[128.1936,2.3673]]],[[[100.9473,1.8254],[100.9483,1.8828],[100.8855,2.0363],[100.8235,2.116],[100.8,2.2089],[100.8412,2.2808],[100.8859,2.2983],[101.0503,2.2915],[101.0674,2.2198],[101.3171,2.0246],[101.3267,1.9164],[101.3776,1.7733],[101.427,1.7093],[101.5674,1.6559],[101.7492,1.6615],[102.0215,1.4379],[102.1182,1.3865],[102.1533,1.3115],[102.1472,1.2478],[102.1973,1.1996],[102.2085,1.0241],[102.4251,0.8043],[102.5322,0.7424],[102.6672,0.7503],[102.8771,0.7264],[102.9538,0.6758],[103.0838,0.5156],[103.0923,0.4692],[103.0747,0.4423],[102.7157,0.2576],[102.6277,0.2343],[102.5819,0.1811],[102.5027,0.2364],[102.4304,0.2463],[102.4807,0.2343],[102.5457,0.1691],[102.5779,0.1585],[102.6955,0.2321],[102.7634,0.2289],[102.9027,0.2678],[103.0759,0.383],[103.1663,0.4079],[103.2236,0.4884],[103.3622,0.5363],[103.541,0.4346],[103.5877,0.3765],[103.6063,0.3109],[103.6453,0.3453],[103.7434,0.2773],[103.814,0.0189],[103.8018,-0.0073],[103.6712,-0.0174],[103.6642,-0.0405],[103.6292,-0.0484],[103.577,-0.014],[103.5759,-0.1044],[103.4944,-0.1184],[103.4668,-0.183],[103.4146,-0.2167],[103.2705,-0.2576],[103.3325,-0.2638],[103.4893,-0.2115],[103.4946,-0.2536],[103.4368,-0.338],[103.3456,-0.3669],[103.4006,-0.3845],[103.493,-0.3754],[103.5984,-0.4368],[103.547,-0.4898],[103.418,-0.5178],[103.3729,-0.4494],[103.3804,-0.5143],[103.4163,-0.5754],[103.3729,-0.6481],[103.3858,-0.6809],[103.3456,-0.6959],[103.376,-0.7268],[103.4631,-0.7577],[103.4412,-0.8126],[103.5271,-0.816],[103.5647,-0.8746],[103.5858,-0.8746],[103.6504,-0.943],[103.7941,-1.0095],[103.8289,-1.0734],[103.8563,-1.0138],[103.9558,-0.977],[104.2124,-1.0733],[104.3772,-1.0317],[104.4105,-1.1284],[104.4014,-1.2309],[104.4492,-1.316],[104.4627,-1.5735],[104.5376,-1.7607],[104.4834,-1.8814],[104.4971,-1.936],[104.5374,-1.8541],[104.5645,-1.8577],[104.637,-1.9216],[104.5889,-2.0195],[104.6546,-1.9701],[104.6638,-2.0313],[104.6858,-2.0447],[104.7726,-1.9977],[104.8146,-2.0084],[104.8503,-2.0379],[104.8828,-2.1257],[104.8597,-2.1994],[104.757,-2.3305],[104.6714,-2.3513],[104.6062,-2.4021],[104.7096,-2.3709],[104.7302,-2.4527],[104.7131,-2.5578],[104.5695,-2.6564],[104.5311,-2.7726],[104.5999,-2.6638],[104.7315,-2.5908],[104.7686,-2.4947],[104.7718,-2.4142],[104.846,-2.3022],[104.8833,-2.2849],[104.929,-2.3748],[104.9414,-2.3362],[104.9802,-2.3264],[105.0451,-2.3674],[105.0867,-2.3613],[105.1167,-2.3805],[105.2469,-2.3429],[105.3311,-2.3731],[105.535,-2.3948],[105.549,-2.4212],[105.59,-2.3953],[105.6238,-2.4018],[105.6348,-2.443],[105.6074,-2.5287],[105.6184,-2.5949],[105.6731,-2.663],[105.7781,-2.6901],[105.8096,-2.899],[105.8792,-2.9511],[105.9751,-2.9528],[106.0285,-2.9828],[106.054,-3.047],[106.073,-3.2555],[105.9627,-3.3288],[105.9002,-3.4072],[105.8196,-3.6725],[105.8511,-3.7433],[105.9525,-3.8338],[105.9358,-3.9098],[105.8701,-4.0042],[105.8128,-4.2387],[105.8533,-4.4039],[105.9063,-4.4693],[105.9094,-4.5466],[105.888,-4.6018],[105.905,-4.6701],[105.8818,-4.6962],[105.8674,-4.8246],[105.9097,-4.9431],[105.8674,-5.0413],[105.8645,-5.2555],[105.8395,-5.3372],[105.8241,-5.5305],[105.8296,-5.6547],[105.7826,-5.8285],[105.7297,-5.8967],[105.7129,-5.8321],[105.6021,-5.8098],[105.5862,-5.7908],[105.5686,-5.6804],[105.5453,-5.6576],[105.5254,-5.6788],[105.4836,-5.6589],[105.2796,-5.4443],[105.2505,-5.4591],[105.2388,-5.5689],[105.18,-5.5805],[105.2163,-5.698],[105.1548,-5.7268],[105.2153,-5.759],[105.1633,-5.7861],[105.1184,-5.7822],[104.7908,-5.6095],[104.6813,-5.5069],[104.6062,-5.4789],[104.613,-5.4993],[104.5514,-5.5085],[104.5332,-5.5598],[104.6887,-5.8079],[104.7161,-5.9211],[104.5613,-5.9283],[104.5418,-5.8419],[104.384,-5.6925],[104.2977,-5.6433],[104.2908,-5.6254],[104.3145,-5.6051],[104.3015,-5.5856],[104.1266,-5.4617],[103.9932,-5.3127],[103.9914,-5.2464],[103.9014,-5.2185],[103.9134,-5.1393],[103.8911,-5.1042],[103.7922,-5.0309],[103.7261,-5.0168],[103.7355,-4.978],[103.7054,-4.955],[103.6541,-4.9792],[103.617,-4.9199],[103.5536,-4.9089],[103.5,-4.8639],[103.4146,-4.8693],[103.386,-4.8049],[103.3289,-4.7941],[103.3036,-4.7341],[103.1729,-4.6179],[102.9204,-4.4926],[102.8763,-4.4206],[102.7012,-4.2704],[102.3125,-3.9915],[102.2835,-3.9309],[102.3109,-3.8654],[102.2632,-3.7931],[102.2222,-3.6428],[101.6113,-3.2245],[101.419,-2.9273],[101.327,-2.7392],[101.1048,-2.5871],[100.9231,-2.3334],[100.834,-2.1591],[100.8872,-2.0372],[100.8576,-1.8919],[100.7761,-1.8058],[100.6545,-1.6176],[100.6326,-1.508],[100.5706,-1.4426],[100.5842,-1.3947],[100.5692,-1.3308],[100.4583,-1.2638],[100.406,-1.2644],[100.4333,-1.2067],[100.3661,-1.1505],[100.3849,-1.1039],[100.3713,-1.0733],[100.4129,-1.0733],[100.4164,-1.0478],[100.3799,-1.0305],[100.353,-0.9771],[100.3014,-0.8163],[100.1597,-0.6679],[100.0349,-0.488],[99.824,-0.3134],[99.8059,-0.2278],[99.7595,-0.1684],[99.7668,-0.0754],[99.7472,-0.0298],[99.6108,0.0986],[99.4905,0.1554],[99.3926,0.1717],[99.3411,0.2388],[99.2334,0.217],[99.138,0.2631],[99.1585,0.32],[99.1106,0.3456],[99.1323,0.4121],[99.1226,0.509],[99.0984,0.5142],[99.1003,0.6018],[99.0728,0.6308],[99.0486,0.6199],[99.0418,0.777],[98.9812,0.8317],[98.9758,0.9208],[98.839,1.3013],[98.8446,1.3459],[98.7096,1.5641],[98.7337,1.5699],[98.7534,1.5356],[98.8226,1.6304],[98.8191,1.6823],[98.7881,1.6914],[98.7739,1.7486],[98.7271,1.7919],[98.7111,1.7791],[98.7202,1.7335],[98.6907,1.7363],[98.5352,1.9365],[98.444,1.9912],[98.3545,2.0038],[98.3298,2.0383],[98.2692,2.0381],[98.2437,2.0876],[98.1526,2.1569],[97.9559,2.2717],[97.8669,2.2475],[97.7444,2.2811],[97.6582,2.4116],[97.6441,2.6689],[97.6027,2.8662],[97.405,2.9433],[97.3135,3.0617],[97.2708,3.2144],[97.1716,3.2548],[97.0186,3.5227],[96.9217,3.6057],[96.8836,3.6824],[96.7605,3.7487],[96.5598,3.7466],[96.4795,3.7787],[96.1978,4.1213],[96.1252,4.1364],[96.0652,4.205],[96.01,4.2257],[95.7258,4.5317],[95.6165,4.6284],[95.5654,4.6375],[95.5725,4.6738],[95.5269,4.6973],[95.4263,4.8273],[95.3489,5.0375],[95.2798,5.1225],[95.2992,5.1503],[95.2913,5.1916],[95.2487,5.231],[95.2319,5.2823],[95.199,5.2929],[95.2536,5.4116],[95.1973,5.5464],[95.2127,5.5731],[95.2798,5.5744],[95.4319,5.6547],[95.5112,5.603],[95.5337,5.6221],[95.6116,5.6267],[95.8875,5.5122],[95.9304,5.4145],[96.0881,5.2955],[96.2905,5.259],[96.4066,5.2172],[96.4663,5.2355],[96.5274,5.2112],[96.6506,5.2163],[96.8284,5.2802],[96.8944,5.2621],[96.9734,5.2734],[97.0743,5.2382],[97.1493,5.1988],[97.176,5.1613],[97.2266,5.1462],[97.4968,5.2519],[97.5262,5.2423],[97.6644,5.0734],[97.9092,4.8896],[97.9632,4.7895],[98.007,4.6339],[97.9968,4.5465],[98.048,4.539],[98.0613,4.5548],[98.0896,4.5328],[98.1382,4.5344],[98.1858,4.4844],[98.2057,4.498],[98.2756,4.4254],[98.2664,4.2116],[98.1858,4.1697],[98.179,4.1082],[98.263,4.1773],[98.3057,4.0803],[98.4058,4.0789],[98.4772,4.0462],[98.508,4.0046],[98.5578,4.0008],[98.5949,3.9437],[98.6766,3.9145],[98.7106,3.8038],[98.7966,3.7254],[98.9575,3.6713],[99.1798,3.5463],[99.3682,3.4079],[99.4333,3.3829],[99.5581,3.2446],[99.7507,3.1805],[99.8529,3.0473],[99.8579,3.0115],[99.89,3.0183],[99.9795,2.9485],[99.9979,2.7991],[99.9535,2.6962],[99.9927,2.6688],[100.008,2.6026],[100.0282,2.6176],[100.0122,2.6788],[99.974,2.7031],[100.0186,2.7317],[100.0549,2.7273],[100.096,2.5705],[100.1258,2.5301],[100.1385,2.5379],[100.1211,2.6636],[100.1594,2.7038],[100.2106,2.7062],[100.2688,2.5969],[100.3122,2.5629],[100.3817,2.355],[100.4343,2.2733],[100.561,2.1568],[100.6178,2.1291],[100.6662,2.1345],[100.8128,2.0397],[100.8724,1.972],[100.9059,1.8569],[100.9473,1.8254]]],[[[120.7925,-9.9609],[120.8399,-10.0514],[120.8267,-10.0912],[120.7246,-10.1969],[120.6305,-10.2359],[120.5474,-10.2333],[120.4915,-10.2659],[120.4832,-10.301],[120.45,-10.3103],[120.3916,-10.2631],[120.1556,-10.221],[120.0342,-10.1121],[120.0149,-10.0432],[119.9673,-9.9836],[119.6971,-9.8526],[119.6851,-9.8128],[119.6345,-9.7896],[119.6345,-9.7691],[119.4603,-9.7501],[119.4061,-9.7901],[119.3469,-9.7555],[119.0969,-9.7175],[119.0374,-9.6759],[118.9354,-9.5534],[118.958,-9.4996],[119.0247,-9.4377],[119.1687,-9.3855],[119.2678,-9.3644],[119.3845,-9.3781],[119.4568,-9.3576],[119.5286,-9.3749],[119.6292,-9.3419],[119.6804,-9.3708],[119.7995,-9.3837],[119.9588,-9.2905],[120.0942,-9.4612],[120.1483,-9.4797],[120.1831,-9.4669],[120.2293,-9.4923],[120.2712,-9.6425],[120.3469,-9.6705],[120.3901,-9.638],[120.4783,-9.641],[120.5086,-9.697],[120.5803,-9.735],[120.6697,-9.8852],[120.7925,-9.9609]]],[[[115.5176,-8.6702],[115.5731,-8.672],[115.6242,-8.7689],[115.5889,-8.8073],[115.4683,-8.7319],[115.5176,-8.6702]]],[[[119.723,-8.6212],[119.7915,-8.6242],[119.7505,-8.686],[119.7092,-8.6935],[119.723,-8.7618],[119.6983,-8.8015],[119.6555,-8.7669],[119.6152,-8.7775],[119.6268,-8.714],[119.6604,-8.6855],[119.6413,-8.6791],[119.6345,-8.5966],[119.6955,-8.6671],[119.723,-8.6212]]],[[[119.5593,-8.5182],[119.5872,-8.5624],[119.5698,-8.5904],[119.5252,-8.5904],[119.5067,-8.5659],[119.4568,-8.5966],[119.491,-8.6109],[119.4426,-8.6791],[119.4699,-8.7407],[119.3991,-8.7265],[119.3811,-8.7407],[119.4021,-8.6676],[119.3782,-8.574],[119.4221,-8.5353],[119.4153,-8.4433],[119.4568,-8.426],[119.4688,-8.4792],[119.5545,-8.4846],[119.5747,-8.507],[119.5593,-8.5182]]],[[[123.3486,-8.2688],[123.3211,-8.3849],[123.2893,-8.4045],[123.1636,-8.3918],[123.041,-8.4108],[123.0195,-8.3918],[123.0365,-8.3323],[123.1565,-8.2436],[123.2373,-8.2341],[123.3486,-8.2688]]],[[[116.6333,-8.2751],[116.7062,-8.3171],[116.7432,-8.3918],[116.6852,-8.4806],[116.681,-8.5563],[116.5004,-8.8027],[116.5091,-8.858],[116.5408,-8.836],[116.5889,-8.8632],[116.5654,-8.8956],[116.4466,-8.9201],[116.4328,-8.9107],[116.4719,-8.8394],[116.4231,-8.8364],[116.3977,-8.8553],[116.4031,-8.9542],[116.3796,-8.9119],[116.3514,-8.9262],[116.3279,-8.8989],[116.2048,-8.92],[116.1672,-8.8785],[116.1057,-8.8747],[116.0772,-8.8946],[116.0686,-8.8557],[116.0403,-8.8647],[116.0403,-8.9023],[116.0193,-8.9081],[115.9692,-8.8494],[115.9282,-8.8549],[115.8393,-8.8169],[115.8307,-8.7698],[115.8486,-8.7248],[115.8794,-8.7248],[115.8923,-8.7548],[116.0412,-8.7341],[116.0657,-8.76],[116.0876,-8.7372],[116.0603,-8.7139],[116.0726,-8.5778],[116.0279,-8.445],[116.05,-8.4146],[116.1057,-8.4055],[116.2864,-8.2363],[116.3938,-8.2011],[116.6333,-8.2751]]],[[[119.0864,-8.1315],[119.1375,-8.1906],[119.1004,-8.2516],[119.0515,-8.2614],[119.0228,-8.2343],[119.0203,-8.1897],[119.042,-8.1485],[119.0864,-8.1315]]],[[[119.2036,-8.6109],[119.175,-8.6451],[119.1818,-8.7208],[119.1516,-8.7424],[118.9719,-8.7512],[118.8984,-8.6884],[118.8571,-8.7218],[118.7651,-8.7109],[118.702,-8.7481],[118.7362,-8.7747],[118.9269,-8.7966],[118.9497,-8.8337],[118.9081,-8.8505],[118.846,-8.8368],[118.8293,-8.8505],[118.7573,-8.802],[118.714,-8.8],[118.465,-8.865],[118.4142,-8.8536],[118.3874,-8.7958],[118.4387,-8.69],[118.4147,-8.5829],[118.3936,-8.6746],[118.339,-8.6922],[118.2949,-8.7652],[118.1577,-8.8679],[118.0789,-8.8443],[118.0242,-8.8505],[117.8905,-8.9368],[117.8567,-8.933],[117.8394,-8.9057],[117.7879,-8.9328],[117.7251,-8.912],[117.5581,-9.0019],[117.3889,-9.0537],[117.3341,-9.0594],[117.1924,-9.0237],[117.1268,-9.0912],[117.0097,-9.1073],[116.9492,-9.0602],[116.9064,-9.0634],[116.763,-9.0156],[116.7285,-8.9631],[116.7479,-8.9229],[116.7352,-8.8734],[116.8245,-8.799],[116.7907,-8.7454],[116.7641,-8.7382],[116.7723,-8.6803],[116.7485,-8.6665],[116.7901,-8.5837],[116.832,-8.5748],[116.8381,-8.5079],[116.8796,-8.5283],[116.9845,-8.4958],[117.1261,-8.4055],[117.1177,-8.3835],[117.1951,-8.3576],[117.2156,-8.3849],[117.2738,-8.3952],[117.4339,-8.4811],[117.4427,-8.4107],[117.5581,-8.4055],[117.5923,-8.5147],[117.5999,-8.4461],[117.6233,-8.4384],[117.6397,-8.5406],[117.6987,-8.5768],[117.7438,-8.5693],[117.7363,-8.5829],[117.7915,-8.6381],[117.7573,-8.6451],[117.8052,-8.72],[117.8939,-8.7003],[117.9045,-8.727],[117.969,-8.7481],[118.0681,-8.6559],[118.2461,-8.6572],[118.2817,-8.6415],[118.2829,-8.588],[118.2332,-8.5485],[118.2092,-8.5768],[118.1336,-8.4867],[118.1172,-8.4965],[118.0575,-8.4506],[118.0032,-8.4737],[117.9702,-8.4614],[117.8225,-8.3542],[117.7122,-8.2409],[117.741,-8.1479],[117.9178,-8.0859],[117.9588,-8.0833],[117.9775,-8.1091],[118.1152,-8.1139],[118.1497,-8.1345],[118.1773,-8.2327],[118.2536,-8.3403],[118.3123,-8.3713],[118.4634,-8.2494],[118.6475,-8.2888],[118.6958,-8.3713],[118.6565,-8.5265],[118.6673,-8.5473],[118.7269,-8.4518],[118.717,-8.3796],[118.7539,-8.3264],[118.8592,-8.2888],[118.9725,-8.302],[118.9983,-8.3212],[119.0511,-8.4705],[119.0305,-8.5478],[119.0523,-8.6457],[119.1301,-8.6334],[119.1673,-8.5597],[119.2036,-8.6109]]],[[[123.0264,-8.2888],[123.0187,-8.3341],[122.9041,-8.3634],[122.8973,-8.4606],[122.8177,-8.4264],[122.8036,-8.4379],[122.8031,-8.4776],[122.8494,-8.552],[122.8484,-8.5836],[122.8074,-8.6109],[122.5654,-8.6691],[122.4495,-8.7343],[122.2528,-8.7497],[122.1145,-8.7324],[122.0054,-8.802],[121.8761,-8.8377],[121.7804,-8.888],[121.6901,-8.8505],[121.646,-8.9057],[121.6218,-8.8368],[121.5811,-8.8176],[121.396,-8.7941],[121.367,-8.8199],[121.3748,-8.884],[121.3406,-8.9181],[121.2109,-8.892],[121.0669,-8.9405],[120.9949,-8.9405],[120.9065,-8.9138],[120.8332,-8.817],[120.7925,-8.8232],[120.7478,-8.871],[120.6416,-8.8443],[120.5779,-8.7902],[120.3816,-8.7958],[120.323,-8.8307],[120.2791,-8.8294],[120.1653,-8.7686],[119.9758,-8.8139],[119.9074,-8.8717],[119.8919,-8.8067],[119.8397,-8.7929],[119.8057,-8.7407],[119.8078,-8.57],[119.8711,-8.4941],[119.8672,-8.4129],[119.9194,-8.4612],[119.9705,-8.4376],[119.9906,-8.447],[120.0247,-8.3849],[120.0942,-8.3986],[120.1209,-8.3508],[120.1489,-8.3713],[120.2129,-8.2927],[120.277,-8.2692],[120.3779,-8.2751],[120.422,-8.2273],[120.4574,-8.2751],[120.5217,-8.2555],[120.5939,-8.2819],[120.5939,-8.2335],[120.7446,-8.3298],[120.9761,-8.3375],[121.0532,-8.4055],[121.2791,-8.4675],[121.3805,-8.5722],[121.471,-8.5693],[121.5017,-8.6018],[121.5746,-8.5659],[121.5745,-8.5379],[121.6082,-8.5421],[121.6027,-8.4964],[121.6255,-8.4675],[121.6804,-8.5113],[121.8068,-8.4948],[121.8347,-8.4737],[121.8928,-8.4929],[122.0191,-8.426],[122.0412,-8.4492],[122.0221,-8.4793],[122.0396,-8.5147],[122.1411,-8.5417],[122.2297,-8.6169],[122.2884,-8.6339],[122.4774,-8.595],[122.5147,-8.5527],[122.4851,-8.484],[122.5466,-8.4532],[122.5982,-8.3952],[122.7581,-8.361],[122.8202,-8.3054],[122.8809,-8.2857],[122.9441,-8.2154],[122.9404,-8.1931],[122.8761,-8.1857],[122.7903,-8.2304],[122.7404,-8.2224],[122.7842,-8.124],[122.8626,-8.0698],[122.9797,-8.1469],[122.9779,-8.1964],[123.0264,-8.2888]]],[[[115.5025,-8.1726],[115.7142,-8.3752],[115.7009,-8.4191],[115.6048,-8.5011],[115.5337,-8.5065],[115.4988,-8.5484],[115.3226,-8.6238],[115.2539,-8.7146],[115.2031,-8.747],[115.2206,-8.789],[115.2144,-8.7618],[115.2324,-8.754],[115.229,-8.8303],[115.1345,-8.8508],[115.0942,-8.8185],[115.1592,-8.7822],[115.1819,-8.7464],[115.1561,-8.662],[114.927,-8.4675],[114.7966,-8.4055],[114.6045,-8.3865],[114.4684,-8.2185],[114.4479,-8.1218],[114.4524,-8.0951],[114.5047,-8.0904],[114.5553,-8.1339],[114.5974,-8.1106],[114.8576,-8.1931],[115.0226,-8.1726],[115.1359,-8.0728],[115.1931,-8.0551],[115.5025,-8.1726]]],[[[108.8215,-7.6786],[109.0427,-7.7615],[109.0431,-7.7789],[108.8001,-7.7338],[108.797,-7.7016],[108.8215,-7.6786]]],[[[115.5706,-6.9046],[115.5571,-6.94],[115.3823,-6.9108],[115.3482,-6.9406],[115.4006,-6.9729],[115.3553,-6.982],[115.3174,-6.9524],[115.301,-6.9723],[115.3106,-7.0007],[115.2933,-7.0076],[115.2656,-6.9835],[115.2759,-6.9387],[115.2144,-6.9282],[115.2554,-6.8631],[115.2443,-6.8464],[115.2757,-6.8354],[115.4608,-6.8425],[115.5706,-6.9046]]],[[[112.7007,-5.726],[112.7362,-5.7631],[112.7315,-5.8284],[112.7007,-5.8488],[112.6043,-5.8474],[112.5828,-5.7942],[112.6454,-5.7321],[112.7007,-5.726]]],[[[102.4065,-5.4037],[102.3662,-5.4416],[102.3901,-5.477],[102.2979,-5.4728],[102.2835,-5.4993],[102.2461,-5.4416],[102.0986,-5.3349],[102.172,-5.2804],[102.2739,-5.3123],[102.3944,-5.3759],[102.4065,-5.4037]]],[[[115.8518,-4.739],[115.8581,-4.78],[115.8068,-4.8219],[115.7734,-4.8151],[115.8518,-4.739]]],[[[116.3589,-3.4409],[116.4045,-3.3746],[116.4344,-3.4098],[116.386,-3.6396],[116.3247,-3.533],[116.3589,-3.4409]]],[[[116.3037,-3.718],[116.3333,-3.7498],[116.2892,-3.8156],[116.3065,-3.9045],[116.2151,-3.9438],[116.2048,-3.9753],[116.0915,-4.0668],[116.0829,-4.0378],[116.0574,-4.0407],[116.0501,-4.0202],[116.0642,-3.9545],[116.0915,-3.9343],[116.0689,-3.8855],[116.0745,-3.8009],[116.0191,-3.7249],[116.0164,-3.6292],[116.0525,-3.4787],[116.1194,-3.3242],[116.2678,-3.2188],[116.263,-3.4055],[116.3211,-3.4977],[116.2764,-3.5136],[116.2741,-3.5329],[116.297,-3.5847],[116.3037,-3.718]]],[[[100.5085,-3.1222],[100.5364,-3.1769],[100.5288,-3.1835],[100.4937,-3.1603],[100.5085,-3.1222]]],[[[100.3864,-3.1438],[100.467,-3.2873],[100.4783,-3.3152],[100.4607,-3.3344],[100.3369,-3.2226],[100.3303,-3.1974],[100.3602,-3.2075],[100.3377,-3.1616],[100.3452,-3.1266],[100.2923,-3.0771],[100.2482,-3.0694],[100.2546,-3.0533],[100.1895,-2.9666],[100.2,-2.9199],[100.179,-2.8029],[100.2273,-2.7726],[100.4675,-3.0153],[100.4729,-3.1139],[100.4645,-3.1325],[100.3864,-3.1438]]],[[[100.2068,-2.6935],[100.2152,-2.7529],[100.1589,-2.7726],[100.1385,-2.8205],[100.0497,-2.8068],[100.0383,-2.8338],[100.0156,-2.8342],[100.0013,-2.7653],[99.9868,-2.7672],[99.9963,-2.6388],[99.9671,-2.615],[99.9746,-2.4939],[100.0029,-2.4909],[100.1076,-2.6003],[100.1667,-2.6279],[100.2068,-2.6935]]],[[[99.8233,-2.2929],[99.8587,-2.3569],[99.8462,-2.3801],[99.8333,-2.3523],[99.7134,-2.3134],[99.6717,-2.2713],[99.6035,-2.2656],[99.6165,-2.2336],[99.5899,-2.211],[99.5762,-2.2241],[99.5277,-2.1454],[99.5645,-2.1311],[99.5483,-2.0615],[99.565,-2.0309],[99.6314,-2.0185],[99.6943,-2.0678],[99.7754,-2.2587],[99.8233,-2.2929]]],[[[108.9642,-1.5734],[108.9483,-1.6315],[108.8582,-1.664],[108.8284,-1.657],[108.8275,-1.5866],[108.7933,-1.5803],[108.9006,-1.5329],[108.9642,-1.5734]]],[[[109.7598,-1.0317],[109.7769,-1.1408],[109.5025,-1.2922],[109.4656,-1.2934],[109.4172,-1.2545],[109.4445,-1.1689],[109.4523,-1.004],[109.4754,-0.977],[109.5442,-0.9907],[109.5879,-0.9703],[109.6567,-1.0037],[109.7235,-0.9871],[109.7598,-1.0317]]],[[[99.2621,-1.5867],[99.2943,-1.6862],[99.2744,-1.738],[99.2542,-1.6545],[99.2267,-1.6144],[99.2,-1.6281],[99.2549,-1.7721],[99.1821,-1.7737],[99.1185,-1.8023],[98.8848,-1.6794],[98.8226,-1.6076],[98.8117,-1.529],[98.6309,-1.2848],[98.5938,-1.1984],[98.6489,-1.072],[98.6582,-0.9635],[98.7236,-0.943],[98.7886,-0.9566],[98.84,-0.9225],[98.8982,-0.9157],[98.8916,-0.9355],[98.918,-0.9401],[98.9458,-0.9846],[98.9393,-1.0037],[98.9053,-0.9907],[98.9383,-1.0651],[98.9803,-1.0937],[99.0676,-1.2414],[99.0531,-1.2726],[99.1647,-1.4142],[99.1653,-1.4562],[99.1243,-1.4289],[99.1306,-1.4482],[99.2036,-1.5173],[99.2097,-1.5729],[99.2621,-1.5867]]],[[[98.5073,-0.3649],[98.4868,-0.5109],[98.5005,-0.5656],[98.4868,-0.5456],[98.459,-0.5519],[98.4678,-0.5388],[98.4479,-0.5263],[98.4255,-0.5434],[98.422,-0.5866],[98.2752,-0.5252],[98.3361,-0.5178],[98.364,-0.442],[98.364,-0.36],[98.4255,-0.2986],[98.4292,-0.2438],[98.5073,-0.3649]]],[[[98.48,-0.1584],[98.5598,-0.2783],[98.549,-0.3811],[98.3435,-0.0447],[98.2957,-0.0073],[98.364,0.0105],[98.4061,-0.0074],[98.4434,-0.052],[98.48,-0.1584]]],[[[103.2936,0.6254],[103.3,0.5754],[103.2808,0.538],[103.1707,0.5137],[103.1405,0.5394],[103.1792,0.6955],[103.2118,0.7082],[103.2469,0.694],[103.2936,0.6254]]],[[[103.5187,0.8184],[103.5234,0.7778],[103.4212,0.8732],[103.4885,0.8454],[103.5187,0.8184]]],[[[103.8186,0.8862],[103.8982,0.8533],[103.9414,0.7757],[103.9114,0.7807],[103.8186,0.8862]]],[[[103.4009,0.8801],[103.51,0.7429],[103.4595,0.6581],[103.4343,0.6473],[103.3456,0.7634],[103.3574,0.8725],[103.4009,0.8801]]],[[[103.7434,0.8937],[103.8311,0.8164],[103.8323,0.7654],[103.7463,0.8227],[103.7262,0.8732],[103.7434,0.8937]]],[[[103.9421,0.9961],[103.9666,0.9472],[103.9216,0.9346],[103.8566,0.9684],[103.8389,1.003],[103.8738,1.0036],[103.8801,1.0315],[103.9421,0.9961]]],[[[104.7986,1.0315],[104.8435,1.0182],[104.8528,0.9755],[104.8328,0.9551],[104.7986,1.0315]]],[[[107.562,1.0372],[107.6016,1.0098],[107.5596,0.9702],[107.5594,1.0036],[107.5296,1.0181],[107.562,1.0372]]],[[[103.4431,1.0128],[103.4236,0.9902],[103.3408,1.0195],[103.3148,1.0616],[103.3338,1.1114],[103.3898,1.1303],[103.3978,1.0642],[103.4431,1.0128]]],[[[103.0487,0.797],[103.0437,0.7207],[103.0073,0.6938],[102.8947,0.79],[102.6815,0.8049],[102.5579,0.7803],[102.5164,0.7913],[102.4065,0.8732],[102.4246,0.9145],[102.5007,0.9533],[102.4676,1.1064],[102.489,1.1333],[102.5564,1.1257],[102.6157,1.0577],[102.6055,1.0112],[102.6637,0.9961],[102.7638,1.0112],[103.0217,0.8453],[103.0487,0.797]]],[[[103.0371,1.0446],[103.1746,0.8821],[103.1271,0.8344],[103.0863,0.841],[102.7907,1.0315],[102.7119,1.0315],[102.6476,1.0063],[102.6248,1.022],[102.7156,1.1544],[102.8018,1.1633],[103.0371,1.0446]]],[[[104.1463,1.1605],[104.1311,1.0488],[104.106,1.065],[104.0923,0.9899],[103.9558,1.0098],[103.9067,1.0717],[103.9141,1.0998],[103.9562,1.0849],[103.9445,1.1352],[103.9961,1.1333],[104.0309,1.1879],[104.0855,1.1333],[104.0906,1.1878],[104.1463,1.1605]]],[[[104.6546,1.0964],[104.6587,0.9279],[104.6164,0.9062],[104.5999,0.835],[104.5671,0.8295],[104.4834,0.859],[104.4837,0.8933],[104.4492,0.9216],[104.4846,0.9222],[104.4866,0.9371],[104.4211,0.9566],[104.4627,0.9831],[104.4627,1.0173],[104.4852,1.0337],[104.4387,1.0569],[104.3272,1.0068],[104.271,1.0036],[104.2456,1.0173],[104.2319,1.0933],[104.3166,1.1329],[104.3413,1.1796],[104.3893,1.1787],[104.3997,1.2026],[104.5081,1.1795],[104.5757,1.2254],[104.5882,1.1446],[104.6546,1.0964]]],[[[102.4734,1.242],[102.4456,1.0762],[102.468,0.9726],[102.3997,0.9279],[102.3693,0.9352],[102.2671,1.0369],[102.2329,1.0995],[102.2451,1.2039],[102.201,1.2978],[102.2106,1.3983],[102.2312,1.4132],[102.2909,1.4045],[102.4734,1.242]]],[[[102.4905,1.4897],[102.5095,1.2773],[102.4788,1.2707],[102.3303,1.4133],[102.0956,1.4752],[102.0265,1.5477],[102.0078,1.6154],[102.0724,1.6232],[102.1524,1.5811],[102.3381,1.5585],[102.4627,1.5154],[102.4905,1.4897]]],[[[98.5552,1.682],[98.5991,1.632],[98.4976,1.6273],[98.4317,1.6615],[98.4348,1.692],[98.4627,1.7093],[98.521,1.6556],[98.5552,1.682]]],[[[97.1511,2.0581],[97.1023,2.0161],[97.069,2.0871],[97.1201,2.1133],[97.1511,2.0581]]],[[[101.7212,2.0581],[101.7756,1.948],[101.7358,1.8877],[101.7151,1.7782],[101.6253,1.7144],[101.5773,1.7093],[101.4907,1.7368],[101.4601,1.7655],[101.3971,1.9094],[101.4181,2.0444],[101.4783,2.0724],[101.5505,2.0581],[101.6493,2.1285],[101.7212,2.0581]]],[[[96.6441,2.127],[96.6717,2.102],[96.6229,2.0706],[96.6133,2.1191],[96.6441,2.127]]],[[[97.3286,2.1475],[97.3423,2.0581],[97.3218,2.0314],[97.3218,2.0581],[97.2074,2.1755],[97.1028,2.2127],[97.1717,2.2331],[97.208,2.2076],[97.2813,2.2291],[97.3286,2.1475]]],[[[118.5749,2.2942],[118.6543,2.1897],[118.6543,2.1823],[118.5785,2.2369],[118.5564,2.3122],[118.5785,2.3188],[118.6338,2.2717],[118.5749,2.2942]]],[[[109.1087,2.5317],[109.0951,2.5044],[109.0267,2.4858],[109.0125,2.4975],[109.0233,2.5278],[108.9681,2.5436],[108.9964,2.5618],[109.1087,2.5317]]],[[[106.2262,2.817],[106.2378,2.7329],[106.2033,2.8191],[106.2262,2.817]]],[[[96.4795,2.415],[96.4812,2.364],[96.4209,2.343],[96.3696,2.3673],[96.335,2.3555],[96.3076,2.3741],[96.3281,2.3945],[96.2852,2.4364],[96.2399,2.4487],[96.0657,2.5794],[95.9651,2.6142],[95.9314,2.5956],[95.8626,2.6546],[95.7905,2.6546],[95.7943,2.6962],[95.7352,2.7579],[95.7401,2.7781],[95.698,2.7788],[95.6996,2.8318],[95.78,2.8464],[95.7668,2.8781],[95.7915,2.9425],[95.8141,2.9221],[95.9119,2.9062],[95.9104,2.8737],[95.883,2.8839],[95.8831,2.8464],[95.9172,2.8607],[96.0033,2.777],[96.1263,2.7337],[96.1028,2.6546],[96.1297,2.6648],[96.1619,2.6478],[96.1437,2.6788],[96.158,2.6804],[96.2461,2.6],[96.3213,2.5661],[96.3753,2.4739],[96.3953,2.4774],[96.3965,2.5248],[96.4243,2.5106],[96.4795,2.415]]],[[[108.8293,2.9363],[108.8557,3.0034],[108.8986,2.9829],[108.8897,2.888],[108.8425,2.8464],[108.7752,2.8951],[108.8293,2.9363]]],[[[107.8071,3.0149],[107.8112,2.9868],[107.7451,2.9835],[107.773,3.0253],[107.8071,3.0149]]],[[[105.802,2.9973],[105.8533,2.9835],[105.8333,2.9774],[105.8119,2.9045],[105.7297,2.8812],[105.7644,2.8497],[105.7127,2.8432],[105.6956,2.8846],[105.7235,2.9774],[105.6819,3.0115],[105.6887,3.06],[105.7371,3.032],[105.7385,2.9881],[105.7849,2.9774],[105.802,2.9973]]],[[[106.2852,3.1791],[106.2852,3.0872],[106.2791,3.0872],[106.2107,3.1282],[106.2078,3.2253],[106.2591,3.2147],[106.2852,3.1791]]],[[[117.4334,3.3364],[117.5278,3.3174],[117.5275,3.2908],[117.417,3.2887],[117.4334,3.3364]]],[[[106.2708,3.361],[106.2974,3.3583],[106.2857,3.2639],[106.2647,3.289],[106.2791,3.2306],[106.2305,3.258],[106.2708,3.361]]],[[[117.5667,3.4384],[117.6716,3.427],[117.6839,3.3996],[117.6484,3.246],[117.5564,3.3319],[117.5313,3.4031],[117.5667,3.4384]]],[[[117.8939,3.4975],[117.8913,3.4556],[117.8262,3.4941],[117.7855,3.5385],[117.7849,3.582],[117.8479,3.5754],[117.8939,3.4975]]],[[[117.5173,3.477],[117.4968,3.4556],[117.3731,3.4975],[117.2708,3.5002],[117.2297,3.5254],[117.218,3.5603],[117.2684,3.5929],[117.3937,3.5664],[117.4353,3.5246],[117.5062,3.5021],[117.5173,3.477]]],[[[117.8462,3.7991],[117.784,3.8196],[117.7295,3.8681],[117.8074,3.8561],[117.8442,3.8275],[117.8462,3.7991]]],[[[117.6611,4.1492],[117.75,4.0803],[117.7532,4.0518],[117.7056,3.9875],[117.6653,3.9831],[117.5945,4.0639],[117.6128,4.1082],[117.6611,4.1492]]],[[[108.3621,3.8886],[108.4065,3.8846],[108.3176,3.6838],[108.2385,3.6763],[108.1838,3.6483],[108.0945,3.6962],[108.125,3.7479],[108.1649,3.7573],[108.187,3.7923],[108.2244,3.7853],[108.28,3.7315],[108.2624,3.7923],[108.2454,3.8135],[108.0623,3.8559],[107.9846,4.012],[108.2249,4.2448],[108.2503,4.2112],[108.2573,4.1306],[108.3962,3.9909],[108.4036,3.9363],[108.3621,3.8886]]],[[[108.0051,4.7724],[107.9934,4.6913],[107.9373,4.6914],[107.9406,4.7086],[108.0051,4.7724]]],[[[95.1418,5.6641],[95.1911,5.6085],[95.1563,5.5948],[95.1091,5.622],[95.1418,5.6641]]],[[[95.0583,5.7573],[95.127,5.7021],[95.1333,5.6913],[95.1221,5.6693],[95.0947,5.6836],[95.0607,5.6562],[95.0479,5.6896],[95.0607,5.732],[95.0147,5.7446],[95.0583,5.7573]]],[[[95.3418,5.8964],[95.3828,5.8419],[95.3828,5.8071],[95.3555,5.8276],[95.3384,5.7792],[95.273,5.8071],[95.2136,5.9025],[95.2478,5.9052],[95.2839,5.8574],[95.3418,5.8964]]],[[[123.356,-10.5812],[123.4204,-10.6191],[123.4092,-10.6791],[123.3486,-10.6741],[123.2434,-10.7377],[123.2092,-10.8131],[122.988,-10.865],[122.9577,-10.8881],[122.9717,-10.9062],[122.8418,-10.9211],[122.821,-10.8932],[122.8125,-10.7784],[123.0492,-10.7114],[123.1773,-10.6188],[123.1909,-10.5778],[123.2156,-10.575],[123.242,-10.5289],[123.3355,-10.4903],[123.3865,-10.433],[123.3971,-10.4635],[123.3758,-10.4959],[123.3939,-10.5092],[123.356,-10.5812]]],[[[121.8796,-10.4289],[121.9959,-10.4413],[121.9979,-10.509],[121.8818,-10.5983],[121.7321,-10.5973],[121.6901,-10.5642],[121.8264,-10.4938],[121.8796,-10.4289]]],[[[123.4382,-10.1413],[123.5061,-10.1868],[123.4466,-10.2397],[123.3963,-10.2278],[123.4245,-10.299],[123.4134,-10.3326],[123.367,-10.3012],[123.3218,-10.339],[123.32,-10.2678],[123.3894,-10.1752],[123.4382,-10.1413]]],[[[123.928,-8.2273],[123.9324,-8.2714],[123.7899,-8.2936],[123.6875,-8.4362],[123.657,-8.4055],[123.5721,-8.4716],[123.6092,-8.5353],[123.583,-8.5655],[123.5435,-8.5693],[123.5,-8.5216],[123.4067,-8.5895],[123.3244,-8.5346],[123.2834,-8.5563],[123.2388,-8.5489],[123.2273,-8.5261],[123.3576,-8.4113],[123.4857,-8.3508],[123.4733,-8.321],[123.3696,-8.3167],[123.4142,-8.2672],[123.4568,-8.2791],[123.5161,-8.2409],[123.5676,-8.2477],[123.5179,-8.353],[123.5891,-8.3736],[123.6092,-8.3434],[123.5823,-8.3061],[123.6392,-8.2941],[123.6253,-8.2449],[123.6416,-8.2231],[123.7013,-8.2512],[123.7048,-8.2273],[123.8045,-8.1789],[123.8488,-8.2136],[123.928,-8.2273]]],[[[124.3081,-8.2205],[124.3,-8.3193],[124.2322,-8.3813],[124.1917,-8.4894],[124.1496,-8.5393],[124.0593,-8.5515],[124.0506,-8.4821],[124.0188,-8.4299],[123.9072,-8.4548],[123.9851,-8.3383],[124.0233,-8.3134],[124.0584,-8.3061],[124.1094,-8.3849],[124.2581,-8.1821],[124.2847,-8.1833],[124.3081,-8.2205]]],[[[138.842,-8.277],[138.9109,-8.3748],[138.8941,-8.4055],[138.7,-8.3946],[138.5584,-8.3666],[138.548,-8.3471],[138.5642,-8.3073],[138.6572,-8.2411],[138.6751,-8.1891],[138.7853,-8.1589],[138.8169,-8.1619],[138.842,-8.277]]],[[[125.134,-8.2171],[125.1233,-8.3523],[124.7661,-8.4085],[124.6616,-8.4034],[124.5446,-8.447],[124.4955,-8.4304],[124.4279,-8.4675],[124.3968,-8.447],[124.3571,-8.4563],[124.3335,-8.413],[124.4105,-8.3061],[124.5476,-8.2307],[124.3924,-8.2652],[124.3968,-8.2205],[124.4753,-8.1326],[124.5687,-8.131],[124.603,-8.2068],[124.688,-8.1652],[124.8983,-8.1681],[124.9523,-8.1498],[125.0869,-8.1588],[125.134,-8.2171]]],[[[128.0906,-8.131],[128.1275,-8.1613],[128.0256,-8.2614],[127.9393,-8.2182],[127.8436,-8.2057],[127.7616,-8.1174],[127.8325,-8.0986],[128.0178,-8.1432],[128.0906,-8.131]]],[[[131.0794,-8.1489],[131.1817,-8.1249],[131.0612,-8.2058],[130.8937,-8.2512],[130.8794,-8.3093],[130.8109,-8.3513],[130.7634,-8.3508],[130.855,-8.24],[130.9134,-8.2136],[130.9264,-8.1325],[130.9738,-8.1453],[131.0376,-8.0833],[131.0855,-8.1249],[131.0794,-8.1489]]],[[[129.8446,-7.8362],[129.8591,-7.9325],[129.7764,-8.0554],[129.6939,-8.0383],[129.5852,-7.902],[129.5876,-7.8356],[129.6325,-7.796],[129.8193,-7.8193],[129.8446,-7.8362]]],[[[126.8368,-7.7263],[126.8235,-7.7624],[126.7134,-7.7475],[126.5593,-7.8199],[126.4662,-7.9666],[126.4219,-7.9325],[126.2744,-7.9119],[126.1898,-7.9235],[126.1369,-7.8886],[126.054,-7.8847],[125.9251,-7.9119],[125.812,-8.0076],[125.7742,-8.0076],[125.8084,-7.9343],[125.8142,-7.8503],[125.8698,-7.8147],[125.884,-7.7543],[125.9689,-7.6601],[126.0462,-7.6935],[126.2031,-7.7135],[126.2615,-7.6861],[126.3284,-7.6957],[126.4845,-7.5973],[126.627,-7.56],[126.647,-7.617],[126.7217,-7.6681],[126.8132,-7.6686],[126.8368,-7.7263]]],[[[127.3727,-7.5061],[127.4893,-7.5445],[127.4817,-7.5901],[127.3577,-7.6557],[127.3484,-7.6153],[127.3787,-7.5859],[127.3727,-7.5061]]],[[[138.939,-7.5421],[139.0755,-7.5763],[138.9937,-7.7201],[138.9772,-7.8409],[138.8911,-7.898],[138.9041,-8.0759],[138.8367,-8.08],[138.7718,-8.1432],[138.6609,-8.169],[138.6026,-8.2547],[138.4442,-8.3791],[138.376,-8.4096],[138.2935,-8.4187],[138.178,-8.3849],[137.8491,-8.3775],[137.6382,-8.4259],[137.637,-8.3894],[137.759,-8.0734],[137.8005,-8.0417],[137.8097,-7.9836],[137.8949,-7.8162],[137.9658,-7.7394],[138.0067,-7.6376],[138.0886,-7.5598],[138.2442,-7.4565],[138.395,-7.4049],[138.7171,-7.3596],[138.8045,-7.3742],[138.939,-7.5421]]],[[[131.6986,-7.2267],[131.6665,-7.2239],[131.6428,-7.2548],[131.6751,-7.3582],[131.6609,-7.3839],[131.7092,-7.4179],[131.6609,-7.4869],[131.6331,-7.62],[131.5742,-7.6949],[131.4969,-7.7263],[131.5032,-7.7475],[131.469,-7.7618],[131.4749,-7.783],[131.3899,-7.8471],[131.3386,-7.9392],[131.3608,-7.9474],[131.3455,-7.9871],[131.3167,-8.018],[131.2915,-8.0113],[131.3108,-7.954],[131.2835,-7.9361],[131.2297,-8.0035],[131.1162,-8.0007],[131.127,-7.9291],[131.0923,-7.8915],[131.0902,-7.8488],[131.1196,-7.8165],[131.1528,-7.8219],[131.1611,-7.7996],[131.14,-7.7817],[131.157,-7.7743],[131.1537,-7.7407],[131.1196,-7.7338],[131.1148,-7.707],[131.1392,-7.6861],[131.2039,-7.7133],[131.2498,-7.7066],[131.1948,-7.6838],[131.1813,-7.6496],[131.2415,-7.4877],[131.3152,-7.4229],[131.3557,-7.4353],[131.397,-7.3434],[131.4531,-7.3344],[131.4551,-7.2912],[131.494,-7.2296],[131.5448,-7.2199],[131.5288,-7.1701],[131.5686,-7.131],[131.6543,-7.1129],[131.6546,-7.1721],[131.7041,-7.1315],[131.7433,-7.1961],[131.6986,-7.2267]]],[[[131.9822,-7.1889],[131.9817,-7.2457],[131.9656,-7.2547],[131.8779,-7.1645],[131.7722,-7.165],[131.7322,-7.1412],[131.757,-7.11],[131.9185,-7.1036],[131.9822,-7.1889]]],[[[128.6697,-7.1374],[128.6805,-7.1725],[128.6387,-7.2199],[128.5466,-7.1627],[128.5288,-7.1305],[128.6196,-7.0632],[128.6997,-7.1096],[128.6697,-7.1374]]],[[[113.9899,-6.8779],[114.0935,-6.9327],[114.1248,-6.9816],[113.91,-7.0481],[113.8707,-7.0952],[113.8954,-7.1205],[113.8728,-7.1288],[113.6652,-7.11],[113.6453,-7.1311],[113.6101,-7.1292],[113.549,-7.2338],[113.5134,-7.2478],[113.4725,-7.2221],[113.1655,-7.2199],[113.1463,-7.1716],[113.1587,-7.1511],[113.1223,-7.1394],[113.1034,-7.1789],[113.1487,-7.2148],[113.1279,-7.2311],[112.8181,-7.1614],[112.7264,-7.1588],[112.7273,-7.0895],[112.7013,-7.0921],[112.6926,-7.0585],[112.7009,-7.0333],[112.7927,-6.9841],[112.842,-6.9089],[112.9153,-6.8917],[113.4456,-6.8824],[113.5262,-6.8963],[113.9237,-6.8648],[113.9899,-6.8779]]],[[[105.2642,-6.5279],[105.256,-6.6282],[105.2039,-6.6733],[105.183,-6.6716],[105.2022,-6.6235],[105.1755,-6.5831],[105.1201,-6.631],[105.138,-6.5873],[105.1885,-6.5476],[105.2642,-6.5279]]],[[[134.4844,-6.5756],[134.5215,-6.5868],[134.4993,-6.6378],[134.4722,-6.6618],[134.4017,-6.6575],[134.4365,-6.6821],[134.3472,-6.8015],[134.3589,-6.8207],[134.3107,-6.8595],[134.1851,-6.9186],[134.1462,-6.859],[134.0734,-6.8268],[134.053,-6.7643],[134.1106,-6.4592],[134.21,-6.5074],[134.1895,-6.4452],[134.137,-6.4504],[134.1204,-6.4199],[134.1275,-6.3253],[134.1027,-6.1801],[134.136,-6.1769],[134.1638,-6.215],[134.2946,-6.2978],[134.2878,-6.3419],[134.3298,-6.3893],[134.457,-6.4452],[134.49,-6.5113],[134.4844,-6.5756]]],[[[120.5462,-5.9382],[120.5586,-6.0663],[120.5262,-6.1955],[120.5051,-6.4317],[120.4813,-6.4773],[120.4636,-6.3839],[120.4709,-6.2752],[120.4295,-6.1858],[120.45,-6.1408],[120.4483,-5.8439],[120.4705,-5.7669],[120.4944,-5.7745],[120.5462,-5.9382]]],[[[104.8328,-5.76],[104.8498,-5.7833],[104.8384,-5.8204],[104.7704,-5.752],[104.8328,-5.76]]],[[[132.802,-5.7874],[132.8054,-5.8625],[132.7756,-5.9239],[132.7415,-5.9504],[132.716,-5.8967],[132.6919,-5.9288],[132.6614,-5.8454],[132.6745,-5.76],[132.6887,-5.76],[132.6198,-5.603],[132.6614,-5.6235],[132.6975,-5.5974],[132.6906,-5.6501],[132.7405,-5.6601],[132.7576,-5.7321],[132.7713,-5.7184],[132.802,-5.7874]]],[[[134.7581,-6.1579],[134.7478,-6.2299],[134.7018,-6.3219],[134.6078,-6.3696],[134.5537,-6.3559],[134.4495,-6.2638],[134.3335,-6.2214],[134.2766,-6.1193],[134.2925,-6.0549],[134.3677,-6.0344],[134.3018,-6.0163],[134.3191,-5.9661],[134.2881,-5.9239],[134.3235,-5.8683],[134.3604,-5.8495],[134.3783,-5.7937],[134.3615,-5.7805],[134.3309,-5.804],[134.3182,-5.7726],[134.2479,-5.7604],[134.202,-5.7125],[134.2578,-5.6788],[134.3097,-5.7126],[134.3518,-5.7145],[134.457,-5.5341],[134.4725,-5.5579],[134.5047,-5.5478],[134.4912,-5.4482],[134.5083,-5.4294],[134.5397,-5.4406],[134.5812,-5.4242],[134.6283,-5.4448],[134.6482,-5.4931],[134.6965,-5.5341],[134.6686,-5.5478],[134.6824,-5.5751],[134.6351,-5.5888],[134.7102,-5.6091],[134.7581,-5.6713],[134.7188,-5.7376],[134.7376,-5.7874],[134.7029,-5.8357],[134.7433,-5.8469],[134.7649,-5.8904],[134.7239,-5.9177],[134.7096,-5.8962],[134.6965,-5.9177],[134.7376,-5.945],[134.7239,-5.945],[134.7361,-5.9695],[134.6543,-5.9333],[134.6011,-5.9518],[134.657,-5.9539],[134.7722,-6.0896],[134.7546,-6.1355],[134.7029,-6.1579],[134.6911,-6.1881],[134.7581,-6.1579]]],[[[133.1843,-5.3103],[133.1133,-5.5956],[133.0335,-5.6544],[132.9754,-5.7287],[132.9494,-5.7942],[132.9568,-5.8625],[132.8423,-5.9968],[132.9001,-5.8139],[132.9289,-5.7771],[132.9289,-5.698],[132.9641,-5.6407],[133.0041,-5.6471],[133.1101,-5.311],[133.1379,-5.2873],[133.1843,-5.3103]]],[[[122.0674,-5.215],[122.0469,-5.2424],[122.0469,-5.4516],[121.9683,-5.468],[121.9235,-5.4037],[121.8818,-5.3902],[121.8068,-5.2599],[121.8408,-5.1601],[121.8818,-5.1437],[121.8539,-5.1021],[121.916,-5.0544],[121.9194,-5.0955],[121.9773,-5.0705],[121.9966,-5.1379],[122.0334,-5.15],[122.0674,-5.215]]],[[[131.7331,-4.693],[131.7544,-4.7365],[131.7365,-4.7663],[131.7251,-4.7317],[131.7331,-4.693]]],[[[122.78,-4.9166],[122.7731,-4.9582],[122.7435,-4.9528],[122.6043,-5.1599],[122.6066,-5.1905],[122.636,-5.1943],[122.5982,-5.2284],[122.6477,-5.2561],[122.6585,-5.2965],[122.5984,-5.4201],[122.5845,-5.4091],[122.5435,-5.4288],[122.5428,-5.3388],[122.5115,-5.2867],[122.4686,-5.3964],[122.432,-5.3927],[122.4072,-5.3532],[122.451,-5.315],[122.3952,-5.3212],[122.3639,-5.3898],[122.2796,-5.3697],[122.2752,-5.3276],[122.3157,-5.2426],[122.3325,-5.1238],[122.4026,-5.0618],[122.3275,-4.8421],[122.3827,-4.7459],[122.4988,-4.7254],[122.657,-4.6243],[122.7111,-4.6155],[122.7355,-4.6437],[122.7528,-4.8443],[122.78,-4.9166]]],[[[131.6062,-4.4304],[131.6335,-4.4304],[131.6804,-4.524],[131.6609,-4.5343],[131.6062,-4.4304]]],[[[123.0469,-5.1375],[123.2093,-5.2654],[123.2131,-5.3017],[123.145,-5.3854],[123.0469,-5.4242],[122.9775,-5.3942],[122.8762,-5.4584],[122.861,-5.5081],[122.9104,-5.4993],[122.9182,-5.5274],[122.8276,-5.6762],[122.7903,-5.6925],[122.7678,-5.6414],[122.7466,-5.6794],[122.7356,-5.6269],[122.677,-5.6788],[122.6384,-5.6622],[122.5671,-5.5069],[122.6546,-5.4247],[122.6292,-5.4037],[122.721,-5.2662],[122.8147,-5.2114],[122.8086,-5.1894],[122.7576,-5.2067],[122.8045,-5.0436],[122.7912,-5.0213],[122.7527,-5.0339],[122.8335,-4.9291],[122.821,-4.8421],[122.855,-4.8178],[122.855,-4.6096],[122.9089,-4.4745],[123.0414,-4.3844],[123.0857,-4.3891],[123.0685,-4.4396],[123.1478,-4.5085],[123.2005,-4.589],[123.1909,-4.653],[123.2113,-4.6775],[123.2197,-4.8167],[123.2113,-4.8421],[123.197,-4.8368],[123.1499,-4.718],[123.1239,-4.7102],[123.1053,-4.7673],[123.0816,-4.739],[123.0674,-4.7526],[123.0521,-4.7403],[123.0469,-4.7971],[123.013,-4.8571],[123.0151,-4.9294],[122.9644,-4.9929],[122.9854,-5.0649],[122.9499,-5.1902],[122.9885,-5.1867],[123.0204,-5.1422],[123.0469,-5.1375]]],[[[133.5584,-4.232],[133.6277,-4.3002],[133.6042,-4.3007],[133.5352,-4.2387],[133.4605,-4.2441],[133.3882,-4.2047],[133.3314,-4.1652],[133.3242,-4.1083],[133.4561,-4.2024],[133.5584,-4.232]]],[[[131.2815,-4.07],[131.3919,-4.1535],[131.2966,-4.1091],[131.2815,-4.07]]],[[[131.2092,-3.9789],[131.2498,-4.0097],[131.2396,-4.0471],[131.2092,-3.9789]]],[[[123.2044,-3.9929],[123.2341,-4.0153],[123.2534,-4.0898],[123.1963,-4.1877],[123.1362,-4.2387],[123.0448,-4.2096],[122.9779,-4.1288],[122.9507,-4.0471],[123.0282,-3.9738],[123.1023,-4.0125],[123.2044,-3.9929]]],[[[131.416,-3.9586],[131.4424,-4.0651],[131.4006,-4.0471],[131.3696,-3.9622],[131.416,-3.9586]]],[[[128.7962,-3.6428],[128.8106,-3.6764],[128.7617,-3.6996],[128.7463,-3.6598],[128.7962,-3.6428]]],[[[123.1773,-3.574],[123.1771,-3.601],[123.1394,-3.6027],[123.1199,-3.6292],[123.061,-3.5709],[123.1406,-3.5392],[123.1773,-3.574]]],[[[128.5288,-3.533],[128.5638,-3.5919],[128.3929,-3.6428],[128.4271,-3.5227],[128.4614,-3.5121],[128.5288,-3.533]]],[[[128.2871,-3.5046],[128.3494,-3.5295],[128.3234,-3.5702],[128.335,-3.6272],[128.252,-3.6149],[128.2782,-3.6744],[128.2365,-3.7223],[128.0974,-3.7732],[128.221,-3.6491],[128.2029,-3.6393],[128.0427,-3.718],[127.986,-3.7716],[127.9334,-3.7634],[127.9124,-3.7031],[127.9841,-3.6205],[128.0477,-3.5847],[128.1587,-3.5846],[128.2871,-3.5046]]],[[[128.7206,-3.5256],[128.728,-3.6149],[128.6688,-3.5693],[128.6362,-3.6228],[128.561,-3.4937],[128.5978,-3.4918],[128.6729,-3.5398],[128.6932,-3.502],[128.7206,-3.5256]]],[[[127.2598,-3.3712],[127.2434,-3.6061],[127.2057,-3.6596],[127.1216,-3.6533],[126.9907,-3.718],[126.907,-3.7873],[126.6966,-3.8638],[126.4389,-3.7504],[126.2439,-3.6314],[126.203,-3.631],[126.1736,-3.6025],[126.1486,-3.5255],[126.0526,-3.4463],[126.0072,-3.361],[125.9917,-3.2482],[126.0173,-3.1712],[126.0909,-3.1121],[126.1363,-3.1606],[126.202,-3.1818],[126.2277,-3.1748],[126.2266,-3.1495],[126.2583,-3.122],[126.4214,-3.0705],[126.84,-3.0737],[126.8934,-3.1256],[126.9187,-3.1147],[127.0935,-3.2008],[127.1118,-3.2721],[127.0559,-3.2595],[127.0408,-3.2867],[127.0545,-3.323],[127.1139,-3.3686],[127.1483,-3.3344],[127.2598,-3.3712]]],[[[106.9089,-2.9298],[106.8953,-3.0185],[106.8612,-3.029],[106.7227,-2.9661],[106.7495,-2.9231],[106.8125,-2.8922],[106.9089,-2.9298]]],[[[107.0992,-2.8591],[107.0838,-2.9098],[107.0171,-2.8802],[107.0646,-2.8225],[107.0992,-2.8591]]],[[[107.3413,-2.8869],[107.4258,-2.8352],[107.4844,-2.8205],[107.5047,-2.8547],[107.481,-2.8987],[107.4101,-2.9476],[107.3413,-2.8869]]],[[[130.8732,-3.574],[130.8732,-3.6149],[130.8316,-3.6941],[130.8247,-3.8245],[130.8416,-3.865],[130.8179,-3.8688],[130.7528,-3.8279],[130.6165,-3.7863],[130.5513,-3.721],[130.4778,-3.6974],[130.4188,-3.6369],[130.0017,-3.4731],[129.9636,-3.4283],[129.9613,-3.3823],[129.8905,-3.3331],[129.5096,-3.3025],[129.502,-3.3344],[129.5632,-3.4396],[129.53,-3.4648],[129.4856,-3.4635],[129.3581,-3.4101],[129.1936,-3.3897],[129.0843,-3.3412],[128.9608,-3.3556],[128.9377,-3.3204],[128.9819,-3.2519],[128.9529,-3.2204],[128.8775,-3.2026],[128.6926,-3.3487],[128.6729,-3.3859],[128.6939,-3.4101],[128.6776,-3.4323],[128.5493,-3.4374],[128.4841,-3.4625],[128.3992,-3.4101],[128.2721,-3.2115],[128.1787,-3.1943],[128.2,-3.1114],[128.1658,-3.067],[128.1358,-3.0754],[128.0907,-3.132],[128.0531,-3.3106],[128.0222,-3.3686],[127.9815,-3.385],[127.926,-3.5535],[127.8986,-3.5239],[127.9334,-3.3897],[127.9302,-3.3233],[127.8423,-3.1733],[128.0081,-3.0737],[128.1037,-3.067],[128.0906,-3.0221],[128.1179,-2.9843],[128.07,-2.9706],[128.1211,-2.9445],[128.1755,-2.857],[128.381,-2.86],[128.5159,-2.8342],[128.6008,-2.8547],[128.8652,-2.8621],[129.0529,-2.8045],[129.0689,-2.8212],[129.0645,-2.8962],[129.1052,-2.9479],[129.1771,-2.9577],[129.1795,-2.9264],[129.2185,-2.9412],[129.2278,-2.9152],[129.3584,-2.8562],[129.3729,-2.8068],[129.4002,-2.7916],[129.541,-2.78],[129.7661,-2.8689],[129.8106,-2.9167],[129.8621,-2.903],[129.8856,-2.9366],[129.895,-2.9254],[129.9649,-2.9736],[130.0466,-2.9921],[130.3015,-2.9772],[130.3893,-2.9938],[130.4889,-3.0875],[130.5879,-3.1295],[130.6222,-3.2126],[130.6372,-3.3536],[130.6667,-3.4036],[130.7615,-3.4059],[130.8166,-3.4343],[130.8316,-3.4579],[130.8108,-3.4846],[130.8732,-3.574]]],[[[131.5725,-2.6511],[131.6399,-2.6137],[131.6546,-2.6132],[131.6226,-2.6437],[131.5725,-2.6511]]],[[[108.2937,-2.8484],[108.2044,-3.0055],[108.2106,-3.0396],[108.1838,-3.1048],[108.2106,-3.1358],[108.0908,-3.1614],[108.074,-3.226],[107.981,-3.2398],[107.9661,-3.151],[107.8705,-3.0517],[107.8255,-3.0662],[107.8418,-3.1454],[107.8152,-3.1673],[107.7532,-3.1985],[107.6863,-3.1982],[107.6314,-3.2409],[107.6028,-3.2289],[107.6053,-3.1765],[107.6426,-3.1284],[107.5979,-3.0839],[107.5811,-3.0107],[107.611,-2.9179],[107.5471,-2.9167],[107.6034,-2.871],[107.5942,-2.7863],[107.6426,-2.7485],[107.6387,-2.685],[107.6703,-2.5615],[107.773,-2.5603],[107.8343,-2.5251],[107.8835,-2.5642],[108.0051,-2.5803],[108.0324,-2.6423],[108.0666,-2.5945],[108.0979,-2.6082],[108.1628,-2.6833],[108.1978,-2.6782],[108.2673,-2.7574],[108.2937,-2.8484]]],[[[134.5669,-2.2929],[134.5803,-2.4451],[134.5497,-2.4513],[134.5215,-2.4067],[134.5602,-2.3515],[134.5669,-2.2929]]],[[[134.385,-2.0036],[134.4263,-2.0397],[134.3901,-2.1314],[134.3599,-2.1533],[134.3333,-2.0833],[134.3567,-2.0229],[134.385,-2.0036]]],[[[125.9772,-2.1804],[126.0881,-2.4411],[126.0759,-2.463],[126.0462,-2.4742],[126.0134,-2.4596],[125.966,-2.4021],[125.9461,-2.2717],[125.9046,-2.2314],[125.8635,-2.0533],[125.9334,-1.9645],[125.9988,-2.0152],[125.9772,-2.1804]]],[[[123.8574,-1.9504],[123.8693,-1.9981],[123.7942,-1.9921],[123.7733,-1.9226],[123.7874,-1.874],[123.8574,-1.9504]]],[[[125.9461,-1.7858],[126.3452,-1.8176],[126.3359,-1.838],[126.2721,-1.8673],[125.9802,-1.9018],[125.9276,-1.9314],[125.8718,-1.9025],[125.6203,-1.9156],[125.4321,-1.9496],[125.4321,-1.8814],[125.3806,-1.8541],[125.3565,-1.8814],[125.3353,-1.8507],[125.3469,-1.811],[125.4021,-1.7747],[125.4308,-1.7983],[125.4832,-1.777],[125.4971,-1.8058],[125.7029,-1.8193],[125.7556,-1.7945],[125.9461,-1.7858]]],[[[123.1328,-1.7653],[123.1528,-1.8238],[123.0728,-1.9016],[123.0946,-1.7551],[123.1328,-1.7653]]],[[[134.2358,-1.7385],[134.2448,-1.7961],[134.208,-1.8268],[134.2239,-1.8491],[134.1751,-1.9435],[134.169,-1.8298],[134.2358,-1.7385]]],[[[130.4118,-1.8818],[130.3442,-1.9285],[130.4369,-1.9763],[130.3735,-2.0128],[130.34,-1.9934],[130.3381,-1.9496],[130.2561,-2.0458],[130.1265,-2.067],[130.0869,-2.0261],[130.0129,-2.0255],[129.8734,-1.982],[129.7149,-1.8814],[130.0308,-1.7438],[130.1371,-1.7253],[130.2317,-1.7343],[130.3429,-1.6767],[130.3518,-1.7414],[130.4063,-1.779],[130.44,-1.8357],[130.4118,-1.8818]]],[[[125.3148,-1.779],[125.3184,-1.8826],[125.0505,-1.888],[125.0135,-1.9443],[124.8283,-1.8951],[124.5432,-2.0065],[124.406,-2.0041],[124.3291,-1.8708],[124.3849,-1.6679],[124.5181,-1.6262],[124.5278,-1.6555],[124.6328,-1.6311],[124.8716,-1.693],[124.9556,-1.6965],[125.023,-1.7231],[125.048,-1.7653],[125.11,-1.7585],[125.0964,-1.7516],[125.1203,-1.6828],[125.1852,-1.7039],[125.1968,-1.7888],[125.2202,-1.789],[125.2687,-1.7282],[125.2981,-1.7414],[125.2808,-1.7824],[125.3148,-1.779]]],[[[136.8485,-1.7653],[136.8994,-1.7995],[136.8723,-1.8193],[136.7298,-1.8261],[136.6449,-1.8764],[136.5326,-1.8678],[136.5363,-1.9018],[136.3377,-1.8609],[136.2664,-1.9094],[136.1848,-1.8559],[136.0671,-1.8398],[135.8949,-1.7575],[135.718,-1.7033],[135.4979,-1.6828],[135.4222,-1.6108],[135.4773,-1.5899],[135.8967,-1.648],[135.9573,-1.6315],[136.0325,-1.652],[136.1913,-1.6539],[136.3682,-1.7243],[136.7046,-1.7306],[136.8485,-1.7653]]],[[[106.4411,-2.4714],[106.8154,-2.561],[106.8333,-2.5803],[106.7219,-2.6293],[106.6748,-2.6998],[106.6038,-2.9103],[106.613,-2.9426],[106.7385,-3.0046],[106.752,-3.0737],[106.6707,-3.0961],[106.6012,-3.0711],[106.5322,-3.1056],[106.436,-2.9706],[106.3687,-2.967],[106.302,-2.9133],[105.9865,-2.8212],[105.9076,-2.6746],[105.9016,-2.6287],[105.9443,-2.4988],[105.9289,-2.4567],[105.8288,-2.3951],[105.8259,-2.3072],[105.7804,-2.1508],[105.6074,-2.1148],[105.5658,-2.067],[105.4504,-2.1227],[105.3064,-2.135],[105.2298,-2.0701],[105.1475,-2.08],[105.1279,-2.0446],[105.1359,-1.9655],[105.1836,-1.9169],[105.3757,-1.8219],[105.4024,-1.7833],[105.3945,-1.738],[105.3355,-1.6979],[105.3499,-1.6487],[105.4596,-1.5629],[105.5368,-1.5553],[105.5658,-1.5319],[105.611,-1.5402],[105.6288,-1.614],[105.7029,-1.6555],[105.6517,-1.707],[105.6631,-1.7397],[105.7151,-1.7735],[105.761,-1.7653],[105.7781,-1.7927],[105.8128,-1.7927],[105.751,-1.7031],[105.7576,-1.6452],[105.6956,-1.5319],[105.8091,-1.5256],[105.8757,-1.4892],[105.9137,-1.4942],[105.9395,-1.5353],[105.9805,-1.5388],[106.0415,-1.5836],[106.0355,-1.6783],[106.1795,-1.8883],[106.1626,-2.007],[106.2007,-2.1782],[106.2642,-2.3513],[106.3189,-2.4313],[106.3962,-2.4821],[106.4411,-2.4714]]],[[[135.2393,-1.4897],[135.334,-1.4841],[135.2754,-1.5222],[135.0969,-1.5086],[135.1091,-1.4738],[135.2393,-1.4897]]],[[[128.1263,-1.5637],[128.1511,-1.6697],[128.0515,-1.7145],[127.9131,-1.6824],[127.7033,-1.6902],[127.6487,-1.7243],[127.5327,-1.7314],[127.4326,-1.6865],[127.3787,-1.6323],[127.4284,-1.4151],[127.4878,-1.45],[127.5215,-1.4011],[127.6343,-1.3287],[127.7411,-1.3547],[127.8308,-1.4316],[127.8989,-1.4267],[128.0353,-1.5388],[128.0896,-1.5673],[128.1263,-1.5637]]],[[[127.69,-1.2138],[127.6929,-1.2494],[127.666,-1.2719],[127.5526,-1.2369],[127.5149,-1.2621],[127.4607,-1.2358],[127.5472,-1.1711],[127.69,-1.2138]]],[[[123.4551,-1.2309],[123.551,-1.2848],[123.5286,-1.433],[123.4084,-1.5165],[123.3812,-1.4983],[123.3622,-1.5114],[123.3268,-1.4212],[123.2886,-1.4216],[123.2588,-1.466],[123.2433,-1.6324],[123.2268,-1.5934],[123.1784,-1.6225],[123.1107,-1.5769],[123.1118,-1.5563],[123.1773,-1.5182],[123.1848,-1.4856],[123.1524,-1.3006],[123.0946,-1.3464],[122.9932,-1.5092],[122.8958,-1.5895],[122.874,-1.5846],[122.812,-1.4436],[122.8208,-1.3137],[122.9138,-1.1764],[122.9854,-1.1961],[123.0298,-1.1689],[123.1121,-1.1627],[123.1463,-1.1832],[123.1895,-1.1453],[123.2461,-1.2234],[123.1987,-1.2687],[123.2319,-1.3947],[123.3522,-1.2292],[123.4069,-1.2195],[123.4285,-1.2577],[123.4551,-1.2309]]],[[[129.9544,-1.1627],[129.9273,-1.2104],[129.9204,-1.1894],[129.8592,-1.2332],[129.8309,-1.2371],[129.8742,-1.197],[129.8333,-1.2118],[129.7439,-1.1999],[129.7674,-1.1721],[129.8587,-1.142],[129.9544,-1.1627]]],[[[134.9982,-1.0187],[134.9914,-1.0829],[134.9567,-1.1285],[134.9258,-1.1355],[134.8635,-1.121],[134.8001,-1.0278],[134.8298,-0.9606],[134.8778,-0.9361],[134.9375,-0.9576],[134.9546,-0.9907],[134.928,-1.072],[134.9619,-1.0706],[134.9982,-1.0187]]],[[[131.0574,-1.0007],[131.0725,-1.0776],[131.0374,-1.2263],[130.9976,-1.3325],[130.9619,-1.3538],[130.9209,-1.3196],[130.863,-1.3372],[130.7581,-1.2382],[130.7293,-1.1508],[130.6882,-1.1074],[130.7101,-1.0929],[130.7018,-1.0451],[130.6498,-0.9738],[130.8919,-0.8899],[130.9397,-0.9323],[131.0348,-0.9148],[131.0749,-0.9669],[131.0574,-1.0007]]],[[[130.9172,-0.7784],[130.8757,-0.7992],[130.8897,-0.8328],[130.8193,-0.8703],[130.51,-0.9225],[130.5237,-0.9088],[130.4873,-0.9039],[130.4002,-0.9293],[130.4407,-0.8932],[130.4484,-0.8186],[130.4785,-0.7999],[130.5032,-0.8051],[130.4946,-0.8279],[130.5191,-0.8396],[130.551,-0.8342],[130.5647,-0.8051],[130.5864,-0.8331],[130.6312,-0.8062],[130.6543,-0.824],[130.7328,-0.8263],[130.8001,-0.8014],[130.8179,-0.8194],[130.8042,-0.7573],[130.9172,-0.7784]]],[[[136.3757,-1.0937],[136.3811,-1.1232],[136.2936,-1.1832],[136.1607,-1.2209],[136.0995,-1.216],[135.9914,-1.1689],[135.885,-1.183],[135.8343,-1.1285],[135.8343,-1.049],[135.7654,-0.8393],[135.7191,-0.8248],[135.6608,-0.8871],[135.4849,-0.7573],[135.4917,-0.8051],[135.4587,-0.7927],[135.3937,-0.7234],[135.3704,-0.6359],[135.3893,-0.6276],[135.4988,-0.6725],[135.5833,-0.6667],[135.6016,-0.6959],[135.6773,-0.6856],[135.6951,-0.7296],[135.7251,-0.7164],[135.7775,-0.7487],[135.8284,-0.7009],[135.8693,-0.7038],[136.0658,-0.8717],[136.1963,-1.0666],[136.2734,-1.0473],[136.3167,-1.0856],[136.3757,-1.0937]]],[[[127.2962,-0.7027],[127.3198,-0.7936],[127.2788,-0.8056],[127.1555,-0.7724],[127.2009,-0.6228],[127.2612,-0.6202],[127.2488,-0.6376],[127.2962,-0.7027]]],[[[130.6776,-0.4358],[130.6834,-0.4772],[130.6411,-0.5275],[130.5715,-0.532],[130.5969,-0.4645],[130.5476,-0.5053],[130.4617,-0.5252],[130.4963,-0.4904],[130.4695,-0.4903],[130.4548,-0.4638],[130.4758,-0.4767],[130.5051,-0.4413],[130.5352,-0.4689],[130.625,-0.4096],[130.6776,-0.4358]]],[[[121.8539,-0.4011],[121.916,-0.4699],[121.8948,-0.5079],[121.8347,-0.4767],[121.8464,-0.5003],[121.8309,-0.5109],[121.7354,-0.4799],[121.7009,-0.5351],[121.6423,-0.5456],[121.6799,-0.4689],[121.7521,-0.4011],[121.7786,-0.4246],[121.8539,-0.4011]]],[[[104.4696,-0.3321],[104.5994,-0.4638],[104.5342,-0.5286],[104.5112,-0.6139],[104.4767,-0.614],[104.4204,-0.575],[104.3836,-0.6535],[104.3563,-0.6617],[104.3358,-0.5427],[104.2559,-0.4755],[104.284,-0.4011],[104.3394,-0.3464],[104.346,-0.4284],[104.3529,-0.3874],[104.3827,-0.4015],[104.4696,-0.3321]]],[[[122.0296,-0.3321],[122.054,-0.3552],[122.0266,-0.4069],[121.9318,-0.4146],[121.8608,-0.3779],[121.8723,-0.3326],[121.9235,-0.3396],[121.9265,-0.3123],[122.0296,-0.3321]]],[[[127.8889,-0.7647],[127.8762,-0.8178],[127.8223,-0.8644],[127.7549,-0.8876],[127.6535,-0.8274],[127.6555,-0.7809],[127.6257,-0.7524],[127.4577,-0.8156],[127.4373,-0.7291],[127.4702,-0.6413],[127.3986,-0.6202],[127.2953,-0.4943],[127.2918,-0.4601],[127.3294,-0.398],[127.3167,-0.3396],[127.3728,-0.329],[127.4463,-0.4153],[127.5169,-0.3019],[127.5786,-0.325],[127.688,-0.4806],[127.604,-0.6171],[127.6475,-0.6443],[127.6527,-0.7072],[127.6782,-0.7177],[127.7896,-0.6896],[127.8579,-0.7198],[127.8889,-0.7647]]],[[[127.252,-0.4972],[127.1795,-0.5252],[127.1174,-0.5252],[127.1086,-0.5011],[127.131,-0.483],[127.1023,-0.4378],[127.1248,-0.36],[127.1104,-0.2877],[127.1748,-0.2555],[127.2349,-0.2517],[127.2546,-0.2756],[127.2971,-0.2819],[127.2513,-0.3233],[127.28,-0.4025],[127.2616,-0.4146],[127.252,-0.4972]]],[[[103.7127,-0.2697],[103.7561,-0.3012],[103.7565,-0.3464],[103.6983,-0.3495],[103.6126,-0.3874],[103.4617,-0.3669],[103.4851,-0.2868],[103.5579,-0.2234],[103.7127,-0.2697]]],[[[122.1773,-0.2304],[122.2365,-0.2734],[122.1444,-0.233],[122.1771,-0.1964],[122.1773,-0.2304]]],[[[122.3692,-0.2638],[122.376,-0.3464],[122.3215,-0.2579],[122.2605,-0.241],[122.2258,-0.1994],[122.3278,-0.2306],[122.3692,-0.2638]]],[[[121.5746,-0.1825],[121.5691,-0.1448],[121.5974,-0.1247],[121.6331,-0.1247],[121.6497,-0.1474],[121.6245,-0.1984],[121.5746,-0.1825]]],[[[131.2976,-0.2372],[131.3455,-0.2882],[131.3167,-0.2996],[131.2839,-0.3539],[131.2635,-0.3464],[131.2529,-0.3844],[131.0985,-0.3229],[131.0233,-0.3669],[131.0156,-0.3499],[130.979,-0.36],[130.8794,-0.2541],[130.7967,-0.2392],[130.7922,-0.1899],[130.7155,-0.0932],[130.6253,-0.085],[130.613,-0.0932],[130.6541,-0.1137],[130.6361,-0.1135],[130.6292,-0.1407],[130.6824,-0.1699],[130.751,-0.2875],[130.811,-0.3185],[130.8281,-0.2914],[130.8871,-0.2965],[130.9483,-0.3669],[130.9065,-0.413],[130.756,-0.446],[130.7061,-0.4103],[130.6807,-0.3396],[130.6882,-0.2912],[130.5791,-0.3339],[130.5647,-0.3737],[130.5823,-0.3661],[130.5786,-0.3839],[130.5474,-0.4361],[130.5584,-0.3874],[130.5412,-0.3825],[130.5442,-0.3259],[130.5161,-0.2912],[130.5237,-0.2576],[130.4857,-0.2553],[130.4412,-0.2849],[130.3928,-0.2638],[130.3757,-0.2746],[130.2171,-0.2009],[130.3986,-0.2145],[130.4241,-0.1993],[130.4299,-0.1863],[130.3865,-0.1751],[130.4121,-0.1573],[130.4063,-0.1274],[130.3846,-0.1575],[130.3722,-0.1342],[130.3381,-0.1403],[130.345,-0.1887],[130.2971,-0.1652],[130.2806,-0.105],[130.3176,-0.1068],[130.3381,-0.0795],[130.3587,-0.1274],[130.3587,-0.0795],[130.3809,-0.0737],[130.4275,-0.1068],[130.4207,-0.0795],[130.4343,-0.0932],[130.51,-0.0447],[130.5442,-0.0727],[130.5715,-0.0447],[130.5864,-0.0584],[130.7163,-0.0333],[130.7223,-0.0522],[130.7655,-0.05],[130.7839,-0.0447],[130.7497,-0.0311],[130.7615,-0.0184],[130.8247,-0.0038],[130.9736,-0.0572],[131.0564,-0.041],[131.0438,-0.0652],[131.1537,-0.0857],[131.2116,-0.1379],[131.2974,-0.1593],[131.3182,-0.2031],[131.2976,-0.2372]]],[[[104.929,-0.2372],[105.0115,-0.2815],[104.9172,-0.2875],[104.9352,-0.3321],[104.8513,-0.3012],[104.7355,-0.2145],[104.655,-0.2159],[104.5414,-0.2713],[104.4979,-0.2281],[104.4471,-0.221],[104.4356,-0.1922],[104.5108,-0.1137],[104.5251,-0.0077],[104.5374,0.0213],[104.5584,0.0031],[104.5646,0.0303],[104.6755,-0.0538],[104.6472,-0.0727],[104.6525,-0.0895],[104.7058,-0.0963],[104.7663,-0.1882],[104.8141,-0.1928],[104.8259,-0.1477],[104.8489,-0.1396],[104.929,-0.2372]]],[[[129.5369,-0.1342],[129.5715,-0.1922],[129.5403,-0.2167],[129.5168,-0.2088],[129.4583,-0.1137],[129.3729,-0.0795],[129.3716,-0.0368],[129.2935,0.0477],[129.5369,-0.1342]]],[[[127.4402,0.1203],[127.4529,-0.041],[127.4129,0.0235],[127.3986,0.0031],[127.4089,0.147],[127.4525,0.1402],[127.4402,0.1203]]],[[[104.4971,0.0713],[104.4696,0.0638],[104.4766,0.0235],[104.4114,0.0917],[104.4014,0.1191],[104.4287,0.1061],[104.4139,0.1758],[104.4971,0.0713]]],[[[104.6887,0.0713],[104.7029,0.0328],[104.6399,0.0701],[104.6261,0.1022],[104.5952,0.1016],[104.4902,0.2426],[104.5311,0.216],[104.5481,0.2243],[104.6887,0.0713]]],[[[104.3394,0.3655],[104.4214,0.3179],[104.4051,0.2921],[104.3394,0.3655]]],[[[127.3987,0.3796],[127.4172,0.3129],[127.3963,0.2811],[127.3582,0.2835],[127.3371,0.3488],[127.3987,0.3796]]],[[[104.2158,0.7082],[104.2705,0.675],[104.2876,0.6508],[104.2774,0.6262],[104.2158,0.7082]]],[[[127.3787,0.623],[127.3587,0.6658],[127.3849,0.7571],[127.4185,0.7571],[127.4448,0.7274],[127.4463,0.6672],[127.3787,0.623]]],[[[104.2977,0.7082],[104.2056,0.7261],[104.1958,0.78],[104.273,0.7965],[104.2977,0.7082]]],[[[127.3711,0.7845],[127.3469,0.7574],[127.3128,0.7571],[127.2857,0.8022],[127.2888,0.8369],[127.3249,0.8629],[127.3635,0.841],[127.3711,0.7845]]],[[[104.1721,0.8835],[104.2578,0.8686],[104.2575,0.8397],[104.1764,0.7985],[104.1476,0.859],[104.0923,0.8801],[104.0991,0.9489],[104.1277,0.9425],[104.1721,0.8835]]],[[[97.8904,1.0582],[97.9344,0.9636],[97.9014,0.906],[97.8743,0.622],[97.8193,0.5585],[97.7743,0.5852],[97.7642,0.5676],[97.7264,0.5852],[97.7041,0.5727],[97.6787,0.5989],[97.6909,0.6242],[97.6138,0.8236],[97.4863,0.9142],[97.4793,0.9434],[97.3954,0.9449],[97.3716,1.0598],[97.2472,1.267],[97.1916,1.2978],[97.1284,1.3826],[97.0823,1.4076],[97.0686,1.3946],[97.0636,1.4152],[97.1069,1.436],[97.1648,1.4107],[97.2358,1.4167],[97.3211,1.4741],[97.3355,1.5377],[97.3498,1.5454],[97.3916,1.5089],[97.4168,1.5192],[97.4417,1.4797],[97.4863,1.4765],[97.6936,1.186],[97.7922,1.144],[97.8363,1.07],[97.8904,1.0582]]],[[[125.2951,1.5517],[125.2951,1.4728],[125.2671,1.4138],[125.1853,1.3907],[125.1747,1.4155],[125.25,1.4486],[125.2951,1.5517]]],[[[127.666,-0.2092],[127.7002,0.0477],[127.6807,0.1623],[127.7156,0.3126],[127.5765,0.4155],[127.5562,0.5238],[127.5269,0.5606],[127.5554,0.7399],[127.5881,0.7612],[127.6245,0.8322],[127.6116,0.8577],[127.4946,0.905],[127.5147,0.9589],[127.4878,0.9999],[127.492,1.0549],[127.4714,1.0656],[127.4041,1.0428],[127.3997,1.0788],[127.4274,1.1285],[127.3986,1.2091],[127.5408,1.4757],[127.5194,1.5319],[127.5562,1.6],[127.5464,1.6429],[127.5731,1.664],[127.5557,1.6925],[127.6297,1.8354],[127.69,1.9253],[127.9348,2.1876],[128.0039,2.1806],[128.0474,2.2038],[128.0568,2.1699],[128.0291,2.1097],[127.9646,2.0536],[127.9346,1.9632],[127.8648,1.929],[127.8464,1.8515],[127.8757,1.8079],[127.9407,1.8],[128.0149,1.7192],[127.9956,1.6273],[128.0353,1.538],[128.0149,1.3946],[127.9956,1.3708],[128.0149,1.3052],[127.9739,1.2978],[127.8906,1.1524],[127.834,1.1439],[127.6375,1.0007],[127.6276,0.9374],[127.6551,0.89],[127.7207,0.8527],[127.7419,0.818],[127.7957,0.7991],[127.8517,0.8118],[127.923,0.8698],[127.9364,1.0073],[127.9939,1.083],[128.0549,1.1204],[128.1448,1.1247],[128.1795,1.1544],[128.1961,1.1964],[128.1763,1.233],[128.0974,1.2363],[128.0921,1.2573],[128.2046,1.39],[128.4373,1.5393],[128.509,1.5312],[128.5393,1.5619],[128.6047,1.5769],[128.7195,1.5706],[128.728,1.5485],[128.6875,1.5032],[128.6864,1.4452],[128.741,1.4049],[128.7483,1.3441],[128.7158,1.2865],[128.7012,1.0709],[128.6506,1.062],[128.4398,0.9318],[128.3005,0.8937],[128.2983,0.8234],[128.2318,0.8261],[128.2136,0.7739],[128.3135,0.6682],[128.3646,0.6436],[128.4363,0.6389],[128.485,0.5989],[128.6808,0.5545],[128.6901,0.347],[128.8242,0.3109],[128.8996,0.2078],[128.8479,0.2501],[128.5376,0.3268],[128.4611,0.3948],[128.2622,0.3913],[128.152,0.4555],[127.9602,0.4828],[127.9105,0.4377],[127.8783,0.3245],[127.9124,0.2535],[127.9212,0.1456],[127.8879,0.0875],[127.8858,0.0235],[127.9732,-0.1969],[127.9807,-0.2638],[128.0173,-0.3126],[128.0427,-0.4153],[128.0964,-0.5173],[128.2278,-0.7096],[128.4407,-0.9088],[128.251,-0.8668],[128.2289,-0.8399],[128.2687,-0.8331],[128.2495,-0.7965],[128.0322,-0.6993],[127.8856,-0.406],[127.8513,-0.3655],[127.7083,-0.287],[127.666,-0.2092]]],[[[125.4321,2.3877],[125.4562,2.3677],[125.4526,2.3331],[125.3923,2.3257],[125.3695,2.3741],[125.4321,2.3877]]],[[[128.6864,2.484],[128.6945,2.4389],[128.6455,2.3262],[128.6421,2.2612],[128.5667,2.1099],[128.4902,2.0543],[128.345,2.0399],[128.2691,1.9953],[128.2886,2.0396],[128.2461,2.1061],[128.2415,2.2225],[128.1971,2.2662],[128.3211,2.4586],[128.4194,2.5326],[128.4574,2.5901],[128.5151,2.5734],[128.5664,2.6336],[128.6864,2.484]]],[[[125.4436,2.793],[125.4505,2.7648],[125.4019,2.6999],[125.4211,2.6339],[125.3926,2.6289],[125.3601,2.7533],[125.4016,2.8102],[125.4436,2.793]]],[[[125.6444,3.5149],[125.6646,3.4309],[125.6172,3.3951],[125.593,3.4261],[125.5073,3.4633],[125.521,3.577],[125.4212,3.668],[125.4185,3.7098],[125.4421,3.7366],[125.4778,3.7308],[125.5345,3.6831],[125.5755,3.5806],[125.6138,3.5254],[125.6444,3.5149]]],[[[126.744,3.8534],[126.8116,3.8239],[126.8561,3.7582],[126.8115,3.7319],[126.7654,3.7729],[126.744,3.8534]]],[[[126.6565,3.9815],[126.7126,3.9207],[126.6879,3.8533],[126.6961,3.8123],[126.6779,3.8122],[126.6664,3.9305],[126.6267,3.965],[126.6151,4.0439],[126.6432,4.0275],[126.6565,3.9815]]],[[[126.8707,4.3314],[126.9221,4.282],[126.8099,4.1572],[126.7984,4.0176],[126.7589,3.993],[126.6764,4.0045],[126.6763,4.0603],[126.7209,4.0965],[126.7587,4.1852],[126.8032,4.223],[126.7107,4.2641],[126.6972,4.3974],[126.7395,4.4731],[126.7444,4.5456],[126.8163,4.5465],[126.843,4.5049],[126.875,4.4943],[126.8707,4.3314]]],[[[122.3608,-8.4329],[122.4102,-8.4439],[122.4092,-8.4867],[122.3768,-8.5017],[122.3522,-8.4802],[122.3439,-8.4484],[122.3608,-8.4329]]],[[[121.7103,-8.2888],[121.7453,-8.3117],[121.7315,-8.3508],[121.709,-8.3547],[121.6761,-8.3093],[121.7103,-8.2888]]],[[[121.7798,-7.3434],[121.8182,-7.3336],[121.8348,-7.3883],[121.759,-7.4158],[121.7541,-7.3791],[121.7798,-7.3434]]],[[[114.541,-7.1186],[114.6218,-7.1373],[114.6188,-7.1673],[114.4954,-7.1547],[114.541,-7.1186]]],[[[114.3223,-7.05],[114.3969,-7.1315],[114.3919,-7.1789],[114.2928,-7.1432],[114.2698,-7.0808],[114.3223,-7.05]]],[[[123.3657,-1.6731],[123.3782,-1.7128],[123.3013,-1.7883],[123.2803,-1.7858],[123.2798,-1.7482],[123.3657,-1.6731]]],[[[122.1394,-0.3842],[122.0706,-0.398],[122.0603,-0.3293],[122.0767,-0.2691],[122.0947,-0.2638],[122.1394,-0.3842]]],[[[130.0667,-7.7626],[130.0803,-7.7874],[130.0256,-7.7726],[130.0309,-7.7626],[130.0667,-7.7626]]],[[[129.9826,-7.7048],[130.0154,-7.7441],[129.9972,-7.7482],[129.9826,-7.7048]]],[[[129.7139,-7.5582],[129.6553,-7.5605],[129.6585,-7.5351],[129.7139,-7.5582]]],[[[129.125,-6.9933],[129.1174,-6.9728],[129.1448,-6.9621],[129.1504,-6.9915],[129.125,-6.9933]]],[[[129.4845,-6.7553],[129.4863,-6.7291],[129.5291,-6.7231],[129.5116,-6.7697],[129.4845,-6.7553]]],[[[130.0261,-6.3185],[129.9987,-6.3172],[129.9978,-6.3097],[130.0261,-6.3185]]],[[[127.5513,-5.5124],[127.5552,-5.5066],[127.5614,-5.5173],[127.5513,-5.5124]]],[[[127.5549,-5.4905],[127.557,-5.4998],[127.5459,-5.4953],[127.5549,-5.4905]]],[[[127.79,-5.4096],[127.7985,-5.4002],[127.8034,-5.4076],[127.79,-5.4096]]],[[[127.7769,-5.3488],[127.7791,-5.3429],[127.7852,-5.353],[127.7769,-5.3488]]],[[[131.9624,-5.3435],[132.0086,-5.3128],[132.0163,-5.3308],[132.0003,-5.3732],[131.9656,-5.3888],[131.9624,-5.3435]]],[[[129.7578,-4.5226],[129.7783,-4.5245],[129.7703,-4.5393],[129.7578,-4.5226]]],[[[134.3103,0.7565],[134.3429,0.7652],[134.3469,0.752],[134.3225,0.7305],[134.3049,0.7329],[134.3103,0.7565]]],[[[131.2536,1.0526],[131.2712,1.072],[131.2549,1.0443],[131.2536,1.0526]]],[[[126.3696,1.3488],[126.4016,1.332],[126.3809,1.2834],[126.3472,1.3233],[126.3696,1.3488]]],[[[125.3543,2.1299],[125.405,2.1303],[125.4032,2.1028],[125.3491,2.0712],[125.3342,2.0819],[125.3543,2.1299]]],[[[126.5955,5.5484],[126.5986,5.5654],[126.6029,5.564],[126.5955,5.5484]]],[[[121.565,-10.6037],[121.6311,-10.6153],[121.5952,-10.6345],[121.5272,-10.6296],[121.565,-10.6037]]],[[[115.8909,-7.1071],[115.8943,-7.1645],[115.8377,-7.1972],[115.743,-7.1503],[115.7699,-7.1422],[115.7782,-7.1155],[115.808,-7.1498],[115.8802,-7.1585],[115.8667,-7.1373],[115.8909,-7.1071]]],[[[134.7278,-6.5046],[134.7298,-6.5462],[134.6748,-6.5631],[134.6563,-6.559],[134.6238,-6.4861],[134.6843,-6.4578],[134.7278,-6.5046]]],[[[110.4216,-5.8513],[110.4656,-5.8395],[110.438,-5.881],[110.4216,-5.8513]]],[[[134.2127,-5.7587],[134.2283,-5.7734],[134.2204,-5.8156],[134.1805,-5.8273],[134.1697,-5.7683],[134.2127,-5.7587]]],[[[133.5918,-2.4615],[133.6058,-2.4889],[133.563,-2.5129],[133.5233,-2.488],[133.49,-2.4312],[133.5918,-2.4615]]],[[[123.5689,-1.6008],[123.6165,-1.6246],[123.6013,-1.7028],[123.5642,-1.7219],[123.4935,-1.7096],[123.4767,-1.5628],[123.5233,-1.4827],[123.5447,-1.497],[123.5689,-1.6008]]],[[[128.3062,-0.9433],[128.4035,-0.9953],[128.4067,-1.026],[128.3729,-1.0377],[128.3303,-1.0202],[128.3062,-0.9433]]],[[[129.9024,-0.4085],[129.9138,-0.4426],[129.8882,-0.4947],[129.8644,-0.4986],[129.8489,-0.4324],[129.9024,-0.4085]]],[[[98.5246,0.1452],[98.6254,0.1752],[98.8057,0.1609],[98.8517,0.1096],[98.8446,0.0849],[98.689,0.0708],[98.5387,0.0903],[98.5246,0.1452]]],[[[104.7207,0.7379],[104.7542,0.7372],[104.7393,0.7163],[104.7207,0.7379]]],[[[104.6594,0.8459],[104.6614,0.8201],[104.6304,0.8065],[104.6392,0.848],[104.6594,0.8459]]],[[[125.1294,1.8284],[125.177,1.7788],[125.1447,1.7418],[125.1294,1.8284]]],[[[127.1304,4.7744],[127.1458,4.7522],[127.136,4.7404],[127.1231,4.7525],[127.1304,4.7744]]]]}}