{
  "type": "FeatureCollection",
  "name": "BBL_GIS_IMMO_Building",
  "dataVersion": "2026-09-22",
  "description": "Publicly sourced identities and locations; clearly marked synthetic demonstration records. Not an official BBL inventory.",
  "features": [
    {
      "type": "Feature",
      "properties": {
        "bbl_stat": "In Betrieb",
        "bbl_id": "1080/4840/AF",
        "bbl_buch": "1080",
        "bbl_we": "4840",
        "bbl_obj": "AF",
        "bbl_bez": "Bundeshaus West",
        "referenceCodes": {
          "building.ownership": "Eigentum",
          "building.portfolio": "008",
          "building.type1": "19",
          "building.type2": "19.00",
          "building.rentalModel": null,
          "building.operatingStatus": "ACTIVE",
          "building.physicalStatus": "1004"
        },
        "gwr_stat": "Bestehend",
        "adr_land": "CH",
        "adr_reg": "BE",
        "adr_ort": "Bern",
        "adr_plz": "3011",
        "adr_str": "Bundesgasse",
        "adr_hsnr": "1",
        "adr_conct": "Bundesgasse 1, 3011 Bern",
        "wgs84_lon": 7.44294957,
        "wgs84_lat": 46.94627776,
        "lv95_e": 2600328.67,
        "lv95_n": 1199465.83,
        "egm_elev": null,
        "bbl_eigen": "Eigentum",
        "bbl_ostr": "Erhalten",
        "bbl_mietm": null,
        "bbl_bjahr": 1857,
        "bbl_vjahr": null,
        "bbl_port": "Repräsentation Inland",
        "bbl_port2": "Bundesverwaltung",
        "bbl_awrt": 82500000,
        "bbl_bwrt": 52800000,
        "bbl_gbda1": "Gebäude Repräsentation Inland",
        "bbl_gbda2": "Gebäude Repräsentation Inland",
        "bbl_ovtw": "Mira Waldner (Demo)",
        "bbl_pvtw": "Silvan Sommer (Demo)",
        "av_egid": "1230654",
        "av_egrid": "CH127620463518",
        "bfs_gem": "Bern",
        "bfs_gemnr": "351",
        "av_zbez": null,
        "av_znut": null,
        "bbl_hist": null,
        "bbl_arch": null,
        "kgs_kat": null,
        "kgs_nr": null,
        "garea_gf": 15860,
        "garea_gfo": 10573,
        "garea_gfu": 5287,
        "garea_acu": "GF publiziert; Aufteilung Demo",
        "garea_ngf": 12450,
        "garea_kf": 3410,
        "garea_nf": 9833,
        "garea_hnf": 8260,
        "garea_nnf": 1573,
        "garea_ff": 555,
        "garea_vf": 2062,
        "garea_vmf": null,
        "garea_ebf": null,
        "gvol_gv": 69025,
        "gvol_gvo": 46015,
        "gvol_gvu": 23010,
        "gvol_acu": "GV publiziert; Aufteilung Demo",
        "gastw": 6,
        "gastw_og": 4,
        "gastw_ug": 2,
        "gastw_acu": "Demo-Schätzung",
        "larea_ggf": 2643,
        "larea_gsf": 9893.02,
        "larea_uf": 7250.02,
        "larea_acu": "GSF aus AV; GGF/UF Demo",
        "rics_gea": 15860,
        "rics_gia": 14829,
        "rics_nia": 8948,
        "rics_standard": "RICS Code of Measuring Practice, 6th edition (2015)",
        "objectid": 1,
        "etl_ts": "2026-09-22T00:00:00Z",
        "img_url": [
          "../assets/portfolio/bundeshaus-west-1.jpg",
          "../assets/portfolio/bundeshaus-west-2.jpg",
          "../assets/portfolio/bundeshaus-west-3.jpg"
        ],
        "photos": [
          {
            "url": "../assets/portfolio/bundeshaus-west-1.jpg",
            "source": "https://www.bbl.admin.ch/dam/de/sd-web/xpRh20JjlO-A/20100101_Bern%2C%20Bundesgasse%201%2C%20Sanierung_DE.pdf",
            "pdfImageXref": 2,
            "page": 1,
            "credit": "© Rudolf Steiner, Biel",
            "scene": "exterior",
            "alt": "Bundeshaus West – Nordfassade, Aufnahme der BBL-Publikation 2010",
            "kind": "public-source-photo",
            "rights": "Copyright retained by credited photographer; publicly accessible BBL source, no open licence asserted. Not covered by repository MIT licence.",
            "originalUrl": "https://www.bbl.admin.ch/dam/de/sd-web/xpRh20JjlO-A/20100101_Bern%2C%20Bundesgasse%201%2C%20Sanierung_DE.pdf"
          },
          {
            "url": "../assets/portfolio/bundeshaus-west-2.jpg",
            "alt": "Bundeshaus West – Innenansicht",
            "credit": "© Alexander Gempeler",
            "source": "https://www.bbl.admin.ch/de/mediendatenbank",
            "scene": "interior",
            "mediaIndex": 1,
            "kind": "public-source-photo",
            "rights": "Copyright retained by credited photographer; publicly accessible BBL source, no open licence asserted. Not covered by repository MIT licence.",
            "originalUrl": "https://prod-bbladminch-hcms-sdweb.imgix.net/dam/de/sd-web/D-6LFNKT70SC/Bern_Bundeshaus_West_01.jpg?w=1024&auto=format"
          },
          {
            "url": "../assets/portfolio/bundeshaus-west-3.jpg",
            "alt": "Bundeshaus West – Innenansicht",
            "credit": "© Alexander Gempeler",
            "source": "https://www.bbl.admin.ch/de/mediendatenbank",
            "scene": "interior",
            "mediaIndex": 7,
            "kind": "public-source-photo",
            "rights": "Copyright retained by credited photographer; publicly accessible BBL source, no open licence asserted. Not covered by repository MIT licence.",
            "originalUrl": "https://prod-bbladminch-hcms-sdweb.imgix.net/dam/de/sd-web/HazxCbXJSLSS/Bern_Bundeshaus_West_07.jpg?w=1024&auto=format"
          }
        ],
        "provenance": {
          "dataset": "bbl-public-portfolio-demo",
          "asOf": "2026-09-22",
          "notOfficialInventory": true,
          "factSources": {
            "identity": "https://www.bbl.admin.ch/de/mediendatenbank",
            "address": "https://www.bbl.admin.ch/dam/de/sd-web/xpRh20JjlO-A/20100101_Bern%2C%20Bundesgasse%201%2C%20Sanierung_DE.pdf",
            "coordinates": "https://api3.geo.admin.ch/rest/services/ech/MapServer/ch.bfs.gebaeude_wohnungs_register/1230654_0?sr=4326&geometryFormat=geojson",
            "constructionYear": "https://www.bbl.admin.ch/dam/de/sd-web/xpRh20JjlO-A/20100101_Bern%2C%20Bundesgasse%201%2C%20Sanierung_DE.pdf",
            "lastRefurbishmentYear": "https://www.bbl.admin.ch/dam/de/sd-web/xpRh20JjlO-A/20100101_Bern%2C%20Bundesgasse%201%2C%20Sanierung_DE.pdf",
            "EGID": "https://api3.geo.admin.ch/rest/services/ech/MapServer/ch.bfs.gebaeude_wohnungs_register/1230654_0?sr=4326&geometryFormat=geojson",
            "EGRID": "https://api3.geo.admin.ch/rest/services/ech/MapServer/identify?geometry=7.442977%2C46.946345&geometryType=esriGeometryPoint&geometryFormat=geojson&sr=4326&layers=all%3Ach.kantone.cadastralwebmap-farbe&tolerance=0&returnGeometry=true&lang=de",
            "parcelGeometry": "https://api3.geo.admin.ch/rest/services/ech/MapServer/identify?geometry=7.442977%2C46.946345&geometryType=esriGeometryPoint&geometryFormat=geojson&sr=4326&layers=all%3Ach.kantone.cadastralwebmap-farbe&tolerance=0&returnGeometry=true&lang=de"
          },
          "geocoding": {
            "provider": "swisstopo / BFS GWR",
            "sourceUrl": "https://api3.geo.admin.ch/rest/services/ech/MapServer/ch.bfs.gebaeude_wohnungs_register/1230654_0?sr=4326&geometryFormat=geojson",
            "retrievedAt": "2026-09-22",
            "reviewed": true,
            "precision": "gwr-building-coordinate",
            "coordinateSourceCode": 901,
            "matchedAddress": "Bundesgasse 1, 3011 Bern",
            "note": "GWR building position (GKODE/GKODN), transformed LV95 to WGS84; not the entrance point."
          },
          "scope": "Publicly documented building/site. The matched AV parcel may include additional buildings; operational records and land cover are demonstration assumptions.",
          "publishedMeasurements": {
            "GF": 15860,
            "GV": 69025,
            "standard": "SIA 416:2003",
            "referenceYear": 2010,
            "page": 1,
            "sourceUrl": "https://www.bbl.admin.ch/dam/de/sd-web/xpRh20JjlO-A/20100101_Bern%2C%20Bundesgasse%201%2C%20Sanierung_DE.pdf"
          },
          "cadastre": {
            "egid": "1230654",
            "egrid": "CH127620463518",
            "parcelNumber": "1058",
            "municipality": "Bern",
            "municipalityNumber": 351,
            "geometry": {
              "type": "Polygon",
              "coordinates": [
                [
                  [
                    7.441802,
                    46.946456
                  ],
                  [
                    7.441815,
                    46.946421
                  ],
                  [
                    7.441817,
                    46.946422
                  ],
                  [
                    7.441923,
                    46.946132
                  ],
                  [
                    7.441919,
                    46.946131
                  ],
                  [
                    7.441953,
                    46.946034
                  ],
                  [
                    7.441948,
                    46.946033
                  ],
                  [
                    7.441964,
                    46.945989
                  ],
                  [
                    7.441953,
                    46.945986
                  ],
                  [
                    7.442084,
                    46.945932
                  ],
                  [
                    7.44271,
                    46.946051
                  ],
                  [
                    7.442723,
                    46.946015
                  ],
                  [
                    7.442749,
                    46.945949
                  ],
                  [
                    7.443009,
                    46.945841
                  ],
                  [
                    7.443306,
                    46.945892
                  ],
                  [
                    7.443465,
                    46.94607
                  ],
                  [
                    7.443428,
                    46.946171
                  ],
                  [
                    7.44361,
                    46.946198
                  ],
                  [
                    7.443771,
                    46.946222
                  ],
                  [
                    7.443746,
                    46.946335
                  ],
                  [
                    7.443754,
                    46.946336
                  ],
                  [
                    7.443717,
                    46.946438
                  ],
                  [
                    7.443738,
                    46.946442
                  ],
                  [
                    7.443732,
                    46.946457
                  ],
                  [
                    7.443731,
                    46.946457
                  ],
                  [
                    7.443721,
                    46.946487
                  ],
                  [
                    7.443721,
                    46.946488
                  ],
                  [
                    7.443717,
                    46.946501
                  ],
                  [
                    7.443716,
                    46.946501
                  ],
                  [
                    7.443678,
                    46.946605
                  ],
                  [
                    7.443679,
                    46.946605
                  ],
                  [
                    7.443674,
                    46.946619
                  ],
                  [
                    7.443673,
                    46.946618
                  ],
                  [
                    7.443662,
                    46.946649
                  ],
                  [
                    7.443663,
                    46.946649
                  ],
                  [
                    7.443658,
                    46.946664
                  ],
                  [
                    7.443634,
                    46.946661
                  ],
                  [
                    7.443603,
                    46.946746
                  ],
                  [
                    7.443604,
                    46.946746
                  ],
                  [
                    7.443598,
                    46.946762
                  ],
                  [
                    7.443575,
                    46.946758
                  ],
                  [
                    7.443575,
                    46.946757
                  ],
                  [
                    7.443403,
                    46.946728
                  ],
                  [
                    7.443403,
                    46.946729
                  ],
                  [
                    7.442354,
                    46.946551
                  ],
                  [
                    7.442354,
                    46.946551
                  ],
                  [
                    7.442182,
                    46.946521
                  ],
                  [
                    7.442181,
                    46.946522
                  ],
                  [
                    7.442159,
                    46.946518
                  ],
                  [
                    7.441802,
                    46.946456
                  ]
                ]
              ]
            },
            "geometryAreaM2": 9893.02,
            "areaMethod": "WGS84 geodesic area of returned cadastral polygon; not a land-register area attribute",
            "gwrSourceUrl": "https://api3.geo.admin.ch/rest/services/ech/MapServer/ch.bfs.gebaeude_wohnungs_register/1230654_0?sr=4326&geometryFormat=geojson",
            "parcelSourceUrl": "https://api3.geo.admin.ch/rest/services/ech/MapServer/identify?geometry=7.442977%2C46.946345&geometryType=esriGeometryPoint&geometryFormat=geojson&sr=4326&layers=all%3Ach.kantone.cadastralwebmap-farbe&tolerance=0&returnGeometry=true&lang=de",
            "parcelFeatureId": 1799615,
            "registerDataDate": "19.09.2026",
            "retrievedAt": "2026-09-22",
            "matchMethod": "GWR EGRID equals exact-point cadastral EGRID; GWR building coordinate contained in polygon",
            "geoportalUrl": "https://www.topo.apps.be.ch/pub/map/?lang=de&gpk=MOPUBE_GPK",
            "officialGeometry": true,
            "note": "Parcel may contain additional buildings. Cadastral geometry is not evidence of ownership."
          },
          "syntheticFields": [
            "inventoryIds",
            "ownershipScenario",
            "statusScenario",
            "valuations",
            "SIA area breakdown",
            "RICS measurements",
            "storeySplit",
            "landcoverGeometry",
            "energySystems",
            "parking",
            "contacts",
            "costs",
            "contracts",
            "assets",
            "mockDocuments"
          ],
          "unknownFieldsLeftNull": [
            "zoning",
            "energyCertificate",
            "buildingPermitDate",
            "heritageRegisterNumber"
          ],
          "notice": "Standort öffentlich belegt. Publizierte GF/GV separat belegt; übrige Gebäudebemessungen und Betriebsdaten sind Demowerte. EGID, EGRID und Parzelle aus GWR/AV; Grundstücksfläche aus Polygon berechnet.",
          "referenceData": {
            "catalogVersion": "55",
            "classificationAssignments": "Demo assignments to catalogue codes; not confirmed SAP master data.",
            "physicalStatus": {
              "sourceUrl": "https://api3.geo.admin.ch/rest/services/ech/MapServer/ch.bfs.gebaeude_wohnungs_register/1230654_0?sr=4326&geometryFormat=geojson",
              "dataStatus": "public-source"
            }
          }
        },
        "demoRelatedRecords": {
          "areaMeasurements": [
            {
              "buildingIds": [
                "1080/4840/AF"
              ],
              "validFrom": "2010-01-01T00:00:00Z",
              "validUntil": null,
              "areaMeasurementId": "01a41f71-7367-534e-931a-1ea2deed53c2",
              "type": "Geschossfläche GF",
              "value": 15860,
              "unit": "m²",
              "bmEstimation": null,
              "accuracy": "Unbekannt",
              "accuracyCode": "UNBEKANNT",
              "standard": "SIA 416",
              "standardCode": "SIA_416",
              "legacyId": "DEMO-4840-GF",
              "extensionData": {
                "code": "GF",
                "standardDetail": "SIA 416:2003",
                "dataStatus": "published-source",
                "source": "BBL Bautendokumentation 2010, S. 1",
                "sourceUrl": "https://www.bbl.admin.ch/dam/de/sd-web/xpRh20JjlO-A/20100101_Bern%2C%20Bundesgasse%201%2C%20Sanierung_DE.pdf",
                "scope": "Publicly documented building/site. The matched AV parcel may include additional buildings; operational records and land cover are demonstration assumptions.",
                "originalUnit": "m²",
                "assumption": null
              }
            },
            {
              "buildingIds": [
                "1080/4840/AF"
              ],
              "validFrom": "2026-09-22T00:00:00Z",
              "validUntil": null,
              "areaMeasurementId": "740a53e9-4633-5d24-8002-a896cebd786c",
              "type": "Geschossfläche oberirdisch",
              "value": 10573,
              "unit": "m²",
              "bmEstimation": true,
              "accuracy": "Geschätzt",
              "accuracyCode": "GESCHAETZT",
              "standard": "SIA 416",
              "standardCode": "SIA_416",
              "legacyId": "DEMO-4840-GFO",
              "extensionData": {
                "code": "GFO",
                "standardDetail": "SIA 416:2003",
                "dataStatus": "synthetic-demo",
                "source": "Plausibles Demo-Szenario",
                "sourceUrl": null,
                "scope": "Publicly documented building/site. The matched AV parcel may include additional buildings; operational records and land cover are demonstration assumptions.",
                "originalUnit": "m²",
                "assumption": "Independently modelled measurement basis; no certified survey or universal SIA/RICS conversion."
              }
            },
            {
              "buildingIds": [
                "1080/4840/AF"
              ],
              "validFrom": "2026-09-22T00:00:00Z",
              "validUntil": null,
              "areaMeasurementId": "d982d7e9-fae7-5a1d-b939-1244a0ecccc0",
              "type": "Geschossfläche unterirdisch",
              "value": 5287,
              "unit": "m²",
              "bmEstimation": true,
              "accuracy": "Geschätzt",
              "accuracyCode": "GESCHAETZT",
              "standard": "SIA 416",
              "standardCode": "SIA_416",
              "legacyId": "DEMO-4840-GFU",
              "extensionData": {
                "code": "GFU",
                "standardDetail": "SIA 416:2003",
                "dataStatus": "synthetic-demo",
                "source": "Plausibles Demo-Szenario",
                "sourceUrl": null,
                "scope": "Publicly documented building/site. The matched AV parcel may include additional buildings; operational records and land cover are demonstration assumptions.",
                "originalUnit": "m²",
                "assumption": "Independently modelled measurement basis; no certified survey or universal SIA/RICS conversion."
              }
            },
            {
              "buildingIds": [
                "1080/4840/AF"
              ],
              "validFrom": "2026-09-22T00:00:00Z",
              "validUntil": null,
              "areaMeasurementId": "033289e5-77ee-5ae1-9431-a7eecbbe9d84",
              "type": "Konstruktionsfläche KF",
              "value": 3410,
              "unit": "m²",
              "bmEstimation": true,
              "accuracy": "Geschätzt",
              "accuracyCode": "GESCHAETZT",
              "standard": "SIA 416",
              "standardCode": "SIA_416",
              "legacyId": "DEMO-4840-KF",
              "extensionData": {
                "code": "KF",
                "standardDetail": "SIA 416:2003",
                "dataStatus": "synthetic-demo",
                "source": "Plausibles Demo-Szenario",
                "sourceUrl": null,
                "scope": "Publicly documented building/site. The matched AV parcel may include additional buildings; operational records and land cover are demonstration assumptions.",
                "originalUnit": "m²",
                "assumption": "Independently modelled measurement basis; no certified survey or universal SIA/RICS conversion."
              }
            },
            {
              "buildingIds": [
                "1080/4840/AF"
              ],
              "validFrom": "2026-09-22T00:00:00Z",
              "validUntil": null,
              "areaMeasurementId": "68c16a79-5fca-5c3a-9fb8-f6cf2174f78c",
              "type": "Nettogeschossfläche NGF",
              "value": 12450,
              "unit": "m²",
              "bmEstimation": true,
              "accuracy": "Geschätzt",
              "accuracyCode": "GESCHAETZT",
              "standard": "SIA 416",
              "standardCode": "SIA_416",
              "legacyId": "DEMO-4840-NGF",
              "extensionData": {
                "code": "NGF",
                "standardDetail": "SIA 416:2003",
                "dataStatus": "synthetic-demo",
                "source": "Plausibles Demo-Szenario",
                "sourceUrl": null,
                "scope": "Publicly documented building/site. The matched AV parcel may include additional buildings; operational records and land cover are demonstration assumptions.",
                "originalUnit": "m²",
                "assumption": "Independently modelled measurement basis; no certified survey or universal SIA/RICS conversion."
              }
            },
            {
              "buildingIds": [
                "1080/4840/AF"
              ],
              "validFrom": "2026-09-22T00:00:00Z",
              "validUntil": null,
              "areaMeasurementId": "5bc17e2d-e4bc-524f-8070-ead190954f34",
              "type": "Nutzfläche NF",
              "value": 9833,
              "unit": "m²",
              "bmEstimation": true,
              "accuracy": "Geschätzt",
              "accuracyCode": "GESCHAETZT",
              "standard": "SIA 416",
              "standardCode": "SIA_416",
              "legacyId": "DEMO-4840-NF",
              "extensionData": {
                "code": "NF",
                "standardDetail": "SIA 416:2003",
                "dataStatus": "synthetic-demo",
                "source": "Plausibles Demo-Szenario",
                "sourceUrl": null,
                "scope": "Publicly documented building/site. The matched AV parcel may include additional buildings; operational records and land cover are demonstration assumptions.",
                "originalUnit": "m²",
                "assumption": "Independently modelled measurement basis; no certified survey or universal SIA/RICS conversion."
              }
            },
            {
              "buildingIds": [
                "1080/4840/AF"
              ],
              "validFrom": "2026-09-22T00:00:00Z",
              "validUntil": null,
              "areaMeasurementId": "828b44bd-c078-50a6-9b95-caff159632e0",
              "type": "Hauptnutzfläche HNF",
              "value": 8260,
              "unit": "m²",
              "bmEstimation": true,
              "accuracy": "Geschätzt",
              "accuracyCode": "GESCHAETZT",
              "standard": "SIA 416",
              "standardCode": "SIA_416",
              "legacyId": "DEMO-4840-HNF",
              "extensionData": {
                "code": "HNF",
                "standardDetail": "SIA 416:2003",
                "dataStatus": "synthetic-demo",
                "source": "Plausibles Demo-Szenario",
                "sourceUrl": null,
                "scope": "Publicly documented building/site. The matched AV parcel may include additional buildings; operational records and land cover are demonstration assumptions.",
                "originalUnit": "m²",
                "assumption": "Independently modelled measurement basis; no certified survey or universal SIA/RICS conversion."
              }
            },
            {
              "buildingIds": [
                "1080/4840/AF"
              ],
              "validFrom": "2026-09-22T00:00:00Z",
              "validUntil": null,
              "areaMeasurementId": "6e8c44ed-99fa-51ca-9d05-e46f8f862d1b",
              "type": "Nebennutzfläche NNF",
              "value": 1573,
              "unit": "m²",
              "bmEstimation": true,
              "accuracy": "Geschätzt",
              "accuracyCode": "GESCHAETZT",
              "standard": "SIA 416",
              "standardCode": "SIA_416",
              "legacyId": "DEMO-4840-NNF",
              "extensionData": {
                "code": "NNF",
                "standardDetail": "SIA 416:2003",
                "dataStatus": "synthetic-demo",
                "source": "Plausibles Demo-Szenario",
                "sourceUrl": null,
                "scope": "Publicly documented building/site. The matched AV parcel may include additional buildings; operational records and land cover are demonstration assumptions.",
                "originalUnit": "m²",
                "assumption": "Independently modelled measurement basis; no certified survey or universal SIA/RICS conversion."
              }
            },
            {
              "buildingIds": [
                "1080/4840/AF"
              ],
              "validFrom": "2026-09-22T00:00:00Z",
              "validUntil": null,
              "areaMeasurementId": "b755d93e-2809-592e-93e0-243deb865e9d",
              "type": "Funktionsfläche FF",
              "value": 555,
              "unit": "m²",
              "bmEstimation": true,
              "accuracy": "Geschätzt",
              "accuracyCode": "GESCHAETZT",
              "standard": "SIA 416",
              "standardCode": "SIA_416",
              "legacyId": "DEMO-4840-FF",
              "extensionData": {
                "code": "FF",
                "standardDetail": "SIA 416:2003",
                "dataStatus": "synthetic-demo",
                "source": "Plausibles Demo-Szenario",
                "sourceUrl": null,
                "scope": "Publicly documented building/site. The matched AV parcel may include additional buildings; operational records and land cover are demonstration assumptions.",
                "originalUnit": "m²",
                "assumption": "Independently modelled measurement basis; no certified survey or universal SIA/RICS conversion."
              }
            },
            {
              "buildingIds": [
                "1080/4840/AF"
              ],
              "validFrom": "2026-09-22T00:00:00Z",
              "validUntil": null,
              "areaMeasurementId": "df3cd83c-4278-5379-9220-692f804a764e",
              "type": "Verkehrsfläche VF",
              "value": 2062,
              "unit": "m²",
              "bmEstimation": true,
              "accuracy": "Geschätzt",
              "accuracyCode": "GESCHAETZT",
              "standard": "SIA 416",
              "standardCode": "SIA_416",
              "legacyId": "DEMO-4840-VF",
              "extensionData": {
                "code": "VF",
                "standardDetail": "SIA 416:2003",
                "dataStatus": "synthetic-demo",
                "source": "Plausibles Demo-Szenario",
                "sourceUrl": null,
                "scope": "Publicly documented building/site. The matched AV parcel may include additional buildings; operational records and land cover are demonstration assumptions.",
                "originalUnit": "m²",
                "assumption": "Independently modelled measurement basis; no certified survey or universal SIA/RICS conversion."
              }
            },
            {
              "buildingIds": [
                "1080/4840/AF"
              ],
              "validFrom": "2010-01-01T00:00:00Z",
              "validUntil": null,
              "areaMeasurementId": "258a7bcd-c3ce-5ece-b2dd-6e0a91dc570f",
              "type": "Gebäudevolumen GV",
              "value": 69025,
              "unit": "m³",
              "bmEstimation": null,
              "accuracy": "Unbekannt",
              "accuracyCode": "UNBEKANNT",
              "standard": "SIA 416",
              "standardCode": "SIA_416",
              "legacyId": "DEMO-4840-GV",
              "extensionData": {
                "code": "GV",
                "standardDetail": "SIA 416:2003",
                "dataStatus": "published-source",
                "source": "BBL Bautendokumentation 2010, S. 1",
                "sourceUrl": "https://www.bbl.admin.ch/dam/de/sd-web/xpRh20JjlO-A/20100101_Bern%2C%20Bundesgasse%201%2C%20Sanierung_DE.pdf",
                "scope": "Publicly documented building/site. The matched AV parcel may include additional buildings; operational records and land cover are demonstration assumptions.",
                "originalUnit": "m³",
                "assumption": null
              }
            },
            {
              "buildingIds": [
                "1080/4840/AF"
              ],
              "validFrom": "2026-09-22T00:00:00Z",
              "validUntil": null,
              "areaMeasurementId": "980298b0-0162-529d-acd7-5c2642a32988",
              "type": "Gebäudevolumen oberirdisch",
              "value": 46015,
              "unit": "m³",
              "bmEstimation": true,
              "accuracy": "Geschätzt",
              "accuracyCode": "GESCHAETZT",
              "standard": "SIA 416",
              "standardCode": "SIA_416",
              "legacyId": "DEMO-4840-GVO",
              "extensionData": {
                "code": "GVO",
                "standardDetail": "SIA 416:2003",
                "dataStatus": "synthetic-demo",
                "source": "Plausibles Demo-Szenario",
                "sourceUrl": null,
                "scope": "Publicly documented building/site. The matched AV parcel may include additional buildings; operational records and land cover are demonstration assumptions.",
                "originalUnit": "m³",
                "assumption": "Independently modelled measurement basis; no certified survey or universal SIA/RICS conversion."
              }
            },
            {
              "buildingIds": [
                "1080/4840/AF"
              ],
              "validFrom": "2026-09-22T00:00:00Z",
              "validUntil": null,
              "areaMeasurementId": "308e5044-4637-5e6d-aba5-033ad8c95cbe",
              "type": "Gebäudevolumen unterirdisch",
              "value": 23010,
              "unit": "m³",
              "bmEstimation": true,
              "accuracy": "Geschätzt",
              "accuracyCode": "GESCHAETZT",
              "standard": "SIA 416",
              "standardCode": "SIA_416",
              "legacyId": "DEMO-4840-GVU",
              "extensionData": {
                "code": "GVU",
                "standardDetail": "SIA 416:2003",
                "dataStatus": "synthetic-demo",
                "source": "Plausibles Demo-Szenario",
                "sourceUrl": null,
                "scope": "Publicly documented building/site. The matched AV parcel may include additional buildings; operational records and land cover are demonstration assumptions.",
                "originalUnit": "m³",
                "assumption": "Independently modelled measurement basis; no certified survey or universal SIA/RICS conversion."
              }
            },
            {
              "buildingIds": [
                "1080/4840/AF"
              ],
              "validFrom": "2026-09-22T00:00:00Z",
              "validUntil": null,
              "areaMeasurementId": "cd2b70a9-feee-59ff-8ab5-ba17ba203b7f",
              "type": "Grundstücksfläche GSF",
              "value": 9893.02,
              "unit": "m²",
              "bmEstimation": false,
              "accuracy": "Gemessen",
              "accuracyCode": "GEMESSEN",
              "standard": "Andere dokumentierte Regel",
              "standardCode": "ANDERE_REGEL",
              "legacyId": "DEMO-4840-GSF",
              "extensionData": {
                "code": "GSF",
                "standardDetail": "WGS84 geodesic area of returned cadastral polygon; not a land-register area attribute",
                "dataStatus": "derived-public-geometry",
                "source": "swisstopo CadastralWebMap · Polygonfläche",
                "sourceUrl": "https://api3.geo.admin.ch/rest/services/ech/MapServer/identify?geometry=7.442977%2C46.946345&geometryType=esriGeometryPoint&geometryFormat=geojson&sr=4326&layers=all%3Ach.kantone.cadastralwebmap-farbe&tolerance=0&returnGeometry=true&lang=de",
                "scope": "Publicly documented building/site. The matched AV parcel may include additional buildings; operational records and land cover are demonstration assumptions.",
                "originalUnit": "m²",
                "assumption": "WGS84 geodesic area of returned cadastral polygon; not a land-register area attribute; Parcel may contain additional buildings. Cadastral geometry is not evidence of ownership."
              }
            },
            {
              "buildingIds": [
                "1080/4840/AF"
              ],
              "validFrom": "2026-09-22T00:00:00Z",
              "validUntil": null,
              "areaMeasurementId": "0408152f-4bf6-5488-8a17-7820cc74fab3",
              "type": "Gebäudegrundfläche GGF",
              "value": 2643,
              "unit": "m²",
              "bmEstimation": true,
              "accuracy": "Geschätzt",
              "accuracyCode": "GESCHAETZT",
              "standard": "SIA 416",
              "standardCode": "SIA_416",
              "legacyId": "DEMO-4840-GGF",
              "extensionData": {
                "code": "GGF",
                "standardDetail": "SIA 416:2003",
                "dataStatus": "synthetic-demo",
                "source": "Plausibles Demo-Szenario",
                "sourceUrl": null,
                "scope": "Publicly documented building/site. The matched AV parcel may include additional buildings; operational records and land cover are demonstration assumptions.",
                "originalUnit": "m²",
                "assumption": "Independently modelled measurement basis; no certified survey or universal SIA/RICS conversion."
              }
            },
            {
              "buildingIds": [
                "1080/4840/AF"
              ],
              "validFrom": "2026-09-22T00:00:00Z",
              "validUntil": null,
              "areaMeasurementId": "23e1d8ff-91d4-545c-b777-c22e4d0b1b4f",
              "type": "Umgebungsfläche UF",
              "value": 7250.02,
              "unit": "m²",
              "bmEstimation": true,
              "accuracy": "Geschätzt",
              "accuracyCode": "GESCHAETZT",
              "standard": "SIA 416",
              "standardCode": "SIA_416",
              "legacyId": "DEMO-4840-UF",
              "extensionData": {
                "code": "UF",
                "standardDetail": "SIA 416:2003",
                "dataStatus": "synthetic-demo",
                "source": "Plausibles Demo-Szenario",
                "sourceUrl": null,
                "scope": "Publicly documented building/site. The matched AV parcel may include additional buildings; operational records and land cover are demonstration assumptions.",
                "originalUnit": "m²",
                "assumption": "Independently modelled measurement basis; no certified survey or universal SIA/RICS conversion."
              }
            },
            {
              "buildingIds": [
                "1080/4840/AF"
              ],
              "validFrom": "2026-09-22T00:00:00Z",
              "validUntil": null,
              "areaMeasurementId": "3ae83740-9b70-5672-9980-715c264d5fea",
              "type": "Gross External Area (GEA)",
              "value": 15860,
              "unit": "m²",
              "bmEstimation": true,
              "accuracy": "Geschätzt",
              "accuracyCode": "GESCHAETZT",
              "standard": "Andere dokumentierte Regel",
              "standardCode": "ANDERE_REGEL",
              "legacyId": "DEMO-4840-GEA",
              "extensionData": {
                "code": "GEA",
                "standardDetail": "RICS Code of Measuring Practice, 6th edition (2015)",
                "dataStatus": "synthetic-demo",
                "source": "Plausibles Demo-Szenario",
                "sourceUrl": null,
                "scope": "Publicly documented building/site. The matched AV parcel may include additional buildings; operational records and land cover are demonstration assumptions.",
                "originalUnit": "m²",
                "assumption": "Independently modelled measurement basis; no certified survey or universal SIA/RICS conversion."
              }
            },
            {
              "buildingIds": [
                "1080/4840/AF"
              ],
              "validFrom": "2026-09-22T00:00:00Z",
              "validUntil": null,
              "areaMeasurementId": "ac2b7429-147b-5898-8a50-96ea6e28128c",
              "type": "Gross Internal Area (GIA)",
              "value": 14829,
              "unit": "m²",
              "bmEstimation": true,
              "accuracy": "Geschätzt",
              "accuracyCode": "GESCHAETZT",
              "standard": "Andere dokumentierte Regel",
              "standardCode": "ANDERE_REGEL",
              "legacyId": "DEMO-4840-GIA",
              "extensionData": {
                "code": "GIA",
                "standardDetail": "RICS Code of Measuring Practice, 6th edition (2015)",
                "dataStatus": "synthetic-demo",
                "source": "Plausibles Demo-Szenario",
                "sourceUrl": null,
                "scope": "Publicly documented building/site. The matched AV parcel may include additional buildings; operational records and land cover are demonstration assumptions.",
                "originalUnit": "m²",
                "assumption": "Independently modelled measurement basis; no certified survey or universal SIA/RICS conversion."
              }
            },
            {
              "buildingIds": [
                "1080/4840/AF"
              ],
              "validFrom": "2026-09-22T00:00:00Z",
              "validUntil": null,
              "areaMeasurementId": "e9ba4e7a-4134-508f-b254-bfa9d7789884",
              "type": "Net Internal Area (NIA)",
              "value": 8948,
              "unit": "m²",
              "bmEstimation": true,
              "accuracy": "Geschätzt",
              "accuracyCode": "GESCHAETZT",
              "standard": "Andere dokumentierte Regel",
              "standardCode": "ANDERE_REGEL",
              "legacyId": "DEMO-4840-NIA",
              "extensionData": {
                "code": "NIA",
                "standardDetail": "RICS Code of Measuring Practice, 6th edition (2015)",
                "dataStatus": "synthetic-demo",
                "source": "Plausibles Demo-Szenario",
                "sourceUrl": null,
                "scope": "Publicly documented building/site. The matched AV parcel may include additional buildings; operational records and land cover are demonstration assumptions.",
                "originalUnit": "m²",
                "assumption": "Independently modelled measurement basis; no certified survey or universal SIA/RICS conversion."
              }
            }
          ],
          "documents": [
            {
              "buildingIds": [
                "1080/4840/AF"
              ],
              "validFrom": null,
              "validUntil": null,
              "documentId": "fc298777-c5cf-5b39-a3d1-a3b644404655",
              "name": "BBL Bautendokumentation – Bundeshaus West",
              "type": "Publikation",
              "documentTypeCode": "O12001",
              "fileFormat": "PDF",
              "fileSize": "4.73 MB",
              "url": "https://www.bbl.admin.ch/dam/de/sd-web/xpRh20JjlO-A/20100101_Bern%2C%20Bundesgasse%201%2C%20Sanierung_DE.pdf",
              "description": "Öffentliche BBL-Publikation; historischer Projektstand.",
              "version": "Publizierte Fassung",
              "legacyId": "DEMO-4840-O12001",
              "extensionData": {
                "dataStatus": "public-source",
                "availability": "external-publication",
                "catalogue": "KBOB/IPB Anhang C, Version 2016-01",
                "catalogueUrl": "https://www.kbob.admin.ch/dam/de/sd-web/rVvtgYM1wFVT/20171024_KBOB-IPB_Anhang_C_-_Dokumenttypenkatalog_2016_DE.pdf",
                "documentTypeCode": "O12001"
              }
            },
            {
              "buildingIds": [
                "1080/4840/AF"
              ],
              "validFrom": "2026-09-22T00:00:00Z",
              "validUntil": null,
              "documentId": "8685c0dc-9830-513d-9c9f-16f72b2a9fee",
              "name": "Flächen/Volumenberechnung 2026 – Bundeshaus West (Demo)",
              "type": "Flächen/Volumenberechnung",
              "documentTypeCode": "B14005",
              "fileFormat": "PDF",
              "fileSize": null,
              "url": null,
              "description": "Fiktiver Dokumentregistereintrag; keine Originaldatei vorhanden.",
              "version": "0.1 Demo",
              "legacyId": "DEMO-4840-B14005",
              "extensionData": {
                "dataStatus": "synthetic-demo",
                "availability": "metadata-only",
                "catalogue": "KBOB/IPB Anhang C, Version 2016-01",
                "catalogueUrl": "https://www.kbob.admin.ch/dam/de/sd-web/rVvtgYM1wFVT/20171024_KBOB-IPB_Anhang_C_-_Dokumenttypenkatalog_2016_DE.pdf",
                "documentTypeCode": "B14005"
              }
            },
            {
              "buildingIds": [
                "1080/4840/AF"
              ],
              "validFrom": "2026-09-22T00:00:00Z",
              "validUntil": null,
              "documentId": "5af451ba-30bb-5b0f-b8f4-0978d3979ddb",
              "name": "Wartungsplan 2026 – Bundeshaus West (Demo)",
              "type": "Wartungsplan",
              "documentTypeCode": "O07003",
              "fileFormat": "PDF",
              "fileSize": null,
              "url": null,
              "description": "Fiktiver Dokumentregistereintrag; keine Originaldatei vorhanden.",
              "version": "0.1 Demo",
              "legacyId": "DEMO-4840-O07003",
              "extensionData": {
                "dataStatus": "synthetic-demo",
                "availability": "metadata-only",
                "catalogue": "KBOB/IPB Anhang C, Version 2016-01",
                "catalogueUrl": "https://www.kbob.admin.ch/dam/de/sd-web/rVvtgYM1wFVT/20171024_KBOB-IPB_Anhang_C_-_Dokumenttypenkatalog_2016_DE.pdf",
                "documentTypeCode": "O07003"
              }
            },
            {
              "buildingIds": [
                "1080/4840/AF"
              ],
              "validFrom": "2026-09-22T00:00:00Z",
              "validUntil": null,
              "documentId": "bfe96ade-9e98-5466-8d70-544c45866302",
              "name": "Betriebsführungshandbuch 2026 – Bundeshaus West (Demo)",
              "type": "Betriebsführungshandbuch",
              "documentTypeCode": "O03001",
              "fileFormat": "PDF",
              "fileSize": null,
              "url": null,
              "description": "Fiktiver Dokumentregistereintrag; keine Originaldatei vorhanden.",
              "version": "0.1 Demo",
              "legacyId": "DEMO-4840-O03001",
              "extensionData": {
                "dataStatus": "synthetic-demo",
                "availability": "metadata-only",
                "catalogue": "KBOB/IPB Anhang C, Version 2016-01",
                "catalogueUrl": "https://www.kbob.admin.ch/dam/de/sd-web/rVvtgYM1wFVT/20171024_KBOB-IPB_Anhang_C_-_Dokumenttypenkatalog_2016_DE.pdf",
                "documentTypeCode": "O03001"
              }
            },
            {
              "buildingIds": [
                "1080/4840/AF"
              ],
              "validFrom": "2026-09-22T00:00:00Z",
              "validUntil": null,
              "documentId": "f218c990-2d84-5695-83b4-c365680fc95f",
              "name": "Kostenstatistik 2026 – Bundeshaus West (Demo)",
              "type": "Kostenstatistik",
              "documentTypeCode": "B14102",
              "fileFormat": "PDF",
              "fileSize": null,
              "url": null,
              "description": "Fiktiver Dokumentregistereintrag; keine Originaldatei vorhanden.",
              "version": "0.1 Demo",
              "legacyId": "DEMO-4840-B14102",
              "extensionData": {
                "dataStatus": "synthetic-demo",
                "availability": "metadata-only",
                "catalogue": "KBOB/IPB Anhang C, Version 2016-01",
                "catalogueUrl": "https://www.kbob.admin.ch/dam/de/sd-web/rVvtgYM1wFVT/20171024_KBOB-IPB_Anhang_C_-_Dokumenttypenkatalog_2016_DE.pdf",
                "documentTypeCode": "B14102"
              }
            },
            {
              "buildingIds": [
                "1080/4840/AF"
              ],
              "validFrom": "2026-09-22T00:00:00Z",
              "validUntil": null,
              "documentId": "3516f298-29f6-5abb-ad3d-c6411b34e35a",
              "name": "Energiestatistik 2026 – Bundeshaus West (Demo)",
              "type": "Energiestatistik",
              "documentTypeCode": "B14103",
              "fileFormat": "PDF",
              "fileSize": null,
              "url": null,
              "description": "Fiktiver Dokumentregistereintrag; keine Originaldatei vorhanden.",
              "version": "0.1 Demo",
              "legacyId": "DEMO-4840-B14103",
              "extensionData": {
                "dataStatus": "synthetic-demo",
                "availability": "metadata-only",
                "catalogue": "KBOB/IPB Anhang C, Version 2016-01",
                "catalogueUrl": "https://www.kbob.admin.ch/dam/de/sd-web/rVvtgYM1wFVT/20171024_KBOB-IPB_Anhang_C_-_Dokumenttypenkatalog_2016_DE.pdf",
                "documentTypeCode": "B14103"
              }
            }
          ],
          "contacts": [
            {
              "buildingIds": [
                "1080/4840/AF"
              ],
              "validFrom": "2026-09-22T00:00:00Z",
              "validUntil": null,
              "contactId": "95d3bd83-05ad-58af-a2cf-dc1fc9c5efc0",
              "name": "Mira Waldner (Demo)",
              "role": "Objektverantwortung",
              "organisation": "Portfolio Team (Demo)",
              "phone": null,
              "email": "bundeshaus-west.1@example.invalid",
              "isPrimary": true,
              "legacyId": "DEMO-4840-K1",
              "extensionData": {
                "dataStatus": "synthetic-demo",
                "isFictionalPerson": true
              }
            },
            {
              "buildingIds": [
                "1080/4840/AF"
              ],
              "validFrom": "2026-09-22T00:00:00Z",
              "validUntil": null,
              "contactId": "b4913f53-7803-58a4-a593-c228aabca743",
              "name": "Silvan Sommer (Demo)",
              "role": "Portfoliomanagement",
              "organisation": "Portfolio Team (Demo)",
              "phone": null,
              "email": "bundeshaus-west.2@example.invalid",
              "isPrimary": false,
              "legacyId": "DEMO-4840-K2",
              "extensionData": {
                "dataStatus": "synthetic-demo",
                "isFictionalPerson": true
              }
            },
            {
              "buildingIds": [
                "1080/4840/AF"
              ],
              "validFrom": "2026-09-22T00:00:00Z",
              "validUntil": null,
              "contactId": "823b6d59-6483-58cd-a024-d574dd308771",
              "name": "Lea Moser (Demo)",
              "role": "Facility Management",
              "organisation": "Arealservice Muster AG (fiktiv)",
              "phone": null,
              "email": "bundeshaus-west.3@example.invalid",
              "isPrimary": false,
              "legacyId": "DEMO-4840-K3",
              "extensionData": {
                "dataStatus": "synthetic-demo",
                "isFictionalPerson": true
              }
            }
          ],
          "costs": [
            {
              "costId": "7e38a7a2-34bc-5acc-9dbc-656a12b7b797",
              "buildingIds": [
                "1080/4840/AF"
              ],
              "costGroup": "23",
              "costType": "Elektroanlagen",
              "amount": 2379000,
              "unit": "CHF",
              "currency": "CHF",
              "period": "Einmalig",
              "referenceDate": "2026-09-22T00:00:00Z",
              "legacyId": "DEMO-4840-C1",
              "extensionData": {
                "dataStatus": "synthetic-demo",
                "budgetYear": 2026,
                "costCenter": "DEMO-4840",
                "classification": "BKP",
                "standard": "SN 506 500:2017",
                "classificationSourceUrl": "https://www.crb.ch/de/normen-standards/baukostenplane/baukostenplan-bkp",
                "groupSourceUrl": "https://www.stadt-zuerich.ch/content/dam/web/de/politik-verwaltung/statistik-und-daten/publikationen-dienstleistungen/publikationen/periodika/zuercher-index-der-wohnbaupreise/ZIW_2019_Web.pdf",
                "project": "Erneuerung Gebäudetechnik und Innenausbau (Demo)",
                "scope": "Selected BKP work packages only; not a complete project budget or actual BBL project.",
                "basis": "Invented one-off CHF scenario, excluding VAT; not actual expenditure, a cost benchmark or FX conversion.",
                "rateCHFPerGF": 150,
                "quantityGF": 15860
              }
            },
            {
              "costId": "4ec3ed5f-f9fb-5e6a-9003-5f795a289e51",
              "buildingIds": [
                "1080/4840/AF"
              ],
              "costGroup": "24",
              "costType": "Heizungs-, Lüftungs- und Klimaanlagen",
              "amount": 2854800,
              "unit": "CHF",
              "currency": "CHF",
              "period": "Einmalig",
              "referenceDate": "2026-09-22T00:00:00Z",
              "legacyId": "DEMO-4840-C2",
              "extensionData": {
                "dataStatus": "synthetic-demo",
                "budgetYear": 2026,
                "costCenter": "DEMO-4840",
                "classification": "BKP",
                "standard": "SN 506 500:2017",
                "classificationSourceUrl": "https://www.crb.ch/de/normen-standards/baukostenplane/baukostenplan-bkp",
                "groupSourceUrl": "https://www.stadt-zuerich.ch/content/dam/web/de/politik-verwaltung/statistik-und-daten/publikationen-dienstleistungen/publikationen/periodika/zuercher-index-der-wohnbaupreise/ZIW_2019_Web.pdf",
                "project": "Erneuerung Gebäudetechnik und Innenausbau (Demo)",
                "scope": "Selected BKP work packages only; not a complete project budget or actual BBL project.",
                "basis": "Invented one-off CHF scenario, excluding VAT; not actual expenditure, a cost benchmark or FX conversion.",
                "rateCHFPerGF": 180,
                "quantityGF": 15860
              }
            },
            {
              "costId": "4975c235-695f-5d32-a8d6-561c9240c788",
              "buildingIds": [
                "1080/4840/AF"
              ],
              "costGroup": "25",
              "costType": "Sanitäranlagen",
              "amount": 1110200,
              "unit": "CHF",
              "currency": "CHF",
              "period": "Einmalig",
              "referenceDate": "2026-09-22T00:00:00Z",
              "legacyId": "DEMO-4840-C3",
              "extensionData": {
                "dataStatus": "synthetic-demo",
                "budgetYear": 2026,
                "costCenter": "DEMO-4840",
                "classification": "BKP",
                "standard": "SN 506 500:2017",
                "classificationSourceUrl": "https://www.crb.ch/de/normen-standards/baukostenplane/baukostenplan-bkp",
                "groupSourceUrl": "https://www.stadt-zuerich.ch/content/dam/web/de/politik-verwaltung/statistik-und-daten/publikationen-dienstleistungen/publikationen/periodika/zuercher-index-der-wohnbaupreise/ZIW_2019_Web.pdf",
                "project": "Erneuerung Gebäudetechnik und Innenausbau (Demo)",
                "scope": "Selected BKP work packages only; not a complete project budget or actual BBL project.",
                "basis": "Invented one-off CHF scenario, excluding VAT; not actual expenditure, a cost benchmark or FX conversion.",
                "rateCHFPerGF": 70,
                "quantityGF": 15860
              }
            },
            {
              "costId": "fee0f7a1-1010-5da2-b575-f5b6023d7b72",
              "buildingIds": [
                "1080/4840/AF"
              ],
              "costGroup": "27",
              "costType": "Ausbau 1",
              "amount": 3806400,
              "unit": "CHF",
              "currency": "CHF",
              "period": "Einmalig",
              "referenceDate": "2026-09-22T00:00:00Z",
              "legacyId": "DEMO-4840-C4",
              "extensionData": {
                "dataStatus": "synthetic-demo",
                "budgetYear": 2026,
                "costCenter": "DEMO-4840",
                "classification": "BKP",
                "standard": "SN 506 500:2017",
                "classificationSourceUrl": "https://www.crb.ch/de/normen-standards/baukostenplane/baukostenplan-bkp",
                "groupSourceUrl": "https://www.stadt-zuerich.ch/content/dam/web/de/politik-verwaltung/statistik-und-daten/publikationen-dienstleistungen/publikationen/periodika/zuercher-index-der-wohnbaupreise/ZIW_2019_Web.pdf",
                "project": "Erneuerung Gebäudetechnik und Innenausbau (Demo)",
                "scope": "Selected BKP work packages only; not a complete project budget or actual BBL project.",
                "basis": "Invented one-off CHF scenario, excluding VAT; not actual expenditure, a cost benchmark or FX conversion.",
                "rateCHFPerGF": 240,
                "quantityGF": 15860
              }
            },
            {
              "costId": "7da6c0b5-aa44-5fe1-86ad-8a691a79394a",
              "buildingIds": [
                "1080/4840/AF"
              ],
              "costGroup": "28",
              "costType": "Ausbau 2",
              "amount": 2854800,
              "unit": "CHF",
              "currency": "CHF",
              "period": "Einmalig",
              "referenceDate": "2026-09-22T00:00:00Z",
              "legacyId": "DEMO-4840-C5",
              "extensionData": {
                "dataStatus": "synthetic-demo",
                "budgetYear": 2026,
                "costCenter": "DEMO-4840",
                "classification": "BKP",
                "standard": "SN 506 500:2017",
                "classificationSourceUrl": "https://www.crb.ch/de/normen-standards/baukostenplane/baukostenplan-bkp",
                "groupSourceUrl": "https://www.stadt-zuerich.ch/content/dam/web/de/politik-verwaltung/statistik-und-daten/publikationen-dienstleistungen/publikationen/periodika/zuercher-index-der-wohnbaupreise/ZIW_2019_Web.pdf",
                "project": "Erneuerung Gebäudetechnik und Innenausbau (Demo)",
                "scope": "Selected BKP work packages only; not a complete project budget or actual BBL project.",
                "basis": "Invented one-off CHF scenario, excluding VAT; not actual expenditure, a cost benchmark or FX conversion.",
                "rateCHFPerGF": 180,
                "quantityGF": 15860
              }
            },
            {
              "costId": "7df51f7f-d6b3-5ad0-9fe5-a1b21a0ab5ee",
              "buildingIds": [
                "1080/4840/AF"
              ],
              "costGroup": "29",
              "costType": "Honorare",
              "amount": 1903200,
              "unit": "CHF",
              "currency": "CHF",
              "period": "Einmalig",
              "referenceDate": "2026-09-22T00:00:00Z",
              "legacyId": "DEMO-4840-C6",
              "extensionData": {
                "dataStatus": "synthetic-demo",
                "budgetYear": 2026,
                "costCenter": "DEMO-4840",
                "classification": "BKP",
                "standard": "SN 506 500:2017",
                "classificationSourceUrl": "https://www.crb.ch/de/normen-standards/baukostenplane/baukostenplan-bkp",
                "groupSourceUrl": "https://www.stadt-zuerich.ch/content/dam/web/de/politik-verwaltung/statistik-und-daten/publikationen-dienstleistungen/publikationen/periodika/zuercher-index-der-wohnbaupreise/ZIW_2019_Web.pdf",
                "project": "Erneuerung Gebäudetechnik und Innenausbau (Demo)",
                "scope": "Selected BKP work packages only; not a complete project budget or actual BBL project.",
                "basis": "Invented one-off CHF scenario, excluding VAT; not actual expenditure, a cost benchmark or FX conversion.",
                "rateCHFPerGF": 120,
                "quantityGF": 15860
              }
            }
          ]
        }
      },
      "geometry": {
        "type": "Point",
        "coordinates": [
          7.44294957,
          46.94627776
        ]
      }
    },
    {
      "type": "Feature",
      "properties": {
        "bbl_stat": "In Betrieb",
        "bbl_id": "1080/5210/AA",
        "bbl_buch": "1080",
        "bbl_we": "5210",
        "bbl_obj": "AA",
        "bbl_bez": "Schweizer Botschaft Berlin",
        "referenceCodes": {
          "building.ownership": "Eigentum",
          "building.portfolio": "002",
          "building.type1": "16",
          "building.type2": "16.03",
          "building.rentalModel": null,
          "building.operatingStatus": "ACTIVE",
          "building.physicalStatus": null
        },
        "gwr_stat": null,
        "adr_land": "DE",
        "adr_reg": "Berlin",
        "adr_ort": "Berlin",
        "adr_plz": "10557",
        "adr_str": "Otto-von-Bismarck-Allee",
        "adr_hsnr": "4A",
        "adr_conct": "Otto-von-Bismarck-Allee 4A, 10557 Berlin",
        "wgs84_lon": 13.3712807,
        "wgs84_lat": 52.5211082,
        "lv95_e": null,
        "lv95_n": null,
        "egm_elev": null,
        "bbl_eigen": "Eigentum",
        "bbl_ostr": "Erhalten",
        "bbl_mietm": null,
        "bbl_bjahr": 1871,
        "bbl_vjahr": null,
        "bbl_port": "Ausland",
        "bbl_port2": "EDA Auslandsvertretungen",
        "bbl_awrt": 25200000,
        "bbl_bwrt": 16100000,
        "bbl_gbda1": "Gebäude im Ausland",
        "bbl_gbda2": "Ausland: Kanzleien",
        "bbl_ovtw": "Levin Feldmann (Demo)",
        "bbl_pvtw": "Lina Linden (Demo)",
        "av_egid": null,
        "av_egrid": null,
        "bfs_gem": null,
        "bfs_gemnr": null,
        "av_zbez": null,
        "av_znut": null,
        "bbl_hist": null,
        "bbl_arch": null,
        "kgs_kat": null,
        "kgs_nr": null,
        "garea_gf": 5700,
        "garea_gfo": 4560,
        "garea_gfu": 1140,
        "garea_acu": "Demo-Schätzung",
        "garea_ngf": 4532,
        "garea_kf": 1168,
        "garea_nf": 3591,
        "garea_hnf": 3016,
        "garea_nnf": 575,
        "garea_ff": 200,
        "garea_vf": 741,
        "garea_vmf": null,
        "garea_ebf": null,
        "gvol_gv": 23000,
        "gvol_gvo": 18400,
        "gvol_gvu": 4600,
        "gvol_acu": "Demo-Schätzung",
        "gastw": 5,
        "gastw_og": 4,
        "gastw_ug": 1,
        "gastw_acu": "Demo-Schätzung",
        "larea_ggf": 1140,
        "larea_gsf": 2100,
        "larea_uf": 960,
        "larea_acu": "Demo-Perimeter, nicht AV",
        "rics_gea": 5700,
        "rics_gia": 5330,
        "rics_nia": 3340,
        "rics_standard": "RICS Code of Measuring Practice, 6th edition (2015)",
        "objectid": 2,
        "etl_ts": "2026-09-22T00:00:00Z",
        "img_url": [
          "../assets/portfolio/berlin-1.jpg",
          "../assets/portfolio/berlin-2.jpg",
          "../assets/portfolio/berlin-3.jpg"
        ],
        "photos": [
          {
            "url": "../assets/portfolio/berlin-1.jpg",
            "alt": "Schweizer Botschaft Berlin – Aussenansicht",
            "credit": "© Christian Richters",
            "source": "https://www.bbl.admin.ch/de/mediendatenbank",
            "scene": "exterior",
            "mediaIndex": 1,
            "kind": "public-source-photo",
            "rights": "Copyright retained by credited photographer; publicly accessible BBL source, no open licence asserted. Not covered by repository MIT licence.",
            "originalUrl": "https://prod-bbladminch-hcms-sdweb.imgix.net/dam/de/sd-web/3jJyP2Yfg5lw/Berlin_Deutschland_Botschaft_01.jpg?w=1024&auto=format"
          },
          {
            "url": "../assets/portfolio/berlin-2.jpg",
            "alt": "Schweizer Botschaft Berlin – Aussenansicht",
            "credit": "© Christian Richters",
            "source": "https://www.bbl.admin.ch/de/mediendatenbank",
            "scene": "exterior",
            "mediaIndex": 3,
            "kind": "public-source-photo",
            "rights": "Copyright retained by credited photographer; publicly accessible BBL source, no open licence asserted. Not covered by repository MIT licence.",
            "originalUrl": "https://prod-bbladminch-hcms-sdweb.imgix.net/dam/de/sd-web/x0e35TkHvmXd/Berlin_Deutschland_Botschaft_03.jpg?w=1024&auto=format"
          },
          {
            "url": "../assets/portfolio/berlin-3.jpg",
            "alt": "Schweizer Botschaft Berlin – Innenansicht",
            "credit": "© Christian Richters",
            "source": "https://www.bbl.admin.ch/de/mediendatenbank",
            "scene": "interior",
            "mediaIndex": 8,
            "kind": "public-source-photo",
            "rights": "Copyright retained by credited photographer; publicly accessible BBL source, no open licence asserted. Not covered by repository MIT licence.",
            "originalUrl": "https://prod-bbladminch-hcms-sdweb.imgix.net/dam/de/sd-web/K0PpVTN8CBlg/Berlin_Deutschland_Botschaft_09.jpg?w=1024&auto=format"
          }
        ],
        "provenance": {
          "dataset": "bbl-public-portfolio-demo",
          "asOf": "2026-09-22",
          "notOfficialInventory": true,
          "factSources": {
            "identity": "https://www.bbl.admin.ch/de/mediendatenbank",
            "address": "https://www.eda.admin.ch/countries/germany/de/home/vertretungen/botschaft.html/content/contacts/de/EDAVis/B/184",
            "coordinates": "https://nominatim.openstreetmap.org/search?q=Otto-von-Bismarck-Allee+4A+Berlin+Germany&format=jsonv2&limit=3&addressdetails=1",
            "constructionYear": "https://www.schweiz-deutschland.eda.admin.ch/de/das-botschaftsgebaeude",
            "lastRefurbishmentYear": "https://www.bbl.admin.ch/dam/de/sd-web/6KztH5h4iF7L/20001201_Berlin%2C%20Deutschland%2C%20Schweizerische%20Botschaft_DE.pdf"
          },
          "geocoding": {
            "provider": "OpenStreetMap Nominatim",
            "sourceUrl": "https://nominatim.openstreetmap.org/search?q=Otto-von-Bismarck-Allee+4A+Berlin+Germany&format=jsonv2&limit=3&addressdetails=1",
            "retrievedAt": "2026-09-22",
            "reviewed": true,
            "precision": "building-or-site-centroid",
            "indicativeUncertaintyMetres": 50,
            "matchedAddress": "Schweizerische Botschaft, 4A, Otto-von-Bismarck-Allee, Tiergarten, Mitte, Berlin, 10557, Deutschland",
            "note": "Public address / site locator, not a cadastral or survey point.",
            "osmUrl": "https://www.openstreetmap.org/relation/2886766"
          },
          "scope": "Historic palace plus 2000 extension. BBL lists 2,897 + 2,804 m² under SIA 116; the 5,700 m² SIA 416 scenario is an estimate, not a relabelled measured area.",
          "publishedMeasurements": {},
          "cadastre": null,
          "syntheticFields": [
            "inventoryIds",
            "ownershipScenario",
            "statusScenario",
            "valuations",
            "SIA area breakdown",
            "RICS measurements",
            "storeySplit",
            "landcoverGeometry",
            "energySystems",
            "parking",
            "contacts",
            "costs",
            "contracts",
            "assets",
            "mockDocuments",
            "parcelGeometry"
          ],
          "unknownFieldsLeftNull": [
            "zoning",
            "energyCertificate",
            "buildingPermitDate",
            "heritageRegisterNumber",
            "EGID",
            "EGRID"
          ],
          "notice": "Standort öffentlich belegt. Publizierte GF/GV separat belegt; übrige Gebäudebemessungen und Betriebsdaten sind Demowerte. Grundstück schematisch.",
          "referenceData": {
            "catalogVersion": "55",
            "classificationAssignments": "Demo assignments to catalogue codes; not confirmed SAP master data.",
            "physicalStatus": null
          }
        },
        "demoRelatedRecords": {
          "areaMeasurements": [
            {
              "buildingIds": [
                "1080/5210/AA"
              ],
              "validFrom": "2026-09-22T00:00:00Z",
              "validUntil": null,
              "areaMeasurementId": "4a282380-b415-53d6-b4a4-51f5d548ef16",
              "type": "Geschossfläche GF",
              "value": 5700,
              "unit": "m²",
              "bmEstimation": true,
              "accuracy": "Geschätzt",
              "accuracyCode": "GESCHAETZT",
              "standard": "SIA 416",
              "standardCode": "SIA_416",
              "legacyId": "DEMO-5210-GF",
              "extensionData": {
                "code": "GF",
                "standardDetail": "SIA 416:2003",
                "dataStatus": "synthetic-demo",
                "source": "Plausibles Demo-Szenario",
                "sourceUrl": null,
                "scope": "Historic palace plus 2000 extension. BBL lists 2,897 + 2,804 m² under SIA 116; the 5,700 m² SIA 416 scenario is an estimate, not a relabelled measured area.",
                "originalUnit": "m²",
                "assumption": "Independently modelled measurement basis; no certified survey or universal SIA/RICS conversion."
              }
            },
            {
              "buildingIds": [
                "1080/5210/AA"
              ],
              "validFrom": "2026-09-22T00:00:00Z",
              "validUntil": null,
              "areaMeasurementId": "5da0af06-935a-556a-aba6-7abdfa44d62c",
              "type": "Geschossfläche oberirdisch",
              "value": 4560,
              "unit": "m²",
              "bmEstimation": true,
              "accuracy": "Geschätzt",
              "accuracyCode": "GESCHAETZT",
              "standard": "SIA 416",
              "standardCode": "SIA_416",
              "legacyId": "DEMO-5210-GFO",
              "extensionData": {
                "code": "GFO",
                "standardDetail": "SIA 416:2003",
                "dataStatus": "synthetic-demo",
                "source": "Plausibles Demo-Szenario",
                "sourceUrl": null,
                "scope": "Historic palace plus 2000 extension. BBL lists 2,897 + 2,804 m² under SIA 116; the 5,700 m² SIA 416 scenario is an estimate, not a relabelled measured area.",
                "originalUnit": "m²",
                "assumption": "Independently modelled measurement basis; no certified survey or universal SIA/RICS conversion."
              }
            },
            {
              "buildingIds": [
                "1080/5210/AA"
              ],
              "validFrom": "2026-09-22T00:00:00Z",
              "validUntil": null,
              "areaMeasurementId": "6668d438-a8a4-5bea-b887-9125fe8dd17a",
              "type": "Geschossfläche unterirdisch",
              "value": 1140,
              "unit": "m²",
              "bmEstimation": true,
              "accuracy": "Geschätzt",
              "accuracyCode": "GESCHAETZT",
              "standard": "SIA 416",
              "standardCode": "SIA_416",
              "legacyId": "DEMO-5210-GFU",
              "extensionData": {
                "code": "GFU",
                "standardDetail": "SIA 416:2003",
                "dataStatus": "synthetic-demo",
                "source": "Plausibles Demo-Szenario",
                "sourceUrl": null,
                "scope": "Historic palace plus 2000 extension. BBL lists 2,897 + 2,804 m² under SIA 116; the 5,700 m² SIA 416 scenario is an estimate, not a relabelled measured area.",
                "originalUnit": "m²",
                "assumption": "Independently modelled measurement basis; no certified survey or universal SIA/RICS conversion."
              }
            },
            {
              "buildingIds": [
                "1080/5210/AA"
              ],
              "validFrom": "2026-09-22T00:00:00Z",
              "validUntil": null,
              "areaMeasurementId": "8754e5b1-04cd-5347-ad8d-f98e6c0104a8",
              "type": "Konstruktionsfläche KF",
              "value": 1168,
              "unit": "m²",
              "bmEstimation": true,
              "accuracy": "Geschätzt",
              "accuracyCode": "GESCHAETZT",
              "standard": "SIA 416",
              "standardCode": "SIA_416",
              "legacyId": "DEMO-5210-KF",
              "extensionData": {
                "code": "KF",
                "standardDetail": "SIA 416:2003",
                "dataStatus": "synthetic-demo",
                "source": "Plausibles Demo-Szenario",
                "sourceUrl": null,
                "scope": "Historic palace plus 2000 extension. BBL lists 2,897 + 2,804 m² under SIA 116; the 5,700 m² SIA 416 scenario is an estimate, not a relabelled measured area.",
                "originalUnit": "m²",
                "assumption": "Independently modelled measurement basis; no certified survey or universal SIA/RICS conversion."
              }
            },
            {
              "buildingIds": [
                "1080/5210/AA"
              ],
              "validFrom": "2026-09-22T00:00:00Z",
              "validUntil": null,
              "areaMeasurementId": "d4dfd39c-a4bc-5c9c-b8a4-dd92f4af6697",
              "type": "Nettogeschossfläche NGF",
              "value": 4532,
              "unit": "m²",
              "bmEstimation": true,
              "accuracy": "Geschätzt",
              "accuracyCode": "GESCHAETZT",
              "standard": "SIA 416",
              "standardCode": "SIA_416",
              "legacyId": "DEMO-5210-NGF",
              "extensionData": {
                "code": "NGF",
                "standardDetail": "SIA 416:2003",
                "dataStatus": "synthetic-demo",
                "source": "Plausibles Demo-Szenario",
                "sourceUrl": null,
                "scope": "Historic palace plus 2000 extension. BBL lists 2,897 + 2,804 m² under SIA 116; the 5,700 m² SIA 416 scenario is an estimate, not a relabelled measured area.",
                "originalUnit": "m²",
                "assumption": "Independently modelled measurement basis; no certified survey or universal SIA/RICS conversion."
              }
            },
            {
              "buildingIds": [
                "1080/5210/AA"
              ],
              "validFrom": "2026-09-22T00:00:00Z",
              "validUntil": null,
              "areaMeasurementId": "22d40600-26a8-5fd2-8f1e-ebd807d0c5ba",
              "type": "Nutzfläche NF",
              "value": 3591,
              "unit": "m²",
              "bmEstimation": true,
              "accuracy": "Geschätzt",
              "accuracyCode": "GESCHAETZT",
              "standard": "SIA 416",
              "standardCode": "SIA_416",
              "legacyId": "DEMO-5210-NF",
              "extensionData": {
                "code": "NF",
                "standardDetail": "SIA 416:2003",
                "dataStatus": "synthetic-demo",
                "source": "Plausibles Demo-Szenario",
                "sourceUrl": null,
                "scope": "Historic palace plus 2000 extension. BBL lists 2,897 + 2,804 m² under SIA 116; the 5,700 m² SIA 416 scenario is an estimate, not a relabelled measured area.",
                "originalUnit": "m²",
                "assumption": "Independently modelled measurement basis; no certified survey or universal SIA/RICS conversion."
              }
            },
            {
              "buildingIds": [
                "1080/5210/AA"
              ],
              "validFrom": "2026-09-22T00:00:00Z",
              "validUntil": null,
              "areaMeasurementId": "7d3775d9-6c81-50e7-95b0-318452a80a97",
              "type": "Hauptnutzfläche HNF",
              "value": 3016,
              "unit": "m²",
              "bmEstimation": true,
              "accuracy": "Geschätzt",
              "accuracyCode": "GESCHAETZT",
              "standard": "SIA 416",
              "standardCode": "SIA_416",
              "legacyId": "DEMO-5210-HNF",
              "extensionData": {
                "code": "HNF",
                "standardDetail": "SIA 416:2003",
                "dataStatus": "synthetic-demo",
                "source": "Plausibles Demo-Szenario",
                "sourceUrl": null,
                "scope": "Historic palace plus 2000 extension. BBL lists 2,897 + 2,804 m² under SIA 116; the 5,700 m² SIA 416 scenario is an estimate, not a relabelled measured area.",
                "originalUnit": "m²",
                "assumption": "Independently modelled measurement basis; no certified survey or universal SIA/RICS conversion."
              }
            },
            {
              "buildingIds": [
                "1080/5210/AA"
              ],
              "validFrom": "2026-09-22T00:00:00Z",
              "validUntil": null,
              "areaMeasurementId": "fdeccb0e-ae51-5b8f-82e3-10903bc8d702",
              "type": "Nebennutzfläche NNF",
              "value": 575,
              "unit": "m²",
              "bmEstimation": true,
              "accuracy": "Geschätzt",
              "accuracyCode": "GESCHAETZT",
              "standard": "SIA 416",
              "standardCode": "SIA_416",
              "legacyId": "DEMO-5210-NNF",
              "extensionData": {
                "code": "NNF",
                "standardDetail": "SIA 416:2003",
                "dataStatus": "synthetic-demo",
                "source": "Plausibles Demo-Szenario",
                "sourceUrl": null,
                "scope": "Historic palace plus 2000 extension. BBL lists 2,897 + 2,804 m² under SIA 116; the 5,700 m² SIA 416 scenario is an estimate, not a relabelled measured area.",
                "originalUnit": "m²",
                "assumption": "Independently modelled measurement basis; no certified survey or universal SIA/RICS conversion."
              }
            },
            {
              "buildingIds": [
                "1080/5210/AA"
              ],
              "validFrom": "2026-09-22T00:00:00Z",
              "validUntil": null,
              "areaMeasurementId": "9644b22d-11ae-55f7-9230-18990c87dc6f",
              "type": "Funktionsfläche FF",
              "value": 200,
              "unit": "m²",
              "bmEstimation": true,
              "accuracy": "Geschätzt",
              "accuracyCode": "GESCHAETZT",
              "standard": "SIA 416",
              "standardCode": "SIA_416",
              "legacyId": "DEMO-5210-FF",
              "extensionData": {
                "code": "FF",
                "standardDetail": "SIA 416:2003",
                "dataStatus": "synthetic-demo",
                "source": "Plausibles Demo-Szenario",
                "sourceUrl": null,
                "scope": "Historic palace plus 2000 extension. BBL lists 2,897 + 2,804 m² under SIA 116; the 5,700 m² SIA 416 scenario is an estimate, not a relabelled measured area.",
                "originalUnit": "m²",
                "assumption": "Independently modelled measurement basis; no certified survey or universal SIA/RICS conversion."
              }
            },
            {
              "buildingIds": [
                "1080/5210/AA"
              ],
              "validFrom": "2026-09-22T00:00:00Z",
              "validUntil": null,
              "areaMeasurementId": "86f83864-8f41-54e9-b684-efab0fa3ef13",
              "type": "Verkehrsfläche VF",
              "value": 741,
              "unit": "m²",
              "bmEstimation": true,
              "accuracy": "Geschätzt",
              "accuracyCode": "GESCHAETZT",
              "standard": "SIA 416",
              "standardCode": "SIA_416",
              "legacyId": "DEMO-5210-VF",
              "extensionData": {
                "code": "VF",
                "standardDetail": "SIA 416:2003",
                "dataStatus": "synthetic-demo",
                "source": "Plausibles Demo-Szenario",
                "sourceUrl": null,
                "scope": "Historic palace plus 2000 extension. BBL lists 2,897 + 2,804 m² under SIA 116; the 5,700 m² SIA 416 scenario is an estimate, not a relabelled measured area.",
                "originalUnit": "m²",
                "assumption": "Independently modelled measurement basis; no certified survey or universal SIA/RICS conversion."
              }
            },
            {
              "buildingIds": [
                "1080/5210/AA"
              ],
              "validFrom": "2026-09-22T00:00:00Z",
              "validUntil": null,
              "areaMeasurementId": "f1273c58-c96b-5150-9e4b-4d9f03648a87",
              "type": "Gebäudevolumen GV",
              "value": 23000,
              "unit": "m³",
              "bmEstimation": true,
              "accuracy": "Geschätzt",
              "accuracyCode": "GESCHAETZT",
              "standard": "SIA 416",
              "standardCode": "SIA_416",
              "legacyId": "DEMO-5210-GV",
              "extensionData": {
                "code": "GV",
                "standardDetail": "SIA 416:2003",
                "dataStatus": "synthetic-demo",
                "source": "Plausibles Demo-Szenario",
                "sourceUrl": null,
                "scope": "Historic palace plus 2000 extension. BBL lists 2,897 + 2,804 m² under SIA 116; the 5,700 m² SIA 416 scenario is an estimate, not a relabelled measured area.",
                "originalUnit": "m³",
                "assumption": "Independently modelled measurement basis; no certified survey or universal SIA/RICS conversion."
              }
            },
            {
              "buildingIds": [
                "1080/5210/AA"
              ],
              "validFrom": "2026-09-22T00:00:00Z",
              "validUntil": null,
              "areaMeasurementId": "0f21bcba-714a-5105-8865-5a994a9e43e7",
              "type": "Gebäudevolumen oberirdisch",
              "value": 18400,
              "unit": "m³",
              "bmEstimation": true,
              "accuracy": "Geschätzt",
              "accuracyCode": "GESCHAETZT",
              "standard": "SIA 416",
              "standardCode": "SIA_416",
              "legacyId": "DEMO-5210-GVO",
              "extensionData": {
                "code": "GVO",
                "standardDetail": "SIA 416:2003",
                "dataStatus": "synthetic-demo",
                "source": "Plausibles Demo-Szenario",
                "sourceUrl": null,
                "scope": "Historic palace plus 2000 extension. BBL lists 2,897 + 2,804 m² under SIA 116; the 5,700 m² SIA 416 scenario is an estimate, not a relabelled measured area.",
                "originalUnit": "m³",
                "assumption": "Independently modelled measurement basis; no certified survey or universal SIA/RICS conversion."
              }
            },
            {
              "buildingIds": [
                "1080/5210/AA"
              ],
              "validFrom": "2026-09-22T00:00:00Z",
              "validUntil": null,
              "areaMeasurementId": "7811b790-5851-5d8f-9d60-dba89a8be3c6",
              "type": "Gebäudevolumen unterirdisch",
              "value": 4600,
              "unit": "m³",
              "bmEstimation": true,
              "accuracy": "Geschätzt",
              "accuracyCode": "GESCHAETZT",
              "standard": "SIA 416",
              "standardCode": "SIA_416",
              "legacyId": "DEMO-5210-GVU",
              "extensionData": {
                "code": "GVU",
                "standardDetail": "SIA 416:2003",
                "dataStatus": "synthetic-demo",
                "source": "Plausibles Demo-Szenario",
                "sourceUrl": null,
                "scope": "Historic palace plus 2000 extension. BBL lists 2,897 + 2,804 m² under SIA 116; the 5,700 m² SIA 416 scenario is an estimate, not a relabelled measured area.",
                "originalUnit": "m³",
                "assumption": "Independently modelled measurement basis; no certified survey or universal SIA/RICS conversion."
              }
            },
            {
              "buildingIds": [
                "1080/5210/AA"
              ],
              "validFrom": "2026-09-22T00:00:00Z",
              "validUntil": null,
              "areaMeasurementId": "7660e0db-d87f-50cb-baa0-e9a861a460d8",
              "type": "Grundstücksfläche GSF",
              "value": 2100,
              "unit": "m²",
              "bmEstimation": true,
              "accuracy": "Geschätzt",
              "accuracyCode": "GESCHAETZT",
              "standard": "SIA 416",
              "standardCode": "SIA_416",
              "legacyId": "DEMO-5210-GSF",
              "extensionData": {
                "code": "GSF",
                "standardDetail": "SIA 416:2003",
                "dataStatus": "synthetic-demo",
                "source": "Plausibles Demo-Szenario",
                "sourceUrl": null,
                "scope": "Historic palace plus 2000 extension. BBL lists 2,897 + 2,804 m² under SIA 116; the 5,700 m² SIA 416 scenario is an estimate, not a relabelled measured area.",
                "originalUnit": "m²",
                "assumption": "Independently modelled measurement basis; no certified survey or universal SIA/RICS conversion."
              }
            },
            {
              "buildingIds": [
                "1080/5210/AA"
              ],
              "validFrom": "2026-09-22T00:00:00Z",
              "validUntil": null,
              "areaMeasurementId": "6d27cf0a-d555-5ef0-b911-b01704be93a1",
              "type": "Gebäudegrundfläche GGF",
              "value": 1140,
              "unit": "m²",
              "bmEstimation": true,
              "accuracy": "Geschätzt",
              "accuracyCode": "GESCHAETZT",
              "standard": "SIA 416",
              "standardCode": "SIA_416",
              "legacyId": "DEMO-5210-GGF",
              "extensionData": {
                "code": "GGF",
                "standardDetail": "SIA 416:2003",
                "dataStatus": "synthetic-demo",
                "source": "Plausibles Demo-Szenario",
                "sourceUrl": null,
                "scope": "Historic palace plus 2000 extension. BBL lists 2,897 + 2,804 m² under SIA 116; the 5,700 m² SIA 416 scenario is an estimate, not a relabelled measured area.",
                "originalUnit": "m²",
                "assumption": "Independently modelled measurement basis; no certified survey or universal SIA/RICS conversion."
              }
            },
            {
              "buildingIds": [
                "1080/5210/AA"
              ],
              "validFrom": "2026-09-22T00:00:00Z",
              "validUntil": null,
              "areaMeasurementId": "6882f3e7-9f1d-52bd-aced-fd810949e89e",
              "type": "Umgebungsfläche UF",
              "value": 960,
              "unit": "m²",
              "bmEstimation": true,
              "accuracy": "Geschätzt",
              "accuracyCode": "GESCHAETZT",
              "standard": "SIA 416",
              "standardCode": "SIA_416",
              "legacyId": "DEMO-5210-UF",
              "extensionData": {
                "code": "UF",
                "standardDetail": "SIA 416:2003",
                "dataStatus": "synthetic-demo",
                "source": "Plausibles Demo-Szenario",
                "sourceUrl": null,
                "scope": "Historic palace plus 2000 extension. BBL lists 2,897 + 2,804 m² under SIA 116; the 5,700 m² SIA 416 scenario is an estimate, not a relabelled measured area.",
                "originalUnit": "m²",
                "assumption": "Independently modelled measurement basis; no certified survey or universal SIA/RICS conversion."
              }
            },
            {
              "buildingIds": [
                "1080/5210/AA"
              ],
              "validFrom": "2026-09-22T00:00:00Z",
              "validUntil": null,
              "areaMeasurementId": "2de24129-5650-5d1e-9d56-1887317a217e",
              "type": "Gross External Area (GEA)",
              "value": 5700,
              "unit": "m²",
              "bmEstimation": true,
              "accuracy": "Geschätzt",
              "accuracyCode": "GESCHAETZT",
              "standard": "Andere dokumentierte Regel",
              "standardCode": "ANDERE_REGEL",
              "legacyId": "DEMO-5210-GEA",
              "extensionData": {
                "code": "GEA",
                "standardDetail": "RICS Code of Measuring Practice, 6th edition (2015)",
                "dataStatus": "synthetic-demo",
                "source": "Plausibles Demo-Szenario",
                "sourceUrl": null,
                "scope": "Historic palace plus 2000 extension. BBL lists 2,897 + 2,804 m² under SIA 116; the 5,700 m² SIA 416 scenario is an estimate, not a relabelled measured area.",
                "originalUnit": "m²",
                "assumption": "Independently modelled measurement basis; no certified survey or universal SIA/RICS conversion."
              }
            },
            {
              "buildingIds": [
                "1080/5210/AA"
              ],
              "validFrom": "2026-09-22T00:00:00Z",
              "validUntil": null,
              "areaMeasurementId": "4b32600a-8d98-5c35-9b35-7f244ca134e0",
              "type": "Gross Internal Area (GIA)",
              "value": 5330,
              "unit": "m²",
              "bmEstimation": true,
              "accuracy": "Geschätzt",
              "accuracyCode": "GESCHAETZT",
              "standard": "Andere dokumentierte Regel",
              "standardCode": "ANDERE_REGEL",
              "legacyId": "DEMO-5210-GIA",
              "extensionData": {
                "code": "GIA",
                "standardDetail": "RICS Code of Measuring Practice, 6th edition (2015)",
                "dataStatus": "synthetic-demo",
                "source": "Plausibles Demo-Szenario",
                "sourceUrl": null,
                "scope": "Historic palace plus 2000 extension. BBL lists 2,897 + 2,804 m² under SIA 116; the 5,700 m² SIA 416 scenario is an estimate, not a relabelled measured area.",
                "originalUnit": "m²",
                "assumption": "Independently modelled measurement basis; no certified survey or universal SIA/RICS conversion."
              }
            },
            {
              "buildingIds": [
                "1080/5210/AA"
              ],
              "validFrom": "2026-09-22T00:00:00Z",
              "validUntil": null,
              "areaMeasurementId": "f1241a93-bdb9-50f7-bf00-a47000985579",
              "type": "Net Internal Area (NIA)",
              "value": 3340,
              "unit": "m²",
              "bmEstimation": true,
              "accuracy": "Geschätzt",
              "accuracyCode": "GESCHAETZT",
              "standard": "Andere dokumentierte Regel",
              "standardCode": "ANDERE_REGEL",
              "legacyId": "DEMO-5210-NIA",
              "extensionData": {
                "code": "NIA",
                "standardDetail": "RICS Code of Measuring Practice, 6th edition (2015)",
                "dataStatus": "synthetic-demo",
                "source": "Plausibles Demo-Szenario",
                "sourceUrl": null,
                "scope": "Historic palace plus 2000 extension. BBL lists 2,897 + 2,804 m² under SIA 116; the 5,700 m² SIA 416 scenario is an estimate, not a relabelled measured area.",
                "originalUnit": "m²",
                "assumption": "Independently modelled measurement basis; no certified survey or universal SIA/RICS conversion."
              }
            }
          ],
          "documents": [
            {
              "buildingIds": [
                "1080/5210/AA"
              ],
              "validFrom": null,
              "validUntil": null,
              "documentId": "83fe7435-d8d5-5895-a5f0-380dbe04ebd8",
              "name": "BBL Bautendokumentation – Schweizer Botschaft Berlin",
              "type": "Publikation",
              "documentTypeCode": "O12001",
              "fileFormat": "PDF",
              "fileSize": "3.78 MB",
              "url": "https://www.bbl.admin.ch/dam/de/sd-web/6KztH5h4iF7L/20001201_Berlin%2C%20Deutschland%2C%20Schweizerische%20Botschaft_DE.pdf",
              "description": "Öffentliche BBL-Publikation; historischer Projektstand.",
              "version": "Publizierte Fassung",
              "legacyId": "DEMO-5210-O12001",
              "extensionData": {
                "dataStatus": "public-source",
                "availability": "external-publication",
                "catalogue": "KBOB/IPB Anhang C, Version 2016-01",
                "catalogueUrl": "https://www.kbob.admin.ch/dam/de/sd-web/rVvtgYM1wFVT/20171024_KBOB-IPB_Anhang_C_-_Dokumenttypenkatalog_2016_DE.pdf",
                "documentTypeCode": "O12001"
              }
            },
            {
              "buildingIds": [
                "1080/5210/AA"
              ],
              "validFrom": "2026-09-22T00:00:00Z",
              "validUntil": null,
              "documentId": "14002180-b3f6-500f-9af3-f94eea13634c",
              "name": "Flächen/Volumenberechnung 2026 – Schweizer Botschaft Berlin (Demo)",
              "type": "Flächen/Volumenberechnung",
              "documentTypeCode": "B14005",
              "fileFormat": "PDF",
              "fileSize": null,
              "url": null,
              "description": "Fiktiver Dokumentregistereintrag; keine Originaldatei vorhanden.",
              "version": "0.1 Demo",
              "legacyId": "DEMO-5210-B14005",
              "extensionData": {
                "dataStatus": "synthetic-demo",
                "availability": "metadata-only",
                "catalogue": "KBOB/IPB Anhang C, Version 2016-01",
                "catalogueUrl": "https://www.kbob.admin.ch/dam/de/sd-web/rVvtgYM1wFVT/20171024_KBOB-IPB_Anhang_C_-_Dokumenttypenkatalog_2016_DE.pdf",
                "documentTypeCode": "B14005"
              }
            },
            {
              "buildingIds": [
                "1080/5210/AA"
              ],
              "validFrom": "2026-09-22T00:00:00Z",
              "validUntil": null,
              "documentId": "97fcacba-d69a-5bb5-855e-8ec551a68d61",
              "name": "Wartungsplan 2026 – Schweizer Botschaft Berlin (Demo)",
              "type": "Wartungsplan",
              "documentTypeCode": "O07003",
              "fileFormat": "PDF",
              "fileSize": null,
              "url": null,
              "description": "Fiktiver Dokumentregistereintrag; keine Originaldatei vorhanden.",
              "version": "0.1 Demo",
              "legacyId": "DEMO-5210-O07003",
              "extensionData": {
                "dataStatus": "synthetic-demo",
                "availability": "metadata-only",
                "catalogue": "KBOB/IPB Anhang C, Version 2016-01",
                "catalogueUrl": "https://www.kbob.admin.ch/dam/de/sd-web/rVvtgYM1wFVT/20171024_KBOB-IPB_Anhang_C_-_Dokumenttypenkatalog_2016_DE.pdf",
                "documentTypeCode": "O07003"
              }
            },
            {
              "buildingIds": [
                "1080/5210/AA"
              ],
              "validFrom": "2026-09-22T00:00:00Z",
              "validUntil": null,
              "documentId": "ff0f178d-9bb1-55b2-81d9-a376c823c6fa",
              "name": "Betriebsführungshandbuch 2026 – Schweizer Botschaft Berlin (Demo)",
              "type": "Betriebsführungshandbuch",
              "documentTypeCode": "O03001",
              "fileFormat": "PDF",
              "fileSize": null,
              "url": null,
              "description": "Fiktiver Dokumentregistereintrag; keine Originaldatei vorhanden.",
              "version": "0.1 Demo",
              "legacyId": "DEMO-5210-O03001",
              "extensionData": {
                "dataStatus": "synthetic-demo",
                "availability": "metadata-only",
                "catalogue": "KBOB/IPB Anhang C, Version 2016-01",
                "catalogueUrl": "https://www.kbob.admin.ch/dam/de/sd-web/rVvtgYM1wFVT/20171024_KBOB-IPB_Anhang_C_-_Dokumenttypenkatalog_2016_DE.pdf",
                "documentTypeCode": "O03001"
              }
            },
            {
              "buildingIds": [
                "1080/5210/AA"
              ],
              "validFrom": "2026-09-22T00:00:00Z",
              "validUntil": null,
              "documentId": "068439a9-3342-507a-8ef9-1af3c1a67353",
              "name": "Kostenstatistik 2026 – Schweizer Botschaft Berlin (Demo)",
              "type": "Kostenstatistik",
              "documentTypeCode": "B14102",
              "fileFormat": "PDF",
              "fileSize": null,
              "url": null,
              "description": "Fiktiver Dokumentregistereintrag; keine Originaldatei vorhanden.",
              "version": "0.1 Demo",
              "legacyId": "DEMO-5210-B14102",
              "extensionData": {
                "dataStatus": "synthetic-demo",
                "availability": "metadata-only",
                "catalogue": "KBOB/IPB Anhang C, Version 2016-01",
                "catalogueUrl": "https://www.kbob.admin.ch/dam/de/sd-web/rVvtgYM1wFVT/20171024_KBOB-IPB_Anhang_C_-_Dokumenttypenkatalog_2016_DE.pdf",
                "documentTypeCode": "B14102"
              }
            },
            {
              "buildingIds": [
                "1080/5210/AA"
              ],
              "validFrom": "2026-09-22T00:00:00Z",
              "validUntil": null,
              "documentId": "a1092e2d-d6b9-580c-a508-f9caad3a12f8",
              "name": "Energiestatistik 2026 – Schweizer Botschaft Berlin (Demo)",
              "type": "Energiestatistik",
              "documentTypeCode": "B14103",
              "fileFormat": "PDF",
              "fileSize": null,
              "url": null,
              "description": "Fiktiver Dokumentregistereintrag; keine Originaldatei vorhanden.",
              "version": "0.1 Demo",
              "legacyId": "DEMO-5210-B14103",
              "extensionData": {
                "dataStatus": "synthetic-demo",
                "availability": "metadata-only",
                "catalogue": "KBOB/IPB Anhang C, Version 2016-01",
                "catalogueUrl": "https://www.kbob.admin.ch/dam/de/sd-web/rVvtgYM1wFVT/20171024_KBOB-IPB_Anhang_C_-_Dokumenttypenkatalog_2016_DE.pdf",
                "documentTypeCode": "B14103"
              }
            }
          ],
          "contacts": [
            {
              "buildingIds": [
                "1080/5210/AA"
              ],
              "validFrom": "2026-09-22T00:00:00Z",
              "validUntil": null,
              "contactId": "6e931de4-2832-5a33-be0d-bb7a23de5af7",
              "name": "Levin Feldmann (Demo)",
              "role": "Objektverantwortung",
              "organisation": "Portfolio Team (Demo)",
              "phone": null,
              "email": "berlin.1@example.invalid",
              "isPrimary": true,
              "legacyId": "DEMO-5210-K1",
              "extensionData": {
                "dataStatus": "synthetic-demo",
                "isFictionalPerson": true
              }
            },
            {
              "buildingIds": [
                "1080/5210/AA"
              ],
              "validFrom": "2026-09-22T00:00:00Z",
              "validUntil": null,
              "contactId": "b58286ea-14be-5c61-a2bc-a0e2d21dd27a",
              "name": "Lina Linden (Demo)",
              "role": "Portfoliomanagement",
              "organisation": "Portfolio Team (Demo)",
              "phone": null,
              "email": "berlin.2@example.invalid",
              "isPrimary": false,
              "legacyId": "DEMO-5210-K2",
              "extensionData": {
                "dataStatus": "synthetic-demo",
                "isFictionalPerson": true
              }
            },
            {
              "buildingIds": [
                "1080/5210/AA"
              ],
              "validFrom": "2026-09-22T00:00:00Z",
              "validUntil": null,
              "contactId": "dd58c99f-645f-5880-89aa-5d8067063419",
              "name": "Jonas Auer (Demo)",
              "role": "Facility Management",
              "organisation": "Arealservice Muster AG (fiktiv)",
              "phone": null,
              "email": "berlin.3@example.invalid",
              "isPrimary": false,
              "legacyId": "DEMO-5210-K3",
              "extensionData": {
                "dataStatus": "synthetic-demo",
                "isFictionalPerson": true
              }
            }
          ],
          "costs": [
            {
              "costId": "a8faf842-21b7-505f-8c89-9a4f1cfc0189",
              "buildingIds": [
                "1080/5210/AA"
              ],
              "costGroup": "23",
              "costType": "Elektroanlagen",
              "amount": 726800,
              "unit": "CHF",
              "currency": "CHF",
              "period": "Einmalig",
              "referenceDate": "2026-09-22T00:00:00Z",
              "legacyId": "DEMO-5210-C1",
              "extensionData": {
                "dataStatus": "synthetic-demo",
                "budgetYear": 2026,
                "costCenter": "DEMO-5210",
                "classification": "BKP",
                "standard": "SN 506 500:2017",
                "classificationSourceUrl": "https://www.crb.ch/de/normen-standards/baukostenplane/baukostenplan-bkp",
                "groupSourceUrl": "https://www.stadt-zuerich.ch/content/dam/web/de/politik-verwaltung/statistik-und-daten/publikationen-dienstleistungen/publikationen/periodika/zuercher-index-der-wohnbaupreise/ZIW_2019_Web.pdf",
                "project": "Erneuerung Gebäudetechnik und Innenausbau (Demo)",
                "scope": "Selected BKP work packages only; not a complete project budget or actual BBL project.",
                "basis": "Invented one-off CHF scenario, excluding VAT; not actual expenditure, a cost benchmark or FX conversion.",
                "rateCHFPerGF": 127.5,
                "quantityGF": 5700
              }
            },
            {
              "costId": "541f91b6-ceb8-5f8f-bbc2-13ccf5ba4977",
              "buildingIds": [
                "1080/5210/AA"
              ],
              "costGroup": "24",
              "costType": "Heizungs-, Lüftungs- und Klimaanlagen",
              "amount": 872100,
              "unit": "CHF",
              "currency": "CHF",
              "period": "Einmalig",
              "referenceDate": "2026-09-22T00:00:00Z",
              "legacyId": "DEMO-5210-C2",
              "extensionData": {
                "dataStatus": "synthetic-demo",
                "budgetYear": 2026,
                "costCenter": "DEMO-5210",
                "classification": "BKP",
                "standard": "SN 506 500:2017",
                "classificationSourceUrl": "https://www.crb.ch/de/normen-standards/baukostenplane/baukostenplan-bkp",
                "groupSourceUrl": "https://www.stadt-zuerich.ch/content/dam/web/de/politik-verwaltung/statistik-und-daten/publikationen-dienstleistungen/publikationen/periodika/zuercher-index-der-wohnbaupreise/ZIW_2019_Web.pdf",
                "project": "Erneuerung Gebäudetechnik und Innenausbau (Demo)",
                "scope": "Selected BKP work packages only; not a complete project budget or actual BBL project.",
                "basis": "Invented one-off CHF scenario, excluding VAT; not actual expenditure, a cost benchmark or FX conversion.",
                "rateCHFPerGF": 153.0,
                "quantityGF": 5700
              }
            },
            {
              "costId": "112849ad-99ac-5aae-ae03-c23eaa6037d7",
              "buildingIds": [
                "1080/5210/AA"
              ],
              "costGroup": "25",
              "costType": "Sanitäranlagen",
              "amount": 339200,
              "unit": "CHF",
              "currency": "CHF",
              "period": "Einmalig",
              "referenceDate": "2026-09-22T00:00:00Z",
              "legacyId": "DEMO-5210-C3",
              "extensionData": {
                "dataStatus": "synthetic-demo",
                "budgetYear": 2026,
                "costCenter": "DEMO-5210",
                "classification": "BKP",
                "standard": "SN 506 500:2017",
                "classificationSourceUrl": "https://www.crb.ch/de/normen-standards/baukostenplane/baukostenplan-bkp",
                "groupSourceUrl": "https://www.stadt-zuerich.ch/content/dam/web/de/politik-verwaltung/statistik-und-daten/publikationen-dienstleistungen/publikationen/periodika/zuercher-index-der-wohnbaupreise/ZIW_2019_Web.pdf",
                "project": "Erneuerung Gebäudetechnik und Innenausbau (Demo)",
                "scope": "Selected BKP work packages only; not a complete project budget or actual BBL project.",
                "basis": "Invented one-off CHF scenario, excluding VAT; not actual expenditure, a cost benchmark or FX conversion.",
                "rateCHFPerGF": 59.5,
                "quantityGF": 5700
              }
            },
            {
              "costId": "a53536bf-e00d-5e61-b5e7-d22a91a8859e",
              "buildingIds": [
                "1080/5210/AA"
              ],
              "costGroup": "27",
              "costType": "Ausbau 1",
              "amount": 1162800,
              "unit": "CHF",
              "currency": "CHF",
              "period": "Einmalig",
              "referenceDate": "2026-09-22T00:00:00Z",
              "legacyId": "DEMO-5210-C4",
              "extensionData": {
                "dataStatus": "synthetic-demo",
                "budgetYear": 2026,
                "costCenter": "DEMO-5210",
                "classification": "BKP",
                "standard": "SN 506 500:2017",
                "classificationSourceUrl": "https://www.crb.ch/de/normen-standards/baukostenplane/baukostenplan-bkp",
                "groupSourceUrl": "https://www.stadt-zuerich.ch/content/dam/web/de/politik-verwaltung/statistik-und-daten/publikationen-dienstleistungen/publikationen/periodika/zuercher-index-der-wohnbaupreise/ZIW_2019_Web.pdf",
                "project": "Erneuerung Gebäudetechnik und Innenausbau (Demo)",
                "scope": "Selected BKP work packages only; not a complete project budget or actual BBL project.",
                "basis": "Invented one-off CHF scenario, excluding VAT; not actual expenditure, a cost benchmark or FX conversion.",
                "rateCHFPerGF": 204.0,
                "quantityGF": 5700
              }
            },
            {
              "costId": "1775ab1a-6cb1-5834-a110-15123df4bd62",
              "buildingIds": [
                "1080/5210/AA"
              ],
              "costGroup": "28",
              "costType": "Ausbau 2",
              "amount": 872100,
              "unit": "CHF",
              "currency": "CHF",
              "period": "Einmalig",
              "referenceDate": "2026-09-22T00:00:00Z",
              "legacyId": "DEMO-5210-C5",
              "extensionData": {
                "dataStatus": "synthetic-demo",
                "budgetYear": 2026,
                "costCenter": "DEMO-5210",
                "classification": "BKP",
                "standard": "SN 506 500:2017",
                "classificationSourceUrl": "https://www.crb.ch/de/normen-standards/baukostenplane/baukostenplan-bkp",
                "groupSourceUrl": "https://www.stadt-zuerich.ch/content/dam/web/de/politik-verwaltung/statistik-und-daten/publikationen-dienstleistungen/publikationen/periodika/zuercher-index-der-wohnbaupreise/ZIW_2019_Web.pdf",
                "project": "Erneuerung Gebäudetechnik und Innenausbau (Demo)",
                "scope": "Selected BKP work packages only; not a complete project budget or actual BBL project.",
                "basis": "Invented one-off CHF scenario, excluding VAT; not actual expenditure, a cost benchmark or FX conversion.",
                "rateCHFPerGF": 153.0,
                "quantityGF": 5700
              }
            },
            {
              "costId": "b9446405-86b3-5446-847d-37a207aa88e5",
              "buildingIds": [
                "1080/5210/AA"
              ],
              "costGroup": "29",
              "costType": "Honorare",
              "amount": 581400,
              "unit": "CHF",
              "currency": "CHF",
              "period": "Einmalig",
              "referenceDate": "2026-09-22T00:00:00Z",
              "legacyId": "DEMO-5210-C6",
              "extensionData": {
                "dataStatus": "synthetic-demo",
                "budgetYear": 2026,
                "costCenter": "DEMO-5210",
                "classification": "BKP",
                "standard": "SN 506 500:2017",
                "classificationSourceUrl": "https://www.crb.ch/de/normen-standards/baukostenplane/baukostenplan-bkp",
                "groupSourceUrl": "https://www.stadt-zuerich.ch/content/dam/web/de/politik-verwaltung/statistik-und-daten/publikationen-dienstleistungen/publikationen/periodika/zuercher-index-der-wohnbaupreise/ZIW_2019_Web.pdf",
                "project": "Erneuerung Gebäudetechnik und Innenausbau (Demo)",
                "scope": "Selected BKP work packages only; not a complete project budget or actual BBL project.",
                "basis": "Invented one-off CHF scenario, excluding VAT; not actual expenditure, a cost benchmark or FX conversion.",
                "rateCHFPerGF": 102.0,
                "quantityGF": 5700
              }
            }
          ]
        }
      },
      "geometry": {
        "type": "Point",
        "coordinates": [
          13.3712807,
          52.5211082
        ]
      }
    },
    {
      "type": "Feature",
      "properties": {
        "bbl_stat": "In Betrieb",
        "bbl_id": "9900/9002/AA",
        "bbl_buch": "9900",
        "bbl_we": "9002",
        "bbl_obj": "AA",
        "bbl_bez": "BBL – Fellerstrasse 21",
        "referenceCodes": {
          "building.ownership": "Eigentum",
          "building.portfolio": "001",
          "building.type1": "06",
          "building.type2": "06.01",
          "building.rentalModel": null,
          "building.operatingStatus": "ACTIVE",
          "building.physicalStatus": "1004"
        },
        "gwr_stat": "Bestehend",
        "adr_land": "CH",
        "adr_reg": "BE",
        "adr_ort": "Bern",
        "adr_plz": "3027",
        "adr_str": "Fellerstrasse",
        "adr_hsnr": "21",
        "adr_conct": "Fellerstrasse 21, 3027 Bern",
        "wgs84_lon": 7.38765987,
        "wgs84_lat": 46.94620118,
        "lv95_e": 2596119.31,
        "lv95_n": 1199458.62,
        "egm_elev": null,
        "bbl_eigen": "Eigentum",
        "bbl_ostr": "Erhalten",
        "bbl_mietm": null,
        "bbl_bjahr": 1966,
        "bbl_vjahr": null,
        "bbl_port": "Allgemeine Bundesverwaltung",
        "bbl_port2": "Bundesverwaltung",
        "bbl_awrt": 109200000,
        "bbl_bwrt": 69900000,
        "bbl_gbda1": "Handel und Verwaltung",
        "bbl_gbda2": "Bürobauten, Verwaltungsgebäude",
        "bbl_ovtw": "Nora Birchler (Demo)",
        "bbl_pvtw": "Noé Tanner (Demo)",
        "av_egid": "1243999",
        "av_egrid": "CH373589574684",
        "bfs_gem": "Bern",
        "bfs_gemnr": "351",
        "av_zbez": null,
        "av_znut": null,
        "bbl_hist": null,
        "bbl_arch": null,
        "kgs_kat": null,
        "kgs_nr": null,
        "garea_gf": 21000,
        "garea_gfo": 15000,
        "garea_gfu": 6000,
        "garea_acu": "GF publiziert; Aufteilung Demo",
        "garea_ngf": 15435,
        "garea_kf": 5565,
        "garea_nf": 11970,
        "garea_hnf": 10055,
        "garea_nnf": 1915,
        "garea_ff": 735,
        "garea_vf": 2730,
        "garea_vmf": null,
        "garea_ebf": null,
        "gvol_gv": 77400,
        "gvol_gvo": 55286,
        "gvol_gvu": 22114,
        "gvol_acu": "GV publiziert; Aufteilung Demo",
        "gastw": 7,
        "gastw_og": 5,
        "gastw_ug": 2,
        "gastw_acu": "Demo-Schätzung",
        "larea_ggf": 3000,
        "larea_gsf": 7551.05,
        "larea_uf": 4551.05,
        "larea_acu": "GSF aus AV; GGF/UF Demo",
        "rics_gea": 21000,
        "rics_gia": 19635,
        "rics_nia": 10893,
        "rics_standard": "RICS Code of Measuring Practice, 6th edition (2015)",
        "objectid": 3,
        "etl_ts": "2026-09-22T00:00:00Z",
        "img_url": [
          "../assets/portfolio/bbl-fellerstrasse-1.jpg",
          "../assets/portfolio/bbl-fellerstrasse-2.jpg",
          "../assets/portfolio/bbl-fellerstrasse-3.jpg"
        ],
        "photos": [
          {
            "url": "../assets/portfolio/bbl-fellerstrasse-1.jpg",
            "alt": "BBL – Fellerstrasse 21 – Aussenansicht",
            "credit": "© croci & du fresne",
            "source": "https://www.bbl.admin.ch/de/mediendatenbank",
            "scene": "exterior",
            "mediaIndex": 3,
            "kind": "public-source-photo",
            "rights": "Copyright retained by credited photographer; publicly accessible BBL source, no open licence asserted. Not covered by repository MIT licence.",
            "originalUrl": "https://prod-bbladminch-hcms-sdweb.imgix.net/dam/de/sd-web/NZEcNBbs8Zhs/Bern_Bundesamt_f%C3%BCr_Bauten_und_Logistik_03.jpg?w=1024&auto=format"
          },
          {
            "url": "../assets/portfolio/bbl-fellerstrasse-2.jpg",
            "alt": "BBL – Fellerstrasse 21 – Innenansicht",
            "credit": "© croci & du fresne",
            "source": "https://www.bbl.admin.ch/de/mediendatenbank",
            "scene": "interior",
            "mediaIndex": 6,
            "kind": "public-source-photo",
            "rights": "Copyright retained by credited photographer; publicly accessible BBL source, no open licence asserted. Not covered by repository MIT licence.",
            "originalUrl": "https://prod-bbladminch-hcms-sdweb.imgix.net/dam/de/sd-web/-1EjAYKAbgo-/Bern_Bundesamt_f%C3%BCr_Bauten_und_Logistik_06.jpg?w=1024&auto=format"
          },
          {
            "url": "../assets/portfolio/bbl-fellerstrasse-3.jpg",
            "alt": "BBL – Fellerstrasse 21 – Innenansicht",
            "credit": "© croci & du fresne",
            "source": "https://www.bbl.admin.ch/de/mediendatenbank",
            "scene": "interior",
            "mediaIndex": 8,
            "kind": "public-source-photo",
            "rights": "Copyright retained by credited photographer; publicly accessible BBL source, no open licence asserted. Not covered by repository MIT licence.",
            "originalUrl": "https://prod-bbladminch-hcms-sdweb.imgix.net/dam/de/sd-web/FgplptpxwxiZ/Bern_Bundesamt_f%C3%BCr_Bauten_und_Logistik_08.jpg?w=1024&auto=format"
          }
        ],
        "provenance": {
          "dataset": "bbl-public-portfolio-demo",
          "asOf": "2026-09-22",
          "notOfficialInventory": true,
          "factSources": {
            "identity": "https://www.bbl.admin.ch/de/mediendatenbank",
            "address": "https://www.bbl.admin.ch/dam/de/sd-web/lcmtOKfIKe6i/20100701_Bern%20Fellerstrasse%2021%2C%20Erweiterung%20und%20Sanierung_DE.pdf",
            "coordinates": "https://api3.geo.admin.ch/rest/services/ech/MapServer/ch.bfs.gebaeude_wohnungs_register/1243999_0?sr=4326&geometryFormat=geojson",
            "constructionYear": "https://www.bbl.admin.ch/dam/de/sd-web/lcmtOKfIKe6i/20100701_Bern%20Fellerstrasse%2021%2C%20Erweiterung%20und%20Sanierung_DE.pdf",
            "lastRefurbishmentYear": "https://www.bbl.admin.ch/dam/de/sd-web/lcmtOKfIKe6i/20100701_Bern%20Fellerstrasse%2021%2C%20Erweiterung%20und%20Sanierung_DE.pdf",
            "EGID": "https://api3.geo.admin.ch/rest/services/ech/MapServer/ch.bfs.gebaeude_wohnungs_register/1243999_0?sr=4326&geometryFormat=geojson",
            "EGRID": "https://api3.geo.admin.ch/rest/services/ech/MapServer/identify?geometry=7.387944%2C46.946562&geometryType=esriGeometryPoint&geometryFormat=geojson&sr=4326&layers=all%3Ach.kantone.cadastralwebmap-farbe&tolerance=0&returnGeometry=true&lang=de",
            "parcelGeometry": "https://api3.geo.admin.ch/rest/services/ech/MapServer/identify?geometry=7.387944%2C46.946562&geometryType=esriGeometryPoint&geometryFormat=geojson&sr=4326&layers=all%3Ach.kantone.cadastralwebmap-farbe&tolerance=0&returnGeometry=true&lang=de"
          },
          "geocoding": {
            "provider": "swisstopo / BFS GWR",
            "sourceUrl": "https://api3.geo.admin.ch/rest/services/ech/MapServer/ch.bfs.gebaeude_wohnungs_register/1243999_0?sr=4326&geometryFormat=geojson",
            "retrievedAt": "2026-09-22",
            "reviewed": true,
            "precision": "gwr-building-coordinate",
            "coordinateSourceCode": 901,
            "matchedAddress": "Fellerstrasse 21, 3027 Bern",
            "note": "GWR building position (GKODE/GKODN), transformed LV95 to WGS84; not the entrance point."
          },
          "scope": "2010 refurbishment project scope; offices and retained logistics spaces. Storey split is a scenario, not the publication’s aggregate storey figure.",
          "publishedMeasurements": {
            "GF": 21000,
            "GV": 77400,
            "standard": "SIA 416:2003",
            "referenceYear": 2010,
            "page": 1,
            "sourceUrl": "https://www.bbl.admin.ch/dam/de/sd-web/lcmtOKfIKe6i/20100701_Bern%20Fellerstrasse%2021%2C%20Erweiterung%20und%20Sanierung_DE.pdf"
          },
          "cadastre": {
            "egid": "1243999",
            "egrid": "CH373589574684",
            "parcelNumber": "3571",
            "municipality": "Bern",
            "municipalityNumber": 351,
            "geometry": {
              "type": "Polygon",
              "coordinates": [
                [
                  [
                    7.38691,
                    46.946568
                  ],
                  [
                    7.387115,
                    46.945796
                  ],
                  [
                    7.387189,
                    46.945805
                  ],
                  [
                    7.387564,
                    46.94584
                  ],
                  [
                    7.388233,
                    46.946011
                  ],
                  [
                    7.388322,
                    46.946028
                  ],
                  [
                    7.388157,
                    46.946648
                  ],
                  [
                    7.388131,
                    46.946645
                  ],
                  [
                    7.388105,
                    46.946642
                  ],
                  [
                    7.388079,
                    46.946639
                  ],
                  [
                    7.388053,
                    46.946636
                  ],
                  [
                    7.388027,
                    46.946633
                  ],
                  [
                    7.388001,
                    46.946631
                  ],
                  [
                    7.387974,
                    46.946628
                  ],
                  [
                    7.387948,
                    46.946625
                  ],
                  [
                    7.387922,
                    46.946623
                  ],
                  [
                    7.387896,
                    46.94662
                  ],
                  [
                    7.38787,
                    46.946618
                  ],
                  [
                    7.387844,
                    46.946615
                  ],
                  [
                    7.387818,
                    46.946613
                  ],
                  [
                    7.387791,
                    46.946611
                  ],
                  [
                    7.387765,
                    46.946608
                  ],
                  [
                    7.387739,
                    46.946606
                  ],
                  [
                    7.387713,
                    46.946604
                  ],
                  [
                    7.387687,
                    46.946602
                  ],
                  [
                    7.387661,
                    46.9466
                  ],
                  [
                    7.387635,
                    46.946598
                  ],
                  [
                    7.387609,
                    46.946596
                  ],
                  [
                    7.387583,
                    46.946594
                  ],
                  [
                    7.387557,
                    46.946593
                  ],
                  [
                    7.38753,
                    46.946591
                  ],
                  [
                    7.387504,
                    46.946589
                  ],
                  [
                    7.387478,
                    46.946588
                  ],
                  [
                    7.387452,
                    46.946586
                  ],
                  [
                    7.387426,
                    46.946585
                  ],
                  [
                    7.3874,
                    46.946583
                  ],
                  [
                    7.387374,
                    46.946582
                  ],
                  [
                    7.387347,
                    46.946581
                  ],
                  [
                    7.387321,
                    46.94658
                  ],
                  [
                    7.387294,
                    46.946578
                  ],
                  [
                    7.387266,
                    46.946577
                  ],
                  [
                    7.387239,
                    46.946576
                  ],
                  [
                    7.387212,
                    46.946575
                  ],
                  [
                    7.387184,
                    46.946574
                  ],
                  [
                    7.387157,
                    46.946573
                  ],
                  [
                    7.387129,
                    46.946573
                  ],
                  [
                    7.387102,
                    46.946572
                  ],
                  [
                    7.387074,
                    46.946571
                  ],
                  [
                    7.387047,
                    46.946571
                  ],
                  [
                    7.38702,
                    46.94657
                  ],
                  [
                    7.386992,
                    46.94657
                  ],
                  [
                    7.386965,
                    46.946569
                  ],
                  [
                    7.386937,
                    46.946569
                  ],
                  [
                    7.38691,
                    46.946568
                  ]
                ]
              ]
            },
            "geometryAreaM2": 7551.05,
            "areaMethod": "WGS84 geodesic area of returned cadastral polygon; not a land-register area attribute",
            "gwrSourceUrl": "https://api3.geo.admin.ch/rest/services/ech/MapServer/ch.bfs.gebaeude_wohnungs_register/1243999_0?sr=4326&geometryFormat=geojson",
            "parcelSourceUrl": "https://api3.geo.admin.ch/rest/services/ech/MapServer/identify?geometry=7.387944%2C46.946562&geometryType=esriGeometryPoint&geometryFormat=geojson&sr=4326&layers=all%3Ach.kantone.cadastralwebmap-farbe&tolerance=0&returnGeometry=true&lang=de",
            "parcelFeatureId": 1791520,
            "registerDataDate": "19.09.2026",
            "retrievedAt": "2026-09-22",
            "matchMethod": "GWR EGRID equals exact-point cadastral EGRID; GWR building coordinate contained in polygon",
            "geoportalUrl": "https://www.topo.apps.be.ch/pub/map/?lang=de&gpk=MOPUBE_GPK",
            "officialGeometry": true,
            "note": "Parcel may contain additional buildings. Cadastral geometry is not evidence of ownership."
          },
          "syntheticFields": [
            "inventoryIds",
            "ownershipScenario",
            "statusScenario",
            "valuations",
            "SIA area breakdown",
            "RICS measurements",
            "storeySplit",
            "landcoverGeometry",
            "energySystems",
            "parking",
            "contacts",
            "costs",
            "contracts",
            "assets",
            "mockDocuments"
          ],
          "unknownFieldsLeftNull": [
            "zoning",
            "energyCertificate",
            "buildingPermitDate",
            "heritageRegisterNumber"
          ],
          "notice": "Standort öffentlich belegt. Publizierte GF/GV separat belegt; übrige Gebäudebemessungen und Betriebsdaten sind Demowerte. EGID, EGRID und Parzelle aus GWR/AV; Grundstücksfläche aus Polygon berechnet.",
          "referenceData": {
            "catalogVersion": "55",
            "classificationAssignments": "Demo assignments to catalogue codes; not confirmed SAP master data.",
            "physicalStatus": {
              "sourceUrl": "https://api3.geo.admin.ch/rest/services/ech/MapServer/ch.bfs.gebaeude_wohnungs_register/1243999_0?sr=4326&geometryFormat=geojson",
              "dataStatus": "public-source"
            }
          }
        },
        "demoRelatedRecords": {
          "areaMeasurements": [
            {
              "buildingIds": [
                "9900/9002/AA"
              ],
              "validFrom": "2010-01-01T00:00:00Z",
              "validUntil": null,
              "areaMeasurementId": "d6eae8bb-3331-5141-b2c3-fa38f5e82eb1",
              "type": "Geschossfläche GF",
              "value": 21000,
              "unit": "m²",
              "bmEstimation": null,
              "accuracy": "Unbekannt",
              "accuracyCode": "UNBEKANNT",
              "standard": "SIA 416",
              "standardCode": "SIA_416",
              "legacyId": "DEMO-9002-GF",
              "extensionData": {
                "code": "GF",
                "standardDetail": "SIA 416:2003",
                "dataStatus": "published-source",
                "source": "BBL Bautendokumentation 2010, S. 1",
                "sourceUrl": "https://www.bbl.admin.ch/dam/de/sd-web/lcmtOKfIKe6i/20100701_Bern%20Fellerstrasse%2021%2C%20Erweiterung%20und%20Sanierung_DE.pdf",
                "scope": "2010 refurbishment project scope; offices and retained logistics spaces. Storey split is a scenario, not the publication’s aggregate storey figure.",
                "originalUnit": "m²",
                "assumption": null
              }
            },
            {
              "buildingIds": [
                "9900/9002/AA"
              ],
              "validFrom": "2026-09-22T00:00:00Z",
              "validUntil": null,
              "areaMeasurementId": "19fe7a25-2c29-585e-879a-0f9c00c59ae9",
              "type": "Geschossfläche oberirdisch",
              "value": 15000,
              "unit": "m²",
              "bmEstimation": true,
              "accuracy": "Geschätzt",
              "accuracyCode": "GESCHAETZT",
              "standard": "SIA 416",
              "standardCode": "SIA_416",
              "legacyId": "DEMO-9002-GFO",
              "extensionData": {
                "code": "GFO",
                "standardDetail": "SIA 416:2003",
                "dataStatus": "synthetic-demo",
                "source": "Plausibles Demo-Szenario",
                "sourceUrl": null,
                "scope": "2010 refurbishment project scope; offices and retained logistics spaces. Storey split is a scenario, not the publication’s aggregate storey figure.",
                "originalUnit": "m²",
                "assumption": "Independently modelled measurement basis; no certified survey or universal SIA/RICS conversion."
              }
            },
            {
              "buildingIds": [
                "9900/9002/AA"
              ],
              "validFrom": "2026-09-22T00:00:00Z",
              "validUntil": null,
              "areaMeasurementId": "32a88a49-25a5-54d1-86a3-45a20fbd7de4",
              "type": "Geschossfläche unterirdisch",
              "value": 6000,
              "unit": "m²",
              "bmEstimation": true,
              "accuracy": "Geschätzt",
              "accuracyCode": "GESCHAETZT",
              "standard": "SIA 416",
              "standardCode": "SIA_416",
              "legacyId": "DEMO-9002-GFU",
              "extensionData": {
                "code": "GFU",
                "standardDetail": "SIA 416:2003",
                "dataStatus": "synthetic-demo",
                "source": "Plausibles Demo-Szenario",
                "sourceUrl": null,
                "scope": "2010 refurbishment project scope; offices and retained logistics spaces. Storey split is a scenario, not the publication’s aggregate storey figure.",
                "originalUnit": "m²",
                "assumption": "Independently modelled measurement basis; no certified survey or universal SIA/RICS conversion."
              }
            },
            {
              "buildingIds": [
                "9900/9002/AA"
              ],
              "validFrom": "2026-09-22T00:00:00Z",
              "validUntil": null,
              "areaMeasurementId": "fa7e40e8-840d-5195-8072-f37ebaa5ce3f",
              "type": "Konstruktionsfläche KF",
              "value": 5565,
              "unit": "m²",
              "bmEstimation": true,
              "accuracy": "Geschätzt",
              "accuracyCode": "GESCHAETZT",
              "standard": "SIA 416",
              "standardCode": "SIA_416",
              "legacyId": "DEMO-9002-KF",
              "extensionData": {
                "code": "KF",
                "standardDetail": "SIA 416:2003",
                "dataStatus": "synthetic-demo",
                "source": "Plausibles Demo-Szenario",
                "sourceUrl": null,
                "scope": "2010 refurbishment project scope; offices and retained logistics spaces. Storey split is a scenario, not the publication’s aggregate storey figure.",
                "originalUnit": "m²",
                "assumption": "Independently modelled measurement basis; no certified survey or universal SIA/RICS conversion."
              }
            },
            {
              "buildingIds": [
                "9900/9002/AA"
              ],
              "validFrom": "2026-09-22T00:00:00Z",
              "validUntil": null,
              "areaMeasurementId": "6fbd1cfc-52b1-55c4-907b-2b9241002108",
              "type": "Nettogeschossfläche NGF",
              "value": 15435,
              "unit": "m²",
              "bmEstimation": true,
              "accuracy": "Geschätzt",
              "accuracyCode": "GESCHAETZT",
              "standard": "SIA 416",
              "standardCode": "SIA_416",
              "legacyId": "DEMO-9002-NGF",
              "extensionData": {
                "code": "NGF",
                "standardDetail": "SIA 416:2003",
                "dataStatus": "synthetic-demo",
                "source": "Plausibles Demo-Szenario",
                "sourceUrl": null,
                "scope": "2010 refurbishment project scope; offices and retained logistics spaces. Storey split is a scenario, not the publication’s aggregate storey figure.",
                "originalUnit": "m²",
                "assumption": "Independently modelled measurement basis; no certified survey or universal SIA/RICS conversion."
              }
            },
            {
              "buildingIds": [
                "9900/9002/AA"
              ],
              "validFrom": "2026-09-22T00:00:00Z",
              "validUntil": null,
              "areaMeasurementId": "7571d090-1218-58b0-8885-a4eeeb8fc75f",
              "type": "Nutzfläche NF",
              "value": 11970,
              "unit": "m²",
              "bmEstimation": true,
              "accuracy": "Geschätzt",
              "accuracyCode": "GESCHAETZT",
              "standard": "SIA 416",
              "standardCode": "SIA_416",
              "legacyId": "DEMO-9002-NF",
              "extensionData": {
                "code": "NF",
                "standardDetail": "SIA 416:2003",
                "dataStatus": "synthetic-demo",
                "source": "Plausibles Demo-Szenario",
                "sourceUrl": null,
                "scope": "2010 refurbishment project scope; offices and retained logistics spaces. Storey split is a scenario, not the publication’s aggregate storey figure.",
                "originalUnit": "m²",
                "assumption": "Independently modelled measurement basis; no certified survey or universal SIA/RICS conversion."
              }
            },
            {
              "buildingIds": [
                "9900/9002/AA"
              ],
              "validFrom": "2026-09-22T00:00:00Z",
              "validUntil": null,
              "areaMeasurementId": "1ef5d48b-4ea1-5dd8-ad95-d6b7fa178724",
              "type": "Hauptnutzfläche HNF",
              "value": 10055,
              "unit": "m²",
              "bmEstimation": true,
              "accuracy": "Geschätzt",
              "accuracyCode": "GESCHAETZT",
              "standard": "SIA 416",
              "standardCode": "SIA_416",
              "legacyId": "DEMO-9002-HNF",
              "extensionData": {
                "code": "HNF",
                "standardDetail": "SIA 416:2003",
                "dataStatus": "synthetic-demo",
                "source": "Plausibles Demo-Szenario",
                "sourceUrl": null,
                "scope": "2010 refurbishment project scope; offices and retained logistics spaces. Storey split is a scenario, not the publication’s aggregate storey figure.",
                "originalUnit": "m²",
                "assumption": "Independently modelled measurement basis; no certified survey or universal SIA/RICS conversion."
              }
            },
            {
              "buildingIds": [
                "9900/9002/AA"
              ],
              "validFrom": "2026-09-22T00:00:00Z",
              "validUntil": null,
              "areaMeasurementId": "2f213b47-9930-530c-8204-40c54ee3daf3",
              "type": "Nebennutzfläche NNF",
              "value": 1915,
              "unit": "m²",
              "bmEstimation": true,
              "accuracy": "Geschätzt",
              "accuracyCode": "GESCHAETZT",
              "standard": "SIA 416",
              "standardCode": "SIA_416",
              "legacyId": "DEMO-9002-NNF",
              "extensionData": {
                "code": "NNF",
                "standardDetail": "SIA 416:2003",
                "dataStatus": "synthetic-demo",
                "source": "Plausibles Demo-Szenario",
                "sourceUrl": null,
                "scope": "2010 refurbishment project scope; offices and retained logistics spaces. Storey split is a scenario, not the publication’s aggregate storey figure.",
                "originalUnit": "m²",
                "assumption": "Independently modelled measurement basis; no certified survey or universal SIA/RICS conversion."
              }
            },
            {
              "buildingIds": [
                "9900/9002/AA"
              ],
              "validFrom": "2026-09-22T00:00:00Z",
              "validUntil": null,
              "areaMeasurementId": "e3b08eff-80ce-5334-96ca-1244c67bf96a",
              "type": "Funktionsfläche FF",
              "value": 735,
              "unit": "m²",
              "bmEstimation": true,
              "accuracy": "Geschätzt",
              "accuracyCode": "GESCHAETZT",
              "standard": "SIA 416",
              "standardCode": "SIA_416",
              "legacyId": "DEMO-9002-FF",
              "extensionData": {
                "code": "FF",
                "standardDetail": "SIA 416:2003",
                "dataStatus": "synthetic-demo",
                "source": "Plausibles Demo-Szenario",
                "sourceUrl": null,
                "scope": "2010 refurbishment project scope; offices and retained logistics spaces. Storey split is a scenario, not the publication’s aggregate storey figure.",
                "originalUnit": "m²",
                "assumption": "Independently modelled measurement basis; no certified survey or universal SIA/RICS conversion."
              }
            },
            {
              "buildingIds": [
                "9900/9002/AA"
              ],
              "validFrom": "2026-09-22T00:00:00Z",
              "validUntil": null,
              "areaMeasurementId": "d3bc65ed-ab9b-51bc-a9cd-19e1252db2d5",
              "type": "Verkehrsfläche VF",
              "value": 2730,
              "unit": "m²",
              "bmEstimation": true,
              "accuracy": "Geschätzt",
              "accuracyCode": "GESCHAETZT",
              "standard": "SIA 416",
              "standardCode": "SIA_416",
              "legacyId": "DEMO-9002-VF",
              "extensionData": {
                "code": "VF",
                "standardDetail": "SIA 416:2003",
                "dataStatus": "synthetic-demo",
                "source": "Plausibles Demo-Szenario",
                "sourceUrl": null,
                "scope": "2010 refurbishment project scope; offices and retained logistics spaces. Storey split is a scenario, not the publication’s aggregate storey figure.",
                "originalUnit": "m²",
                "assumption": "Independently modelled measurement basis; no certified survey or universal SIA/RICS conversion."
              }
            },
            {
              "buildingIds": [
                "9900/9002/AA"
              ],
              "validFrom": "2010-01-01T00:00:00Z",
              "validUntil": null,
              "areaMeasurementId": "0f8ec6f1-f0bc-50cd-91ad-b4c177f9dce0",
              "type": "Gebäudevolumen GV",
              "value": 77400,
              "unit": "m³",
              "bmEstimation": null,
              "accuracy": "Unbekannt",
              "accuracyCode": "UNBEKANNT",
              "standard": "SIA 416",
              "standardCode": "SIA_416",
              "legacyId": "DEMO-9002-GV",
              "extensionData": {
                "code": "GV",
                "standardDetail": "SIA 416:2003",
                "dataStatus": "published-source",
                "source": "BBL Bautendokumentation 2010, S. 1",
                "sourceUrl": "https://www.bbl.admin.ch/dam/de/sd-web/lcmtOKfIKe6i/20100701_Bern%20Fellerstrasse%2021%2C%20Erweiterung%20und%20Sanierung_DE.pdf",
                "scope": "2010 refurbishment project scope; offices and retained logistics spaces. Storey split is a scenario, not the publication’s aggregate storey figure.",
                "originalUnit": "m³",
                "assumption": null
              }
            },
            {
              "buildingIds": [
                "9900/9002/AA"
              ],
              "validFrom": "2026-09-22T00:00:00Z",
              "validUntil": null,
              "areaMeasurementId": "d2de9402-8e64-5aeb-bb16-157ffc018184",
              "type": "Gebäudevolumen oberirdisch",
              "value": 55286,
              "unit": "m³",
              "bmEstimation": true,
              "accuracy": "Geschätzt",
              "accuracyCode": "GESCHAETZT",
              "standard": "SIA 416",
              "standardCode": "SIA_416",
              "legacyId": "DEMO-9002-GVO",
              "extensionData": {
                "code": "GVO",
                "standardDetail": "SIA 416:2003",
                "dataStatus": "synthetic-demo",
                "source": "Plausibles Demo-Szenario",
                "sourceUrl": null,
                "scope": "2010 refurbishment project scope; offices and retained logistics spaces. Storey split is a scenario, not the publication’s aggregate storey figure.",
                "originalUnit": "m³",
                "assumption": "Independently modelled measurement basis; no certified survey or universal SIA/RICS conversion."
              }
            },
            {
              "buildingIds": [
                "9900/9002/AA"
              ],
              "validFrom": "2026-09-22T00:00:00Z",
              "validUntil": null,
              "areaMeasurementId": "e29f13e8-f595-55dd-909b-0d80b818a7ed",
              "type": "Gebäudevolumen unterirdisch",
              "value": 22114,
              "unit": "m³",
              "bmEstimation": true,
              "accuracy": "Geschätzt",
              "accuracyCode": "GESCHAETZT",
              "standard": "SIA 416",
              "standardCode": "SIA_416",
              "legacyId": "DEMO-9002-GVU",
              "extensionData": {
                "code": "GVU",
                "standardDetail": "SIA 416:2003",
                "dataStatus": "synthetic-demo",
                "source": "Plausibles Demo-Szenario",
                "sourceUrl": null,
                "scope": "2010 refurbishment project scope; offices and retained logistics spaces. Storey split is a scenario, not the publication’s aggregate storey figure.",
                "originalUnit": "m³",
                "assumption": "Independently modelled measurement basis; no certified survey or universal SIA/RICS conversion."
              }
            },
            {
              "buildingIds": [
                "9900/9002/AA"
              ],
              "validFrom": "2026-09-22T00:00:00Z",
              "validUntil": null,
              "areaMeasurementId": "b9c9be64-9837-55c0-8511-e05fe983ade4",
              "type": "Grundstücksfläche GSF",
              "value": 7551.05,
              "unit": "m²",
              "bmEstimation": false,
              "accuracy": "Gemessen",
              "accuracyCode": "GEMESSEN",
              "standard": "Andere dokumentierte Regel",
              "standardCode": "ANDERE_REGEL",
              "legacyId": "DEMO-9002-GSF",
              "extensionData": {
                "code": "GSF",
                "standardDetail": "WGS84 geodesic area of returned cadastral polygon; not a land-register area attribute",
                "dataStatus": "derived-public-geometry",
                "source": "swisstopo CadastralWebMap · Polygonfläche",
                "sourceUrl": "https://api3.geo.admin.ch/rest/services/ech/MapServer/identify?geometry=7.387944%2C46.946562&geometryType=esriGeometryPoint&geometryFormat=geojson&sr=4326&layers=all%3Ach.kantone.cadastralwebmap-farbe&tolerance=0&returnGeometry=true&lang=de",
                "scope": "2010 refurbishment project scope; offices and retained logistics spaces. Storey split is a scenario, not the publication’s aggregate storey figure.",
                "originalUnit": "m²",
                "assumption": "WGS84 geodesic area of returned cadastral polygon; not a land-register area attribute; Parcel may contain additional buildings. Cadastral geometry is not evidence of ownership."
              }
            },
            {
              "buildingIds": [
                "9900/9002/AA"
              ],
              "validFrom": "2026-09-22T00:00:00Z",
              "validUntil": null,
              "areaMeasurementId": "23f5f42a-b81b-5281-a412-6217d2c63fda",
              "type": "Gebäudegrundfläche GGF",
              "value": 3000,
              "unit": "m²",
              "bmEstimation": true,
              "accuracy": "Geschätzt",
              "accuracyCode": "GESCHAETZT",
              "standard": "SIA 416",
              "standardCode": "SIA_416",
              "legacyId": "DEMO-9002-GGF",
              "extensionData": {
                "code": "GGF",
                "standardDetail": "SIA 416:2003",
                "dataStatus": "synthetic-demo",
                "source": "Plausibles Demo-Szenario",
                "sourceUrl": null,
                "scope": "2010 refurbishment project scope; offices and retained logistics spaces. Storey split is a scenario, not the publication’s aggregate storey figure.",
                "originalUnit": "m²",
                "assumption": "Independently modelled measurement basis; no certified survey or universal SIA/RICS conversion."
              }
            },
            {
              "buildingIds": [
                "9900/9002/AA"
              ],
              "validFrom": "2026-09-22T00:00:00Z",
              "validUntil": null,
              "areaMeasurementId": "93184b5c-9ab4-5bb1-9f6f-b66b223e5a68",
              "type": "Umgebungsfläche UF",
              "value": 4551.05,
              "unit": "m²",
              "bmEstimation": true,
              "accuracy": "Geschätzt",
              "accuracyCode": "GESCHAETZT",
              "standard": "SIA 416",
              "standardCode": "SIA_416",
              "legacyId": "DEMO-9002-UF",
              "extensionData": {
                "code": "UF",
                "standardDetail": "SIA 416:2003",
                "dataStatus": "synthetic-demo",
                "source": "Plausibles Demo-Szenario",
                "sourceUrl": null,
                "scope": "2010 refurbishment project scope; offices and retained logistics spaces. Storey split is a scenario, not the publication’s aggregate storey figure.",
                "originalUnit": "m²",
                "assumption": "Independently modelled measurement basis; no certified survey or universal SIA/RICS conversion."
              }
            },
            {
              "buildingIds": [
                "9900/9002/AA"
              ],
              "validFrom": "2026-09-22T00:00:00Z",
              "validUntil": null,
              "areaMeasurementId": "537f7296-2590-504b-85c2-da50718fe0aa",
              "type": "Gross External Area (GEA)",
              "value": 21000,
              "unit": "m²",
              "bmEstimation": true,
              "accuracy": "Geschätzt",
              "accuracyCode": "GESCHAETZT",
              "standard": "Andere dokumentierte Regel",
              "standardCode": "ANDERE_REGEL",
              "legacyId": "DEMO-9002-GEA",
              "extensionData": {
                "code": "GEA",
                "standardDetail": "RICS Code of Measuring Practice, 6th edition (2015)",
                "dataStatus": "synthetic-demo",
                "source": "Plausibles Demo-Szenario",
                "sourceUrl": null,
                "scope": "2010 refurbishment project scope; offices and retained logistics spaces. Storey split is a scenario, not the publication’s aggregate storey figure.",
                "originalUnit": "m²",
                "assumption": "Independently modelled measurement basis; no certified survey or universal SIA/RICS conversion."
              }
            },
            {
              "buildingIds": [
                "9900/9002/AA"
              ],
              "validFrom": "2026-09-22T00:00:00Z",
              "validUntil": null,
              "areaMeasurementId": "d5fe5ad9-5b4c-593a-a94a-8ecce8960779",
              "type": "Gross Internal Area (GIA)",
              "value": 19635,
              "unit": "m²",
              "bmEstimation": true,
              "accuracy": "Geschätzt",
              "accuracyCode": "GESCHAETZT",
              "standard": "Andere dokumentierte Regel",
              "standardCode": "ANDERE_REGEL",
              "legacyId": "DEMO-9002-GIA",
              "extensionData": {
                "code": "GIA",
                "standardDetail": "RICS Code of Measuring Practice, 6th edition (2015)",
                "dataStatus": "synthetic-demo",
                "source": "Plausibles Demo-Szenario",
                "sourceUrl": null,
                "scope": "2010 refurbishment project scope; offices and retained logistics spaces. Storey split is a scenario, not the publication’s aggregate storey figure.",
                "originalUnit": "m²",
                "assumption": "Independently modelled measurement basis; no certified survey or universal SIA/RICS conversion."
              }
            },
            {
              "buildingIds": [
                "9900/9002/AA"
              ],
              "validFrom": "2026-09-22T00:00:00Z",
              "validUntil": null,
              "areaMeasurementId": "c3e3a8e7-9afc-5455-8c85-b765826fab2f",
              "type": "Net Internal Area (NIA)",
              "value": 10893,
              "unit": "m²",
              "bmEstimation": true,
              "accuracy": "Geschätzt",
              "accuracyCode": "GESCHAETZT",
              "standard": "Andere dokumentierte Regel",
              "standardCode": "ANDERE_REGEL",
              "legacyId": "DEMO-9002-NIA",
              "extensionData": {
                "code": "NIA",
                "standardDetail": "RICS Code of Measuring Practice, 6th edition (2015)",
                "dataStatus": "synthetic-demo",
                "source": "Plausibles Demo-Szenario",
                "sourceUrl": null,
                "scope": "2010 refurbishment project scope; offices and retained logistics spaces. Storey split is a scenario, not the publication’s aggregate storey figure.",
                "originalUnit": "m²",
                "assumption": "Independently modelled measurement basis; no certified survey or universal SIA/RICS conversion."
              }
            }
          ],
          "documents": [
            {
              "buildingIds": [
                "9900/9002/AA"
              ],
              "validFrom": null,
              "validUntil": null,
              "documentId": "6c686030-05fa-59ff-a6ff-c2ea8d078f06",
              "name": "BBL Bautendokumentation – BBL – Fellerstrasse 21",
              "type": "Publikation",
              "documentTypeCode": "O12001",
              "fileFormat": "PDF",
              "fileSize": "1.93 MB",
              "url": "https://www.bbl.admin.ch/dam/de/sd-web/lcmtOKfIKe6i/20100701_Bern%20Fellerstrasse%2021%2C%20Erweiterung%20und%20Sanierung_DE.pdf",
              "description": "Öffentliche BBL-Publikation; historischer Projektstand.",
              "version": "Publizierte Fassung",
              "legacyId": "DEMO-9002-O12001",
              "extensionData": {
                "dataStatus": "public-source",
                "availability": "external-publication",
                "catalogue": "KBOB/IPB Anhang C, Version 2016-01",
                "catalogueUrl": "https://www.kbob.admin.ch/dam/de/sd-web/rVvtgYM1wFVT/20171024_KBOB-IPB_Anhang_C_-_Dokumenttypenkatalog_2016_DE.pdf",
                "documentTypeCode": "O12001"
              }
            },
            {
              "buildingIds": [
                "9900/9002/AA"
              ],
              "validFrom": "2026-09-22T00:00:00Z",
              "validUntil": null,
              "documentId": "4ea436f2-b2e3-51c2-ad0e-be2d192a422c",
              "name": "Flächen/Volumenberechnung 2026 – BBL – Fellerstrasse 21 (Demo)",
              "type": "Flächen/Volumenberechnung",
              "documentTypeCode": "B14005",
              "fileFormat": "PDF",
              "fileSize": null,
              "url": null,
              "description": "Fiktiver Dokumentregistereintrag; keine Originaldatei vorhanden.",
              "version": "0.1 Demo",
              "legacyId": "DEMO-9002-B14005",
              "extensionData": {
                "dataStatus": "synthetic-demo",
                "availability": "metadata-only",
                "catalogue": "KBOB/IPB Anhang C, Version 2016-01",
                "catalogueUrl": "https://www.kbob.admin.ch/dam/de/sd-web/rVvtgYM1wFVT/20171024_KBOB-IPB_Anhang_C_-_Dokumenttypenkatalog_2016_DE.pdf",
                "documentTypeCode": "B14005"
              }
            },
            {
              "buildingIds": [
                "9900/9002/AA"
              ],
              "validFrom": "2026-09-22T00:00:00Z",
              "validUntil": null,
              "documentId": "9a6b5c64-fa23-54ca-ac61-67e5b35acb66",
              "name": "Wartungsplan 2026 – BBL – Fellerstrasse 21 (Demo)",
              "type": "Wartungsplan",
              "documentTypeCode": "O07003",
              "fileFormat": "PDF",
              "fileSize": null,
              "url": null,
              "description": "Fiktiver Dokumentregistereintrag; keine Originaldatei vorhanden.",
              "version": "0.1 Demo",
              "legacyId": "DEMO-9002-O07003",
              "extensionData": {
                "dataStatus": "synthetic-demo",
                "availability": "metadata-only",
                "catalogue": "KBOB/IPB Anhang C, Version 2016-01",
                "catalogueUrl": "https://www.kbob.admin.ch/dam/de/sd-web/rVvtgYM1wFVT/20171024_KBOB-IPB_Anhang_C_-_Dokumenttypenkatalog_2016_DE.pdf",
                "documentTypeCode": "O07003"
              }
            },
            {
              "buildingIds": [
                "9900/9002/AA"
              ],
              "validFrom": "2026-09-22T00:00:00Z",
              "validUntil": null,
              "documentId": "675f8207-5450-5054-98a3-2258c9acf563",
              "name": "Betriebsführungshandbuch 2026 – BBL – Fellerstrasse 21 (Demo)",
              "type": "Betriebsführungshandbuch",
              "documentTypeCode": "O03001",
              "fileFormat": "PDF",
              "fileSize": null,
              "url": null,
              "description": "Fiktiver Dokumentregistereintrag; keine Originaldatei vorhanden.",
              "version": "0.1 Demo",
              "legacyId": "DEMO-9002-O03001",
              "extensionData": {
                "dataStatus": "synthetic-demo",
                "availability": "metadata-only",
                "catalogue": "KBOB/IPB Anhang C, Version 2016-01",
                "catalogueUrl": "https://www.kbob.admin.ch/dam/de/sd-web/rVvtgYM1wFVT/20171024_KBOB-IPB_Anhang_C_-_Dokumenttypenkatalog_2016_DE.pdf",
                "documentTypeCode": "O03001"
              }
            },
            {
              "buildingIds": [
                "9900/9002/AA"
              ],
              "validFrom": "2026-09-22T00:00:00Z",
              "validUntil": null,
              "documentId": "279efe67-40a3-5027-afbe-2cf400e25666",
              "name": "Kostenstatistik 2026 – BBL – Fellerstrasse 21 (Demo)",
              "type": "Kostenstatistik",
              "documentTypeCode": "B14102",
              "fileFormat": "PDF",
              "fileSize": null,
              "url": null,
              "description": "Fiktiver Dokumentregistereintrag; keine Originaldatei vorhanden.",
              "version": "0.1 Demo",
              "legacyId": "DEMO-9002-B14102",
              "extensionData": {
                "dataStatus": "synthetic-demo",
                "availability": "metadata-only",
                "catalogue": "KBOB/IPB Anhang C, Version 2016-01",
                "catalogueUrl": "https://www.kbob.admin.ch/dam/de/sd-web/rVvtgYM1wFVT/20171024_KBOB-IPB_Anhang_C_-_Dokumenttypenkatalog_2016_DE.pdf",
                "documentTypeCode": "B14102"
              }
            },
            {
              "buildingIds": [
                "9900/9002/AA"
              ],
              "validFrom": "2026-09-22T00:00:00Z",
              "validUntil": null,
              "documentId": "1be5113f-fae5-555b-aad4-73a5997e1528",
              "name": "Energiestatistik 2026 – BBL – Fellerstrasse 21 (Demo)",
              "type": "Energiestatistik",
              "documentTypeCode": "B14103",
              "fileFormat": "PDF",
              "fileSize": null,
              "url": null,
              "description": "Fiktiver Dokumentregistereintrag; keine Originaldatei vorhanden.",
              "version": "0.1 Demo",
              "legacyId": "DEMO-9002-B14103",
              "extensionData": {
                "dataStatus": "synthetic-demo",
                "availability": "metadata-only",
                "catalogue": "KBOB/IPB Anhang C, Version 2016-01",
                "catalogueUrl": "https://www.kbob.admin.ch/dam/de/sd-web/rVvtgYM1wFVT/20171024_KBOB-IPB_Anhang_C_-_Dokumenttypenkatalog_2016_DE.pdf",
                "documentTypeCode": "B14103"
              }
            }
          ],
          "contacts": [
            {
              "buildingIds": [
                "9900/9002/AA"
              ],
              "validFrom": "2026-09-22T00:00:00Z",
              "validUntil": null,
              "contactId": "763e0c1c-63c2-5e10-b936-6d8f1c89afbb",
              "name": "Nora Birchler (Demo)",
              "role": "Objektverantwortung",
              "organisation": "Portfolio Team (Demo)",
              "phone": null,
              "email": "bbl-fellerstrasse.1@example.invalid",
              "isPrimary": true,
              "legacyId": "DEMO-9002-K1",
              "extensionData": {
                "dataStatus": "synthetic-demo",
                "isFictionalPerson": true
              }
            },
            {
              "buildingIds": [
                "9900/9002/AA"
              ],
              "validFrom": "2026-09-22T00:00:00Z",
              "validUntil": null,
              "contactId": "2476e26e-0352-5383-87b2-6f8d1e979eff",
              "name": "Noé Tanner (Demo)",
              "role": "Portfoliomanagement",
              "organisation": "Portfolio Team (Demo)",
              "phone": null,
              "email": "bbl-fellerstrasse.2@example.invalid",
              "isPrimary": false,
              "legacyId": "DEMO-9002-K2",
              "extensionData": {
                "dataStatus": "synthetic-demo",
                "isFictionalPerson": true
              }
            },
            {
              "buildingIds": [
                "9900/9002/AA"
              ],
              "validFrom": "2026-09-22T00:00:00Z",
              "validUntil": null,
              "contactId": "ba6c7823-fdaf-59a5-966d-87f96c797348",
              "name": "Sina Keller (Demo)",
              "role": "Facility Management",
              "organisation": "Arealservice Muster AG (fiktiv)",
              "phone": null,
              "email": "bbl-fellerstrasse.3@example.invalid",
              "isPrimary": false,
              "legacyId": "DEMO-9002-K3",
              "extensionData": {
                "dataStatus": "synthetic-demo",
                "isFictionalPerson": true
              }
            }
          ],
          "costs": [
            {
              "costId": "3552d05e-0653-5978-8eab-c876c8d94932",
              "buildingIds": [
                "9900/9002/AA"
              ],
              "costGroup": "23",
              "costType": "Elektroanlagen",
              "amount": 3150000,
              "unit": "CHF",
              "currency": "CHF",
              "period": "Einmalig",
              "referenceDate": "2026-09-22T00:00:00Z",
              "legacyId": "DEMO-9002-C1",
              "extensionData": {
                "dataStatus": "synthetic-demo",
                "budgetYear": 2026,
                "costCenter": "DEMO-9002",
                "classification": "BKP",
                "standard": "SN 506 500:2017",
                "classificationSourceUrl": "https://www.crb.ch/de/normen-standards/baukostenplane/baukostenplan-bkp",
                "groupSourceUrl": "https://www.stadt-zuerich.ch/content/dam/web/de/politik-verwaltung/statistik-und-daten/publikationen-dienstleistungen/publikationen/periodika/zuercher-index-der-wohnbaupreise/ZIW_2019_Web.pdf",
                "project": "Erneuerung Gebäudetechnik und Innenausbau (Demo)",
                "scope": "Selected BKP work packages only; not a complete project budget or actual BBL project.",
                "basis": "Invented one-off CHF scenario, excluding VAT; not actual expenditure, a cost benchmark or FX conversion.",
                "rateCHFPerGF": 150,
                "quantityGF": 21000
              }
            },
            {
              "costId": "aab74654-ea3f-56ce-a202-72e5bb5db326",
              "buildingIds": [
                "9900/9002/AA"
              ],
              "costGroup": "24",
              "costType": "Heizungs-, Lüftungs- und Klimaanlagen",
              "amount": 3780000,
              "unit": "CHF",
              "currency": "CHF",
              "period": "Einmalig",
              "referenceDate": "2026-09-22T00:00:00Z",
              "legacyId": "DEMO-9002-C2",
              "extensionData": {
                "dataStatus": "synthetic-demo",
                "budgetYear": 2026,
                "costCenter": "DEMO-9002",
                "classification": "BKP",
                "standard": "SN 506 500:2017",
                "classificationSourceUrl": "https://www.crb.ch/de/normen-standards/baukostenplane/baukostenplan-bkp",
                "groupSourceUrl": "https://www.stadt-zuerich.ch/content/dam/web/de/politik-verwaltung/statistik-und-daten/publikationen-dienstleistungen/publikationen/periodika/zuercher-index-der-wohnbaupreise/ZIW_2019_Web.pdf",
                "project": "Erneuerung Gebäudetechnik und Innenausbau (Demo)",
                "scope": "Selected BKP work packages only; not a complete project budget or actual BBL project.",
                "basis": "Invented one-off CHF scenario, excluding VAT; not actual expenditure, a cost benchmark or FX conversion.",
                "rateCHFPerGF": 180,
                "quantityGF": 21000
              }
            },
            {
              "costId": "0d86d1ce-70e8-5cd5-8ba4-891c57c2cf83",
              "buildingIds": [
                "9900/9002/AA"
              ],
              "costGroup": "25",
              "costType": "Sanitäranlagen",
              "amount": 1470000,
              "unit": "CHF",
              "currency": "CHF",
              "period": "Einmalig",
              "referenceDate": "2026-09-22T00:00:00Z",
              "legacyId": "DEMO-9002-C3",
              "extensionData": {
                "dataStatus": "synthetic-demo",
                "budgetYear": 2026,
                "costCenter": "DEMO-9002",
                "classification": "BKP",
                "standard": "SN 506 500:2017",
                "classificationSourceUrl": "https://www.crb.ch/de/normen-standards/baukostenplane/baukostenplan-bkp",
                "groupSourceUrl": "https://www.stadt-zuerich.ch/content/dam/web/de/politik-verwaltung/statistik-und-daten/publikationen-dienstleistungen/publikationen/periodika/zuercher-index-der-wohnbaupreise/ZIW_2019_Web.pdf",
                "project": "Erneuerung Gebäudetechnik und Innenausbau (Demo)",
                "scope": "Selected BKP work packages only; not a complete project budget or actual BBL project.",
                "basis": "Invented one-off CHF scenario, excluding VAT; not actual expenditure, a cost benchmark or FX conversion.",
                "rateCHFPerGF": 70,
                "quantityGF": 21000
              }
            },
            {
              "costId": "6d648250-064e-58e7-899c-d605b3f45b37",
              "buildingIds": [
                "9900/9002/AA"
              ],
              "costGroup": "27",
              "costType": "Ausbau 1",
              "amount": 5040000,
              "unit": "CHF",
              "currency": "CHF",
              "period": "Einmalig",
              "referenceDate": "2026-09-22T00:00:00Z",
              "legacyId": "DEMO-9002-C4",
              "extensionData": {
                "dataStatus": "synthetic-demo",
                "budgetYear": 2026,
                "costCenter": "DEMO-9002",
                "classification": "BKP",
                "standard": "SN 506 500:2017",
                "classificationSourceUrl": "https://www.crb.ch/de/normen-standards/baukostenplane/baukostenplan-bkp",
                "groupSourceUrl": "https://www.stadt-zuerich.ch/content/dam/web/de/politik-verwaltung/statistik-und-daten/publikationen-dienstleistungen/publikationen/periodika/zuercher-index-der-wohnbaupreise/ZIW_2019_Web.pdf",
                "project": "Erneuerung Gebäudetechnik und Innenausbau (Demo)",
                "scope": "Selected BKP work packages only; not a complete project budget or actual BBL project.",
                "basis": "Invented one-off CHF scenario, excluding VAT; not actual expenditure, a cost benchmark or FX conversion.",
                "rateCHFPerGF": 240,
                "quantityGF": 21000
              }
            },
            {
              "costId": "ac037393-b3aa-5337-94a9-b247da5528a6",
              "buildingIds": [
                "9900/9002/AA"
              ],
              "costGroup": "28",
              "costType": "Ausbau 2",
              "amount": 3780000,
              "unit": "CHF",
              "currency": "CHF",
              "period": "Einmalig",
              "referenceDate": "2026-09-22T00:00:00Z",
              "legacyId": "DEMO-9002-C5",
              "extensionData": {
                "dataStatus": "synthetic-demo",
                "budgetYear": 2026,
                "costCenter": "DEMO-9002",
                "classification": "BKP",
                "standard": "SN 506 500:2017",
                "classificationSourceUrl": "https://www.crb.ch/de/normen-standards/baukostenplane/baukostenplan-bkp",
                "groupSourceUrl": "https://www.stadt-zuerich.ch/content/dam/web/de/politik-verwaltung/statistik-und-daten/publikationen-dienstleistungen/publikationen/periodika/zuercher-index-der-wohnbaupreise/ZIW_2019_Web.pdf",
                "project": "Erneuerung Gebäudetechnik und Innenausbau (Demo)",
                "scope": "Selected BKP work packages only; not a complete project budget or actual BBL project.",
                "basis": "Invented one-off CHF scenario, excluding VAT; not actual expenditure, a cost benchmark or FX conversion.",
                "rateCHFPerGF": 180,
                "quantityGF": 21000
              }
            },
            {
              "costId": "dd1662d8-e8bd-56b1-a5e8-167672a32711",
              "buildingIds": [
                "9900/9002/AA"
              ],
              "costGroup": "29",
              "costType": "Honorare",
              "amount": 2520000,
              "unit": "CHF",
              "currency": "CHF",
              "period": "Einmalig",
              "referenceDate": "2026-09-22T00:00:00Z",
              "legacyId": "DEMO-9002-C6",
              "extensionData": {
                "dataStatus": "synthetic-demo",
                "budgetYear": 2026,
                "costCenter": "DEMO-9002",
                "classification": "BKP",
                "standard": "SN 506 500:2017",
                "classificationSourceUrl": "https://www.crb.ch/de/normen-standards/baukostenplane/baukostenplan-bkp",
                "groupSourceUrl": "https://www.stadt-zuerich.ch/content/dam/web/de/politik-verwaltung/statistik-und-daten/publikationen-dienstleistungen/publikationen/periodika/zuercher-index-der-wohnbaupreise/ZIW_2019_Web.pdf",
                "project": "Erneuerung Gebäudetechnik und Innenausbau (Demo)",
                "scope": "Selected BKP work packages only; not a complete project budget or actual BBL project.",
                "basis": "Invented one-off CHF scenario, excluding VAT; not actual expenditure, a cost benchmark or FX conversion.",
                "rateCHFPerGF": 120,
                "quantityGF": 21000
              }
            }
          ]
        }
      },
      "geometry": {
        "type": "Point",
        "coordinates": [
          7.38765987,
          46.94620118
        ]
      }
    },
    {
      "type": "Feature",
      "properties": {
        "bbl_stat": "In Betrieb",
        "bbl_id": "9900/9003/AA",
        "bbl_buch": "9900",
        "bbl_we": "9003",
        "bbl_obj": "AA",
        "bbl_bez": "Verwaltungsgebäude Liebefeld",
        "referenceCodes": {
          "building.ownership": "Eigentum",
          "building.portfolio": "001",
          "building.type1": "06",
          "building.type2": "06.01",
          "building.rentalModel": null,
          "building.operatingStatus": "ACTIVE",
          "building.physicalStatus": "1004"
        },
        "gwr_stat": "Bestehend",
        "adr_land": "CH",
        "adr_reg": "BE",
        "adr_ort": "Liebefeld",
        "adr_plz": "3097",
        "adr_str": "Schwarzenburgstrasse",
        "adr_hsnr": "157",
        "adr_conct": "Schwarzenburgstrasse 157, 3097 Liebefeld",
        "wgs84_lon": 7.42124344,
        "wgs84_lat": 46.92990164,
        "lv95_e": 2598675.7,
        "lv95_n": 1197645.45,
        "egm_elev": null,
        "bbl_eigen": "Eigentum",
        "bbl_ostr": "Erhalten",
        "bbl_mietm": null,
        "bbl_bjahr": 2015,
        "bbl_vjahr": null,
        "bbl_port": "Allgemeine Bundesverwaltung",
        "bbl_port2": "Bundesverwaltung",
        "bbl_awrt": 155500000,
        "bbl_bwrt": 99500000,
        "bbl_gbda1": "Handel und Verwaltung",
        "bbl_gbda2": "Bürobauten, Verwaltungsgebäude",
        "bbl_ovtw": "Elio Sommer (Demo)",
        "bbl_pvtw": "Alina Moser (Demo)",
        "av_egid": "191458950",
        "av_egrid": "CH208035154682",
        "bfs_gem": "Köniz",
        "bfs_gemnr": "355",
        "av_zbez": null,
        "av_znut": null,
        "bbl_hist": null,
        "bbl_arch": null,
        "kgs_kat": null,
        "kgs_nr": null,
        "garea_gf": 29900,
        "garea_gfo": 21357,
        "garea_gfu": 8543,
        "garea_acu": "GF publiziert; Aufteilung Demo",
        "garea_ngf": 24368,
        "garea_kf": 5532,
        "garea_nf": 19435,
        "garea_hnf": 16325,
        "garea_nnf": 3110,
        "garea_ff": 1046,
        "garea_vf": 3887,
        "garea_vmf": null,
        "garea_ebf": null,
        "gvol_gv": 124500,
        "gvol_gvo": 88928,
        "gvol_gvu": 35572,
        "gvol_acu": "GV publiziert; Aufteilung Demo",
        "gastw": 7,
        "gastw_og": 5,
        "gastw_ug": 2,
        "gastw_acu": "Demo-Schätzung",
        "larea_ggf": 4271,
        "larea_gsf": 55420.96,
        "larea_uf": 51149.96,
        "larea_acu": "GSF aus AV; GGF/UF Demo",
        "rics_gea": 29900,
        "rics_gia": 27956,
        "rics_nia": 17686,
        "rics_standard": "RICS Code of Measuring Practice, 6th edition (2015)",
        "objectid": 4,
        "etl_ts": "2026-09-22T00:00:00Z",
        "img_url": [
          "../assets/portfolio/liebefeld-1.jpg",
          "../assets/portfolio/liebefeld-2.jpg",
          "../assets/portfolio/liebefeld-3.jpg"
        ],
        "photos": [
          {
            "url": "../assets/portfolio/liebefeld-1.jpg",
            "alt": "Verwaltungsgebäude Liebefeld – Aussenansicht",
            "credit": "© Rolf Siegenthaler",
            "source": "https://www.bbl.admin.ch/de/mediendatenbank",
            "scene": "exterior",
            "mediaIndex": 1,
            "kind": "public-source-photo",
            "rights": "Copyright retained by credited photographer; publicly accessible BBL source, no open licence asserted. Not covered by repository MIT licence.",
            "originalUrl": "https://prod-bbladminch-hcms-sdweb.imgix.net/dam/de/sd-web/fCJLAW0PBs31/Bern_Verwaltungsgeb%C3%A4ude_Liebefeld_01.png?w=1024&auto=format"
          },
          {
            "url": "../assets/portfolio/liebefeld-2.jpg",
            "alt": "Verwaltungsgebäude Liebefeld – Aussenansicht",
            "credit": "© Rolf Siegenthaler",
            "source": "https://www.bbl.admin.ch/de/mediendatenbank",
            "scene": "exterior",
            "mediaIndex": 3,
            "kind": "public-source-photo",
            "rights": "Copyright retained by credited photographer; publicly accessible BBL source, no open licence asserted. Not covered by repository MIT licence.",
            "originalUrl": "https://prod-bbladminch-hcms-sdweb.imgix.net/dam/de/sd-web/aTeYrWlpxQ-J/Bern_Verwaltungsgeb%C3%A4ude_Liebefeld_03.png?w=1024&auto=format"
          },
          {
            "url": "../assets/portfolio/liebefeld-3.jpg",
            "source": "https://www.bbl.admin.ch/dam/de/sd-web/DhpU2Dp9QFh8/20150801_Liebefeld%20Schwarzenburgstrasse%20157%2C%20Neubau%20Verwaltungsgeb%C3%A4ude_DE.pdf",
            "pdfImageXref": 19,
            "page": 2,
            "credit": "© Rolf Siegenthaler, Bern",
            "scene": "interior",
            "alt": "Verwaltungsgebäude Liebefeld – Wartezone Konferenzbereich, BBL-Publikation 2015",
            "kind": "public-source-photo",
            "rights": "Copyright retained by credited photographer; publicly accessible BBL source, no open licence asserted. Not covered by repository MIT licence.",
            "originalUrl": "https://www.bbl.admin.ch/dam/de/sd-web/DhpU2Dp9QFh8/20150801_Liebefeld%20Schwarzenburgstrasse%20157%2C%20Neubau%20Verwaltungsgeb%C3%A4ude_DE.pdf"
          }
        ],
        "provenance": {
          "dataset": "bbl-public-portfolio-demo",
          "asOf": "2026-09-22",
          "notOfficialInventory": true,
          "factSources": {
            "identity": "https://www.bbl.admin.ch/de/mediendatenbank",
            "address": "https://www.bbl.admin.ch/dam/de/sd-web/DhpU2Dp9QFh8/20150801_Liebefeld%20Schwarzenburgstrasse%20157%2C%20Neubau%20Verwaltungsgeb%C3%A4ude_DE.pdf",
            "coordinates": "https://api3.geo.admin.ch/rest/services/ech/MapServer/ch.bfs.gebaeude_wohnungs_register/191458950_0?sr=4326&geometryFormat=geojson",
            "constructionYear": "https://www.bbl.admin.ch/dam/de/sd-web/DhpU2Dp9QFh8/20150801_Liebefeld%20Schwarzenburgstrasse%20157%2C%20Neubau%20Verwaltungsgeb%C3%A4ude_DE.pdf",
            "EGID": "https://api3.geo.admin.ch/rest/services/ech/MapServer/ch.bfs.gebaeude_wohnungs_register/191458950_0?sr=4326&geometryFormat=geojson",
            "EGRID": "https://api3.geo.admin.ch/rest/services/ech/MapServer/identify?geometry=7.421357%2C46.929894&geometryType=esriGeometryPoint&geometryFormat=geojson&sr=4326&layers=all%3Ach.kantone.cadastralwebmap-farbe&tolerance=0&returnGeometry=true&lang=de",
            "parcelGeometry": "https://api3.geo.admin.ch/rest/services/ech/MapServer/identify?geometry=7.421357%2C46.929894&geometryType=esriGeometryPoint&geometryFormat=geojson&sr=4326&layers=all%3Ach.kantone.cadastralwebmap-farbe&tolerance=0&returnGeometry=true&lang=de"
          },
          "geocoding": {
            "provider": "swisstopo / BFS GWR",
            "sourceUrl": "https://api3.geo.admin.ch/rest/services/ech/MapServer/ch.bfs.gebaeude_wohnungs_register/191458950_0?sr=4326&geometryFormat=geojson",
            "retrievedAt": "2026-09-22",
            "reviewed": true,
            "precision": "gwr-building-coordinate",
            "coordinateSourceCode": 901,
            "matchedAddress": "Schwarzenburgstrasse 157, 3097 Köniz",
            "note": "GWR building position (GKODE/GKODN), transformed LV95 to WGS84; not the entrance point."
          },
          "scope": "Publicly documented building/site. The matched AV parcel may include additional buildings; operational records and land cover are demonstration assumptions.",
          "publishedMeasurements": {
            "GF": 29900,
            "GV": 124500,
            "standard": "SIA 416:2003",
            "referenceYear": 2015,
            "page": 1,
            "sourceUrl": "https://www.bbl.admin.ch/dam/de/sd-web/DhpU2Dp9QFh8/20150801_Liebefeld%20Schwarzenburgstrasse%20157%2C%20Neubau%20Verwaltungsgeb%C3%A4ude_DE.pdf"
          },
          "cadastre": {
            "egid": "191458950",
            "egrid": "CH208035154682",
            "parcelNumber": "16",
            "municipality": "Köniz",
            "municipalityNumber": 355,
            "geometry": {
              "type": "Polygon",
              "coordinates": [
                [
                  [
                    7.420199,
                    46.930155
                  ],
                  [
                    7.420203,
                    46.930152
                  ],
                  [
                    7.420345,
                    46.930087
                  ],
                  [
                    7.421705,
                    46.929462
                  ],
                  [
                    7.422691,
                    46.929008
                  ],
                  [
                    7.422703,
                    46.92902
                  ],
                  [
                    7.423323,
                    46.928735
                  ],
                  [
                    7.423399,
                    46.9287
                  ],
                  [
                    7.423404,
                    46.928698
                  ],
                  [
                    7.423408,
                    46.928696
                  ],
                  [
                    7.423413,
                    46.928694
                  ],
                  [
                    7.423417,
                    46.928692
                  ],
                  [
                    7.423422,
                    46.92869
                  ],
                  [
                    7.423427,
                    46.928688
                  ],
                  [
                    7.423432,
                    46.928687
                  ],
                  [
                    7.423437,
                    46.928685
                  ],
                  [
                    7.423442,
                    46.928683
                  ],
                  [
                    7.423447,
                    46.928682
                  ],
                  [
                    7.423452,
                    46.92868
                  ],
                  [
                    7.423457,
                    46.928679
                  ],
                  [
                    7.423462,
                    46.928678
                  ],
                  [
                    7.423467,
                    46.928676
                  ],
                  [
                    7.423472,
                    46.928675
                  ],
                  [
                    7.423477,
                    46.928674
                  ],
                  [
                    7.423482,
                    46.928673
                  ],
                  [
                    7.423488,
                    46.928672
                  ],
                  [
                    7.423493,
                    46.928671
                  ],
                  [
                    7.423498,
                    46.92867
                  ],
                  [
                    7.423503,
                    46.928669
                  ],
                  [
                    7.423509,
                    46.928668
                  ],
                  [
                    7.423514,
                    46.928667
                  ],
                  [
                    7.42352,
                    46.928667
                  ],
                  [
                    7.423525,
                    46.928666
                  ],
                  [
                    7.42353,
                    46.928665
                  ],
                  [
                    7.423535,
                    46.928665
                  ],
                  [
                    7.42354,
                    46.928665
                  ],
                  [
                    7.423545,
                    46.928664
                  ],
                  [
                    7.42355,
                    46.928664
                  ],
                  [
                    7.423556,
                    46.928664
                  ],
                  [
                    7.423561,
                    46.928664
                  ],
                  [
                    7.423566,
                    46.928664
                  ],
                  [
                    7.423571,
                    46.928664
                  ],
                  [
                    7.423576,
                    46.928664
                  ],
                  [
                    7.423581,
                    46.928664
                  ],
                  [
                    7.423586,
                    46.928664
                  ],
                  [
                    7.423591,
                    46.928664
                  ],
                  [
                    7.423597,
                    46.928664
                  ],
                  [
                    7.423602,
                    46.928665
                  ],
                  [
                    7.423607,
                    46.928665
                  ],
                  [
                    7.423612,
                    46.928666
                  ],
                  [
                    7.423617,
                    46.928666
                  ],
                  [
                    7.423622,
                    46.928667
                  ],
                  [
                    7.423627,
                    46.928667
                  ],
                  [
                    7.423632,
                    46.928668
                  ],
                  [
                    7.423637,
                    46.928669
                  ],
                  [
                    7.423642,
                    46.928669
                  ],
                  [
                    7.423647,
                    46.92867
                  ],
                  [
                    7.423652,
                    46.928671
                  ],
                  [
                    7.423657,
                    46.928672
                  ],
                  [
                    7.423662,
                    46.928673
                  ],
                  [
                    7.423667,
                    46.928674
                  ],
                  [
                    7.423672,
                    46.928676
                  ],
                  [
                    7.423677,
                    46.928677
                  ],
                  [
                    7.423681,
                    46.928678
                  ],
                  [
                    7.423686,
                    46.928679
                  ],
                  [
                    7.423691,
                    46.928681
                  ],
                  [
                    7.423696,
                    46.928682
                  ],
                  [
                    7.4237,
                    46.928684
                  ],
                  [
                    7.423705,
                    46.928685
                  ],
                  [
                    7.423709,
                    46.928687
                  ],
                  [
                    7.423714,
                    46.928689
                  ],
                  [
                    7.424097,
                    46.928838
                  ],
                  [
                    7.424101,
                    46.92884
                  ],
                  [
                    7.424105,
                    46.928841
                  ],
                  [
                    7.424109,
                    46.928843
                  ],
                  [
                    7.424114,
                    46.928844
                  ],
                  [
                    7.424118,
                    46.928845
                  ],
                  [
                    7.424122,
                    46.928847
                  ],
                  [
                    7.424127,
                    46.928848
                  ],
                  [
                    7.424131,
                    46.928849
                  ],
                  [
                    7.424136,
                    46.92885
                  ],
                  [
                    7.42414,
                    46.928851
                  ],
                  [
                    7.424145,
                    46.928852
                  ],
                  [
                    7.424149,
                    46.928853
                  ],
                  [
                    7.424154,
                    46.928854
                  ],
                  [
                    7.424158,
                    46.928854
                  ],
                  [
                    7.424163,
                    46.928855
                  ],
                  [
                    7.424167,
                    46.928856
                  ],
                  [
                    7.424337,
                    46.928921
                  ],
                  [
                    7.424416,
                    46.92895
                  ],
                  [
                    7.424366,
                    46.929013
                  ],
                  [
                    7.425034,
                    46.929262
                  ],
                  [
                    7.424788,
                    46.92955
                  ],
                  [
                    7.425165,
                    46.92969
                  ],
                  [
                    7.425031,
                    46.929836
                  ],
                  [
                    7.424958,
                    46.929869
                  ],
                  [
                    7.424922,
                    46.929886
                  ],
                  [
                    7.42465,
                    46.930012
                  ],
                  [
                    7.424397,
                    46.930129
                  ],
                  [
                    7.424144,
                    46.930246
                  ],
                  [
                    7.423749,
                    46.930429
                  ],
                  [
                    7.423463,
                    46.930562
                  ],
                  [
                    7.423122,
                    46.93072
                  ],
                  [
                    7.422922,
                    46.930813
                  ],
                  [
                    7.422887,
                    46.930779
                  ],
                  [
                    7.42263,
                    46.930535
                  ],
                  [
                    7.422537,
                    46.930578
                  ],
                  [
                    7.422015,
                    46.93082
                  ],
                  [
                    7.421814,
                    46.930913
                  ],
                  [
                    7.421626,
                    46.931001
                  ],
                  [
                    7.421364,
                    46.931122
                  ],
                  [
                    7.421211,
                    46.931193
                  ],
                  [
                    7.421028,
                    46.931278
                  ],
                  [
                    7.421024,
                    46.931274
                  ],
                  [
                    7.420985,
                    46.931218
                  ],
                  [
                    7.420953,
                    46.931171
                  ],
                  [
                    7.420922,
                    46.931126
                  ],
                  [
                    7.420888,
                    46.931082
                  ],
                  [
                    7.420854,
                    46.931039
                  ],
                  [
                    7.420824,
                    46.931004
                  ],
                  [
                    7.420839,
                    46.930997
                  ],
                  [
                    7.420786,
                    46.930938
                  ],
                  [
                    7.42077,
                    46.930945
                  ],
                  [
                    7.420702,
                    46.93087
                  ],
                  [
                    7.420642,
                    46.930806
                  ],
                  [
                    7.420539,
                    46.930693
                  ],
                  [
                    7.420505,
                    46.930655
                  ],
                  [
                    7.420472,
                    46.930615
                  ],
                  [
                    7.420435,
                    46.930567
                  ],
                  [
                    7.420429,
                    46.930559
                  ],
                  [
                    7.420422,
                    46.93055
                  ],
                  [
                    7.420416,
                    46.930541
                  ],
                  [
                    7.420409,
                    46.930532
                  ],
                  [
                    7.420403,
                    46.930523
                  ],
                  [
                    7.420397,
                    46.930514
                  ],
                  [
                    7.420391,
                    46.930505
                  ],
                  [
                    7.420385,
                    46.930497
                  ],
                  [
                    7.420379,
                    46.930488
                  ],
                  [
                    7.420373,
                    46.930479
                  ],
                  [
                    7.420367,
                    46.93047
                  ],
                  [
                    7.420233,
                    46.930261
                  ],
                  [
                    7.42023,
                    46.930256
                  ],
                  [
                    7.420228,
                    46.930251
                  ],
                  [
                    7.420225,
                    46.930247
                  ],
                  [
                    7.420222,
                    46.930242
                  ],
                  [
                    7.42022,
                    46.930237
                  ],
                  [
                    7.420217,
                    46.930232
                  ],
                  [
                    7.420215,
                    46.930227
                  ],
                  [
                    7.420213,
                    46.930222
                  ],
                  [
                    7.420211,
                    46.930217
                  ],
                  [
                    7.420209,
                    46.930212
                  ],
                  [
                    7.420207,
                    46.930207
                  ],
                  [
                    7.420205,
                    46.930202
                  ],
                  [
                    7.420203,
                    46.930197
                  ],
                  [
                    7.420201,
                    46.930192
                  ],
                  [
                    7.4202,
                    46.930189
                  ],
                  [
                    7.4202,
                    46.930187
                  ],
                  [
                    7.420199,
                    46.930184
                  ],
                  [
                    7.420199,
                    46.930181
                  ],
                  [
                    7.420198,
                    46.930179
                  ],
                  [
                    7.420198,
                    46.930176
                  ],
                  [
                    7.420198,
                    46.930174
                  ],
                  [
                    7.420198,
                    46.930171
                  ],
                  [
                    7.420198,
                    46.930168
                  ],
                  [
                    7.420198,
                    46.930166
                  ],
                  [
                    7.420198,
                    46.930163
                  ],
                  [
                    7.420199,
                    46.93016
                  ],
                  [
                    7.420199,
                    46.930158
                  ],
                  [
                    7.420199,
                    46.930155
                  ]
                ]
              ]
            },
            "geometryAreaM2": 55420.96,
            "areaMethod": "WGS84 geodesic area of returned cadastral polygon; not a land-register area attribute",
            "gwrSourceUrl": "https://api3.geo.admin.ch/rest/services/ech/MapServer/ch.bfs.gebaeude_wohnungs_register/191458950_0?sr=4326&geometryFormat=geojson",
            "parcelSourceUrl": "https://api3.geo.admin.ch/rest/services/ech/MapServer/identify?geometry=7.421357%2C46.929894&geometryType=esriGeometryPoint&geometryFormat=geojson&sr=4326&layers=all%3Ach.kantone.cadastralwebmap-farbe&tolerance=0&returnGeometry=true&lang=de",
            "parcelFeatureId": 1753751,
            "registerDataDate": "19.09.2026",
            "retrievedAt": "2026-09-22",
            "matchMethod": "GWR EGRID equals exact-point cadastral EGRID; GWR building coordinate contained in polygon",
            "geoportalUrl": "https://www.topo.apps.be.ch/pub/map/?lang=de&gpk=MOPUBE_GPK",
            "officialGeometry": true,
            "note": "Parcel may contain additional buildings. Cadastral geometry is not evidence of ownership."
          },
          "syntheticFields": [
            "inventoryIds",
            "ownershipScenario",
            "statusScenario",
            "valuations",
            "SIA area breakdown",
            "RICS measurements",
            "storeySplit",
            "landcoverGeometry",
            "energySystems",
            "parking",
            "contacts",
            "costs",
            "contracts",
            "assets",
            "mockDocuments"
          ],
          "unknownFieldsLeftNull": [
            "zoning",
            "energyCertificate",
            "buildingPermitDate",
            "heritageRegisterNumber"
          ],
          "notice": "Standort öffentlich belegt. Publizierte GF/GV separat belegt; übrige Gebäudebemessungen und Betriebsdaten sind Demowerte. EGID, EGRID und Parzelle aus GWR/AV; Grundstücksfläche aus Polygon berechnet.",
          "referenceData": {
            "catalogVersion": "55",
            "classificationAssignments": "Demo assignments to catalogue codes; not confirmed SAP master data.",
            "physicalStatus": {
              "sourceUrl": "https://api3.geo.admin.ch/rest/services/ech/MapServer/ch.bfs.gebaeude_wohnungs_register/191458950_0?sr=4326&geometryFormat=geojson",
              "dataStatus": "public-source"
            }
          }
        },
        "demoRelatedRecords": {
          "areaMeasurements": [
            {
              "buildingIds": [
                "9900/9003/AA"
              ],
              "validFrom": "2015-01-01T00:00:00Z",
              "validUntil": null,
              "areaMeasurementId": "e7e2fd13-7675-5eab-997e-8ea55b8210a7",
              "type": "Geschossfläche GF",
              "value": 29900,
              "unit": "m²",
              "bmEstimation": null,
              "accuracy": "Unbekannt",
              "accuracyCode": "UNBEKANNT",
              "standard": "SIA 416",
              "standardCode": "SIA_416",
              "legacyId": "DEMO-9003-GF",
              "extensionData": {
                "code": "GF",
                "standardDetail": "SIA 416:2003",
                "dataStatus": "published-source",
                "source": "BBL Bautendokumentation 2015, S. 1",
                "sourceUrl": "https://www.bbl.admin.ch/dam/de/sd-web/DhpU2Dp9QFh8/20150801_Liebefeld%20Schwarzenburgstrasse%20157%2C%20Neubau%20Verwaltungsgeb%C3%A4ude_DE.pdf",
                "scope": "Publicly documented building/site. The matched AV parcel may include additional buildings; operational records and land cover are demonstration assumptions.",
                "originalUnit": "m²",
                "assumption": null
              }
            },
            {
              "buildingIds": [
                "9900/9003/AA"
              ],
              "validFrom": "2026-09-22T00:00:00Z",
              "validUntil": null,
              "areaMeasurementId": "8ca5acad-60f3-5b8d-a552-c2a93f237271",
              "type": "Geschossfläche oberirdisch",
              "value": 21357,
              "unit": "m²",
              "bmEstimation": true,
              "accuracy": "Geschätzt",
              "accuracyCode": "GESCHAETZT",
              "standard": "SIA 416",
              "standardCode": "SIA_416",
              "legacyId": "DEMO-9003-GFO",
              "extensionData": {
                "code": "GFO",
                "standardDetail": "SIA 416:2003",
                "dataStatus": "synthetic-demo",
                "source": "Plausibles Demo-Szenario",
                "sourceUrl": null,
                "scope": "Publicly documented building/site. The matched AV parcel may include additional buildings; operational records and land cover are demonstration assumptions.",
                "originalUnit": "m²",
                "assumption": "Independently modelled measurement basis; no certified survey or universal SIA/RICS conversion."
              }
            },
            {
              "buildingIds": [
                "9900/9003/AA"
              ],
              "validFrom": "2026-09-22T00:00:00Z",
              "validUntil": null,
              "areaMeasurementId": "0e2dd670-0ad5-5ed5-93f8-7b200a2bd6e5",
              "type": "Geschossfläche unterirdisch",
              "value": 8543,
              "unit": "m²",
              "bmEstimation": true,
              "accuracy": "Geschätzt",
              "accuracyCode": "GESCHAETZT",
              "standard": "SIA 416",
              "standardCode": "SIA_416",
              "legacyId": "DEMO-9003-GFU",
              "extensionData": {
                "code": "GFU",
                "standardDetail": "SIA 416:2003",
                "dataStatus": "synthetic-demo",
                "source": "Plausibles Demo-Szenario",
                "sourceUrl": null,
                "scope": "Publicly documented building/site. The matched AV parcel may include additional buildings; operational records and land cover are demonstration assumptions.",
                "originalUnit": "m²",
                "assumption": "Independently modelled measurement basis; no certified survey or universal SIA/RICS conversion."
              }
            },
            {
              "buildingIds": [
                "9900/9003/AA"
              ],
              "validFrom": "2026-09-22T00:00:00Z",
              "validUntil": null,
              "areaMeasurementId": "533206bc-4d53-52dd-94fd-347f4d7536bb",
              "type": "Konstruktionsfläche KF",
              "value": 5532,
              "unit": "m²",
              "bmEstimation": true,
              "accuracy": "Geschätzt",
              "accuracyCode": "GESCHAETZT",
              "standard": "SIA 416",
              "standardCode": "SIA_416",
              "legacyId": "DEMO-9003-KF",
              "extensionData": {
                "code": "KF",
                "standardDetail": "SIA 416:2003",
                "dataStatus": "synthetic-demo",
                "source": "Plausibles Demo-Szenario",
                "sourceUrl": null,
                "scope": "Publicly documented building/site. The matched AV parcel may include additional buildings; operational records and land cover are demonstration assumptions.",
                "originalUnit": "m²",
                "assumption": "Independently modelled measurement basis; no certified survey or universal SIA/RICS conversion."
              }
            },
            {
              "buildingIds": [
                "9900/9003/AA"
              ],
              "validFrom": "2026-09-22T00:00:00Z",
              "validUntil": null,
              "areaMeasurementId": "bba5bbd6-63c7-51e2-957b-4b8a3fdb557b",
              "type": "Nettogeschossfläche NGF",
              "value": 24368,
              "unit": "m²",
              "bmEstimation": true,
              "accuracy": "Geschätzt",
              "accuracyCode": "GESCHAETZT",
              "standard": "SIA 416",
              "standardCode": "SIA_416",
              "legacyId": "DEMO-9003-NGF",
              "extensionData": {
                "code": "NGF",
                "standardDetail": "SIA 416:2003",
                "dataStatus": "synthetic-demo",
                "source": "Plausibles Demo-Szenario",
                "sourceUrl": null,
                "scope": "Publicly documented building/site. The matched AV parcel may include additional buildings; operational records and land cover are demonstration assumptions.",
                "originalUnit": "m²",
                "assumption": "Independently modelled measurement basis; no certified survey or universal SIA/RICS conversion."
              }
            },
            {
              "buildingIds": [
                "9900/9003/AA"
              ],
              "validFrom": "2026-09-22T00:00:00Z",
              "validUntil": null,
              "areaMeasurementId": "ebba9a0c-406e-5e61-92ec-5526bfcb88bc",
              "type": "Nutzfläche NF",
              "value": 19435,
              "unit": "m²",
              "bmEstimation": true,
              "accuracy": "Geschätzt",
              "accuracyCode": "GESCHAETZT",
              "standard": "SIA 416",
              "standardCode": "SIA_416",
              "legacyId": "DEMO-9003-NF",
              "extensionData": {
                "code": "NF",
                "standardDetail": "SIA 416:2003",
                "dataStatus": "synthetic-demo",
                "source": "Plausibles Demo-Szenario",
                "sourceUrl": null,
                "scope": "Publicly documented building/site. The matched AV parcel may include additional buildings; operational records and land cover are demonstration assumptions.",
                "originalUnit": "m²",
                "assumption": "Independently modelled measurement basis; no certified survey or universal SIA/RICS conversion."
              }
            },
            {
              "buildingIds": [
                "9900/9003/AA"
              ],
              "validFrom": "2026-09-22T00:00:00Z",
              "validUntil": null,
              "areaMeasurementId": "7f500e2f-34ce-50b7-83e7-2cfc2dbce0c4",
              "type": "Hauptnutzfläche HNF",
              "value": 16325,
              "unit": "m²",
              "bmEstimation": true,
              "accuracy": "Geschätzt",
              "accuracyCode": "GESCHAETZT",
              "standard": "SIA 416",
              "standardCode": "SIA_416",
              "legacyId": "DEMO-9003-HNF",
              "extensionData": {
                "code": "HNF",
                "standardDetail": "SIA 416:2003",
                "dataStatus": "synthetic-demo",
                "source": "Plausibles Demo-Szenario",
                "sourceUrl": null,
                "scope": "Publicly documented building/site. The matched AV parcel may include additional buildings; operational records and land cover are demonstration assumptions.",
                "originalUnit": "m²",
                "assumption": "Independently modelled measurement basis; no certified survey or universal SIA/RICS conversion."
              }
            },
            {
              "buildingIds": [
                "9900/9003/AA"
              ],
              "validFrom": "2026-09-22T00:00:00Z",
              "validUntil": null,
              "areaMeasurementId": "ddf9d08a-cdc9-5bf7-9d20-9a543b2a157e",
              "type": "Nebennutzfläche NNF",
              "value": 3110,
              "unit": "m²",
              "bmEstimation": true,
              "accuracy": "Geschätzt",
              "accuracyCode": "GESCHAETZT",
              "standard": "SIA 416",
              "standardCode": "SIA_416",
              "legacyId": "DEMO-9003-NNF",
              "extensionData": {
                "code": "NNF",
                "standardDetail": "SIA 416:2003",
                "dataStatus": "synthetic-demo",
                "source": "Plausibles Demo-Szenario",
                "sourceUrl": null,
                "scope": "Publicly documented building/site. The matched AV parcel may include additional buildings; operational records and land cover are demonstration assumptions.",
                "originalUnit": "m²",
                "assumption": "Independently modelled measurement basis; no certified survey or universal SIA/RICS conversion."
              }
            },
            {
              "buildingIds": [
                "9900/9003/AA"
              ],
              "validFrom": "2026-09-22T00:00:00Z",
              "validUntil": null,
              "areaMeasurementId": "32f70e79-2279-5c3b-8634-bd18efaec470",
              "type": "Funktionsfläche FF",
              "value": 1046,
              "unit": "m²",
              "bmEstimation": true,
              "accuracy": "Geschätzt",
              "accuracyCode": "GESCHAETZT",
              "standard": "SIA 416",
              "standardCode": "SIA_416",
              "legacyId": "DEMO-9003-FF",
              "extensionData": {
                "code": "FF",
                "standardDetail": "SIA 416:2003",
                "dataStatus": "synthetic-demo",
                "source": "Plausibles Demo-Szenario",
                "sourceUrl": null,
                "scope": "Publicly documented building/site. The matched AV parcel may include additional buildings; operational records and land cover are demonstration assumptions.",
                "originalUnit": "m²",
                "assumption": "Independently modelled measurement basis; no certified survey or universal SIA/RICS conversion."
              }
            },
            {
              "buildingIds": [
                "9900/9003/AA"
              ],
              "validFrom": "2026-09-22T00:00:00Z",
              "validUntil": null,
              "areaMeasurementId": "32e654fe-3e33-5f59-8208-b697ad178a74",
              "type": "Verkehrsfläche VF",
              "value": 3887,
              "unit": "m²",
              "bmEstimation": true,
              "accuracy": "Geschätzt",
              "accuracyCode": "GESCHAETZT",
              "standard": "SIA 416",
              "standardCode": "SIA_416",
              "legacyId": "DEMO-9003-VF",
              "extensionData": {
                "code": "VF",
                "standardDetail": "SIA 416:2003",
                "dataStatus": "synthetic-demo",
                "source": "Plausibles Demo-Szenario",
                "sourceUrl": null,
                "scope": "Publicly documented building/site. The matched AV parcel may include additional buildings; operational records and land cover are demonstration assumptions.",
                "originalUnit": "m²",
                "assumption": "Independently modelled measurement basis; no certified survey or universal SIA/RICS conversion."
              }
            },
            {
              "buildingIds": [
                "9900/9003/AA"
              ],
              "validFrom": "2015-01-01T00:00:00Z",
              "validUntil": null,
              "areaMeasurementId": "98924ad0-811b-542c-9b42-32eac827703c",
              "type": "Gebäudevolumen GV",
              "value": 124500,
              "unit": "m³",
              "bmEstimation": null,
              "accuracy": "Unbekannt",
              "accuracyCode": "UNBEKANNT",
              "standard": "SIA 416",
              "standardCode": "SIA_416",
              "legacyId": "DEMO-9003-GV",
              "extensionData": {
                "code": "GV",
                "standardDetail": "SIA 416:2003",
                "dataStatus": "published-source",
                "source": "BBL Bautendokumentation 2015, S. 1",
                "sourceUrl": "https://www.bbl.admin.ch/dam/de/sd-web/DhpU2Dp9QFh8/20150801_Liebefeld%20Schwarzenburgstrasse%20157%2C%20Neubau%20Verwaltungsgeb%C3%A4ude_DE.pdf",
                "scope": "Publicly documented building/site. The matched AV parcel may include additional buildings; operational records and land cover are demonstration assumptions.",
                "originalUnit": "m³",
                "assumption": null
              }
            },
            {
              "buildingIds": [
                "9900/9003/AA"
              ],
              "validFrom": "2026-09-22T00:00:00Z",
              "validUntil": null,
              "areaMeasurementId": "51877023-c7ce-5405-83b9-ce84d2fc7c1e",
              "type": "Gebäudevolumen oberirdisch",
              "value": 88928,
              "unit": "m³",
              "bmEstimation": true,
              "accuracy": "Geschätzt",
              "accuracyCode": "GESCHAETZT",
              "standard": "SIA 416",
              "standardCode": "SIA_416",
              "legacyId": "DEMO-9003-GVO",
              "extensionData": {
                "code": "GVO",
                "standardDetail": "SIA 416:2003",
                "dataStatus": "synthetic-demo",
                "source": "Plausibles Demo-Szenario",
                "sourceUrl": null,
                "scope": "Publicly documented building/site. The matched AV parcel may include additional buildings; operational records and land cover are demonstration assumptions.",
                "originalUnit": "m³",
                "assumption": "Independently modelled measurement basis; no certified survey or universal SIA/RICS conversion."
              }
            },
            {
              "buildingIds": [
                "9900/9003/AA"
              ],
              "validFrom": "2026-09-22T00:00:00Z",
              "validUntil": null,
              "areaMeasurementId": "b9e387b3-9b7f-5f91-b843-e17ee875824d",
              "type": "Gebäudevolumen unterirdisch",
              "value": 35572,
              "unit": "m³",
              "bmEstimation": true,
              "accuracy": "Geschätzt",
              "accuracyCode": "GESCHAETZT",
              "standard": "SIA 416",
              "standardCode": "SIA_416",
              "legacyId": "DEMO-9003-GVU",
              "extensionData": {
                "code": "GVU",
                "standardDetail": "SIA 416:2003",
                "dataStatus": "synthetic-demo",
                "source": "Plausibles Demo-Szenario",
                "sourceUrl": null,
                "scope": "Publicly documented building/site. The matched AV parcel may include additional buildings; operational records and land cover are demonstration assumptions.",
                "originalUnit": "m³",
                "assumption": "Independently modelled measurement basis; no certified survey or universal SIA/RICS conversion."
              }
            },
            {
              "buildingIds": [
                "9900/9003/AA"
              ],
              "validFrom": "2026-09-22T00:00:00Z",
              "validUntil": null,
              "areaMeasurementId": "22f548e7-5c7d-54c4-81e7-a2e072e91c76",
              "type": "Grundstücksfläche GSF",
              "value": 55420.96,
              "unit": "m²",
              "bmEstimation": false,
              "accuracy": "Gemessen",
              "accuracyCode": "GEMESSEN",
              "standard": "Andere dokumentierte Regel",
              "standardCode": "ANDERE_REGEL",
              "legacyId": "DEMO-9003-GSF",
              "extensionData": {
                "code": "GSF",
                "standardDetail": "WGS84 geodesic area of returned cadastral polygon; not a land-register area attribute",
                "dataStatus": "derived-public-geometry",
                "source": "swisstopo CadastralWebMap · Polygonfläche",
                "sourceUrl": "https://api3.geo.admin.ch/rest/services/ech/MapServer/identify?geometry=7.421357%2C46.929894&geometryType=esriGeometryPoint&geometryFormat=geojson&sr=4326&layers=all%3Ach.kantone.cadastralwebmap-farbe&tolerance=0&returnGeometry=true&lang=de",
                "scope": "Publicly documented building/site. The matched AV parcel may include additional buildings; operational records and land cover are demonstration assumptions.",
                "originalUnit": "m²",
                "assumption": "WGS84 geodesic area of returned cadastral polygon; not a land-register area attribute; Parcel may contain additional buildings. Cadastral geometry is not evidence of ownership."
              }
            },
            {
              "buildingIds": [
                "9900/9003/AA"
              ],
              "validFrom": "2026-09-22T00:00:00Z",
              "validUntil": null,
              "areaMeasurementId": "5b438bf2-218b-53ea-91a0-059ca5b7f244",
              "type": "Gebäudegrundfläche GGF",
              "value": 4271,
              "unit": "m²",
              "bmEstimation": true,
              "accuracy": "Geschätzt",
              "accuracyCode": "GESCHAETZT",
              "standard": "SIA 416",
              "standardCode": "SIA_416",
              "legacyId": "DEMO-9003-GGF",
              "extensionData": {
                "code": "GGF",
                "standardDetail": "SIA 416:2003",
                "dataStatus": "synthetic-demo",
                "source": "Plausibles Demo-Szenario",
                "sourceUrl": null,
                "scope": "Publicly documented building/site. The matched AV parcel may include additional buildings; operational records and land cover are demonstration assumptions.",
                "originalUnit": "m²",
                "assumption": "Independently modelled measurement basis; no certified survey or universal SIA/RICS conversion."
              }
            },
            {
              "buildingIds": [
                "9900/9003/AA"
              ],
              "validFrom": "2026-09-22T00:00:00Z",
              "validUntil": null,
              "areaMeasurementId": "02795869-6581-5406-b893-173e6e787ce4",
              "type": "Umgebungsfläche UF",
              "value": 51149.96,
              "unit": "m²",
              "bmEstimation": true,
              "accuracy": "Geschätzt",
              "accuracyCode": "GESCHAETZT",
              "standard": "SIA 416",
              "standardCode": "SIA_416",
              "legacyId": "DEMO-9003-UF",
              "extensionData": {
                "code": "UF",
                "standardDetail": "SIA 416:2003",
                "dataStatus": "synthetic-demo",
                "source": "Plausibles Demo-Szenario",
                "sourceUrl": null,
                "scope": "Publicly documented building/site. The matched AV parcel may include additional buildings; operational records and land cover are demonstration assumptions.",
                "originalUnit": "m²",
                "assumption": "Independently modelled measurement basis; no certified survey or universal SIA/RICS conversion."
              }
            },
            {
              "buildingIds": [
                "9900/9003/AA"
              ],
              "validFrom": "2026-09-22T00:00:00Z",
              "validUntil": null,
              "areaMeasurementId": "261d043c-ccbe-55f8-b12f-2b422d381f4a",
              "type": "Gross External Area (GEA)",
              "value": 29900,
              "unit": "m²",
              "bmEstimation": true,
              "accuracy": "Geschätzt",
              "accuracyCode": "GESCHAETZT",
              "standard": "Andere dokumentierte Regel",
              "standardCode": "ANDERE_REGEL",
              "legacyId": "DEMO-9003-GEA",
              "extensionData": {
                "code": "GEA",
                "standardDetail": "RICS Code of Measuring Practice, 6th edition (2015)",
                "dataStatus": "synthetic-demo",
                "source": "Plausibles Demo-Szenario",
                "sourceUrl": null,
                "scope": "Publicly documented building/site. The matched AV parcel may include additional buildings; operational records and land cover are demonstration assumptions.",
                "originalUnit": "m²",
                "assumption": "Independently modelled measurement basis; no certified survey or universal SIA/RICS conversion."
              }
            },
            {
              "buildingIds": [
                "9900/9003/AA"
              ],
              "validFrom": "2026-09-22T00:00:00Z",
              "validUntil": null,
              "areaMeasurementId": "978aefa8-6112-5dce-aedb-32585c51721d",
              "type": "Gross Internal Area (GIA)",
              "value": 27956,
              "unit": "m²",
              "bmEstimation": true,
              "accuracy": "Geschätzt",
              "accuracyCode": "GESCHAETZT",
              "standard": "Andere dokumentierte Regel",
              "standardCode": "ANDERE_REGEL",
              "legacyId": "DEMO-9003-GIA",
              "extensionData": {
                "code": "GIA",
                "standardDetail": "RICS Code of Measuring Practice, 6th edition (2015)",
                "dataStatus": "synthetic-demo",
                "source": "Plausibles Demo-Szenario",
                "sourceUrl": null,
                "scope": "Publicly documented building/site. The matched AV parcel may include additional buildings; operational records and land cover are demonstration assumptions.",
                "originalUnit": "m²",
                "assumption": "Independently modelled measurement basis; no certified survey or universal SIA/RICS conversion."
              }
            },
            {
              "buildingIds": [
                "9900/9003/AA"
              ],
              "validFrom": "2026-09-22T00:00:00Z",
              "validUntil": null,
              "areaMeasurementId": "392dcad7-0e3f-5a00-ade8-789a8c7027f9",
              "type": "Net Internal Area (NIA)",
              "value": 17686,
              "unit": "m²",
              "bmEstimation": true,
              "accuracy": "Geschätzt",
              "accuracyCode": "GESCHAETZT",
              "standard": "Andere dokumentierte Regel",
              "standardCode": "ANDERE_REGEL",
              "legacyId": "DEMO-9003-NIA",
              "extensionData": {
                "code": "NIA",
                "standardDetail": "RICS Code of Measuring Practice, 6th edition (2015)",
                "dataStatus": "synthetic-demo",
                "source": "Plausibles Demo-Szenario",
                "sourceUrl": null,
                "scope": "Publicly documented building/site. The matched AV parcel may include additional buildings; operational records and land cover are demonstration assumptions.",
                "originalUnit": "m²",
                "assumption": "Independently modelled measurement basis; no certified survey or universal SIA/RICS conversion."
              }
            }
          ],
          "documents": [
            {
              "buildingIds": [
                "9900/9003/AA"
              ],
              "validFrom": null,
              "validUntil": null,
              "documentId": "b3980fab-3901-561d-bd6c-f92908d46578",
              "name": "BBL Bautendokumentation – Verwaltungsgebäude Liebefeld",
              "type": "Publikation",
              "documentTypeCode": "O12001",
              "fileFormat": "PDF",
              "fileSize": "869.96 kB",
              "url": "https://www.bbl.admin.ch/dam/de/sd-web/DhpU2Dp9QFh8/20150801_Liebefeld%20Schwarzenburgstrasse%20157%2C%20Neubau%20Verwaltungsgeb%C3%A4ude_DE.pdf",
              "description": "Öffentliche BBL-Publikation; historischer Projektstand.",
              "version": "Publizierte Fassung",
              "legacyId": "DEMO-9003-O12001",
              "extensionData": {
                "dataStatus": "public-source",
                "availability": "external-publication",
                "catalogue": "KBOB/IPB Anhang C, Version 2016-01",
                "catalogueUrl": "https://www.kbob.admin.ch/dam/de/sd-web/rVvtgYM1wFVT/20171024_KBOB-IPB_Anhang_C_-_Dokumenttypenkatalog_2016_DE.pdf",
                "documentTypeCode": "O12001"
              }
            },
            {
              "buildingIds": [
                "9900/9003/AA"
              ],
              "validFrom": "2026-09-22T00:00:00Z",
              "validUntil": null,
              "documentId": "81ae61ab-7856-5b47-af17-067559dbebe0",
              "name": "Flächen/Volumenberechnung 2026 – Verwaltungsgebäude Liebefeld (Demo)",
              "type": "Flächen/Volumenberechnung",
              "documentTypeCode": "B14005",
              "fileFormat": "PDF",
              "fileSize": null,
              "url": null,
              "description": "Fiktiver Dokumentregistereintrag; keine Originaldatei vorhanden.",
              "version": "0.1 Demo",
              "legacyId": "DEMO-9003-B14005",
              "extensionData": {
                "dataStatus": "synthetic-demo",
                "availability": "metadata-only",
                "catalogue": "KBOB/IPB Anhang C, Version 2016-01",
                "catalogueUrl": "https://www.kbob.admin.ch/dam/de/sd-web/rVvtgYM1wFVT/20171024_KBOB-IPB_Anhang_C_-_Dokumenttypenkatalog_2016_DE.pdf",
                "documentTypeCode": "B14005"
              }
            },
            {
              "buildingIds": [
                "9900/9003/AA"
              ],
              "validFrom": "2026-09-22T00:00:00Z",
              "validUntil": null,
              "documentId": "c92e4e7e-1b52-55ea-a5be-c669e25d51d8",
              "name": "Wartungsplan 2026 – Verwaltungsgebäude Liebefeld (Demo)",
              "type": "Wartungsplan",
              "documentTypeCode": "O07003",
              "fileFormat": "PDF",
              "fileSize": null,
              "url": null,
              "description": "Fiktiver Dokumentregistereintrag; keine Originaldatei vorhanden.",
              "version": "0.1 Demo",
              "legacyId": "DEMO-9003-O07003",
              "extensionData": {
                "dataStatus": "synthetic-demo",
                "availability": "metadata-only",
                "catalogue": "KBOB/IPB Anhang C, Version 2016-01",
                "catalogueUrl": "https://www.kbob.admin.ch/dam/de/sd-web/rVvtgYM1wFVT/20171024_KBOB-IPB_Anhang_C_-_Dokumenttypenkatalog_2016_DE.pdf",
                "documentTypeCode": "O07003"
              }
            },
            {
              "buildingIds": [
                "9900/9003/AA"
              ],
              "validFrom": "2026-09-22T00:00:00Z",
              "validUntil": null,
              "documentId": "2f069400-64db-574c-ae1c-7641c84f72dc",
              "name": "Betriebsführungshandbuch 2026 – Verwaltungsgebäude Liebefeld (Demo)",
              "type": "Betriebsführungshandbuch",
              "documentTypeCode": "O03001",
              "fileFormat": "PDF",
              "fileSize": null,
              "url": null,
              "description": "Fiktiver Dokumentregistereintrag; keine Originaldatei vorhanden.",
              "version": "0.1 Demo",
              "legacyId": "DEMO-9003-O03001",
              "extensionData": {
                "dataStatus": "synthetic-demo",
                "availability": "metadata-only",
                "catalogue": "KBOB/IPB Anhang C, Version 2016-01",
                "catalogueUrl": "https://www.kbob.admin.ch/dam/de/sd-web/rVvtgYM1wFVT/20171024_KBOB-IPB_Anhang_C_-_Dokumenttypenkatalog_2016_DE.pdf",
                "documentTypeCode": "O03001"
              }
            },
            {
              "buildingIds": [
                "9900/9003/AA"
              ],
              "validFrom": "2026-09-22T00:00:00Z",
              "validUntil": null,
              "documentId": "f728363d-6a83-59d2-ad4a-1ef2a3b1fffd",
              "name": "Kostenstatistik 2026 – Verwaltungsgebäude Liebefeld (Demo)",
              "type": "Kostenstatistik",
              "documentTypeCode": "B14102",
              "fileFormat": "PDF",
              "fileSize": null,
              "url": null,
              "description": "Fiktiver Dokumentregistereintrag; keine Originaldatei vorhanden.",
              "version": "0.1 Demo",
              "legacyId": "DEMO-9003-B14102",
              "extensionData": {
                "dataStatus": "synthetic-demo",
                "availability": "metadata-only",
                "catalogue": "KBOB/IPB Anhang C, Version 2016-01",
                "catalogueUrl": "https://www.kbob.admin.ch/dam/de/sd-web/rVvtgYM1wFVT/20171024_KBOB-IPB_Anhang_C_-_Dokumenttypenkatalog_2016_DE.pdf",
                "documentTypeCode": "B14102"
              }
            },
            {
              "buildingIds": [
                "9900/9003/AA"
              ],
              "validFrom": "2026-09-22T00:00:00Z",
              "validUntil": null,
              "documentId": "95fdfd89-a249-53ae-9933-fec04d87852e",
              "name": "Energiestatistik 2026 – Verwaltungsgebäude Liebefeld (Demo)",
              "type": "Energiestatistik",
              "documentTypeCode": "B14103",
              "fileFormat": "PDF",
              "fileSize": null,
              "url": null,
              "description": "Fiktiver Dokumentregistereintrag; keine Originaldatei vorhanden.",
              "version": "0.1 Demo",
              "legacyId": "DEMO-9003-B14103",
              "extensionData": {
                "dataStatus": "synthetic-demo",
                "availability": "metadata-only",
                "catalogue": "KBOB/IPB Anhang C, Version 2016-01",
                "catalogueUrl": "https://www.kbob.admin.ch/dam/de/sd-web/rVvtgYM1wFVT/20171024_KBOB-IPB_Anhang_C_-_Dokumenttypenkatalog_2016_DE.pdf",
                "documentTypeCode": "B14103"
              }
            }
          ],
          "contacts": [
            {
              "buildingIds": [
                "9900/9003/AA"
              ],
              "validFrom": "2026-09-22T00:00:00Z",
              "validUntil": null,
              "contactId": "92cac493-bae4-5368-99cc-dbb20d1edf9c",
              "name": "Elio Sommer (Demo)",
              "role": "Objektverantwortung",
              "organisation": "Portfolio Team (Demo)",
              "phone": null,
              "email": "liebefeld.1@example.invalid",
              "isPrimary": true,
              "legacyId": "DEMO-9003-K1",
              "extensionData": {
                "dataStatus": "synthetic-demo",
                "isFictionalPerson": true
              }
            },
            {
              "buildingIds": [
                "9900/9003/AA"
              ],
              "validFrom": "2026-09-22T00:00:00Z",
              "validUntil": null,
              "contactId": "6dedc04e-99a1-5c57-9918-e5a2e1439b5b",
              "name": "Alina Moser (Demo)",
              "role": "Portfoliomanagement",
              "organisation": "Portfolio Team (Demo)",
              "phone": null,
              "email": "liebefeld.2@example.invalid",
              "isPrimary": false,
              "legacyId": "DEMO-9003-K2",
              "extensionData": {
                "dataStatus": "synthetic-demo",
                "isFictionalPerson": true
              }
            },
            {
              "buildingIds": [
                "9900/9003/AA"
              ],
              "validFrom": "2026-09-22T00:00:00Z",
              "validUntil": null,
              "contactId": "972aa884-f7b8-5bbc-bd2e-bb4765ade3bd",
              "name": "Flurin Bachmann (Demo)",
              "role": "Facility Management",
              "organisation": "Arealservice Muster AG (fiktiv)",
              "phone": null,
              "email": "liebefeld.3@example.invalid",
              "isPrimary": false,
              "legacyId": "DEMO-9003-K3",
              "extensionData": {
                "dataStatus": "synthetic-demo",
                "isFictionalPerson": true
              }
            }
          ],
          "costs": [
            {
              "costId": "024e7989-47e3-5fe2-a01c-2d707a3e30e1",
              "buildingIds": [
                "9900/9003/AA"
              ],
              "costGroup": "23",
              "costType": "Elektroanlagen",
              "amount": 4485000,
              "unit": "CHF",
              "currency": "CHF",
              "period": "Einmalig",
              "referenceDate": "2026-09-22T00:00:00Z",
              "legacyId": "DEMO-9003-C1",
              "extensionData": {
                "dataStatus": "synthetic-demo",
                "budgetYear": 2026,
                "costCenter": "DEMO-9003",
                "classification": "BKP",
                "standard": "SN 506 500:2017",
                "classificationSourceUrl": "https://www.crb.ch/de/normen-standards/baukostenplane/baukostenplan-bkp",
                "groupSourceUrl": "https://www.stadt-zuerich.ch/content/dam/web/de/politik-verwaltung/statistik-und-daten/publikationen-dienstleistungen/publikationen/periodika/zuercher-index-der-wohnbaupreise/ZIW_2019_Web.pdf",
                "project": "Erneuerung Gebäudetechnik und Innenausbau (Demo)",
                "scope": "Selected BKP work packages only; not a complete project budget or actual BBL project.",
                "basis": "Invented one-off CHF scenario, excluding VAT; not actual expenditure, a cost benchmark or FX conversion.",
                "rateCHFPerGF": 150,
                "quantityGF": 29900
              }
            },
            {
              "costId": "e9a35f1a-97b0-5d0c-8bc2-e42daac47545",
              "buildingIds": [
                "9900/9003/AA"
              ],
              "costGroup": "24",
              "costType": "Heizungs-, Lüftungs- und Klimaanlagen",
              "amount": 5382000,
              "unit": "CHF",
              "currency": "CHF",
              "period": "Einmalig",
              "referenceDate": "2026-09-22T00:00:00Z",
              "legacyId": "DEMO-9003-C2",
              "extensionData": {
                "dataStatus": "synthetic-demo",
                "budgetYear": 2026,
                "costCenter": "DEMO-9003",
                "classification": "BKP",
                "standard": "SN 506 500:2017",
                "classificationSourceUrl": "https://www.crb.ch/de/normen-standards/baukostenplane/baukostenplan-bkp",
                "groupSourceUrl": "https://www.stadt-zuerich.ch/content/dam/web/de/politik-verwaltung/statistik-und-daten/publikationen-dienstleistungen/publikationen/periodika/zuercher-index-der-wohnbaupreise/ZIW_2019_Web.pdf",
                "project": "Erneuerung Gebäudetechnik und Innenausbau (Demo)",
                "scope": "Selected BKP work packages only; not a complete project budget or actual BBL project.",
                "basis": "Invented one-off CHF scenario, excluding VAT; not actual expenditure, a cost benchmark or FX conversion.",
                "rateCHFPerGF": 180,
                "quantityGF": 29900
              }
            },
            {
              "costId": "1ae51947-e8b2-5451-ac64-32f08c57a5a6",
              "buildingIds": [
                "9900/9003/AA"
              ],
              "costGroup": "25",
              "costType": "Sanitäranlagen",
              "amount": 2093000,
              "unit": "CHF",
              "currency": "CHF",
              "period": "Einmalig",
              "referenceDate": "2026-09-22T00:00:00Z",
              "legacyId": "DEMO-9003-C3",
              "extensionData": {
                "dataStatus": "synthetic-demo",
                "budgetYear": 2026,
                "costCenter": "DEMO-9003",
                "classification": "BKP",
                "standard": "SN 506 500:2017",
                "classificationSourceUrl": "https://www.crb.ch/de/normen-standards/baukostenplane/baukostenplan-bkp",
                "groupSourceUrl": "https://www.stadt-zuerich.ch/content/dam/web/de/politik-verwaltung/statistik-und-daten/publikationen-dienstleistungen/publikationen/periodika/zuercher-index-der-wohnbaupreise/ZIW_2019_Web.pdf",
                "project": "Erneuerung Gebäudetechnik und Innenausbau (Demo)",
                "scope": "Selected BKP work packages only; not a complete project budget or actual BBL project.",
                "basis": "Invented one-off CHF scenario, excluding VAT; not actual expenditure, a cost benchmark or FX conversion.",
                "rateCHFPerGF": 70,
                "quantityGF": 29900
              }
            },
            {
              "costId": "8775474d-d500-5681-bd8d-1d11d350b66a",
              "buildingIds": [
                "9900/9003/AA"
              ],
              "costGroup": "27",
              "costType": "Ausbau 1",
              "amount": 7176000,
              "unit": "CHF",
              "currency": "CHF",
              "period": "Einmalig",
              "referenceDate": "2026-09-22T00:00:00Z",
              "legacyId": "DEMO-9003-C4",
              "extensionData": {
                "dataStatus": "synthetic-demo",
                "budgetYear": 2026,
                "costCenter": "DEMO-9003",
                "classification": "BKP",
                "standard": "SN 506 500:2017",
                "classificationSourceUrl": "https://www.crb.ch/de/normen-standards/baukostenplane/baukostenplan-bkp",
                "groupSourceUrl": "https://www.stadt-zuerich.ch/content/dam/web/de/politik-verwaltung/statistik-und-daten/publikationen-dienstleistungen/publikationen/periodika/zuercher-index-der-wohnbaupreise/ZIW_2019_Web.pdf",
                "project": "Erneuerung Gebäudetechnik und Innenausbau (Demo)",
                "scope": "Selected BKP work packages only; not a complete project budget or actual BBL project.",
                "basis": "Invented one-off CHF scenario, excluding VAT; not actual expenditure, a cost benchmark or FX conversion.",
                "rateCHFPerGF": 240,
                "quantityGF": 29900
              }
            },
            {
              "costId": "11628107-56c6-5c6c-970f-80d61db323a0",
              "buildingIds": [
                "9900/9003/AA"
              ],
              "costGroup": "28",
              "costType": "Ausbau 2",
              "amount": 5382000,
              "unit": "CHF",
              "currency": "CHF",
              "period": "Einmalig",
              "referenceDate": "2026-09-22T00:00:00Z",
              "legacyId": "DEMO-9003-C5",
              "extensionData": {
                "dataStatus": "synthetic-demo",
                "budgetYear": 2026,
                "costCenter": "DEMO-9003",
                "classification": "BKP",
                "standard": "SN 506 500:2017",
                "classificationSourceUrl": "https://www.crb.ch/de/normen-standards/baukostenplane/baukostenplan-bkp",
                "groupSourceUrl": "https://www.stadt-zuerich.ch/content/dam/web/de/politik-verwaltung/statistik-und-daten/publikationen-dienstleistungen/publikationen/periodika/zuercher-index-der-wohnbaupreise/ZIW_2019_Web.pdf",
                "project": "Erneuerung Gebäudetechnik und Innenausbau (Demo)",
                "scope": "Selected BKP work packages only; not a complete project budget or actual BBL project.",
                "basis": "Invented one-off CHF scenario, excluding VAT; not actual expenditure, a cost benchmark or FX conversion.",
                "rateCHFPerGF": 180,
                "quantityGF": 29900
              }
            },
            {
              "costId": "45a9c9cd-2908-53b5-8cbf-8cf4517fb626",
              "buildingIds": [
                "9900/9003/AA"
              ],
              "costGroup": "29",
              "costType": "Honorare",
              "amount": 3588000,
              "unit": "CHF",
              "currency": "CHF",
              "period": "Einmalig",
              "referenceDate": "2026-09-22T00:00:00Z",
              "legacyId": "DEMO-9003-C6",
              "extensionData": {
                "dataStatus": "synthetic-demo",
                "budgetYear": 2026,
                "costCenter": "DEMO-9003",
                "classification": "BKP",
                "standard": "SN 506 500:2017",
                "classificationSourceUrl": "https://www.crb.ch/de/normen-standards/baukostenplane/baukostenplan-bkp",
                "groupSourceUrl": "https://www.stadt-zuerich.ch/content/dam/web/de/politik-verwaltung/statistik-und-daten/publikationen-dienstleistungen/publikationen/periodika/zuercher-index-der-wohnbaupreise/ZIW_2019_Web.pdf",
                "project": "Erneuerung Gebäudetechnik und Innenausbau (Demo)",
                "scope": "Selected BKP work packages only; not a complete project budget or actual BBL project.",
                "basis": "Invented one-off CHF scenario, excluding VAT; not actual expenditure, a cost benchmark or FX conversion.",
                "rateCHFPerGF": 120,
                "quantityGF": 29900
              }
            }
          ]
        }
      },
      "geometry": {
        "type": "Point",
        "coordinates": [
          7.42124344,
          46.92990164
        ]
      }
    },
    {
      "type": "Feature",
      "properties": {
        "bbl_stat": "In Betrieb",
        "bbl_id": "9900/9004/AA",
        "bbl_buch": "9900",
        "bbl_we": "9004",
        "bbl_obj": "AA",
        "bbl_bez": "Verwaltungsgebäude Eichenweg 3",
        "referenceCodes": {
          "building.ownership": "Eigentum",
          "building.portfolio": "001",
          "building.type1": "06",
          "building.type2": "06.01",
          "building.rentalModel": null,
          "building.operatingStatus": "ACTIVE",
          "building.physicalStatus": "1004"
        },
        "gwr_stat": "Bestehend",
        "adr_land": "CH",
        "adr_reg": "BE",
        "adr_ort": "Zollikofen",
        "adr_plz": "3052",
        "adr_str": "Eichenweg",
        "adr_hsnr": "3",
        "adr_conct": "Eichenweg 3, 3052 Zollikofen",
        "wgs84_lon": 7.46259581,
        "wgs84_lat": 46.99764581,
        "lv95_e": 2601822.72,
        "lv95_n": 1205176.73,
        "egm_elev": null,
        "bbl_eigen": "Eigentum",
        "bbl_ostr": "Erhalten",
        "bbl_mietm": null,
        "bbl_bjahr": 2021,
        "bbl_vjahr": null,
        "bbl_port": "Allgemeine Bundesverwaltung",
        "bbl_port2": "Bundesverwaltung",
        "bbl_awrt": 171600000,
        "bbl_bwrt": 109800000,
        "bbl_gbda1": "Handel und Verwaltung",
        "bbl_gbda2": "Bürobauten, Verwaltungsgebäude",
        "bbl_ovtw": "Jana Linden (Demo)",
        "bbl_pvtw": "Milo Auer (Demo)",
        "av_egid": "191688442",
        "av_egrid": "CH794682373511",
        "bfs_gem": "Zollikofen",
        "bfs_gemnr": "361",
        "av_zbez": null,
        "av_znut": null,
        "bbl_hist": null,
        "bbl_arch": null,
        "kgs_kat": null,
        "kgs_nr": null,
        "garea_gf": 33000,
        "garea_gfo": 25667,
        "garea_gfu": 7333,
        "garea_acu": "GF publiziert; Aufteilung Demo",
        "garea_ngf": 27225,
        "garea_kf": 5775,
        "garea_nf": 21780,
        "garea_hnf": 18295,
        "garea_nnf": 3485,
        "garea_ff": 1155,
        "garea_vf": 4290,
        "garea_vmf": null,
        "garea_ebf": null,
        "gvol_gv": 114000,
        "gvol_gvo": 88668,
        "gvol_gvu": 25332,
        "gvol_acu": "GV publiziert; Aufteilung Demo",
        "gastw": 9,
        "gastw_og": 7,
        "gastw_ug": 2,
        "gastw_acu": "Demo-Schätzung",
        "larea_ggf": 3667,
        "larea_gsf": 13051.83,
        "larea_uf": 9384.83,
        "larea_acu": "GSF aus AV; GGF/UF Demo",
        "rics_gea": 33000,
        "rics_gia": 30855,
        "rics_nia": 19820,
        "rics_standard": "RICS Code of Measuring Practice, 6th edition (2015)",
        "objectid": 5,
        "etl_ts": "2026-09-22T00:00:00Z",
        "img_url": [
          "../assets/portfolio/zollikofen-1.jpg",
          "../assets/portfolio/zollikofen-2.jpg",
          "../assets/portfolio/zollikofen-3.jpg"
        ],
        "photos": [
          {
            "url": "../assets/portfolio/zollikofen-1.jpg",
            "alt": "Verwaltungsgebäude Eichenweg 3 – Aussenansicht",
            "credit": "© Rolf Siegenthaler",
            "source": "https://www.bbl.admin.ch/de/mediendatenbank",
            "scene": "exterior",
            "mediaIndex": 1,
            "kind": "public-source-photo",
            "rights": "Copyright retained by credited photographer; publicly accessible BBL source, no open licence asserted. Not covered by repository MIT licence.",
            "originalUrl": "https://prod-bbladminch-hcms-sdweb.imgix.net/dam/de/sd-web/G4479Nod1ilq/Zollikofen_Verwaltungsgeb%C3%A4ude_Eichenweg_01.jpg?w=1024&auto=format"
          },
          {
            "url": "../assets/portfolio/zollikofen-2.jpg",
            "alt": "Verwaltungsgebäude Eichenweg 3 – Aussenansicht",
            "credit": "© Rolf Siegenthaler",
            "source": "https://www.bbl.admin.ch/de/mediendatenbank",
            "scene": "exterior",
            "mediaIndex": 3,
            "kind": "public-source-photo",
            "rights": "Copyright retained by credited photographer; publicly accessible BBL source, no open licence asserted. Not covered by repository MIT licence.",
            "originalUrl": "https://prod-bbladminch-hcms-sdweb.imgix.net/dam/de/sd-web/g5QkFn9kip5v/Zollikofen_Verwaltungsgeb%C3%A4ude_Eichenweg_03.jpg?w=1024&auto=format"
          },
          {
            "url": "../assets/portfolio/zollikofen-3.jpg",
            "alt": "Verwaltungsgebäude Eichenweg 3 – Innenansicht",
            "credit": "© Rolf Siegenthaler",
            "source": "https://www.bbl.admin.ch/de/mediendatenbank",
            "scene": "interior",
            "mediaIndex": 4,
            "kind": "public-source-photo",
            "rights": "Copyright retained by credited photographer; publicly accessible BBL source, no open licence asserted. Not covered by repository MIT licence.",
            "originalUrl": "https://prod-bbladminch-hcms-sdweb.imgix.net/dam/de/sd-web/t2flaqVh0QLI/Zollikofen_Verwaltungsgeb%C3%A4ude_Eichenweg_04.jpg?w=1024&auto=format"
          }
        ],
        "provenance": {
          "dataset": "bbl-public-portfolio-demo",
          "asOf": "2026-09-22",
          "notOfficialInventory": true,
          "factSources": {
            "identity": "https://www.bbl.admin.ch/de/mediendatenbank",
            "address": "https://www.bbl.admin.ch/dam/de/sd-web/rpE3newdRnYP/20210101_Zollikofen%20Eichenweg%203%2C%20Neubau%20Verwaltungsgeb%C3%A4ude_DE.pdf",
            "coordinates": "https://api3.geo.admin.ch/rest/services/ech/MapServer/ch.bfs.gebaeude_wohnungs_register/191688442_0?sr=4326&geometryFormat=geojson",
            "constructionYear": "https://www.bbl.admin.ch/dam/de/sd-web/rpE3newdRnYP/20210101_Zollikofen%20Eichenweg%203%2C%20Neubau%20Verwaltungsgeb%C3%A4ude_DE.pdf",
            "EGID": "https://api3.geo.admin.ch/rest/services/ech/MapServer/ch.bfs.gebaeude_wohnungs_register/191688442_0?sr=4326&geometryFormat=geojson",
            "EGRID": "https://api3.geo.admin.ch/rest/services/ech/MapServer/identify?geometry=7.462435%2C46.997411&geometryType=esriGeometryPoint&geometryFormat=geojson&sr=4326&layers=all%3Ach.kantone.cadastralwebmap-farbe&tolerance=0&returnGeometry=true&lang=de",
            "parcelGeometry": "https://api3.geo.admin.ch/rest/services/ech/MapServer/identify?geometry=7.462435%2C46.997411&geometryType=esriGeometryPoint&geometryFormat=geojson&sr=4326&layers=all%3Ach.kantone.cadastralwebmap-farbe&tolerance=0&returnGeometry=true&lang=de"
          },
          "geocoding": {
            "provider": "swisstopo / BFS GWR",
            "sourceUrl": "https://api3.geo.admin.ch/rest/services/ech/MapServer/ch.bfs.gebaeude_wohnungs_register/191688442_0?sr=4326&geometryFormat=geojson",
            "retrievedAt": "2026-09-22",
            "reviewed": true,
            "precision": "gwr-building-coordinate",
            "coordinateSourceCode": 901,
            "matchedAddress": "Eichenweg 3, 3052 Zollikofen",
            "note": "GWR building position (GKODE/GKODN), transformed LV95 to WGS84; not the entrance point."
          },
          "scope": "Publicly documented building/site. The matched AV parcel may include additional buildings; operational records and land cover are demonstration assumptions.",
          "publishedMeasurements": {
            "GF": 33000,
            "GV": 114000,
            "standard": "SIA 416:2003",
            "referenceYear": 2021,
            "page": 1,
            "sourceUrl": "https://www.bbl.admin.ch/dam/de/sd-web/rpE3newdRnYP/20210101_Zollikofen%20Eichenweg%203%2C%20Neubau%20Verwaltungsgeb%C3%A4ude_DE.pdf"
          },
          "cadastre": {
            "egid": "191688442",
            "egrid": "CH794682373511",
            "parcelNumber": "225",
            "municipality": "Zollikofen",
            "municipalityNumber": 361,
            "geometry": {
              "type": "Polygon",
              "coordinates": [
                [
                  [
                    7.461843,
                    46.997813
                  ],
                  [
                    7.461854,
                    46.997755
                  ],
                  [
                    7.461867,
                    46.997756
                  ],
                  [
                    7.461874,
                    46.997719
                  ],
                  [
                    7.461861,
                    46.997717
                  ],
                  [
                    7.461906,
                    46.997527
                  ],
                  [
                    7.461903,
                    46.997526
                  ],
                  [
                    7.461921,
                    46.997459
                  ],
                  [
                    7.461942,
                    46.997391
                  ],
                  [
                    7.461963,
                    46.997325
                  ],
                  [
                    7.461987,
                    46.997256
                  ],
                  [
                    7.462034,
                    46.997133
                  ],
                  [
                    7.462041,
                    46.997116
                  ],
                  [
                    7.462049,
                    46.997099
                  ],
                  [
                    7.462056,
                    46.997082
                  ],
                  [
                    7.462064,
                    46.997065
                  ],
                  [
                    7.462072,
                    46.997048
                  ],
                  [
                    7.46208,
                    46.997031
                  ],
                  [
                    7.462087,
                    46.997014
                  ],
                  [
                    7.462096,
                    46.996997
                  ],
                  [
                    7.462104,
                    46.99698
                  ],
                  [
                    7.462112,
                    46.996964
                  ],
                  [
                    7.46212,
                    46.996947
                  ],
                  [
                    7.462129,
                    46.99693
                  ],
                  [
                    7.462137,
                    46.996913
                  ],
                  [
                    7.462146,
                    46.996896
                  ],
                  [
                    7.462154,
                    46.99688
                  ],
                  [
                    7.462163,
                    46.996863
                  ],
                  [
                    7.462172,
                    46.996846
                  ],
                  [
                    7.462181,
                    46.996829
                  ],
                  [
                    7.46219,
                    46.996813
                  ],
                  [
                    7.462199,
                    46.996796
                  ],
                  [
                    7.462208,
                    46.996779
                  ],
                  [
                    7.462218,
                    46.996763
                  ],
                  [
                    7.462227,
                    46.996746
                  ],
                  [
                    7.462237,
                    46.99673
                  ],
                  [
                    7.462246,
                    46.996713
                  ],
                  [
                    7.462256,
                    46.996697
                  ],
                  [
                    7.462266,
                    46.99668
                  ],
                  [
                    7.462276,
                    46.996664
                  ],
                  [
                    7.462286,
                    46.996647
                  ],
                  [
                    7.462296,
                    46.996631
                  ],
                  [
                    7.462338,
                    46.996553
                  ],
                  [
                    7.462372,
                    46.996497
                  ],
                  [
                    7.462586,
                    46.99658
                  ],
                  [
                    7.462846,
                    46.996684
                  ],
                  [
                    7.462881,
                    46.996695
                  ],
                  [
                    7.462917,
                    46.996707
                  ],
                  [
                    7.462952,
                    46.996719
                  ],
                  [
                    7.462988,
                    46.99673
                  ],
                  [
                    7.463023,
                    46.996742
                  ],
                  [
                    7.463059,
                    46.996753
                  ],
                  [
                    7.463094,
                    46.996765
                  ],
                  [
                    7.463131,
                    46.996776
                  ],
                  [
                    7.463167,
                    46.996788
                  ],
                  [
                    7.463204,
                    46.996799
                  ],
                  [
                    7.46324,
                    46.996811
                  ],
                  [
                    7.463277,
                    46.996822
                  ],
                  [
                    7.463313,
                    46.996834
                  ],
                  [
                    7.463486,
                    46.996889
                  ],
                  [
                    7.463656,
                    46.996947
                  ],
                  [
                    7.463319,
                    46.997686
                  ],
                  [
                    7.461957,
                    46.997803
                  ],
                  [
                    7.461843,
                    46.997813
                  ]
                ]
              ]
            },
            "geometryAreaM2": 13051.83,
            "areaMethod": "WGS84 geodesic area of returned cadastral polygon; not a land-register area attribute",
            "gwrSourceUrl": "https://api3.geo.admin.ch/rest/services/ech/MapServer/ch.bfs.gebaeude_wohnungs_register/191688442_0?sr=4326&geometryFormat=geojson",
            "parcelSourceUrl": "https://api3.geo.admin.ch/rest/services/ech/MapServer/identify?geometry=7.462435%2C46.997411&geometryType=esriGeometryPoint&geometryFormat=geojson&sr=4326&layers=all%3Ach.kantone.cadastralwebmap-farbe&tolerance=0&returnGeometry=true&lang=de",
            "parcelFeatureId": 1742770,
            "registerDataDate": "19.09.2026",
            "retrievedAt": "2026-09-22",
            "matchMethod": "GWR EGRID equals exact-point cadastral EGRID; GWR building coordinate contained in polygon",
            "geoportalUrl": "https://www.topo.apps.be.ch/pub/map/?lang=de&gpk=MOPUBE_GPK",
            "officialGeometry": true,
            "note": "Parcel may contain additional buildings. Cadastral geometry is not evidence of ownership."
          },
          "syntheticFields": [
            "inventoryIds",
            "ownershipScenario",
            "statusScenario",
            "valuations",
            "SIA area breakdown",
            "RICS measurements",
            "storeySplit",
            "landcoverGeometry",
            "energySystems",
            "parking",
            "contacts",
            "costs",
            "contracts",
            "assets",
            "mockDocuments"
          ],
          "unknownFieldsLeftNull": [
            "zoning",
            "energyCertificate",
            "buildingPermitDate",
            "heritageRegisterNumber"
          ],
          "notice": "Standort öffentlich belegt. Publizierte GF/GV separat belegt; übrige Gebäudebemessungen und Betriebsdaten sind Demowerte. EGID, EGRID und Parzelle aus GWR/AV; Grundstücksfläche aus Polygon berechnet.",
          "referenceData": {
            "catalogVersion": "55",
            "classificationAssignments": "Demo assignments to catalogue codes; not confirmed SAP master data.",
            "physicalStatus": {
              "sourceUrl": "https://api3.geo.admin.ch/rest/services/ech/MapServer/ch.bfs.gebaeude_wohnungs_register/191688442_0?sr=4326&geometryFormat=geojson",
              "dataStatus": "public-source"
            }
          }
        },
        "demoRelatedRecords": {
          "areaMeasurements": [
            {
              "buildingIds": [
                "9900/9004/AA"
              ],
              "validFrom": "2021-01-01T00:00:00Z",
              "validUntil": null,
              "areaMeasurementId": "923b3945-1e6e-5994-9564-9a95ca6b3dbf",
              "type": "Geschossfläche GF",
              "value": 33000,
              "unit": "m²",
              "bmEstimation": null,
              "accuracy": "Unbekannt",
              "accuracyCode": "UNBEKANNT",
              "standard": "SIA 416",
              "standardCode": "SIA_416",
              "legacyId": "DEMO-9004-GF",
              "extensionData": {
                "code": "GF",
                "standardDetail": "SIA 416:2003",
                "dataStatus": "published-source",
                "source": "BBL Bautendokumentation 2021, S. 1",
                "sourceUrl": "https://www.bbl.admin.ch/dam/de/sd-web/rpE3newdRnYP/20210101_Zollikofen%20Eichenweg%203%2C%20Neubau%20Verwaltungsgeb%C3%A4ude_DE.pdf",
                "scope": "Publicly documented building/site. The matched AV parcel may include additional buildings; operational records and land cover are demonstration assumptions.",
                "originalUnit": "m²",
                "assumption": null
              }
            },
            {
              "buildingIds": [
                "9900/9004/AA"
              ],
              "validFrom": "2026-09-22T00:00:00Z",
              "validUntil": null,
              "areaMeasurementId": "0129aa6d-77b1-59e8-9f43-00addd92fd7f",
              "type": "Geschossfläche oberirdisch",
              "value": 25667,
              "unit": "m²",
              "bmEstimation": true,
              "accuracy": "Geschätzt",
              "accuracyCode": "GESCHAETZT",
              "standard": "SIA 416",
              "standardCode": "SIA_416",
              "legacyId": "DEMO-9004-GFO",
              "extensionData": {
                "code": "GFO",
                "standardDetail": "SIA 416:2003",
                "dataStatus": "synthetic-demo",
                "source": "Plausibles Demo-Szenario",
                "sourceUrl": null,
                "scope": "Publicly documented building/site. The matched AV parcel may include additional buildings; operational records and land cover are demonstration assumptions.",
                "originalUnit": "m²",
                "assumption": "Independently modelled measurement basis; no certified survey or universal SIA/RICS conversion."
              }
            },
            {
              "buildingIds": [
                "9900/9004/AA"
              ],
              "validFrom": "2026-09-22T00:00:00Z",
              "validUntil": null,
              "areaMeasurementId": "fc76f3d0-1c42-5f5d-b7f4-14f1fed1a2fe",
              "type": "Geschossfläche unterirdisch",
              "value": 7333,
              "unit": "m²",
              "bmEstimation": true,
              "accuracy": "Geschätzt",
              "accuracyCode": "GESCHAETZT",
              "standard": "SIA 416",
              "standardCode": "SIA_416",
              "legacyId": "DEMO-9004-GFU",
              "extensionData": {
                "code": "GFU",
                "standardDetail": "SIA 416:2003",
                "dataStatus": "synthetic-demo",
                "source": "Plausibles Demo-Szenario",
                "sourceUrl": null,
                "scope": "Publicly documented building/site. The matched AV parcel may include additional buildings; operational records and land cover are demonstration assumptions.",
                "originalUnit": "m²",
                "assumption": "Independently modelled measurement basis; no certified survey or universal SIA/RICS conversion."
              }
            },
            {
              "buildingIds": [
                "9900/9004/AA"
              ],
              "validFrom": "2026-09-22T00:00:00Z",
              "validUntil": null,
              "areaMeasurementId": "46dd1327-92b0-5f9d-b865-8d364368da82",
              "type": "Konstruktionsfläche KF",
              "value": 5775,
              "unit": "m²",
              "bmEstimation": true,
              "accuracy": "Geschätzt",
              "accuracyCode": "GESCHAETZT",
              "standard": "SIA 416",
              "standardCode": "SIA_416",
              "legacyId": "DEMO-9004-KF",
              "extensionData": {
                "code": "KF",
                "standardDetail": "SIA 416:2003",
                "dataStatus": "synthetic-demo",
                "source": "Plausibles Demo-Szenario",
                "sourceUrl": null,
                "scope": "Publicly documented building/site. The matched AV parcel may include additional buildings; operational records and land cover are demonstration assumptions.",
                "originalUnit": "m²",
                "assumption": "Independently modelled measurement basis; no certified survey or universal SIA/RICS conversion."
              }
            },
            {
              "buildingIds": [
                "9900/9004/AA"
              ],
              "validFrom": "2026-09-22T00:00:00Z",
              "validUntil": null,
              "areaMeasurementId": "f397b9e5-6c83-5e4a-9e78-5e784d6b8828",
              "type": "Nettogeschossfläche NGF",
              "value": 27225,
              "unit": "m²",
              "bmEstimation": true,
              "accuracy": "Geschätzt",
              "accuracyCode": "GESCHAETZT",
              "standard": "SIA 416",
              "standardCode": "SIA_416",
              "legacyId": "DEMO-9004-NGF",
              "extensionData": {
                "code": "NGF",
                "standardDetail": "SIA 416:2003",
                "dataStatus": "synthetic-demo",
                "source": "Plausibles Demo-Szenario",
                "sourceUrl": null,
                "scope": "Publicly documented building/site. The matched AV parcel may include additional buildings; operational records and land cover are demonstration assumptions.",
                "originalUnit": "m²",
                "assumption": "Independently modelled measurement basis; no certified survey or universal SIA/RICS conversion."
              }
            },
            {
              "buildingIds": [
                "9900/9004/AA"
              ],
              "validFrom": "2026-09-22T00:00:00Z",
              "validUntil": null,
              "areaMeasurementId": "6b22dbc1-aa39-5049-8c8a-fd2c71a24ebf",
              "type": "Nutzfläche NF",
              "value": 21780,
              "unit": "m²",
              "bmEstimation": true,
              "accuracy": "Geschätzt",
              "accuracyCode": "GESCHAETZT",
              "standard": "SIA 416",
              "standardCode": "SIA_416",
              "legacyId": "DEMO-9004-NF",
              "extensionData": {
                "code": "NF",
                "standardDetail": "SIA 416:2003",
                "dataStatus": "synthetic-demo",
                "source": "Plausibles Demo-Szenario",
                "sourceUrl": null,
                "scope": "Publicly documented building/site. The matched AV parcel may include additional buildings; operational records and land cover are demonstration assumptions.",
                "originalUnit": "m²",
                "assumption": "Independently modelled measurement basis; no certified survey or universal SIA/RICS conversion."
              }
            },
            {
              "buildingIds": [
                "9900/9004/AA"
              ],
              "validFrom": "2026-09-22T00:00:00Z",
              "validUntil": null,
              "areaMeasurementId": "8addbb0c-4b2c-5ef6-a6d2-44d5afb5e97b",
              "type": "Hauptnutzfläche HNF",
              "value": 18295,
              "unit": "m²",
              "bmEstimation": true,
              "accuracy": "Geschätzt",
              "accuracyCode": "GESCHAETZT",
              "standard": "SIA 416",
              "standardCode": "SIA_416",
              "legacyId": "DEMO-9004-HNF",
              "extensionData": {
                "code": "HNF",
                "standardDetail": "SIA 416:2003",
                "dataStatus": "synthetic-demo",
                "source": "Plausibles Demo-Szenario",
                "sourceUrl": null,
                "scope": "Publicly documented building/site. The matched AV parcel may include additional buildings; operational records and land cover are demonstration assumptions.",
                "originalUnit": "m²",
                "assumption": "Independently modelled measurement basis; no certified survey or universal SIA/RICS conversion."
              }
            },
            {
              "buildingIds": [
                "9900/9004/AA"
              ],
              "validFrom": "2026-09-22T00:00:00Z",
              "validUntil": null,
              "areaMeasurementId": "b36e3bd3-15a1-50e7-8fc0-abb34bb472b4",
              "type": "Nebennutzfläche NNF",
              "value": 3485,
              "unit": "m²",
              "bmEstimation": true,
              "accuracy": "Geschätzt",
              "accuracyCode": "GESCHAETZT",
              "standard": "SIA 416",
              "standardCode": "SIA_416",
              "legacyId": "DEMO-9004-NNF",
              "extensionData": {
                "code": "NNF",
                "standardDetail": "SIA 416:2003",
                "dataStatus": "synthetic-demo",
                "source": "Plausibles Demo-Szenario",
                "sourceUrl": null,
                "scope": "Publicly documented building/site. The matched AV parcel may include additional buildings; operational records and land cover are demonstration assumptions.",
                "originalUnit": "m²",
                "assumption": "Independently modelled measurement basis; no certified survey or universal SIA/RICS conversion."
              }
            },
            {
              "buildingIds": [
                "9900/9004/AA"
              ],
              "validFrom": "2026-09-22T00:00:00Z",
              "validUntil": null,
              "areaMeasurementId": "724f9352-084d-55bb-82fd-b43886ea4fe3",
              "type": "Funktionsfläche FF",
              "value": 1155,
              "unit": "m²",
              "bmEstimation": true,
              "accuracy": "Geschätzt",
              "accuracyCode": "GESCHAETZT",
              "standard": "SIA 416",
              "standardCode": "SIA_416",
              "legacyId": "DEMO-9004-FF",
              "extensionData": {
                "code": "FF",
                "standardDetail": "SIA 416:2003",
                "dataStatus": "synthetic-demo",
                "source": "Plausibles Demo-Szenario",
                "sourceUrl": null,
                "scope": "Publicly documented building/site. The matched AV parcel may include additional buildings; operational records and land cover are demonstration assumptions.",
                "originalUnit": "m²",
                "assumption": "Independently modelled measurement basis; no certified survey or universal SIA/RICS conversion."
              }
            },
            {
              "buildingIds": [
                "9900/9004/AA"
              ],
              "validFrom": "2026-09-22T00:00:00Z",
              "validUntil": null,
              "areaMeasurementId": "9810457b-4284-55f5-ae74-21794a030cc7",
              "type": "Verkehrsfläche VF",
              "value": 4290,
              "unit": "m²",
              "bmEstimation": true,
              "accuracy": "Geschätzt",
              "accuracyCode": "GESCHAETZT",
              "standard": "SIA 416",
              "standardCode": "SIA_416",
              "legacyId": "DEMO-9004-VF",
              "extensionData": {
                "code": "VF",
                "standardDetail": "SIA 416:2003",
                "dataStatus": "synthetic-demo",
                "source": "Plausibles Demo-Szenario",
                "sourceUrl": null,
                "scope": "Publicly documented building/site. The matched AV parcel may include additional buildings; operational records and land cover are demonstration assumptions.",
                "originalUnit": "m²",
                "assumption": "Independently modelled measurement basis; no certified survey or universal SIA/RICS conversion."
              }
            },
            {
              "buildingIds": [
                "9900/9004/AA"
              ],
              "validFrom": "2021-01-01T00:00:00Z",
              "validUntil": null,
              "areaMeasurementId": "c5add8ef-32cc-5d22-8145-2478d3143296",
              "type": "Gebäudevolumen GV",
              "value": 114000,
              "unit": "m³",
              "bmEstimation": null,
              "accuracy": "Unbekannt",
              "accuracyCode": "UNBEKANNT",
              "standard": "SIA 416",
              "standardCode": "SIA_416",
              "legacyId": "DEMO-9004-GV",
              "extensionData": {
                "code": "GV",
                "standardDetail": "SIA 416:2003",
                "dataStatus": "published-source",
                "source": "BBL Bautendokumentation 2021, S. 1",
                "sourceUrl": "https://www.bbl.admin.ch/dam/de/sd-web/rpE3newdRnYP/20210101_Zollikofen%20Eichenweg%203%2C%20Neubau%20Verwaltungsgeb%C3%A4ude_DE.pdf",
                "scope": "Publicly documented building/site. The matched AV parcel may include additional buildings; operational records and land cover are demonstration assumptions.",
                "originalUnit": "m³",
                "assumption": null
              }
            },
            {
              "buildingIds": [
                "9900/9004/AA"
              ],
              "validFrom": "2026-09-22T00:00:00Z",
              "validUntil": null,
              "areaMeasurementId": "84a4dea1-b3f5-5d97-8f6e-3e9d3610ec6e",
              "type": "Gebäudevolumen oberirdisch",
              "value": 88668,
              "unit": "m³",
              "bmEstimation": true,
              "accuracy": "Geschätzt",
              "accuracyCode": "GESCHAETZT",
              "standard": "SIA 416",
              "standardCode": "SIA_416",
              "legacyId": "DEMO-9004-GVO",
              "extensionData": {
                "code": "GVO",
                "standardDetail": "SIA 416:2003",
                "dataStatus": "synthetic-demo",
                "source": "Plausibles Demo-Szenario",
                "sourceUrl": null,
                "scope": "Publicly documented building/site. The matched AV parcel may include additional buildings; operational records and land cover are demonstration assumptions.",
                "originalUnit": "m³",
                "assumption": "Independently modelled measurement basis; no certified survey or universal SIA/RICS conversion."
              }
            },
            {
              "buildingIds": [
                "9900/9004/AA"
              ],
              "validFrom": "2026-09-22T00:00:00Z",
              "validUntil": null,
              "areaMeasurementId": "017f11e6-051f-5344-b194-aba27821c250",
              "type": "Gebäudevolumen unterirdisch",
              "value": 25332,
              "unit": "m³",
              "bmEstimation": true,
              "accuracy": "Geschätzt",
              "accuracyCode": "GESCHAETZT",
              "standard": "SIA 416",
              "standardCode": "SIA_416",
              "legacyId": "DEMO-9004-GVU",
              "extensionData": {
                "code": "GVU",
                "standardDetail": "SIA 416:2003",
                "dataStatus": "synthetic-demo",
                "source": "Plausibles Demo-Szenario",
                "sourceUrl": null,
                "scope": "Publicly documented building/site. The matched AV parcel may include additional buildings; operational records and land cover are demonstration assumptions.",
                "originalUnit": "m³",
                "assumption": "Independently modelled measurement basis; no certified survey or universal SIA/RICS conversion."
              }
            },
            {
              "buildingIds": [
                "9900/9004/AA"
              ],
              "validFrom": "2026-09-22T00:00:00Z",
              "validUntil": null,
              "areaMeasurementId": "2072795a-bacc-5f8e-aa2e-d4bcf22d0362",
              "type": "Grundstücksfläche GSF",
              "value": 13051.83,
              "unit": "m²",
              "bmEstimation": false,
              "accuracy": "Gemessen",
              "accuracyCode": "GEMESSEN",
              "standard": "Andere dokumentierte Regel",
              "standardCode": "ANDERE_REGEL",
              "legacyId": "DEMO-9004-GSF",
              "extensionData": {
                "code": "GSF",
                "standardDetail": "WGS84 geodesic area of returned cadastral polygon; not a land-register area attribute",
                "dataStatus": "derived-public-geometry",
                "source": "swisstopo CadastralWebMap · Polygonfläche",
                "sourceUrl": "https://api3.geo.admin.ch/rest/services/ech/MapServer/identify?geometry=7.462435%2C46.997411&geometryType=esriGeometryPoint&geometryFormat=geojson&sr=4326&layers=all%3Ach.kantone.cadastralwebmap-farbe&tolerance=0&returnGeometry=true&lang=de",
                "scope": "Publicly documented building/site. The matched AV parcel may include additional buildings; operational records and land cover are demonstration assumptions.",
                "originalUnit": "m²",
                "assumption": "WGS84 geodesic area of returned cadastral polygon; not a land-register area attribute; Parcel may contain additional buildings. Cadastral geometry is not evidence of ownership."
              }
            },
            {
              "buildingIds": [
                "9900/9004/AA"
              ],
              "validFrom": "2026-09-22T00:00:00Z",
              "validUntil": null,
              "areaMeasurementId": "4fec0fb8-1830-5b73-a6c6-e678b421476b",
              "type": "Gebäudegrundfläche GGF",
              "value": 3667,
              "unit": "m²",
              "bmEstimation": true,
              "accuracy": "Geschätzt",
              "accuracyCode": "GESCHAETZT",
              "standard": "SIA 416",
              "standardCode": "SIA_416",
              "legacyId": "DEMO-9004-GGF",
              "extensionData": {
                "code": "GGF",
                "standardDetail": "SIA 416:2003",
                "dataStatus": "synthetic-demo",
                "source": "Plausibles Demo-Szenario",
                "sourceUrl": null,
                "scope": "Publicly documented building/site. The matched AV parcel may include additional buildings; operational records and land cover are demonstration assumptions.",
                "originalUnit": "m²",
                "assumption": "Independently modelled measurement basis; no certified survey or universal SIA/RICS conversion."
              }
            },
            {
              "buildingIds": [
                "9900/9004/AA"
              ],
              "validFrom": "2026-09-22T00:00:00Z",
              "validUntil": null,
              "areaMeasurementId": "e6285641-99f9-5733-b096-5c8f12f2f30c",
              "type": "Umgebungsfläche UF",
              "value": 9384.83,
              "unit": "m²",
              "bmEstimation": true,
              "accuracy": "Geschätzt",
              "accuracyCode": "GESCHAETZT",
              "standard": "SIA 416",
              "standardCode": "SIA_416",
              "legacyId": "DEMO-9004-UF",
              "extensionData": {
                "code": "UF",
                "standardDetail": "SIA 416:2003",
                "dataStatus": "synthetic-demo",
                "source": "Plausibles Demo-Szenario",
                "sourceUrl": null,
                "scope": "Publicly documented building/site. The matched AV parcel may include additional buildings; operational records and land cover are demonstration assumptions.",
                "originalUnit": "m²",
                "assumption": "Independently modelled measurement basis; no certified survey or universal SIA/RICS conversion."
              }
            },
            {
              "buildingIds": [
                "9900/9004/AA"
              ],
              "validFrom": "2026-09-22T00:00:00Z",
              "validUntil": null,
              "areaMeasurementId": "96e4a4d8-5743-5708-9eb3-443d0b6431dd",
              "type": "Gross External Area (GEA)",
              "value": 33000,
              "unit": "m²",
              "bmEstimation": true,
              "accuracy": "Geschätzt",
              "accuracyCode": "GESCHAETZT",
              "standard": "Andere dokumentierte Regel",
              "standardCode": "ANDERE_REGEL",
              "legacyId": "DEMO-9004-GEA",
              "extensionData": {
                "code": "GEA",
                "standardDetail": "RICS Code of Measuring Practice, 6th edition (2015)",
                "dataStatus": "synthetic-demo",
                "source": "Plausibles Demo-Szenario",
                "sourceUrl": null,
                "scope": "Publicly documented building/site. The matched AV parcel may include additional buildings; operational records and land cover are demonstration assumptions.",
                "originalUnit": "m²",
                "assumption": "Independently modelled measurement basis; no certified survey or universal SIA/RICS conversion."
              }
            },
            {
              "buildingIds": [
                "9900/9004/AA"
              ],
              "validFrom": "2026-09-22T00:00:00Z",
              "validUntil": null,
              "areaMeasurementId": "906db862-a5a4-5ee1-8e91-ee4ce1d22e47",
              "type": "Gross Internal Area (GIA)",
              "value": 30855,
              "unit": "m²",
              "bmEstimation": true,
              "accuracy": "Geschätzt",
              "accuracyCode": "GESCHAETZT",
              "standard": "Andere dokumentierte Regel",
              "standardCode": "ANDERE_REGEL",
              "legacyId": "DEMO-9004-GIA",
              "extensionData": {
                "code": "GIA",
                "standardDetail": "RICS Code of Measuring Practice, 6th edition (2015)",
                "dataStatus": "synthetic-demo",
                "source": "Plausibles Demo-Szenario",
                "sourceUrl": null,
                "scope": "Publicly documented building/site. The matched AV parcel may include additional buildings; operational records and land cover are demonstration assumptions.",
                "originalUnit": "m²",
                "assumption": "Independently modelled measurement basis; no certified survey or universal SIA/RICS conversion."
              }
            },
            {
              "buildingIds": [
                "9900/9004/AA"
              ],
              "validFrom": "2026-09-22T00:00:00Z",
              "validUntil": null,
              "areaMeasurementId": "9a3f0914-cc11-5068-bad8-dabaf8ae1117",
              "type": "Net Internal Area (NIA)",
              "value": 19820,
              "unit": "m²",
              "bmEstimation": true,
              "accuracy": "Geschätzt",
              "accuracyCode": "GESCHAETZT",
              "standard": "Andere dokumentierte Regel",
              "standardCode": "ANDERE_REGEL",
              "legacyId": "DEMO-9004-NIA",
              "extensionData": {
                "code": "NIA",
                "standardDetail": "RICS Code of Measuring Practice, 6th edition (2015)",
                "dataStatus": "synthetic-demo",
                "source": "Plausibles Demo-Szenario",
                "sourceUrl": null,
                "scope": "Publicly documented building/site. The matched AV parcel may include additional buildings; operational records and land cover are demonstration assumptions.",
                "originalUnit": "m²",
                "assumption": "Independently modelled measurement basis; no certified survey or universal SIA/RICS conversion."
              }
            }
          ],
          "documents": [
            {
              "buildingIds": [
                "9900/9004/AA"
              ],
              "validFrom": null,
              "validUntil": null,
              "documentId": "1b46b4de-12ba-5075-8811-d03a99679144",
              "name": "BBL Bautendokumentation – Verwaltungsgebäude Eichenweg 3",
              "type": "Publikation",
              "documentTypeCode": "O12001",
              "fileFormat": "PDF",
              "fileSize": "4.73 MB",
              "url": "https://www.bbl.admin.ch/dam/de/sd-web/rpE3newdRnYP/20210101_Zollikofen%20Eichenweg%203%2C%20Neubau%20Verwaltungsgeb%C3%A4ude_DE.pdf",
              "description": "Öffentliche BBL-Publikation; historischer Projektstand.",
              "version": "Publizierte Fassung",
              "legacyId": "DEMO-9004-O12001",
              "extensionData": {
                "dataStatus": "public-source",
                "availability": "external-publication",
                "catalogue": "KBOB/IPB Anhang C, Version 2016-01",
                "catalogueUrl": "https://www.kbob.admin.ch/dam/de/sd-web/rVvtgYM1wFVT/20171024_KBOB-IPB_Anhang_C_-_Dokumenttypenkatalog_2016_DE.pdf",
                "documentTypeCode": "O12001"
              }
            },
            {
              "buildingIds": [
                "9900/9004/AA"
              ],
              "validFrom": "2026-09-22T00:00:00Z",
              "validUntil": null,
              "documentId": "8b607879-0769-5705-ad57-6ed00eedaf22",
              "name": "Flächen/Volumenberechnung 2026 – Verwaltungsgebäude Eichenweg 3 (Demo)",
              "type": "Flächen/Volumenberechnung",
              "documentTypeCode": "B14005",
              "fileFormat": "PDF",
              "fileSize": null,
              "url": null,
              "description": "Fiktiver Dokumentregistereintrag; keine Originaldatei vorhanden.",
              "version": "0.1 Demo",
              "legacyId": "DEMO-9004-B14005",
              "extensionData": {
                "dataStatus": "synthetic-demo",
                "availability": "metadata-only",
                "catalogue": "KBOB/IPB Anhang C, Version 2016-01",
                "catalogueUrl": "https://www.kbob.admin.ch/dam/de/sd-web/rVvtgYM1wFVT/20171024_KBOB-IPB_Anhang_C_-_Dokumenttypenkatalog_2016_DE.pdf",
                "documentTypeCode": "B14005"
              }
            },
            {
              "buildingIds": [
                "9900/9004/AA"
              ],
              "validFrom": "2026-09-22T00:00:00Z",
              "validUntil": null,
              "documentId": "d18d1648-8dd9-54e2-93dd-5d95ce095e0c",
              "name": "Wartungsplan 2026 – Verwaltungsgebäude Eichenweg 3 (Demo)",
              "type": "Wartungsplan",
              "documentTypeCode": "O07003",
              "fileFormat": "PDF",
              "fileSize": null,
              "url": null,
              "description": "Fiktiver Dokumentregistereintrag; keine Originaldatei vorhanden.",
              "version": "0.1 Demo",
              "legacyId": "DEMO-9004-O07003",
              "extensionData": {
                "dataStatus": "synthetic-demo",
                "availability": "metadata-only",
                "catalogue": "KBOB/IPB Anhang C, Version 2016-01",
                "catalogueUrl": "https://www.kbob.admin.ch/dam/de/sd-web/rVvtgYM1wFVT/20171024_KBOB-IPB_Anhang_C_-_Dokumenttypenkatalog_2016_DE.pdf",
                "documentTypeCode": "O07003"
              }
            },
            {
              "buildingIds": [
                "9900/9004/AA"
              ],
              "validFrom": "2026-09-22T00:00:00Z",
              "validUntil": null,
              "documentId": "18af78b4-c7f4-53a2-937b-8c417aa88bdf",
              "name": "Betriebsführungshandbuch 2026 – Verwaltungsgebäude Eichenweg 3 (Demo)",
              "type": "Betriebsführungshandbuch",
              "documentTypeCode": "O03001",
              "fileFormat": "PDF",
              "fileSize": null,
              "url": null,
              "description": "Fiktiver Dokumentregistereintrag; keine Originaldatei vorhanden.",
              "version": "0.1 Demo",
              "legacyId": "DEMO-9004-O03001",
              "extensionData": {
                "dataStatus": "synthetic-demo",
                "availability": "metadata-only",
                "catalogue": "KBOB/IPB Anhang C, Version 2016-01",
                "catalogueUrl": "https://www.kbob.admin.ch/dam/de/sd-web/rVvtgYM1wFVT/20171024_KBOB-IPB_Anhang_C_-_Dokumenttypenkatalog_2016_DE.pdf",
                "documentTypeCode": "O03001"
              }
            },
            {
              "buildingIds": [
                "9900/9004/AA"
              ],
              "validFrom": "2026-09-22T00:00:00Z",
              "validUntil": null,
              "documentId": "7bbe1e6b-6fe3-5dd9-b9f0-46e0996bf992",
              "name": "Kostenstatistik 2026 – Verwaltungsgebäude Eichenweg 3 (Demo)",
              "type": "Kostenstatistik",
              "documentTypeCode": "B14102",
              "fileFormat": "PDF",
              "fileSize": null,
              "url": null,
              "description": "Fiktiver Dokumentregistereintrag; keine Originaldatei vorhanden.",
              "version": "0.1 Demo",
              "legacyId": "DEMO-9004-B14102",
              "extensionData": {
                "dataStatus": "synthetic-demo",
                "availability": "metadata-only",
                "catalogue": "KBOB/IPB Anhang C, Version 2016-01",
                "catalogueUrl": "https://www.kbob.admin.ch/dam/de/sd-web/rVvtgYM1wFVT/20171024_KBOB-IPB_Anhang_C_-_Dokumenttypenkatalog_2016_DE.pdf",
                "documentTypeCode": "B14102"
              }
            },
            {
              "buildingIds": [
                "9900/9004/AA"
              ],
              "validFrom": "2026-09-22T00:00:00Z",
              "validUntil": null,
              "documentId": "45744c9b-af35-590e-8991-21191b207660",
              "name": "Energiestatistik 2026 – Verwaltungsgebäude Eichenweg 3 (Demo)",
              "type": "Energiestatistik",
              "documentTypeCode": "B14103",
              "fileFormat": "PDF",
              "fileSize": null,
              "url": null,
              "description": "Fiktiver Dokumentregistereintrag; keine Originaldatei vorhanden.",
              "version": "0.1 Demo",
              "legacyId": "DEMO-9004-B14103",
              "extensionData": {
                "dataStatus": "synthetic-demo",
                "availability": "metadata-only",
                "catalogue": "KBOB/IPB Anhang C, Version 2016-01",
                "catalogueUrl": "https://www.kbob.admin.ch/dam/de/sd-web/rVvtgYM1wFVT/20171024_KBOB-IPB_Anhang_C_-_Dokumenttypenkatalog_2016_DE.pdf",
                "documentTypeCode": "B14103"
              }
            }
          ],
          "contacts": [
            {
              "buildingIds": [
                "9900/9004/AA"
              ],
              "validFrom": "2026-09-22T00:00:00Z",
              "validUntil": null,
              "contactId": "6bb9d5a2-8b1a-5e70-961e-2ff4e05f8173",
              "name": "Jana Linden (Demo)",
              "role": "Objektverantwortung",
              "organisation": "Portfolio Team (Demo)",
              "phone": null,
              "email": "zollikofen.1@example.invalid",
              "isPrimary": true,
              "legacyId": "DEMO-9004-K1",
              "extensionData": {
                "dataStatus": "synthetic-demo",
                "isFictionalPerson": true
              }
            },
            {
              "buildingIds": [
                "9900/9004/AA"
              ],
              "validFrom": "2026-09-22T00:00:00Z",
              "validUntil": null,
              "contactId": "72b24625-a11a-52e4-a35a-b7275269e766",
              "name": "Milo Auer (Demo)",
              "role": "Portfoliomanagement",
              "organisation": "Portfolio Team (Demo)",
              "phone": null,
              "email": "zollikofen.2@example.invalid",
              "isPrimary": false,
              "legacyId": "DEMO-9004-K2",
              "extensionData": {
                "dataStatus": "synthetic-demo",
                "isFictionalPerson": true
              }
            },
            {
              "buildingIds": [
                "9900/9004/AA"
              ],
              "validFrom": "2026-09-22T00:00:00Z",
              "validUntil": null,
              "contactId": "b12994fe-8f6b-5743-b3db-69bb6a0c3877",
              "name": "Mira Vogt (Demo)",
              "role": "Facility Management",
              "organisation": "Arealservice Muster AG (fiktiv)",
              "phone": null,
              "email": "zollikofen.3@example.invalid",
              "isPrimary": false,
              "legacyId": "DEMO-9004-K3",
              "extensionData": {
                "dataStatus": "synthetic-demo",
                "isFictionalPerson": true
              }
            }
          ],
          "costs": [
            {
              "costId": "7d53815a-030d-5deb-a8dc-48e2a3799c5e",
              "buildingIds": [
                "9900/9004/AA"
              ],
              "costGroup": "23",
              "costType": "Elektroanlagen",
              "amount": 4950000,
              "unit": "CHF",
              "currency": "CHF",
              "period": "Einmalig",
              "referenceDate": "2026-09-22T00:00:00Z",
              "legacyId": "DEMO-9004-C1",
              "extensionData": {
                "dataStatus": "synthetic-demo",
                "budgetYear": 2026,
                "costCenter": "DEMO-9004",
                "classification": "BKP",
                "standard": "SN 506 500:2017",
                "classificationSourceUrl": "https://www.crb.ch/de/normen-standards/baukostenplane/baukostenplan-bkp",
                "groupSourceUrl": "https://www.stadt-zuerich.ch/content/dam/web/de/politik-verwaltung/statistik-und-daten/publikationen-dienstleistungen/publikationen/periodika/zuercher-index-der-wohnbaupreise/ZIW_2019_Web.pdf",
                "project": "Erneuerung Gebäudetechnik und Innenausbau (Demo)",
                "scope": "Selected BKP work packages only; not a complete project budget or actual BBL project.",
                "basis": "Invented one-off CHF scenario, excluding VAT; not actual expenditure, a cost benchmark or FX conversion.",
                "rateCHFPerGF": 150,
                "quantityGF": 33000
              }
            },
            {
              "costId": "69674c37-3970-5205-929e-7b11ee6e8757",
              "buildingIds": [
                "9900/9004/AA"
              ],
              "costGroup": "24",
              "costType": "Heizungs-, Lüftungs- und Klimaanlagen",
              "amount": 5940000,
              "unit": "CHF",
              "currency": "CHF",
              "period": "Einmalig",
              "referenceDate": "2026-09-22T00:00:00Z",
              "legacyId": "DEMO-9004-C2",
              "extensionData": {
                "dataStatus": "synthetic-demo",
                "budgetYear": 2026,
                "costCenter": "DEMO-9004",
                "classification": "BKP",
                "standard": "SN 506 500:2017",
                "classificationSourceUrl": "https://www.crb.ch/de/normen-standards/baukostenplane/baukostenplan-bkp",
                "groupSourceUrl": "https://www.stadt-zuerich.ch/content/dam/web/de/politik-verwaltung/statistik-und-daten/publikationen-dienstleistungen/publikationen/periodika/zuercher-index-der-wohnbaupreise/ZIW_2019_Web.pdf",
                "project": "Erneuerung Gebäudetechnik und Innenausbau (Demo)",
                "scope": "Selected BKP work packages only; not a complete project budget or actual BBL project.",
                "basis": "Invented one-off CHF scenario, excluding VAT; not actual expenditure, a cost benchmark or FX conversion.",
                "rateCHFPerGF": 180,
                "quantityGF": 33000
              }
            },
            {
              "costId": "f69b8423-8559-5107-a589-79328f6e4ea6",
              "buildingIds": [
                "9900/9004/AA"
              ],
              "costGroup": "25",
              "costType": "Sanitäranlagen",
              "amount": 2310000,
              "unit": "CHF",
              "currency": "CHF",
              "period": "Einmalig",
              "referenceDate": "2026-09-22T00:00:00Z",
              "legacyId": "DEMO-9004-C3",
              "extensionData": {
                "dataStatus": "synthetic-demo",
                "budgetYear": 2026,
                "costCenter": "DEMO-9004",
                "classification": "BKP",
                "standard": "SN 506 500:2017",
                "classificationSourceUrl": "https://www.crb.ch/de/normen-standards/baukostenplane/baukostenplan-bkp",
                "groupSourceUrl": "https://www.stadt-zuerich.ch/content/dam/web/de/politik-verwaltung/statistik-und-daten/publikationen-dienstleistungen/publikationen/periodika/zuercher-index-der-wohnbaupreise/ZIW_2019_Web.pdf",
                "project": "Erneuerung Gebäudetechnik und Innenausbau (Demo)",
                "scope": "Selected BKP work packages only; not a complete project budget or actual BBL project.",
                "basis": "Invented one-off CHF scenario, excluding VAT; not actual expenditure, a cost benchmark or FX conversion.",
                "rateCHFPerGF": 70,
                "quantityGF": 33000
              }
            },
            {
              "costId": "77bfdade-83f9-599b-9c7a-005874d4aae8",
              "buildingIds": [
                "9900/9004/AA"
              ],
              "costGroup": "27",
              "costType": "Ausbau 1",
              "amount": 7920000,
              "unit": "CHF",
              "currency": "CHF",
              "period": "Einmalig",
              "referenceDate": "2026-09-22T00:00:00Z",
              "legacyId": "DEMO-9004-C4",
              "extensionData": {
                "dataStatus": "synthetic-demo",
                "budgetYear": 2026,
                "costCenter": "DEMO-9004",
                "classification": "BKP",
                "standard": "SN 506 500:2017",
                "classificationSourceUrl": "https://www.crb.ch/de/normen-standards/baukostenplane/baukostenplan-bkp",
                "groupSourceUrl": "https://www.stadt-zuerich.ch/content/dam/web/de/politik-verwaltung/statistik-und-daten/publikationen-dienstleistungen/publikationen/periodika/zuercher-index-der-wohnbaupreise/ZIW_2019_Web.pdf",
                "project": "Erneuerung Gebäudetechnik und Innenausbau (Demo)",
                "scope": "Selected BKP work packages only; not a complete project budget or actual BBL project.",
                "basis": "Invented one-off CHF scenario, excluding VAT; not actual expenditure, a cost benchmark or FX conversion.",
                "rateCHFPerGF": 240,
                "quantityGF": 33000
              }
            },
            {
              "costId": "cfcfeace-b648-5c56-ad76-f873f2b5b5a2",
              "buildingIds": [
                "9900/9004/AA"
              ],
              "costGroup": "28",
              "costType": "Ausbau 2",
              "amount": 5940000,
              "unit": "CHF",
              "currency": "CHF",
              "period": "Einmalig",
              "referenceDate": "2026-09-22T00:00:00Z",
              "legacyId": "DEMO-9004-C5",
              "extensionData": {
                "dataStatus": "synthetic-demo",
                "budgetYear": 2026,
                "costCenter": "DEMO-9004",
                "classification": "BKP",
                "standard": "SN 506 500:2017",
                "classificationSourceUrl": "https://www.crb.ch/de/normen-standards/baukostenplane/baukostenplan-bkp",
                "groupSourceUrl": "https://www.stadt-zuerich.ch/content/dam/web/de/politik-verwaltung/statistik-und-daten/publikationen-dienstleistungen/publikationen/periodika/zuercher-index-der-wohnbaupreise/ZIW_2019_Web.pdf",
                "project": "Erneuerung Gebäudetechnik und Innenausbau (Demo)",
                "scope": "Selected BKP work packages only; not a complete project budget or actual BBL project.",
                "basis": "Invented one-off CHF scenario, excluding VAT; not actual expenditure, a cost benchmark or FX conversion.",
                "rateCHFPerGF": 180,
                "quantityGF": 33000
              }
            },
            {
              "costId": "50096dc6-d054-5593-9f01-da84fdac8a6a",
              "buildingIds": [
                "9900/9004/AA"
              ],
              "costGroup": "29",
              "costType": "Honorare",
              "amount": 3960000,
              "unit": "CHF",
              "currency": "CHF",
              "period": "Einmalig",
              "referenceDate": "2026-09-22T00:00:00Z",
              "legacyId": "DEMO-9004-C6",
              "extensionData": {
                "dataStatus": "synthetic-demo",
                "budgetYear": 2026,
                "costCenter": "DEMO-9004",
                "classification": "BKP",
                "standard": "SN 506 500:2017",
                "classificationSourceUrl": "https://www.crb.ch/de/normen-standards/baukostenplane/baukostenplan-bkp",
                "groupSourceUrl": "https://www.stadt-zuerich.ch/content/dam/web/de/politik-verwaltung/statistik-und-daten/publikationen-dienstleistungen/publikationen/periodika/zuercher-index-der-wohnbaupreise/ZIW_2019_Web.pdf",
                "project": "Erneuerung Gebäudetechnik und Innenausbau (Demo)",
                "scope": "Selected BKP work packages only; not a complete project budget or actual BBL project.",
                "basis": "Invented one-off CHF scenario, excluding VAT; not actual expenditure, a cost benchmark or FX conversion.",
                "rateCHFPerGF": 120,
                "quantityGF": 33000
              }
            }
          ]
        }
      },
      "geometry": {
        "type": "Point",
        "coordinates": [
          7.46259581,
          46.99764581
        ]
      }
    },
    {
      "type": "Feature",
      "properties": {
        "bbl_stat": "In Betrieb",
        "bbl_id": "9900/9005/AA",
        "bbl_buch": "9900",
        "bbl_we": "9005",
        "bbl_obj": "AA",
        "bbl_bez": "Landesmuseum Zürich – Erweiterungsbau",
        "referenceCodes": {
          "building.ownership": "Eigentum",
          "building.portfolio": "006",
          "building.type1": "10",
          "building.type2": "10.01",
          "building.rentalModel": null,
          "building.operatingStatus": "ACTIVE",
          "building.physicalStatus": "1004"
        },
        "gwr_stat": "Bestehend",
        "adr_land": "CH",
        "adr_reg": "ZH",
        "adr_ort": "Zürich",
        "adr_plz": "8001",
        "adr_str": "Museumstrasse",
        "adr_hsnr": "6",
        "adr_conct": "Museumstrasse 6, 8001 Zürich",
        "wgs84_lon": 8.54052008,
        "wgs84_lat": 47.37956593,
        "lv95_e": 2683210.63,
        "lv95_n": 1248220.75,
        "egm_elev": null,
        "bbl_eigen": "Eigentum",
        "bbl_ostr": "Erhalten",
        "bbl_mietm": null,
        "bbl_bjahr": 2016,
        "bbl_vjahr": null,
        "bbl_port": "Kunst und Kultur",
        "bbl_port2": "Kultur und Denkmäler",
        "bbl_awrt": 62900000,
        "bbl_bwrt": 40300000,
        "bbl_gbda1": "Kultur und Geselligkeit",
        "bbl_gbda2": "Museen, Ausstellungsbauten",
        "bbl_ovtw": "Silvan Tanner (Demo)",
        "bbl_pvtw": "Lea Keller (Demo)",
        "av_egid": "302030043",
        "av_egrid": "CH385599917023",
        "bfs_gem": "Zürich",
        "bfs_gemnr": "261",
        "av_zbez": null,
        "av_znut": null,
        "bbl_hist": null,
        "bbl_arch": null,
        "kgs_kat": null,
        "kgs_nr": null,
        "garea_gf": 7400,
        "garea_gfo": 3700,
        "garea_gfu": 3700,
        "garea_acu": "GF publiziert; Aufteilung Demo",
        "garea_ngf": 5920,
        "garea_kf": 1480,
        "garea_nf": 3996,
        "garea_hnf": 3077,
        "garea_nnf": 919,
        "garea_ff": 666,
        "garea_vf": 1258,
        "garea_vmf": null,
        "garea_ebf": null,
        "gvol_gv": 41800,
        "gvol_gvo": 20900,
        "gvol_gvu": 20900,
        "gvol_acu": "GV publiziert; Aufteilung Demo",
        "gastw": 4,
        "gastw_og": 2,
        "gastw_ug": 2,
        "gastw_acu": "Demo-Schätzung",
        "larea_ggf": 1850,
        "larea_gsf": 18938.89,
        "larea_uf": 17088.89,
        "larea_acu": "GSF aus AV; GGF/UF Demo",
        "rics_gea": 7400,
        "rics_gia": 6919,
        "rics_nia": 3636,
        "rics_standard": "RICS Code of Measuring Practice, 6th edition (2015)",
        "objectid": 6,
        "etl_ts": "2026-09-22T00:00:00Z",
        "img_url": [
          "../assets/portfolio/landesmuseum-1.jpg",
          "../assets/portfolio/landesmuseum-2.jpg",
          "../assets/portfolio/landesmuseum-3.jpg"
        ],
        "photos": [
          {
            "url": "../assets/portfolio/landesmuseum-1.jpg",
            "alt": "Landesmuseum Zürich – Erweiterungsbau – Aussenansicht",
            "credit": "© Walter Mair",
            "source": "https://www.bbl.admin.ch/de/mediendatenbank",
            "scene": "exterior",
            "mediaIndex": 4,
            "kind": "public-source-photo",
            "rights": "Copyright retained by credited photographer; publicly accessible BBL source, no open licence asserted. Not covered by repository MIT licence.",
            "originalUrl": "https://prod-bbladminch-hcms-sdweb.imgix.net/dam/de/sd-web/mq5GW90eUt4g/Z%C3%BCrich_Schweizerisches_Landesmuseum_04.jpg?w=1024&auto=format"
          },
          {
            "url": "../assets/portfolio/landesmuseum-2.jpg",
            "alt": "Landesmuseum Zürich – Erweiterungsbau – Innenansicht",
            "credit": "© Walter Mair",
            "source": "https://www.bbl.admin.ch/de/mediendatenbank",
            "scene": "interior",
            "mediaIndex": 2,
            "kind": "public-source-photo",
            "rights": "Copyright retained by credited photographer; publicly accessible BBL source, no open licence asserted. Not covered by repository MIT licence.",
            "originalUrl": "https://prod-bbladminch-hcms-sdweb.imgix.net/dam/de/sd-web/ZuHgOA-E-weO/Z%C3%BCrich_Schweizerisches_Landesmuseum_02.jpg?w=1024&auto=format"
          },
          {
            "url": "../assets/portfolio/landesmuseum-3.jpg",
            "alt": "Landesmuseum Zürich – Erweiterungsbau – Innenansicht",
            "credit": "© Walter Mair",
            "source": "https://www.bbl.admin.ch/de/mediendatenbank",
            "scene": "interior",
            "mediaIndex": 3,
            "kind": "public-source-photo",
            "rights": "Copyright retained by credited photographer; publicly accessible BBL source, no open licence asserted. Not covered by repository MIT licence.",
            "originalUrl": "https://prod-bbladminch-hcms-sdweb.imgix.net/dam/de/sd-web/WSo5F5sJ0GB0/Z%C3%BCrich_Schweizerisches_Landesmuseum_03.jpg?w=1024&auto=format"
          }
        ],
        "provenance": {
          "dataset": "bbl-public-portfolio-demo",
          "asOf": "2026-09-22",
          "notOfficialInventory": true,
          "factSources": {
            "identity": "https://www.bbl.admin.ch/de/mediendatenbank",
            "address": "https://api3.geo.admin.ch/rest/services/ech/MapServer/ch.bfs.gebaeude_wohnungs_register/302030043_0?sr=4326&geometryFormat=geojson",
            "coordinates": "https://api3.geo.admin.ch/rest/services/ech/MapServer/ch.bfs.gebaeude_wohnungs_register/302030043_0?sr=4326&geometryFormat=geojson",
            "constructionYear": "https://www.bbl.admin.ch/dam/de/sd-web/a74sKG5sCA0H/20160101_Z%C3%BCrich%20Museumstrasse%202%20Landesmuseum%20Z%C3%BCrich%20Erweiterung_DE.pdf",
            "EGID": "https://api3.geo.admin.ch/rest/services/ech/MapServer/ch.bfs.gebaeude_wohnungs_register/302030043_0?sr=4326&geometryFormat=geojson",
            "EGRID": "https://api3.geo.admin.ch/rest/services/ech/MapServer/identify?geometry=8.53997%2C47.379574&geometryType=esriGeometryPoint&geometryFormat=geojson&sr=4326&layers=all%3Ach.kantone.cadastralwebmap-farbe&tolerance=0&returnGeometry=true&lang=de",
            "parcelGeometry": "https://api3.geo.admin.ch/rest/services/ech/MapServer/identify?geometry=8.53997%2C47.379574&geometryType=esriGeometryPoint&geometryFormat=geojson&sr=4326&layers=all%3Ach.kantone.cadastralwebmap-farbe&tolerance=0&returnGeometry=true&lang=de"
          },
          "geocoding": {
            "provider": "swisstopo / BFS GWR",
            "sourceUrl": "https://api3.geo.admin.ch/rest/services/ech/MapServer/ch.bfs.gebaeude_wohnungs_register/302030043_0?sr=4326&geometryFormat=geojson",
            "retrievedAt": "2026-09-22",
            "reviewed": true,
            "precision": "gwr-building-coordinate",
            "coordinateSourceCode": 904,
            "matchedAddress": "Museumstrasse 6, 8001 Zürich",
            "note": "GWR building position (GKODE/GKODN), transformed LV95 to WGS84; not the entrance point."
          },
          "scope": "2016 extension only (7,400 m²); its own GWR EGID 302030043 is at Museumstrasse 6. Public visitor address: Museumstrasse 2. Parcel AA8090 also contains the historic museum; its full parcel area is not exclusive to the extension.",
          "publishedMeasurements": {
            "GF": 7400,
            "GV": 41800,
            "standard": "SIA 416:2003",
            "referenceYear": 2016,
            "page": 1,
            "sourceUrl": "https://www.bbl.admin.ch/dam/de/sd-web/a74sKG5sCA0H/20160101_Z%C3%BCrich%20Museumstrasse%202%20Landesmuseum%20Z%C3%BCrich%20Erweiterung_DE.pdf"
          },
          "cadastre": {
            "egid": "302030043",
            "egrid": "CH385599917023",
            "parcelNumber": "AA8090",
            "municipality": "Zürich",
            "municipalityNumber": 261,
            "geometry": {
              "type": "Polygon",
              "coordinates": [
                [
                  [
                    8.538467,
                    47.379289
                  ],
                  [
                    8.538715,
                    47.379175
                  ],
                  [
                    8.538726,
                    47.37917
                  ],
                  [
                    8.538737,
                    47.379165
                  ],
                  [
                    8.538749,
                    47.379159
                  ],
                  [
                    8.53876,
                    47.379154
                  ],
                  [
                    8.538772,
                    47.379149
                  ],
                  [
                    8.538783,
                    47.379144
                  ],
                  [
                    8.538795,
                    47.379139
                  ],
                  [
                    8.538806,
                    47.379134
                  ],
                  [
                    8.538818,
                    47.37913
                  ],
                  [
                    8.53883,
                    47.379125
                  ],
                  [
                    8.538841,
                    47.37912
                  ],
                  [
                    8.538853,
                    47.379115
                  ],
                  [
                    8.538865,
                    47.379111
                  ],
                  [
                    8.538877,
                    47.379106
                  ],
                  [
                    8.538889,
                    47.379102
                  ],
                  [
                    8.538901,
                    47.379097
                  ],
                  [
                    8.538913,
                    47.379093
                  ],
                  [
                    8.538925,
                    47.379088
                  ],
                  [
                    8.538937,
                    47.379084
                  ],
                  [
                    8.538949,
                    47.37908
                  ],
                  [
                    8.538961,
                    47.379075
                  ],
                  [
                    8.538973,
                    47.379071
                  ],
                  [
                    8.538985,
                    47.379067
                  ],
                  [
                    8.538998,
                    47.379063
                  ],
                  [
                    8.53901,
                    47.379059
                  ],
                  [
                    8.539022,
                    47.379055
                  ],
                  [
                    8.540205,
                    47.378734
                  ],
                  [
                    8.540217,
                    47.378731
                  ],
                  [
                    8.540228,
                    47.378728
                  ],
                  [
                    8.54024,
                    47.378725
                  ],
                  [
                    8.540251,
                    47.378722
                  ],
                  [
                    8.540263,
                    47.378719
                  ],
                  [
                    8.540275,
                    47.378716
                  ],
                  [
                    8.540287,
                    47.378714
                  ],
                  [
                    8.540298,
                    47.378711
                  ],
                  [
                    8.54031,
                    47.378709
                  ],
                  [
                    8.540322,
                    47.378706
                  ],
                  [
                    8.540334,
                    47.378704
                  ],
                  [
                    8.540346,
                    47.378701
                  ],
                  [
                    8.540358,
                    47.378699
                  ],
                  [
                    8.54037,
                    47.378696
                  ],
                  [
                    8.540382,
                    47.378694
                  ],
                  [
                    8.540394,
                    47.378692
                  ],
                  [
                    8.540406,
                    47.37869
                  ],
                  [
                    8.540418,
                    47.378688
                  ],
                  [
                    8.54043,
                    47.378686
                  ],
                  [
                    8.540442,
                    47.378684
                  ],
                  [
                    8.540454,
                    47.378682
                  ],
                  [
                    8.540466,
                    47.37868
                  ],
                  [
                    8.540478,
                    47.378679
                  ],
                  [
                    8.54049,
                    47.378677
                  ],
                  [
                    8.540503,
                    47.378676
                  ],
                  [
                    8.540515,
                    47.378674
                  ],
                  [
                    8.540527,
                    47.378673
                  ],
                  [
                    8.540539,
                    47.378671
                  ],
                  [
                    8.540552,
                    47.37867
                  ],
                  [
                    8.540564,
                    47.378669
                  ],
                  [
                    8.540576,
                    47.378667
                  ],
                  [
                    8.540588,
                    47.378666
                  ],
                  [
                    8.540601,
                    47.378665
                  ],
                  [
                    8.540613,
                    47.378664
                  ],
                  [
                    8.540625,
                    47.378663
                  ],
                  [
                    8.540638,
                    47.378662
                  ],
                  [
                    8.54065,
                    47.378662
                  ],
                  [
                    8.540663,
                    47.378661
                  ],
                  [
                    8.540675,
                    47.37866
                  ],
                  [
                    8.540687,
                    47.37866
                  ],
                  [
                    8.5407,
                    47.378659
                  ],
                  [
                    8.540712,
                    47.378659
                  ],
                  [
                    8.540724,
                    47.378658
                  ],
                  [
                    8.540737,
                    47.378658
                  ],
                  [
                    8.540749,
                    47.378658
                  ],
                  [
                    8.540762,
                    47.378657
                  ],
                  [
                    8.540774,
                    47.378657
                  ],
                  [
                    8.540787,
                    47.378657
                  ],
                  [
                    8.540799,
                    47.378657
                  ],
                  [
                    8.540811,
                    47.378657
                  ],
                  [
                    8.540982,
                    47.378658
                  ],
                  [
                    8.540988,
                    47.378659
                  ],
                  [
                    8.540994,
                    47.378659
                  ],
                  [
                    8.541,
                    47.378659
                  ],
                  [
                    8.541005,
                    47.378659
                  ],
                  [
                    8.541011,
                    47.378659
                  ],
                  [
                    8.541017,
                    47.37866
                  ],
                  [
                    8.541023,
                    47.37866
                  ],
                  [
                    8.541028,
                    47.378661
                  ],
                  [
                    8.541034,
                    47.378661
                  ],
                  [
                    8.54104,
                    47.378662
                  ],
                  [
                    8.541046,
                    47.378662
                  ],
                  [
                    8.541051,
                    47.378663
                  ],
                  [
                    8.541057,
                    47.378664
                  ],
                  [
                    8.541063,
                    47.378665
                  ],
                  [
                    8.541068,
                    47.378666
                  ],
                  [
                    8.541074,
                    47.378666
                  ],
                  [
                    8.54108,
                    47.378667
                  ],
                  [
                    8.541085,
                    47.378669
                  ],
                  [
                    8.541091,
                    47.37867
                  ],
                  [
                    8.541096,
                    47.378671
                  ],
                  [
                    8.541102,
                    47.378672
                  ],
                  [
                    8.541107,
                    47.378673
                  ],
                  [
                    8.541113,
                    47.378675
                  ],
                  [
                    8.541118,
                    47.378676
                  ],
                  [
                    8.541123,
                    47.378678
                  ],
                  [
                    8.541129,
                    47.378679
                  ],
                  [
                    8.541188,
                    47.378696
                  ],
                  [
                    8.541254,
                    47.37876
                  ],
                  [
                    8.541252,
                    47.378769
                  ],
                  [
                    8.541278,
                    47.378788
                  ],
                  [
                    8.541281,
                    47.37881
                  ],
                  [
                    8.541184,
                    47.379042
                  ],
                  [
                    8.541179,
                    47.379054
                  ],
                  [
                    8.541173,
                    47.379067
                  ],
                  [
                    8.541168,
                    47.379079
                  ],
                  [
                    8.541162,
                    47.379092
                  ],
                  [
                    8.541157,
                    47.379104
                  ],
                  [
                    8.541151,
                    47.379116
                  ],
                  [
                    8.541145,
                    47.379129
                  ],
                  [
                    8.541139,
                    47.379141
                  ],
                  [
                    8.541133,
                    47.379153
                  ],
                  [
                    8.541127,
                    47.379165
                  ],
                  [
                    8.541121,
                    47.379178
                  ],
                  [
                    8.541115,
                    47.37919
                  ],
                  [
                    8.541108,
                    47.379202
                  ],
                  [
                    8.541102,
                    47.379215
                  ],
                  [
                    8.541095,
                    47.379227
                  ],
                  [
                    8.541088,
                    47.37924
                  ],
                  [
                    8.541081,
                    47.379252
                  ],
                  [
                    8.541074,
                    47.379264
                  ],
                  [
                    8.541067,
                    47.379277
                  ],
                  [
                    8.54106,
                    47.379289
                  ],
                  [
                    8.541053,
                    47.379301
                  ],
                  [
                    8.541046,
                    47.379314
                  ],
                  [
                    8.541038,
                    47.379326
                  ],
                  [
                    8.541125,
                    47.379425
                  ],
                  [
                    8.541018,
                    47.379681
                  ],
                  [
                    8.540977,
                    47.379736
                  ],
                  [
                    8.540884,
                    47.379782
                  ],
                  [
                    8.540825,
                    47.379794
                  ],
                  [
                    8.540794,
                    47.379792
                  ],
                  [
                    8.54033,
                    47.379649
                  ],
                  [
                    8.539775,
                    47.379799
                  ],
                  [
                    8.539658,
                    47.379847
                  ],
                  [
                    8.539654,
                    47.379848
                  ],
                  [
                    8.539651,
                    47.37985
                  ],
                  [
                    8.539647,
                    47.379851
                  ],
                  [
                    8.539644,
                    47.379852
                  ],
                  [
                    8.53964,
                    47.379853
                  ],
                  [
                    8.539636,
                    47.379854
                  ],
                  [
                    8.539633,
                    47.379855
                  ],
                  [
                    8.539629,
                    47.379856
                  ],
                  [
                    8.539625,
                    47.379857
                  ],
                  [
                    8.539621,
                    47.379857
                  ],
                  [
                    8.539618,
                    47.379858
                  ],
                  [
                    8.539614,
                    47.379859
                  ],
                  [
                    8.53961,
                    47.379859
                  ],
                  [
                    8.539606,
                    47.37986
                  ],
                  [
                    8.539602,
                    47.37986
                  ],
                  [
                    8.539598,
                    47.379861
                  ],
                  [
                    8.539594,
                    47.379861
                  ],
                  [
                    8.539591,
                    47.379861
                  ],
                  [
                    8.539587,
                    47.379861
                  ],
                  [
                    8.539583,
                    47.379861
                  ],
                  [
                    8.539579,
                    47.379861
                  ],
                  [
                    8.539575,
                    47.379861
                  ],
                  [
                    8.539571,
                    47.379861
                  ],
                  [
                    8.539567,
                    47.379861
                  ],
                  [
                    8.539563,
                    47.379861
                  ],
                  [
                    8.539559,
                    47.379861
                  ],
                  [
                    8.539555,
                    47.37986
                  ],
                  [
                    8.539551,
                    47.37986
                  ],
                  [
                    8.539547,
                    47.37986
                  ],
                  [
                    8.539544,
                    47.379859
                  ],
                  [
                    8.53954,
                    47.379858
                  ],
                  [
                    8.539536,
                    47.379858
                  ],
                  [
                    8.539532,
                    47.379857
                  ],
                  [
                    8.539529,
                    47.379856
                  ],
                  [
                    8.539525,
                    47.379856
                  ],
                  [
                    8.539521,
                    47.379855
                  ],
                  [
                    8.539518,
                    47.379854
                  ],
                  [
                    8.539514,
                    47.379853
                  ],
                  [
                    8.539511,
                    47.379852
                  ],
                  [
                    8.539507,
                    47.379851
                  ],
                  [
                    8.539504,
                    47.379849
                  ],
                  [
                    8.5395,
                    47.379848
                  ],
                  [
                    8.539497,
                    47.379847
                  ],
                  [
                    8.539494,
                    47.379846
                  ],
                  [
                    8.539491,
                    47.379844
                  ],
                  [
                    8.539487,
                    47.379843
                  ],
                  [
                    8.539484,
                    47.379841
                  ],
                  [
                    8.539481,
                    47.37984
                  ],
                  [
                    8.539478,
                    47.379838
                  ],
                  [
                    8.539475,
                    47.379836
                  ],
                  [
                    8.539472,
                    47.379835
                  ],
                  [
                    8.539469,
                    47.379833
                  ],
                  [
                    8.539467,
                    47.379831
                  ],
                  [
                    8.539464,
                    47.379829
                  ],
                  [
                    8.539461,
                    47.379827
                  ],
                  [
                    8.539459,
                    47.379825
                  ],
                  [
                    8.539456,
                    47.379824
                  ],
                  [
                    8.539454,
                    47.379821
                  ],
                  [
                    8.539451,
                    47.379819
                  ],
                  [
                    8.539449,
                    47.379817
                  ],
                  [
                    8.539447,
                    47.379815
                  ],
                  [
                    8.539444,
                    47.379813
                  ],
                  [
                    8.539442,
                    47.379811
                  ],
                  [
                    8.53944,
                    47.379809
                  ],
                  [
                    8.539439,
                    47.379806
                  ],
                  [
                    8.539437,
                    47.379804
                  ],
                  [
                    8.539435,
                    47.379802
                  ],
                  [
                    8.539433,
                    47.379799
                  ],
                  [
                    8.539432,
                    47.379797
                  ],
                  [
                    8.53943,
                    47.379795
                  ],
                  [
                    8.539343,
                    47.379646
                  ],
                  [
                    8.538804,
                    47.379792
                  ],
                  [
                    8.538732,
                    47.379638
                  ],
                  [
                    8.53868,
                    47.379655
                  ],
                  [
                    8.538467,
                    47.379289
                  ]
                ]
              ]
            },
            "geometryAreaM2": 18938.89,
            "areaMethod": "WGS84 geodesic area of returned cadastral polygon; not a land-register area attribute",
            "gwrSourceUrl": "https://api3.geo.admin.ch/rest/services/ech/MapServer/ch.bfs.gebaeude_wohnungs_register/302030043_0?sr=4326&geometryFormat=geojson",
            "parcelSourceUrl": "https://api3.geo.admin.ch/rest/services/ech/MapServer/identify?geometry=8.53997%2C47.379574&geometryType=esriGeometryPoint&geometryFormat=geojson&sr=4326&layers=all%3Ach.kantone.cadastralwebmap-farbe&tolerance=0&returnGeometry=true&lang=de",
            "parcelFeatureId": 2183449,
            "registerDataDate": "19.09.2026",
            "retrievedAt": "2026-09-22",
            "matchMethod": "GWR EGRID equals exact-point cadastral EGRID; GWR building coordinate contained in polygon",
            "geoportalUrl": "https://maps.zh.ch?topic=AVfarbigZH&locate=gemeinden&locations=261",
            "officialGeometry": true,
            "note": "Parcel may contain additional buildings. Cadastral geometry is not evidence of ownership."
          },
          "syntheticFields": [
            "inventoryIds",
            "ownershipScenario",
            "statusScenario",
            "valuations",
            "SIA area breakdown",
            "RICS measurements",
            "storeySplit",
            "landcoverGeometry",
            "energySystems",
            "parking",
            "contacts",
            "costs",
            "contracts",
            "assets",
            "mockDocuments"
          ],
          "unknownFieldsLeftNull": [
            "zoning",
            "energyCertificate",
            "buildingPermitDate",
            "heritageRegisterNumber"
          ],
          "notice": "Standort öffentlich belegt. Publizierte GF/GV separat belegt; übrige Gebäudebemessungen und Betriebsdaten sind Demowerte. EGID, EGRID und Parzelle aus GWR/AV; Grundstücksfläche aus Polygon berechnet.",
          "referenceData": {
            "catalogVersion": "55",
            "classificationAssignments": "Demo assignments to catalogue codes; not confirmed SAP master data.",
            "physicalStatus": {
              "sourceUrl": "https://api3.geo.admin.ch/rest/services/ech/MapServer/ch.bfs.gebaeude_wohnungs_register/302030043_0?sr=4326&geometryFormat=geojson",
              "dataStatus": "public-source"
            }
          }
        },
        "demoRelatedRecords": {
          "areaMeasurements": [
            {
              "buildingIds": [
                "9900/9005/AA"
              ],
              "validFrom": "2016-01-01T00:00:00Z",
              "validUntil": null,
              "areaMeasurementId": "1c26aa9e-fc5a-5fec-8844-682ccff2561c",
              "type": "Geschossfläche GF",
              "value": 7400,
              "unit": "m²",
              "bmEstimation": null,
              "accuracy": "Unbekannt",
              "accuracyCode": "UNBEKANNT",
              "standard": "SIA 416",
              "standardCode": "SIA_416",
              "legacyId": "DEMO-9005-GF",
              "extensionData": {
                "code": "GF",
                "standardDetail": "SIA 416:2003",
                "dataStatus": "published-source",
                "source": "BBL Bautendokumentation 2016, S. 1",
                "sourceUrl": "https://www.bbl.admin.ch/dam/de/sd-web/a74sKG5sCA0H/20160101_Z%C3%BCrich%20Museumstrasse%202%20Landesmuseum%20Z%C3%BCrich%20Erweiterung_DE.pdf",
                "scope": "2016 extension only (7,400 m²); its own GWR EGID 302030043 is at Museumstrasse 6. Public visitor address: Museumstrasse 2. Parcel AA8090 also contains the historic museum; its full parcel area is not exclusive to the extension.",
                "originalUnit": "m²",
                "assumption": null
              }
            },
            {
              "buildingIds": [
                "9900/9005/AA"
              ],
              "validFrom": "2026-09-22T00:00:00Z",
              "validUntil": null,
              "areaMeasurementId": "3f4fdaf5-79eb-57e8-9b6d-87fc35446724",
              "type": "Geschossfläche oberirdisch",
              "value": 3700,
              "unit": "m²",
              "bmEstimation": true,
              "accuracy": "Geschätzt",
              "accuracyCode": "GESCHAETZT",
              "standard": "SIA 416",
              "standardCode": "SIA_416",
              "legacyId": "DEMO-9005-GFO",
              "extensionData": {
                "code": "GFO",
                "standardDetail": "SIA 416:2003",
                "dataStatus": "synthetic-demo",
                "source": "Plausibles Demo-Szenario",
                "sourceUrl": null,
                "scope": "2016 extension only (7,400 m²); its own GWR EGID 302030043 is at Museumstrasse 6. Public visitor address: Museumstrasse 2. Parcel AA8090 also contains the historic museum; its full parcel area is not exclusive to the extension.",
                "originalUnit": "m²",
                "assumption": "Independently modelled measurement basis; no certified survey or universal SIA/RICS conversion."
              }
            },
            {
              "buildingIds": [
                "9900/9005/AA"
              ],
              "validFrom": "2026-09-22T00:00:00Z",
              "validUntil": null,
              "areaMeasurementId": "788a5110-09a7-5110-92bd-cebd3bc06d52",
              "type": "Geschossfläche unterirdisch",
              "value": 3700,
              "unit": "m²",
              "bmEstimation": true,
              "accuracy": "Geschätzt",
              "accuracyCode": "GESCHAETZT",
              "standard": "SIA 416",
              "standardCode": "SIA_416",
              "legacyId": "DEMO-9005-GFU",
              "extensionData": {
                "code": "GFU",
                "standardDetail": "SIA 416:2003",
                "dataStatus": "synthetic-demo",
                "source": "Plausibles Demo-Szenario",
                "sourceUrl": null,
                "scope": "2016 extension only (7,400 m²); its own GWR EGID 302030043 is at Museumstrasse 6. Public visitor address: Museumstrasse 2. Parcel AA8090 also contains the historic museum; its full parcel area is not exclusive to the extension.",
                "originalUnit": "m²",
                "assumption": "Independently modelled measurement basis; no certified survey or universal SIA/RICS conversion."
              }
            },
            {
              "buildingIds": [
                "9900/9005/AA"
              ],
              "validFrom": "2026-09-22T00:00:00Z",
              "validUntil": null,
              "areaMeasurementId": "3660c62e-70c0-5d81-88d6-9220bad72205",
              "type": "Konstruktionsfläche KF",
              "value": 1480,
              "unit": "m²",
              "bmEstimation": true,
              "accuracy": "Geschätzt",
              "accuracyCode": "GESCHAETZT",
              "standard": "SIA 416",
              "standardCode": "SIA_416",
              "legacyId": "DEMO-9005-KF",
              "extensionData": {
                "code": "KF",
                "standardDetail": "SIA 416:2003",
                "dataStatus": "synthetic-demo",
                "source": "Plausibles Demo-Szenario",
                "sourceUrl": null,
                "scope": "2016 extension only (7,400 m²); its own GWR EGID 302030043 is at Museumstrasse 6. Public visitor address: Museumstrasse 2. Parcel AA8090 also contains the historic museum; its full parcel area is not exclusive to the extension.",
                "originalUnit": "m²",
                "assumption": "Independently modelled measurement basis; no certified survey or universal SIA/RICS conversion."
              }
            },
            {
              "buildingIds": [
                "9900/9005/AA"
              ],
              "validFrom": "2026-09-22T00:00:00Z",
              "validUntil": null,
              "areaMeasurementId": "c99fc76b-62db-55c1-bfb5-169616e18722",
              "type": "Nettogeschossfläche NGF",
              "value": 5920,
              "unit": "m²",
              "bmEstimation": true,
              "accuracy": "Geschätzt",
              "accuracyCode": "GESCHAETZT",
              "standard": "SIA 416",
              "standardCode": "SIA_416",
              "legacyId": "DEMO-9005-NGF",
              "extensionData": {
                "code": "NGF",
                "standardDetail": "SIA 416:2003",
                "dataStatus": "synthetic-demo",
                "source": "Plausibles Demo-Szenario",
                "sourceUrl": null,
                "scope": "2016 extension only (7,400 m²); its own GWR EGID 302030043 is at Museumstrasse 6. Public visitor address: Museumstrasse 2. Parcel AA8090 also contains the historic museum; its full parcel area is not exclusive to the extension.",
                "originalUnit": "m²",
                "assumption": "Independently modelled measurement basis; no certified survey or universal SIA/RICS conversion."
              }
            },
            {
              "buildingIds": [
                "9900/9005/AA"
              ],
              "validFrom": "2026-09-22T00:00:00Z",
              "validUntil": null,
              "areaMeasurementId": "3c1ca7de-6c7f-5544-900d-5abf41ad4ebe",
              "type": "Nutzfläche NF",
              "value": 3996,
              "unit": "m²",
              "bmEstimation": true,
              "accuracy": "Geschätzt",
              "accuracyCode": "GESCHAETZT",
              "standard": "SIA 416",
              "standardCode": "SIA_416",
              "legacyId": "DEMO-9005-NF",
              "extensionData": {
                "code": "NF",
                "standardDetail": "SIA 416:2003",
                "dataStatus": "synthetic-demo",
                "source": "Plausibles Demo-Szenario",
                "sourceUrl": null,
                "scope": "2016 extension only (7,400 m²); its own GWR EGID 302030043 is at Museumstrasse 6. Public visitor address: Museumstrasse 2. Parcel AA8090 also contains the historic museum; its full parcel area is not exclusive to the extension.",
                "originalUnit": "m²",
                "assumption": "Independently modelled measurement basis; no certified survey or universal SIA/RICS conversion."
              }
            },
            {
              "buildingIds": [
                "9900/9005/AA"
              ],
              "validFrom": "2026-09-22T00:00:00Z",
              "validUntil": null,
              "areaMeasurementId": "711eab12-ed8d-50a1-adbb-b409ccfd95cf",
              "type": "Hauptnutzfläche HNF",
              "value": 3077,
              "unit": "m²",
              "bmEstimation": true,
              "accuracy": "Geschätzt",
              "accuracyCode": "GESCHAETZT",
              "standard": "SIA 416",
              "standardCode": "SIA_416",
              "legacyId": "DEMO-9005-HNF",
              "extensionData": {
                "code": "HNF",
                "standardDetail": "SIA 416:2003",
                "dataStatus": "synthetic-demo",
                "source": "Plausibles Demo-Szenario",
                "sourceUrl": null,
                "scope": "2016 extension only (7,400 m²); its own GWR EGID 302030043 is at Museumstrasse 6. Public visitor address: Museumstrasse 2. Parcel AA8090 also contains the historic museum; its full parcel area is not exclusive to the extension.",
                "originalUnit": "m²",
                "assumption": "Independently modelled measurement basis; no certified survey or universal SIA/RICS conversion."
              }
            },
            {
              "buildingIds": [
                "9900/9005/AA"
              ],
              "validFrom": "2026-09-22T00:00:00Z",
              "validUntil": null,
              "areaMeasurementId": "c39263c6-3ef3-5099-81d5-6d4a312d93fc",
              "type": "Nebennutzfläche NNF",
              "value": 919,
              "unit": "m²",
              "bmEstimation": true,
              "accuracy": "Geschätzt",
              "accuracyCode": "GESCHAETZT",
              "standard": "SIA 416",
              "standardCode": "SIA_416",
              "legacyId": "DEMO-9005-NNF",
              "extensionData": {
                "code": "NNF",
                "standardDetail": "SIA 416:2003",
                "dataStatus": "synthetic-demo",
                "source": "Plausibles Demo-Szenario",
                "sourceUrl": null,
                "scope": "2016 extension only (7,400 m²); its own GWR EGID 302030043 is at Museumstrasse 6. Public visitor address: Museumstrasse 2. Parcel AA8090 also contains the historic museum; its full parcel area is not exclusive to the extension.",
                "originalUnit": "m²",
                "assumption": "Independently modelled measurement basis; no certified survey or universal SIA/RICS conversion."
              }
            },
            {
              "buildingIds": [
                "9900/9005/AA"
              ],
              "validFrom": "2026-09-22T00:00:00Z",
              "validUntil": null,
              "areaMeasurementId": "2c31fd5b-6564-5749-a3ce-94f6b1eb4338",
              "type": "Funktionsfläche FF",
              "value": 666,
              "unit": "m²",
              "bmEstimation": true,
              "accuracy": "Geschätzt",
              "accuracyCode": "GESCHAETZT",
              "standard": "SIA 416",
              "standardCode": "SIA_416",
              "legacyId": "DEMO-9005-FF",
              "extensionData": {
                "code": "FF",
                "standardDetail": "SIA 416:2003",
                "dataStatus": "synthetic-demo",
                "source": "Plausibles Demo-Szenario",
                "sourceUrl": null,
                "scope": "2016 extension only (7,400 m²); its own GWR EGID 302030043 is at Museumstrasse 6. Public visitor address: Museumstrasse 2. Parcel AA8090 also contains the historic museum; its full parcel area is not exclusive to the extension.",
                "originalUnit": "m²",
                "assumption": "Independently modelled measurement basis; no certified survey or universal SIA/RICS conversion."
              }
            },
            {
              "buildingIds": [
                "9900/9005/AA"
              ],
              "validFrom": "2026-09-22T00:00:00Z",
              "validUntil": null,
              "areaMeasurementId": "28b120eb-35ae-53f6-b75f-0951e080219a",
              "type": "Verkehrsfläche VF",
              "value": 1258,
              "unit": "m²",
              "bmEstimation": true,
              "accuracy": "Geschätzt",
              "accuracyCode": "GESCHAETZT",
              "standard": "SIA 416",
              "standardCode": "SIA_416",
              "legacyId": "DEMO-9005-VF",
              "extensionData": {
                "code": "VF",
                "standardDetail": "SIA 416:2003",
                "dataStatus": "synthetic-demo",
                "source": "Plausibles Demo-Szenario",
                "sourceUrl": null,
                "scope": "2016 extension only (7,400 m²); its own GWR EGID 302030043 is at Museumstrasse 6. Public visitor address: Museumstrasse 2. Parcel AA8090 also contains the historic museum; its full parcel area is not exclusive to the extension.",
                "originalUnit": "m²",
                "assumption": "Independently modelled measurement basis; no certified survey or universal SIA/RICS conversion."
              }
            },
            {
              "buildingIds": [
                "9900/9005/AA"
              ],
              "validFrom": "2016-01-01T00:00:00Z",
              "validUntil": null,
              "areaMeasurementId": "1e626343-5174-538a-900a-35cad9b9d7db",
              "type": "Gebäudevolumen GV",
              "value": 41800,
              "unit": "m³",
              "bmEstimation": null,
              "accuracy": "Unbekannt",
              "accuracyCode": "UNBEKANNT",
              "standard": "SIA 416",
              "standardCode": "SIA_416",
              "legacyId": "DEMO-9005-GV",
              "extensionData": {
                "code": "GV",
                "standardDetail": "SIA 416:2003",
                "dataStatus": "published-source",
                "source": "BBL Bautendokumentation 2016, S. 1",
                "sourceUrl": "https://www.bbl.admin.ch/dam/de/sd-web/a74sKG5sCA0H/20160101_Z%C3%BCrich%20Museumstrasse%202%20Landesmuseum%20Z%C3%BCrich%20Erweiterung_DE.pdf",
                "scope": "2016 extension only (7,400 m²); its own GWR EGID 302030043 is at Museumstrasse 6. Public visitor address: Museumstrasse 2. Parcel AA8090 also contains the historic museum; its full parcel area is not exclusive to the extension.",
                "originalUnit": "m³",
                "assumption": null
              }
            },
            {
              "buildingIds": [
                "9900/9005/AA"
              ],
              "validFrom": "2026-09-22T00:00:00Z",
              "validUntil": null,
              "areaMeasurementId": "e4661d79-8346-5f4f-a4f8-d905806bacda",
              "type": "Gebäudevolumen oberirdisch",
              "value": 20900,
              "unit": "m³",
              "bmEstimation": true,
              "accuracy": "Geschätzt",
              "accuracyCode": "GESCHAETZT",
              "standard": "SIA 416",
              "standardCode": "SIA_416",
              "legacyId": "DEMO-9005-GVO",
              "extensionData": {
                "code": "GVO",
                "standardDetail": "SIA 416:2003",
                "dataStatus": "synthetic-demo",
                "source": "Plausibles Demo-Szenario",
                "sourceUrl": null,
                "scope": "2016 extension only (7,400 m²); its own GWR EGID 302030043 is at Museumstrasse 6. Public visitor address: Museumstrasse 2. Parcel AA8090 also contains the historic museum; its full parcel area is not exclusive to the extension.",
                "originalUnit": "m³",
                "assumption": "Independently modelled measurement basis; no certified survey or universal SIA/RICS conversion."
              }
            },
            {
              "buildingIds": [
                "9900/9005/AA"
              ],
              "validFrom": "2026-09-22T00:00:00Z",
              "validUntil": null,
              "areaMeasurementId": "e2b0a062-c658-592f-abf6-897a8a1849e0",
              "type": "Gebäudevolumen unterirdisch",
              "value": 20900,
              "unit": "m³",
              "bmEstimation": true,
              "accuracy": "Geschätzt",
              "accuracyCode": "GESCHAETZT",
              "standard": "SIA 416",
              "standardCode": "SIA_416",
              "legacyId": "DEMO-9005-GVU",
              "extensionData": {
                "code": "GVU",
                "standardDetail": "SIA 416:2003",
                "dataStatus": "synthetic-demo",
                "source": "Plausibles Demo-Szenario",
                "sourceUrl": null,
                "scope": "2016 extension only (7,400 m²); its own GWR EGID 302030043 is at Museumstrasse 6. Public visitor address: Museumstrasse 2. Parcel AA8090 also contains the historic museum; its full parcel area is not exclusive to the extension.",
                "originalUnit": "m³",
                "assumption": "Independently modelled measurement basis; no certified survey or universal SIA/RICS conversion."
              }
            },
            {
              "buildingIds": [
                "9900/9005/AA"
              ],
              "validFrom": "2026-09-22T00:00:00Z",
              "validUntil": null,
              "areaMeasurementId": "e9c77350-8be9-5526-b5c6-f0096b6110a6",
              "type": "Grundstücksfläche GSF",
              "value": 18938.89,
              "unit": "m²",
              "bmEstimation": false,
              "accuracy": "Gemessen",
              "accuracyCode": "GEMESSEN",
              "standard": "Andere dokumentierte Regel",
              "standardCode": "ANDERE_REGEL",
              "legacyId": "DEMO-9005-GSF",
              "extensionData": {
                "code": "GSF",
                "standardDetail": "WGS84 geodesic area of returned cadastral polygon; not a land-register area attribute",
                "dataStatus": "derived-public-geometry",
                "source": "swisstopo CadastralWebMap · Polygonfläche",
                "sourceUrl": "https://api3.geo.admin.ch/rest/services/ech/MapServer/identify?geometry=8.53997%2C47.379574&geometryType=esriGeometryPoint&geometryFormat=geojson&sr=4326&layers=all%3Ach.kantone.cadastralwebmap-farbe&tolerance=0&returnGeometry=true&lang=de",
                "scope": "2016 extension only (7,400 m²); its own GWR EGID 302030043 is at Museumstrasse 6. Public visitor address: Museumstrasse 2. Parcel AA8090 also contains the historic museum; its full parcel area is not exclusive to the extension.",
                "originalUnit": "m²",
                "assumption": "WGS84 geodesic area of returned cadastral polygon; not a land-register area attribute; Parcel may contain additional buildings. Cadastral geometry is not evidence of ownership."
              }
            },
            {
              "buildingIds": [
                "9900/9005/AA"
              ],
              "validFrom": "2026-09-22T00:00:00Z",
              "validUntil": null,
              "areaMeasurementId": "d6c947d0-d46e-5d7a-9a0f-ae6313cf38d1",
              "type": "Gebäudegrundfläche GGF",
              "value": 1850,
              "unit": "m²",
              "bmEstimation": true,
              "accuracy": "Geschätzt",
              "accuracyCode": "GESCHAETZT",
              "standard": "SIA 416",
              "standardCode": "SIA_416",
              "legacyId": "DEMO-9005-GGF",
              "extensionData": {
                "code": "GGF",
                "standardDetail": "SIA 416:2003",
                "dataStatus": "synthetic-demo",
                "source": "Plausibles Demo-Szenario",
                "sourceUrl": null,
                "scope": "2016 extension only (7,400 m²); its own GWR EGID 302030043 is at Museumstrasse 6. Public visitor address: Museumstrasse 2. Parcel AA8090 also contains the historic museum; its full parcel area is not exclusive to the extension.",
                "originalUnit": "m²",
                "assumption": "Independently modelled measurement basis; no certified survey or universal SIA/RICS conversion."
              }
            },
            {
              "buildingIds": [
                "9900/9005/AA"
              ],
              "validFrom": "2026-09-22T00:00:00Z",
              "validUntil": null,
              "areaMeasurementId": "fc48c7eb-a736-5baa-8ba3-433cc437923a",
              "type": "Umgebungsfläche UF",
              "value": 17088.89,
              "unit": "m²",
              "bmEstimation": true,
              "accuracy": "Geschätzt",
              "accuracyCode": "GESCHAETZT",
              "standard": "SIA 416",
              "standardCode": "SIA_416",
              "legacyId": "DEMO-9005-UF",
              "extensionData": {
                "code": "UF",
                "standardDetail": "SIA 416:2003",
                "dataStatus": "synthetic-demo",
                "source": "Plausibles Demo-Szenario",
                "sourceUrl": null,
                "scope": "2016 extension only (7,400 m²); its own GWR EGID 302030043 is at Museumstrasse 6. Public visitor address: Museumstrasse 2. Parcel AA8090 also contains the historic museum; its full parcel area is not exclusive to the extension.",
                "originalUnit": "m²",
                "assumption": "Independently modelled measurement basis; no certified survey or universal SIA/RICS conversion."
              }
            },
            {
              "buildingIds": [
                "9900/9005/AA"
              ],
              "validFrom": "2026-09-22T00:00:00Z",
              "validUntil": null,
              "areaMeasurementId": "14342cb0-04f5-5250-92c1-fb995bbb2248",
              "type": "Gross External Area (GEA)",
              "value": 7400,
              "unit": "m²",
              "bmEstimation": true,
              "accuracy": "Geschätzt",
              "accuracyCode": "GESCHAETZT",
              "standard": "Andere dokumentierte Regel",
              "standardCode": "ANDERE_REGEL",
              "legacyId": "DEMO-9005-GEA",
              "extensionData": {
                "code": "GEA",
                "standardDetail": "RICS Code of Measuring Practice, 6th edition (2015)",
                "dataStatus": "synthetic-demo",
                "source": "Plausibles Demo-Szenario",
                "sourceUrl": null,
                "scope": "2016 extension only (7,400 m²); its own GWR EGID 302030043 is at Museumstrasse 6. Public visitor address: Museumstrasse 2. Parcel AA8090 also contains the historic museum; its full parcel area is not exclusive to the extension.",
                "originalUnit": "m²",
                "assumption": "Independently modelled measurement basis; no certified survey or universal SIA/RICS conversion."
              }
            },
            {
              "buildingIds": [
                "9900/9005/AA"
              ],
              "validFrom": "2026-09-22T00:00:00Z",
              "validUntil": null,
              "areaMeasurementId": "d321a153-e411-5d68-b50d-9f92df0690b9",
              "type": "Gross Internal Area (GIA)",
              "value": 6919,
              "unit": "m²",
              "bmEstimation": true,
              "accuracy": "Geschätzt",
              "accuracyCode": "GESCHAETZT",
              "standard": "Andere dokumentierte Regel",
              "standardCode": "ANDERE_REGEL",
              "legacyId": "DEMO-9005-GIA",
              "extensionData": {
                "code": "GIA",
                "standardDetail": "RICS Code of Measuring Practice, 6th edition (2015)",
                "dataStatus": "synthetic-demo",
                "source": "Plausibles Demo-Szenario",
                "sourceUrl": null,
                "scope": "2016 extension only (7,400 m²); its own GWR EGID 302030043 is at Museumstrasse 6. Public visitor address: Museumstrasse 2. Parcel AA8090 also contains the historic museum; its full parcel area is not exclusive to the extension.",
                "originalUnit": "m²",
                "assumption": "Independently modelled measurement basis; no certified survey or universal SIA/RICS conversion."
              }
            },
            {
              "buildingIds": [
                "9900/9005/AA"
              ],
              "validFrom": "2026-09-22T00:00:00Z",
              "validUntil": null,
              "areaMeasurementId": "13f74d64-54bc-54b5-ba9e-ac0123e9cbe8",
              "type": "Net Internal Area (NIA)",
              "value": 3636,
              "unit": "m²",
              "bmEstimation": true,
              "accuracy": "Geschätzt",
              "accuracyCode": "GESCHAETZT",
              "standard": "Andere dokumentierte Regel",
              "standardCode": "ANDERE_REGEL",
              "legacyId": "DEMO-9005-NIA",
              "extensionData": {
                "code": "NIA",
                "standardDetail": "RICS Code of Measuring Practice, 6th edition (2015)",
                "dataStatus": "synthetic-demo",
                "source": "Plausibles Demo-Szenario",
                "sourceUrl": null,
                "scope": "2016 extension only (7,400 m²); its own GWR EGID 302030043 is at Museumstrasse 6. Public visitor address: Museumstrasse 2. Parcel AA8090 also contains the historic museum; its full parcel area is not exclusive to the extension.",
                "originalUnit": "m²",
                "assumption": "Independently modelled measurement basis; no certified survey or universal SIA/RICS conversion."
              }
            }
          ],
          "documents": [
            {
              "buildingIds": [
                "9900/9005/AA"
              ],
              "validFrom": null,
              "validUntil": null,
              "documentId": "0d69395b-97a5-5dc1-96ea-b8e7ec4e1751",
              "name": "BBL Bautendokumentation – Landesmuseum Zürich – Erweiterungsbau",
              "type": "Publikation",
              "documentTypeCode": "O12001",
              "fileFormat": "PDF",
              "fileSize": "12.61 MB",
              "url": "https://www.bbl.admin.ch/dam/de/sd-web/a74sKG5sCA0H/20160101_Z%C3%BCrich%20Museumstrasse%202%20Landesmuseum%20Z%C3%BCrich%20Erweiterung_DE.pdf",
              "description": "Öffentliche BBL-Publikation; historischer Projektstand.",
              "version": "Publizierte Fassung",
              "legacyId": "DEMO-9005-O12001",
              "extensionData": {
                "dataStatus": "public-source",
                "availability": "external-publication",
                "catalogue": "KBOB/IPB Anhang C, Version 2016-01",
                "catalogueUrl": "https://www.kbob.admin.ch/dam/de/sd-web/rVvtgYM1wFVT/20171024_KBOB-IPB_Anhang_C_-_Dokumenttypenkatalog_2016_DE.pdf",
                "documentTypeCode": "O12001"
              }
            },
            {
              "buildingIds": [
                "9900/9005/AA"
              ],
              "validFrom": "2026-09-22T00:00:00Z",
              "validUntil": null,
              "documentId": "2fc3c5e8-0b93-5758-a6be-d20bc05d9dd5",
              "name": "Flächen/Volumenberechnung 2026 – Landesmuseum Zürich – Erweiterungsbau (Demo)",
              "type": "Flächen/Volumenberechnung",
              "documentTypeCode": "B14005",
              "fileFormat": "PDF",
              "fileSize": null,
              "url": null,
              "description": "Fiktiver Dokumentregistereintrag; keine Originaldatei vorhanden.",
              "version": "0.1 Demo",
              "legacyId": "DEMO-9005-B14005",
              "extensionData": {
                "dataStatus": "synthetic-demo",
                "availability": "metadata-only",
                "catalogue": "KBOB/IPB Anhang C, Version 2016-01",
                "catalogueUrl": "https://www.kbob.admin.ch/dam/de/sd-web/rVvtgYM1wFVT/20171024_KBOB-IPB_Anhang_C_-_Dokumenttypenkatalog_2016_DE.pdf",
                "documentTypeCode": "B14005"
              }
            },
            {
              "buildingIds": [
                "9900/9005/AA"
              ],
              "validFrom": "2026-09-22T00:00:00Z",
              "validUntil": null,
              "documentId": "77664739-30aa-5706-8c1a-8e8081ec0579",
              "name": "Wartungsplan 2026 – Landesmuseum Zürich – Erweiterungsbau (Demo)",
              "type": "Wartungsplan",
              "documentTypeCode": "O07003",
              "fileFormat": "PDF",
              "fileSize": null,
              "url": null,
              "description": "Fiktiver Dokumentregistereintrag; keine Originaldatei vorhanden.",
              "version": "0.1 Demo",
              "legacyId": "DEMO-9005-O07003",
              "extensionData": {
                "dataStatus": "synthetic-demo",
                "availability": "metadata-only",
                "catalogue": "KBOB/IPB Anhang C, Version 2016-01",
                "catalogueUrl": "https://www.kbob.admin.ch/dam/de/sd-web/rVvtgYM1wFVT/20171024_KBOB-IPB_Anhang_C_-_Dokumenttypenkatalog_2016_DE.pdf",
                "documentTypeCode": "O07003"
              }
            },
            {
              "buildingIds": [
                "9900/9005/AA"
              ],
              "validFrom": "2026-09-22T00:00:00Z",
              "validUntil": null,
              "documentId": "65411108-5cf9-548a-a923-bd78fe2acf5d",
              "name": "Betriebsführungshandbuch 2026 – Landesmuseum Zürich – Erweiterungsbau (Demo)",
              "type": "Betriebsführungshandbuch",
              "documentTypeCode": "O03001",
              "fileFormat": "PDF",
              "fileSize": null,
              "url": null,
              "description": "Fiktiver Dokumentregistereintrag; keine Originaldatei vorhanden.",
              "version": "0.1 Demo",
              "legacyId": "DEMO-9005-O03001",
              "extensionData": {
                "dataStatus": "synthetic-demo",
                "availability": "metadata-only",
                "catalogue": "KBOB/IPB Anhang C, Version 2016-01",
                "catalogueUrl": "https://www.kbob.admin.ch/dam/de/sd-web/rVvtgYM1wFVT/20171024_KBOB-IPB_Anhang_C_-_Dokumenttypenkatalog_2016_DE.pdf",
                "documentTypeCode": "O03001"
              }
            },
            {
              "buildingIds": [
                "9900/9005/AA"
              ],
              "validFrom": "2026-09-22T00:00:00Z",
              "validUntil": null,
              "documentId": "1548b16e-e7b6-55d3-abaf-e6f749f41266",
              "name": "Kostenstatistik 2026 – Landesmuseum Zürich – Erweiterungsbau (Demo)",
              "type": "Kostenstatistik",
              "documentTypeCode": "B14102",
              "fileFormat": "PDF",
              "fileSize": null,
              "url": null,
              "description": "Fiktiver Dokumentregistereintrag; keine Originaldatei vorhanden.",
              "version": "0.1 Demo",
              "legacyId": "DEMO-9005-B14102",
              "extensionData": {
                "dataStatus": "synthetic-demo",
                "availability": "metadata-only",
                "catalogue": "KBOB/IPB Anhang C, Version 2016-01",
                "catalogueUrl": "https://www.kbob.admin.ch/dam/de/sd-web/rVvtgYM1wFVT/20171024_KBOB-IPB_Anhang_C_-_Dokumenttypenkatalog_2016_DE.pdf",
                "documentTypeCode": "B14102"
              }
            },
            {
              "buildingIds": [
                "9900/9005/AA"
              ],
              "validFrom": "2026-09-22T00:00:00Z",
              "validUntil": null,
              "documentId": "2b981775-a1e3-5a10-8fdc-7c3719c63450",
              "name": "Energiestatistik 2026 – Landesmuseum Zürich – Erweiterungsbau (Demo)",
              "type": "Energiestatistik",
              "documentTypeCode": "B14103",
              "fileFormat": "PDF",
              "fileSize": null,
              "url": null,
              "description": "Fiktiver Dokumentregistereintrag; keine Originaldatei vorhanden.",
              "version": "0.1 Demo",
              "legacyId": "DEMO-9005-B14103",
              "extensionData": {
                "dataStatus": "synthetic-demo",
                "availability": "metadata-only",
                "catalogue": "KBOB/IPB Anhang C, Version 2016-01",
                "catalogueUrl": "https://www.kbob.admin.ch/dam/de/sd-web/rVvtgYM1wFVT/20171024_KBOB-IPB_Anhang_C_-_Dokumenttypenkatalog_2016_DE.pdf",
                "documentTypeCode": "B14103"
              }
            }
          ],
          "contacts": [
            {
              "buildingIds": [
                "9900/9005/AA"
              ],
              "validFrom": "2026-09-22T00:00:00Z",
              "validUntil": null,
              "contactId": "03478f1c-4c70-53f1-b4d3-81b389c0c0f1",
              "name": "Silvan Tanner (Demo)",
              "role": "Objektverantwortung",
              "organisation": "Portfolio Team (Demo)",
              "phone": null,
              "email": "landesmuseum.1@example.invalid",
              "isPrimary": true,
              "legacyId": "DEMO-9005-K1",
              "extensionData": {
                "dataStatus": "synthetic-demo",
                "isFictionalPerson": true
              }
            },
            {
              "buildingIds": [
                "9900/9005/AA"
              ],
              "validFrom": "2026-09-22T00:00:00Z",
              "validUntil": null,
              "contactId": "fff29fa4-42da-518a-9e04-6d723269caa4",
              "name": "Lea Keller (Demo)",
              "role": "Portfoliomanagement",
              "organisation": "Portfolio Team (Demo)",
              "phone": null,
              "email": "landesmuseum.2@example.invalid",
              "isPrimary": false,
              "legacyId": "DEMO-9005-K2",
              "extensionData": {
                "dataStatus": "synthetic-demo",
                "isFictionalPerson": true
              }
            },
            {
              "buildingIds": [
                "9900/9005/AA"
              ],
              "validFrom": "2026-09-22T00:00:00Z",
              "validUntil": null,
              "contactId": "ce6992d3-f801-5b16-b750-b000fdbaffc2",
              "name": "Levin Steiner (Demo)",
              "role": "Facility Management",
              "organisation": "Arealservice Muster AG (fiktiv)",
              "phone": null,
              "email": "landesmuseum.3@example.invalid",
              "isPrimary": false,
              "legacyId": "DEMO-9005-K3",
              "extensionData": {
                "dataStatus": "synthetic-demo",
                "isFictionalPerson": true
              }
            }
          ],
          "costs": [
            {
              "costId": "3bee4255-84c2-5278-89ea-5b7ab0e494e0",
              "buildingIds": [
                "9900/9005/AA"
              ],
              "costGroup": "23",
              "costType": "Elektroanlagen",
              "amount": 1443000,
              "unit": "CHF",
              "currency": "CHF",
              "period": "Einmalig",
              "referenceDate": "2026-09-22T00:00:00Z",
              "legacyId": "DEMO-9005-C1",
              "extensionData": {
                "dataStatus": "synthetic-demo",
                "budgetYear": 2026,
                "costCenter": "DEMO-9005",
                "classification": "BKP",
                "standard": "SN 506 500:2017",
                "classificationSourceUrl": "https://www.crb.ch/de/normen-standards/baukostenplane/baukostenplan-bkp",
                "groupSourceUrl": "https://www.stadt-zuerich.ch/content/dam/web/de/politik-verwaltung/statistik-und-daten/publikationen-dienstleistungen/publikationen/periodika/zuercher-index-der-wohnbaupreise/ZIW_2019_Web.pdf",
                "project": "Erneuerung Gebäudetechnik und Innenausbau (Demo)",
                "scope": "Selected BKP work packages only; not a complete project budget or actual BBL project.",
                "basis": "Invented one-off CHF scenario, excluding VAT; not actual expenditure, a cost benchmark or FX conversion.",
                "rateCHFPerGF": 195.0,
                "quantityGF": 7400
              }
            },
            {
              "costId": "d9654e89-ddee-5649-bfa9-3f34a8cf91ca",
              "buildingIds": [
                "9900/9005/AA"
              ],
              "costGroup": "24",
              "costType": "Heizungs-, Lüftungs- und Klimaanlagen",
              "amount": 1731600,
              "unit": "CHF",
              "currency": "CHF",
              "period": "Einmalig",
              "referenceDate": "2026-09-22T00:00:00Z",
              "legacyId": "DEMO-9005-C2",
              "extensionData": {
                "dataStatus": "synthetic-demo",
                "budgetYear": 2026,
                "costCenter": "DEMO-9005",
                "classification": "BKP",
                "standard": "SN 506 500:2017",
                "classificationSourceUrl": "https://www.crb.ch/de/normen-standards/baukostenplane/baukostenplan-bkp",
                "groupSourceUrl": "https://www.stadt-zuerich.ch/content/dam/web/de/politik-verwaltung/statistik-und-daten/publikationen-dienstleistungen/publikationen/periodika/zuercher-index-der-wohnbaupreise/ZIW_2019_Web.pdf",
                "project": "Erneuerung Gebäudetechnik und Innenausbau (Demo)",
                "scope": "Selected BKP work packages only; not a complete project budget or actual BBL project.",
                "basis": "Invented one-off CHF scenario, excluding VAT; not actual expenditure, a cost benchmark or FX conversion.",
                "rateCHFPerGF": 234.0,
                "quantityGF": 7400
              }
            },
            {
              "costId": "94f38991-3d71-524b-a392-53e49a3901cd",
              "buildingIds": [
                "9900/9005/AA"
              ],
              "costGroup": "25",
              "costType": "Sanitäranlagen",
              "amount": 673400,
              "unit": "CHF",
              "currency": "CHF",
              "period": "Einmalig",
              "referenceDate": "2026-09-22T00:00:00Z",
              "legacyId": "DEMO-9005-C3",
              "extensionData": {
                "dataStatus": "synthetic-demo",
                "budgetYear": 2026,
                "costCenter": "DEMO-9005",
                "classification": "BKP",
                "standard": "SN 506 500:2017",
                "classificationSourceUrl": "https://www.crb.ch/de/normen-standards/baukostenplane/baukostenplan-bkp",
                "groupSourceUrl": "https://www.stadt-zuerich.ch/content/dam/web/de/politik-verwaltung/statistik-und-daten/publikationen-dienstleistungen/publikationen/periodika/zuercher-index-der-wohnbaupreise/ZIW_2019_Web.pdf",
                "project": "Erneuerung Gebäudetechnik und Innenausbau (Demo)",
                "scope": "Selected BKP work packages only; not a complete project budget or actual BBL project.",
                "basis": "Invented one-off CHF scenario, excluding VAT; not actual expenditure, a cost benchmark or FX conversion.",
                "rateCHFPerGF": 91.0,
                "quantityGF": 7400
              }
            },
            {
              "costId": "cc34c02c-8c03-5724-9a15-429a13e67959",
              "buildingIds": [
                "9900/9005/AA"
              ],
              "costGroup": "27",
              "costType": "Ausbau 1",
              "amount": 2308800,
              "unit": "CHF",
              "currency": "CHF",
              "period": "Einmalig",
              "referenceDate": "2026-09-22T00:00:00Z",
              "legacyId": "DEMO-9005-C4",
              "extensionData": {
                "dataStatus": "synthetic-demo",
                "budgetYear": 2026,
                "costCenter": "DEMO-9005",
                "classification": "BKP",
                "standard": "SN 506 500:2017",
                "classificationSourceUrl": "https://www.crb.ch/de/normen-standards/baukostenplane/baukostenplan-bkp",
                "groupSourceUrl": "https://www.stadt-zuerich.ch/content/dam/web/de/politik-verwaltung/statistik-und-daten/publikationen-dienstleistungen/publikationen/periodika/zuercher-index-der-wohnbaupreise/ZIW_2019_Web.pdf",
                "project": "Erneuerung Gebäudetechnik und Innenausbau (Demo)",
                "scope": "Selected BKP work packages only; not a complete project budget or actual BBL project.",
                "basis": "Invented one-off CHF scenario, excluding VAT; not actual expenditure, a cost benchmark or FX conversion.",
                "rateCHFPerGF": 312.0,
                "quantityGF": 7400
              }
            },
            {
              "costId": "ea790e19-0457-5517-a647-28d543280415",
              "buildingIds": [
                "9900/9005/AA"
              ],
              "costGroup": "28",
              "costType": "Ausbau 2",
              "amount": 1731600,
              "unit": "CHF",
              "currency": "CHF",
              "period": "Einmalig",
              "referenceDate": "2026-09-22T00:00:00Z",
              "legacyId": "DEMO-9005-C5",
              "extensionData": {
                "dataStatus": "synthetic-demo",
                "budgetYear": 2026,
                "costCenter": "DEMO-9005",
                "classification": "BKP",
                "standard": "SN 506 500:2017",
                "classificationSourceUrl": "https://www.crb.ch/de/normen-standards/baukostenplane/baukostenplan-bkp",
                "groupSourceUrl": "https://www.stadt-zuerich.ch/content/dam/web/de/politik-verwaltung/statistik-und-daten/publikationen-dienstleistungen/publikationen/periodika/zuercher-index-der-wohnbaupreise/ZIW_2019_Web.pdf",
                "project": "Erneuerung Gebäudetechnik und Innenausbau (Demo)",
                "scope": "Selected BKP work packages only; not a complete project budget or actual BBL project.",
                "basis": "Invented one-off CHF scenario, excluding VAT; not actual expenditure, a cost benchmark or FX conversion.",
                "rateCHFPerGF": 234.0,
                "quantityGF": 7400
              }
            },
            {
              "costId": "8b9cedde-12ed-5a16-bae5-7a29b852ccbc",
              "buildingIds": [
                "9900/9005/AA"
              ],
              "costGroup": "29",
              "costType": "Honorare",
              "amount": 1154400,
              "unit": "CHF",
              "currency": "CHF",
              "period": "Einmalig",
              "referenceDate": "2026-09-22T00:00:00Z",
              "legacyId": "DEMO-9005-C6",
              "extensionData": {
                "dataStatus": "synthetic-demo",
                "budgetYear": 2026,
                "costCenter": "DEMO-9005",
                "classification": "BKP",
                "standard": "SN 506 500:2017",
                "classificationSourceUrl": "https://www.crb.ch/de/normen-standards/baukostenplane/baukostenplan-bkp",
                "groupSourceUrl": "https://www.stadt-zuerich.ch/content/dam/web/de/politik-verwaltung/statistik-und-daten/publikationen-dienstleistungen/publikationen/periodika/zuercher-index-der-wohnbaupreise/ZIW_2019_Web.pdf",
                "project": "Erneuerung Gebäudetechnik und Innenausbau (Demo)",
                "scope": "Selected BKP work packages only; not a complete project budget or actual BBL project.",
                "basis": "Invented one-off CHF scenario, excluding VAT; not actual expenditure, a cost benchmark or FX conversion.",
                "rateCHFPerGF": 156.0,
                "quantityGF": 7400
              }
            }
          ]
        }
      },
      "geometry": {
        "type": "Point",
        "coordinates": [
          8.54052008,
          47.37956593
        ]
      }
    },
    {
      "type": "Feature",
      "properties": {
        "bbl_stat": "In Betrieb",
        "bbl_id": "9900/9006/AA",
        "bbl_buch": "9900",
        "bbl_we": "9006",
        "bbl_obj": "AA",
        "bbl_bez": "Schweizer Botschaft Canberra",
        "referenceCodes": {
          "building.ownership": "Eigentum",
          "building.portfolio": "002",
          "building.type1": "16",
          "building.type2": "16.03",
          "building.rentalModel": null,
          "building.operatingStatus": "ACTIVE",
          "building.physicalStatus": null
        },
        "gwr_stat": null,
        "adr_land": "AU",
        "adr_reg": "Australian Capital Territory",
        "adr_ort": "Canberra",
        "adr_plz": "2603",
        "adr_str": "Melbourne Avenue",
        "adr_hsnr": "7",
        "adr_conct": "7 Melbourne Avenue, Canberra 2603",
        "wgs84_lon": 149.1210857,
        "wgs84_lat": -35.3134473,
        "lv95_e": null,
        "lv95_n": null,
        "egm_elev": null,
        "bbl_eigen": "Eigentum",
        "bbl_ostr": "Erhalten",
        "bbl_mietm": null,
        "bbl_bjahr": null,
        "bbl_vjahr": null,
        "bbl_port": "Ausland",
        "bbl_port2": "EDA Auslandsvertretungen",
        "bbl_awrt": 6800000,
        "bbl_bwrt": 4400000,
        "bbl_gbda1": "Gebäude im Ausland",
        "bbl_gbda2": "Ausland: Kanzleien",
        "bbl_ovtw": "Lina Moser (Demo)",
        "bbl_pvtw": "Jonas Bachmann (Demo)",
        "av_egid": null,
        "av_egrid": null,
        "bfs_gem": null,
        "bfs_gemnr": null,
        "av_zbez": null,
        "av_znut": null,
        "bbl_hist": null,
        "bbl_arch": null,
        "kgs_kat": null,
        "kgs_nr": null,
        "garea_gf": 1450,
        "garea_gfo": 1450,
        "garea_gfu": 0,
        "garea_acu": "Demo-Schätzung",
        "garea_ngf": 1239,
        "garea_kf": 211,
        "garea_nf": 1000,
        "garea_hnf": 840,
        "garea_nnf": 160,
        "garea_ff": 51,
        "garea_vf": 188,
        "garea_vmf": null,
        "garea_ebf": null,
        "gvol_gv": 5600,
        "gvol_gvo": 5600,
        "gvol_gvu": 0,
        "gvol_acu": "Demo-Schätzung",
        "gastw": 2,
        "gastw_og": 2,
        "gastw_ug": 0,
        "gastw_acu": "Demo-Schätzung",
        "larea_ggf": 725,
        "larea_gsf": 6100,
        "larea_uf": 5375,
        "larea_acu": "Demo-Perimeter, nicht AV",
        "rics_gea": 1450,
        "rics_gia": 1356,
        "rics_nia": 930,
        "rics_standard": "RICS Code of Measuring Practice, 6th edition (2015)",
        "objectid": 7,
        "etl_ts": "2026-09-22T00:00:00Z",
        "img_url": [
          "../assets/portfolio/canberra-1.jpg",
          "../assets/portfolio/canberra-2.jpg",
          "../assets/portfolio/canberra-3.jpg"
        ],
        "photos": [
          {
            "url": "../assets/portfolio/canberra-1.jpg",
            "alt": "Schweizer Botschaft Canberra – Aussenansicht",
            "credit": "© Anthony Basheer",
            "source": "https://www.bbl.admin.ch/de/mediendatenbank",
            "scene": "exterior",
            "mediaIndex": 1,
            "kind": "public-source-photo",
            "rights": "Copyright retained by credited photographer; publicly accessible BBL source, no open licence asserted. Not covered by repository MIT licence.",
            "originalUrl": "https://prod-bbladminch-hcms-sdweb.imgix.net/dam/de/sd-web/zuozkhwGKhIp/Canberra_Australien_Botschaft_01.jpg?w=1024&auto=format"
          },
          {
            "url": "../assets/portfolio/canberra-2.jpg",
            "alt": "Schweizer Botschaft Canberra – Aussenansicht",
            "credit": "© Anthony Basheer",
            "source": "https://www.bbl.admin.ch/de/mediendatenbank",
            "scene": "exterior",
            "mediaIndex": 4,
            "kind": "public-source-photo",
            "rights": "Copyright retained by credited photographer; publicly accessible BBL source, no open licence asserted. Not covered by repository MIT licence.",
            "originalUrl": "https://prod-bbladminch-hcms-sdweb.imgix.net/dam/de/sd-web/bnb95jrQKrR1/Canberra_Australien_Botschaft_04.jpg?w=1024&auto=format"
          },
          {
            "url": "../assets/portfolio/canberra-3.jpg",
            "alt": "Schweizer Botschaft Canberra – Innenansicht",
            "credit": "© Anthony Basheer",
            "source": "https://www.bbl.admin.ch/de/mediendatenbank",
            "scene": "interior",
            "mediaIndex": 6,
            "kind": "public-source-photo",
            "rights": "Copyright retained by credited photographer; publicly accessible BBL source, no open licence asserted. Not covered by repository MIT licence.",
            "originalUrl": "https://prod-bbladminch-hcms-sdweb.imgix.net/dam/de/sd-web/PTb6Y0zqI0FG/Canberra_Australien_Botschaft_06.jpg?w=1024&auto=format"
          }
        ],
        "provenance": {
          "dataset": "bbl-public-portfolio-demo",
          "asOf": "2026-09-22",
          "notOfficialInventory": true,
          "factSources": {
            "identity": "https://www.bbl.admin.ch/de/mediendatenbank",
            "address": "https://protocol.dfat.gov.au/Public/Missions/191",
            "coordinates": "https://nominatim.openstreetmap.org/search?q=7+Melbourne+Avenue+Forrest+Australia&format=jsonv2&limit=3&addressdetails=1"
          },
          "geocoding": {
            "provider": "OpenStreetMap Nominatim",
            "sourceUrl": "https://nominatim.openstreetmap.org/search?q=7+Melbourne+Avenue+Forrest+Australia&format=jsonv2&limit=3&addressdetails=1",
            "retrievedAt": "2026-09-22",
            "reviewed": true,
            "precision": "building-or-site-centroid",
            "indicativeUncertaintyMetres": 50,
            "matchedAddress": "Embassy of Switzerland, 7, Melbourne Avenue, Forrest, Canberra, District of Canberra Central, Australian Capital Territory, 2603, Australia",
            "note": "Public address / site locator, not a cadastral or survey point.",
            "osmUrl": "https://www.openstreetmap.org/way/429089834"
          },
          "scope": "Publicly documented building/site; operational records and schematic parcel are demonstration assumptions.",
          "publishedMeasurements": {},
          "cadastre": null,
          "syntheticFields": [
            "inventoryIds",
            "ownershipScenario",
            "statusScenario",
            "valuations",
            "SIA area breakdown",
            "RICS measurements",
            "storeySplit",
            "landcoverGeometry",
            "energySystems",
            "parking",
            "contacts",
            "costs",
            "contracts",
            "assets",
            "mockDocuments",
            "parcelGeometry"
          ],
          "unknownFieldsLeftNull": [
            "zoning",
            "energyCertificate",
            "buildingPermitDate",
            "heritageRegisterNumber",
            "EGID",
            "EGRID"
          ],
          "notice": "Standort öffentlich belegt. Publizierte GF/GV separat belegt; übrige Gebäudebemessungen und Betriebsdaten sind Demowerte. Grundstück schematisch.",
          "referenceData": {
            "catalogVersion": "55",
            "classificationAssignments": "Demo assignments to catalogue codes; not confirmed SAP master data.",
            "physicalStatus": null
          }
        },
        "demoRelatedRecords": {
          "areaMeasurements": [
            {
              "buildingIds": [
                "9900/9006/AA"
              ],
              "validFrom": "2026-09-22T00:00:00Z",
              "validUntil": null,
              "areaMeasurementId": "96ef1b24-3797-503c-b77b-a51fe0519e6e",
              "type": "Geschossfläche GF",
              "value": 1450,
              "unit": "m²",
              "bmEstimation": true,
              "accuracy": "Geschätzt",
              "accuracyCode": "GESCHAETZT",
              "standard": "SIA 416",
              "standardCode": "SIA_416",
              "legacyId": "DEMO-9006-GF",
              "extensionData": {
                "code": "GF",
                "standardDetail": "SIA 416:2003",
                "dataStatus": "synthetic-demo",
                "source": "Plausibles Demo-Szenario",
                "sourceUrl": null,
                "scope": "Publicly documented building/site; operational records and schematic parcel are demonstration assumptions.",
                "originalUnit": "m²",
                "assumption": "Independently modelled measurement basis; no certified survey or universal SIA/RICS conversion."
              }
            },
            {
              "buildingIds": [
                "9900/9006/AA"
              ],
              "validFrom": "2026-09-22T00:00:00Z",
              "validUntil": null,
              "areaMeasurementId": "dfc2ee9b-802f-5b97-a5f4-9d0d65f689dd",
              "type": "Geschossfläche oberirdisch",
              "value": 1450,
              "unit": "m²",
              "bmEstimation": true,
              "accuracy": "Geschätzt",
              "accuracyCode": "GESCHAETZT",
              "standard": "SIA 416",
              "standardCode": "SIA_416",
              "legacyId": "DEMO-9006-GFO",
              "extensionData": {
                "code": "GFO",
                "standardDetail": "SIA 416:2003",
                "dataStatus": "synthetic-demo",
                "source": "Plausibles Demo-Szenario",
                "sourceUrl": null,
                "scope": "Publicly documented building/site; operational records and schematic parcel are demonstration assumptions.",
                "originalUnit": "m²",
                "assumption": "Independently modelled measurement basis; no certified survey or universal SIA/RICS conversion."
              }
            },
            {
              "buildingIds": [
                "9900/9006/AA"
              ],
              "validFrom": "2026-09-22T00:00:00Z",
              "validUntil": null,
              "areaMeasurementId": "7b5522ba-cf4e-5c3d-b19e-f7427cdabb95",
              "type": "Geschossfläche unterirdisch",
              "value": 0,
              "unit": "m²",
              "bmEstimation": true,
              "accuracy": "Geschätzt",
              "accuracyCode": "GESCHAETZT",
              "standard": "SIA 416",
              "standardCode": "SIA_416",
              "legacyId": "DEMO-9006-GFU",
              "extensionData": {
                "code": "GFU",
                "standardDetail": "SIA 416:2003",
                "dataStatus": "synthetic-demo",
                "source": "Plausibles Demo-Szenario",
                "sourceUrl": null,
                "scope": "Publicly documented building/site; operational records and schematic parcel are demonstration assumptions.",
                "originalUnit": "m²",
                "assumption": "Independently modelled measurement basis; no certified survey or universal SIA/RICS conversion."
              }
            },
            {
              "buildingIds": [
                "9900/9006/AA"
              ],
              "validFrom": "2026-09-22T00:00:00Z",
              "validUntil": null,
              "areaMeasurementId": "3b20eed8-4493-5350-bd63-1d162bd8b9b6",
              "type": "Konstruktionsfläche KF",
              "value": 211,
              "unit": "m²",
              "bmEstimation": true,
              "accuracy": "Geschätzt",
              "accuracyCode": "GESCHAETZT",
              "standard": "SIA 416",
              "standardCode": "SIA_416",
              "legacyId": "DEMO-9006-KF",
              "extensionData": {
                "code": "KF",
                "standardDetail": "SIA 416:2003",
                "dataStatus": "synthetic-demo",
                "source": "Plausibles Demo-Szenario",
                "sourceUrl": null,
                "scope": "Publicly documented building/site; operational records and schematic parcel are demonstration assumptions.",
                "originalUnit": "m²",
                "assumption": "Independently modelled measurement basis; no certified survey or universal SIA/RICS conversion."
              }
            },
            {
              "buildingIds": [
                "9900/9006/AA"
              ],
              "validFrom": "2026-09-22T00:00:00Z",
              "validUntil": null,
              "areaMeasurementId": "53dde41c-0efb-5c44-8381-93ec02608db8",
              "type": "Nettogeschossfläche NGF",
              "value": 1239,
              "unit": "m²",
              "bmEstimation": true,
              "accuracy": "Geschätzt",
              "accuracyCode": "GESCHAETZT",
              "standard": "SIA 416",
              "standardCode": "SIA_416",
              "legacyId": "DEMO-9006-NGF",
              "extensionData": {
                "code": "NGF",
                "standardDetail": "SIA 416:2003",
                "dataStatus": "synthetic-demo",
                "source": "Plausibles Demo-Szenario",
                "sourceUrl": null,
                "scope": "Publicly documented building/site; operational records and schematic parcel are demonstration assumptions.",
                "originalUnit": "m²",
                "assumption": "Independently modelled measurement basis; no certified survey or universal SIA/RICS conversion."
              }
            },
            {
              "buildingIds": [
                "9900/9006/AA"
              ],
              "validFrom": "2026-09-22T00:00:00Z",
              "validUntil": null,
              "areaMeasurementId": "9237d7c3-e8cb-5f1e-bf29-5af3cd397f81",
              "type": "Nutzfläche NF",
              "value": 1000,
              "unit": "m²",
              "bmEstimation": true,
              "accuracy": "Geschätzt",
              "accuracyCode": "GESCHAETZT",
              "standard": "SIA 416",
              "standardCode": "SIA_416",
              "legacyId": "DEMO-9006-NF",
              "extensionData": {
                "code": "NF",
                "standardDetail": "SIA 416:2003",
                "dataStatus": "synthetic-demo",
                "source": "Plausibles Demo-Szenario",
                "sourceUrl": null,
                "scope": "Publicly documented building/site; operational records and schematic parcel are demonstration assumptions.",
                "originalUnit": "m²",
                "assumption": "Independently modelled measurement basis; no certified survey or universal SIA/RICS conversion."
              }
            },
            {
              "buildingIds": [
                "9900/9006/AA"
              ],
              "validFrom": "2026-09-22T00:00:00Z",
              "validUntil": null,
              "areaMeasurementId": "a8067107-e3b7-5db9-8baf-1f149be39338",
              "type": "Hauptnutzfläche HNF",
              "value": 840,
              "unit": "m²",
              "bmEstimation": true,
              "accuracy": "Geschätzt",
              "accuracyCode": "GESCHAETZT",
              "standard": "SIA 416",
              "standardCode": "SIA_416",
              "legacyId": "DEMO-9006-HNF",
              "extensionData": {
                "code": "HNF",
                "standardDetail": "SIA 416:2003",
                "dataStatus": "synthetic-demo",
                "source": "Plausibles Demo-Szenario",
                "sourceUrl": null,
                "scope": "Publicly documented building/site; operational records and schematic parcel are demonstration assumptions.",
                "originalUnit": "m²",
                "assumption": "Independently modelled measurement basis; no certified survey or universal SIA/RICS conversion."
              }
            },
            {
              "buildingIds": [
                "9900/9006/AA"
              ],
              "validFrom": "2026-09-22T00:00:00Z",
              "validUntil": null,
              "areaMeasurementId": "1e2f0e10-7b22-5552-a667-83a882835dce",
              "type": "Nebennutzfläche NNF",
              "value": 160,
              "unit": "m²",
              "bmEstimation": true,
              "accuracy": "Geschätzt",
              "accuracyCode": "GESCHAETZT",
              "standard": "SIA 416",
              "standardCode": "SIA_416",
              "legacyId": "DEMO-9006-NNF",
              "extensionData": {
                "code": "NNF",
                "standardDetail": "SIA 416:2003",
                "dataStatus": "synthetic-demo",
                "source": "Plausibles Demo-Szenario",
                "sourceUrl": null,
                "scope": "Publicly documented building/site; operational records and schematic parcel are demonstration assumptions.",
                "originalUnit": "m²",
                "assumption": "Independently modelled measurement basis; no certified survey or universal SIA/RICS conversion."
              }
            },
            {
              "buildingIds": [
                "9900/9006/AA"
              ],
              "validFrom": "2026-09-22T00:00:00Z",
              "validUntil": null,
              "areaMeasurementId": "48aca4ff-f92c-5532-92cf-0303bddd7091",
              "type": "Funktionsfläche FF",
              "value": 51,
              "unit": "m²",
              "bmEstimation": true,
              "accuracy": "Geschätzt",
              "accuracyCode": "GESCHAETZT",
              "standard": "SIA 416",
              "standardCode": "SIA_416",
              "legacyId": "DEMO-9006-FF",
              "extensionData": {
                "code": "FF",
                "standardDetail": "SIA 416:2003",
                "dataStatus": "synthetic-demo",
                "source": "Plausibles Demo-Szenario",
                "sourceUrl": null,
                "scope": "Publicly documented building/site; operational records and schematic parcel are demonstration assumptions.",
                "originalUnit": "m²",
                "assumption": "Independently modelled measurement basis; no certified survey or universal SIA/RICS conversion."
              }
            },
            {
              "buildingIds": [
                "9900/9006/AA"
              ],
              "validFrom": "2026-09-22T00:00:00Z",
              "validUntil": null,
              "areaMeasurementId": "03eb091b-6d5e-57e8-9742-444ea687d4dd",
              "type": "Verkehrsfläche VF",
              "value": 188,
              "unit": "m²",
              "bmEstimation": true,
              "accuracy": "Geschätzt",
              "accuracyCode": "GESCHAETZT",
              "standard": "SIA 416",
              "standardCode": "SIA_416",
              "legacyId": "DEMO-9006-VF",
              "extensionData": {
                "code": "VF",
                "standardDetail": "SIA 416:2003",
                "dataStatus": "synthetic-demo",
                "source": "Plausibles Demo-Szenario",
                "sourceUrl": null,
                "scope": "Publicly documented building/site; operational records and schematic parcel are demonstration assumptions.",
                "originalUnit": "m²",
                "assumption": "Independently modelled measurement basis; no certified survey or universal SIA/RICS conversion."
              }
            },
            {
              "buildingIds": [
                "9900/9006/AA"
              ],
              "validFrom": "2026-09-22T00:00:00Z",
              "validUntil": null,
              "areaMeasurementId": "c87bb76e-e1b0-5753-b4de-74b0f932e85b",
              "type": "Gebäudevolumen GV",
              "value": 5600,
              "unit": "m³",
              "bmEstimation": true,
              "accuracy": "Geschätzt",
              "accuracyCode": "GESCHAETZT",
              "standard": "SIA 416",
              "standardCode": "SIA_416",
              "legacyId": "DEMO-9006-GV",
              "extensionData": {
                "code": "GV",
                "standardDetail": "SIA 416:2003",
                "dataStatus": "synthetic-demo",
                "source": "Plausibles Demo-Szenario",
                "sourceUrl": null,
                "scope": "Publicly documented building/site; operational records and schematic parcel are demonstration assumptions.",
                "originalUnit": "m³",
                "assumption": "Independently modelled measurement basis; no certified survey or universal SIA/RICS conversion."
              }
            },
            {
              "buildingIds": [
                "9900/9006/AA"
              ],
              "validFrom": "2026-09-22T00:00:00Z",
              "validUntil": null,
              "areaMeasurementId": "b7b558e4-3495-5d7b-a5f2-2465eabecd6c",
              "type": "Gebäudevolumen oberirdisch",
              "value": 5600,
              "unit": "m³",
              "bmEstimation": true,
              "accuracy": "Geschätzt",
              "accuracyCode": "GESCHAETZT",
              "standard": "SIA 416",
              "standardCode": "SIA_416",
              "legacyId": "DEMO-9006-GVO",
              "extensionData": {
                "code": "GVO",
                "standardDetail": "SIA 416:2003",
                "dataStatus": "synthetic-demo",
                "source": "Plausibles Demo-Szenario",
                "sourceUrl": null,
                "scope": "Publicly documented building/site; operational records and schematic parcel are demonstration assumptions.",
                "originalUnit": "m³",
                "assumption": "Independently modelled measurement basis; no certified survey or universal SIA/RICS conversion."
              }
            },
            {
              "buildingIds": [
                "9900/9006/AA"
              ],
              "validFrom": "2026-09-22T00:00:00Z",
              "validUntil": null,
              "areaMeasurementId": "af4710be-36fe-5a3b-a228-7f4d473f0f98",
              "type": "Gebäudevolumen unterirdisch",
              "value": 0,
              "unit": "m³",
              "bmEstimation": true,
              "accuracy": "Geschätzt",
              "accuracyCode": "GESCHAETZT",
              "standard": "SIA 416",
              "standardCode": "SIA_416",
              "legacyId": "DEMO-9006-GVU",
              "extensionData": {
                "code": "GVU",
                "standardDetail": "SIA 416:2003",
                "dataStatus": "synthetic-demo",
                "source": "Plausibles Demo-Szenario",
                "sourceUrl": null,
                "scope": "Publicly documented building/site; operational records and schematic parcel are demonstration assumptions.",
                "originalUnit": "m³",
                "assumption": "Independently modelled measurement basis; no certified survey or universal SIA/RICS conversion."
              }
            },
            {
              "buildingIds": [
                "9900/9006/AA"
              ],
              "validFrom": "2026-09-22T00:00:00Z",
              "validUntil": null,
              "areaMeasurementId": "c78fb5f8-f9ac-5520-84ce-f0c9e592fd2e",
              "type": "Grundstücksfläche GSF",
              "value": 6100,
              "unit": "m²",
              "bmEstimation": true,
              "accuracy": "Geschätzt",
              "accuracyCode": "GESCHAETZT",
              "standard": "SIA 416",
              "standardCode": "SIA_416",
              "legacyId": "DEMO-9006-GSF",
              "extensionData": {
                "code": "GSF",
                "standardDetail": "SIA 416:2003",
                "dataStatus": "synthetic-demo",
                "source": "Plausibles Demo-Szenario",
                "sourceUrl": null,
                "scope": "Publicly documented building/site; operational records and schematic parcel are demonstration assumptions.",
                "originalUnit": "m²",
                "assumption": "Independently modelled measurement basis; no certified survey or universal SIA/RICS conversion."
              }
            },
            {
              "buildingIds": [
                "9900/9006/AA"
              ],
              "validFrom": "2026-09-22T00:00:00Z",
              "validUntil": null,
              "areaMeasurementId": "bc7d6a68-55fa-5237-9886-c616fe7eec36",
              "type": "Gebäudegrundfläche GGF",
              "value": 725,
              "unit": "m²",
              "bmEstimation": true,
              "accuracy": "Geschätzt",
              "accuracyCode": "GESCHAETZT",
              "standard": "SIA 416",
              "standardCode": "SIA_416",
              "legacyId": "DEMO-9006-GGF",
              "extensionData": {
                "code": "GGF",
                "standardDetail": "SIA 416:2003",
                "dataStatus": "synthetic-demo",
                "source": "Plausibles Demo-Szenario",
                "sourceUrl": null,
                "scope": "Publicly documented building/site; operational records and schematic parcel are demonstration assumptions.",
                "originalUnit": "m²",
                "assumption": "Independently modelled measurement basis; no certified survey or universal SIA/RICS conversion."
              }
            },
            {
              "buildingIds": [
                "9900/9006/AA"
              ],
              "validFrom": "2026-09-22T00:00:00Z",
              "validUntil": null,
              "areaMeasurementId": "fb33fcc2-65d1-52ef-a42e-23c4b6d5124e",
              "type": "Umgebungsfläche UF",
              "value": 5375,
              "unit": "m²",
              "bmEstimation": true,
              "accuracy": "Geschätzt",
              "accuracyCode": "GESCHAETZT",
              "standard": "SIA 416",
              "standardCode": "SIA_416",
              "legacyId": "DEMO-9006-UF",
              "extensionData": {
                "code": "UF",
                "standardDetail": "SIA 416:2003",
                "dataStatus": "synthetic-demo",
                "source": "Plausibles Demo-Szenario",
                "sourceUrl": null,
                "scope": "Publicly documented building/site; operational records and schematic parcel are demonstration assumptions.",
                "originalUnit": "m²",
                "assumption": "Independently modelled measurement basis; no certified survey or universal SIA/RICS conversion."
              }
            },
            {
              "buildingIds": [
                "9900/9006/AA"
              ],
              "validFrom": "2026-09-22T00:00:00Z",
              "validUntil": null,
              "areaMeasurementId": "8c4f8cb7-b40d-5693-99ba-225c14d5eeab",
              "type": "Gross External Area (GEA)",
              "value": 1450,
              "unit": "m²",
              "bmEstimation": true,
              "accuracy": "Geschätzt",
              "accuracyCode": "GESCHAETZT",
              "standard": "Andere dokumentierte Regel",
              "standardCode": "ANDERE_REGEL",
              "legacyId": "DEMO-9006-GEA",
              "extensionData": {
                "code": "GEA",
                "standardDetail": "RICS Code of Measuring Practice, 6th edition (2015)",
                "dataStatus": "synthetic-demo",
                "source": "Plausibles Demo-Szenario",
                "sourceUrl": null,
                "scope": "Publicly documented building/site; operational records and schematic parcel are demonstration assumptions.",
                "originalUnit": "m²",
                "assumption": "Independently modelled measurement basis; no certified survey or universal SIA/RICS conversion."
              }
            },
            {
              "buildingIds": [
                "9900/9006/AA"
              ],
              "validFrom": "2026-09-22T00:00:00Z",
              "validUntil": null,
              "areaMeasurementId": "a2cbc19b-5ca8-598b-af03-0e8895990a94",
              "type": "Gross Internal Area (GIA)",
              "value": 1356,
              "unit": "m²",
              "bmEstimation": true,
              "accuracy": "Geschätzt",
              "accuracyCode": "GESCHAETZT",
              "standard": "Andere dokumentierte Regel",
              "standardCode": "ANDERE_REGEL",
              "legacyId": "DEMO-9006-GIA",
              "extensionData": {
                "code": "GIA",
                "standardDetail": "RICS Code of Measuring Practice, 6th edition (2015)",
                "dataStatus": "synthetic-demo",
                "source": "Plausibles Demo-Szenario",
                "sourceUrl": null,
                "scope": "Publicly documented building/site; operational records and schematic parcel are demonstration assumptions.",
                "originalUnit": "m²",
                "assumption": "Independently modelled measurement basis; no certified survey or universal SIA/RICS conversion."
              }
            },
            {
              "buildingIds": [
                "9900/9006/AA"
              ],
              "validFrom": "2026-09-22T00:00:00Z",
              "validUntil": null,
              "areaMeasurementId": "2a909079-0a3f-5bf6-961c-a7af039a4aa5",
              "type": "Net Internal Area (NIA)",
              "value": 930,
              "unit": "m²",
              "bmEstimation": true,
              "accuracy": "Geschätzt",
              "accuracyCode": "GESCHAETZT",
              "standard": "Andere dokumentierte Regel",
              "standardCode": "ANDERE_REGEL",
              "legacyId": "DEMO-9006-NIA",
              "extensionData": {
                "code": "NIA",
                "standardDetail": "RICS Code of Measuring Practice, 6th edition (2015)",
                "dataStatus": "synthetic-demo",
                "source": "Plausibles Demo-Szenario",
                "sourceUrl": null,
                "scope": "Publicly documented building/site; operational records and schematic parcel are demonstration assumptions.",
                "originalUnit": "m²",
                "assumption": "Independently modelled measurement basis; no certified survey or universal SIA/RICS conversion."
              }
            }
          ],
          "documents": [
            {
              "buildingIds": [
                "9900/9006/AA"
              ],
              "validFrom": null,
              "validUntil": null,
              "documentId": "ddedf450-5d05-5070-b78c-a5f8971e0405",
              "name": "BBL Bildpublikation – Schweizer Botschaft Canberra",
              "type": "Publikation",
              "documentTypeCode": "O12001",
              "fileFormat": "HTML",
              "fileSize": null,
              "url": "https://www.bbl.admin.ch/de/mediendatenbank",
              "description": "Öffentliche BBL-Publikation; historischer Projektstand.",
              "version": "Publizierte Fassung",
              "legacyId": "DEMO-9006-O12001",
              "extensionData": {
                "dataStatus": "public-source",
                "availability": "external-publication",
                "catalogue": "KBOB/IPB Anhang C, Version 2016-01",
                "catalogueUrl": "https://www.kbob.admin.ch/dam/de/sd-web/rVvtgYM1wFVT/20171024_KBOB-IPB_Anhang_C_-_Dokumenttypenkatalog_2016_DE.pdf",
                "documentTypeCode": "O12001"
              }
            },
            {
              "buildingIds": [
                "9900/9006/AA"
              ],
              "validFrom": "2026-09-22T00:00:00Z",
              "validUntil": null,
              "documentId": "08174577-2d91-5550-837f-ce1b96758343",
              "name": "Flächen/Volumenberechnung 2026 – Schweizer Botschaft Canberra (Demo)",
              "type": "Flächen/Volumenberechnung",
              "documentTypeCode": "B14005",
              "fileFormat": "PDF",
              "fileSize": null,
              "url": null,
              "description": "Fiktiver Dokumentregistereintrag; keine Originaldatei vorhanden.",
              "version": "0.1 Demo",
              "legacyId": "DEMO-9006-B14005",
              "extensionData": {
                "dataStatus": "synthetic-demo",
                "availability": "metadata-only",
                "catalogue": "KBOB/IPB Anhang C, Version 2016-01",
                "catalogueUrl": "https://www.kbob.admin.ch/dam/de/sd-web/rVvtgYM1wFVT/20171024_KBOB-IPB_Anhang_C_-_Dokumenttypenkatalog_2016_DE.pdf",
                "documentTypeCode": "B14005"
              }
            },
            {
              "buildingIds": [
                "9900/9006/AA"
              ],
              "validFrom": "2026-09-22T00:00:00Z",
              "validUntil": null,
              "documentId": "3631205d-dc72-5943-908a-4d6d12e89bb9",
              "name": "Wartungsplan 2026 – Schweizer Botschaft Canberra (Demo)",
              "type": "Wartungsplan",
              "documentTypeCode": "O07003",
              "fileFormat": "PDF",
              "fileSize": null,
              "url": null,
              "description": "Fiktiver Dokumentregistereintrag; keine Originaldatei vorhanden.",
              "version": "0.1 Demo",
              "legacyId": "DEMO-9006-O07003",
              "extensionData": {
                "dataStatus": "synthetic-demo",
                "availability": "metadata-only",
                "catalogue": "KBOB/IPB Anhang C, Version 2016-01",
                "catalogueUrl": "https://www.kbob.admin.ch/dam/de/sd-web/rVvtgYM1wFVT/20171024_KBOB-IPB_Anhang_C_-_Dokumenttypenkatalog_2016_DE.pdf",
                "documentTypeCode": "O07003"
              }
            },
            {
              "buildingIds": [
                "9900/9006/AA"
              ],
              "validFrom": "2026-09-22T00:00:00Z",
              "validUntil": null,
              "documentId": "69bb6113-a0f2-5f73-b377-bd1d178d356b",
              "name": "Betriebsführungshandbuch 2026 – Schweizer Botschaft Canberra (Demo)",
              "type": "Betriebsführungshandbuch",
              "documentTypeCode": "O03001",
              "fileFormat": "PDF",
              "fileSize": null,
              "url": null,
              "description": "Fiktiver Dokumentregistereintrag; keine Originaldatei vorhanden.",
              "version": "0.1 Demo",
              "legacyId": "DEMO-9006-O03001",
              "extensionData": {
                "dataStatus": "synthetic-demo",
                "availability": "metadata-only",
                "catalogue": "KBOB/IPB Anhang C, Version 2016-01",
                "catalogueUrl": "https://www.kbob.admin.ch/dam/de/sd-web/rVvtgYM1wFVT/20171024_KBOB-IPB_Anhang_C_-_Dokumenttypenkatalog_2016_DE.pdf",
                "documentTypeCode": "O03001"
              }
            },
            {
              "buildingIds": [
                "9900/9006/AA"
              ],
              "validFrom": "2026-09-22T00:00:00Z",
              "validUntil": null,
              "documentId": "4e1bdc40-530b-5a44-a715-ac4a48b22c94",
              "name": "Kostenstatistik 2026 – Schweizer Botschaft Canberra (Demo)",
              "type": "Kostenstatistik",
              "documentTypeCode": "B14102",
              "fileFormat": "PDF",
              "fileSize": null,
              "url": null,
              "description": "Fiktiver Dokumentregistereintrag; keine Originaldatei vorhanden.",
              "version": "0.1 Demo",
              "legacyId": "DEMO-9006-B14102",
              "extensionData": {
                "dataStatus": "synthetic-demo",
                "availability": "metadata-only",
                "catalogue": "KBOB/IPB Anhang C, Version 2016-01",
                "catalogueUrl": "https://www.kbob.admin.ch/dam/de/sd-web/rVvtgYM1wFVT/20171024_KBOB-IPB_Anhang_C_-_Dokumenttypenkatalog_2016_DE.pdf",
                "documentTypeCode": "B14102"
              }
            },
            {
              "buildingIds": [
                "9900/9006/AA"
              ],
              "validFrom": "2026-09-22T00:00:00Z",
              "validUntil": null,
              "documentId": "a3857fd8-b5f9-5224-bb63-70de68b87028",
              "name": "Energiestatistik 2026 – Schweizer Botschaft Canberra (Demo)",
              "type": "Energiestatistik",
              "documentTypeCode": "B14103",
              "fileFormat": "PDF",
              "fileSize": null,
              "url": null,
              "description": "Fiktiver Dokumentregistereintrag; keine Originaldatei vorhanden.",
              "version": "0.1 Demo",
              "legacyId": "DEMO-9006-B14103",
              "extensionData": {
                "dataStatus": "synthetic-demo",
                "availability": "metadata-only",
                "catalogue": "KBOB/IPB Anhang C, Version 2016-01",
                "catalogueUrl": "https://www.kbob.admin.ch/dam/de/sd-web/rVvtgYM1wFVT/20171024_KBOB-IPB_Anhang_C_-_Dokumenttypenkatalog_2016_DE.pdf",
                "documentTypeCode": "B14103"
              }
            }
          ],
          "contacts": [
            {
              "buildingIds": [
                "9900/9006/AA"
              ],
              "validFrom": "2026-09-22T00:00:00Z",
              "validUntil": null,
              "contactId": "2a24b830-c562-5d61-84bc-1e8620997633",
              "name": "Lina Moser (Demo)",
              "role": "Objektverantwortung",
              "organisation": "Portfolio Team (Demo)",
              "phone": null,
              "email": "canberra.1@example.invalid",
              "isPrimary": true,
              "legacyId": "DEMO-9006-K1",
              "extensionData": {
                "dataStatus": "synthetic-demo",
                "isFictionalPerson": true
              }
            },
            {
              "buildingIds": [
                "9900/9006/AA"
              ],
              "validFrom": "2026-09-22T00:00:00Z",
              "validUntil": null,
              "contactId": "29404da8-8d5e-56e2-94c5-9bb7d5219027",
              "name": "Jonas Bachmann (Demo)",
              "role": "Portfoliomanagement",
              "organisation": "Portfolio Team (Demo)",
              "phone": null,
              "email": "canberra.2@example.invalid",
              "isPrimary": false,
              "legacyId": "DEMO-9006-K2",
              "extensionData": {
                "dataStatus": "synthetic-demo",
                "isFictionalPerson": true
              }
            },
            {
              "buildingIds": [
                "9900/9006/AA"
              ],
              "validFrom": "2026-09-22T00:00:00Z",
              "validUntil": null,
              "contactId": "4f924c5e-a236-5834-8cdd-6f0f3df7057b",
              "name": "Nora Berger (Demo)",
              "role": "Facility Management",
              "organisation": "Arealservice Muster AG (fiktiv)",
              "phone": null,
              "email": "canberra.3@example.invalid",
              "isPrimary": false,
              "legacyId": "DEMO-9006-K3",
              "extensionData": {
                "dataStatus": "synthetic-demo",
                "isFictionalPerson": true
              }
            }
          ],
          "costs": [
            {
              "costId": "0865a582-81db-585d-bf5b-4224d94665cf",
              "buildingIds": [
                "9900/9006/AA"
              ],
              "costGroup": "23",
              "costType": "Elektroanlagen",
              "amount": 195800,
              "unit": "CHF",
              "currency": "CHF",
              "period": "Einmalig",
              "referenceDate": "2026-09-22T00:00:00Z",
              "legacyId": "DEMO-9006-C1",
              "extensionData": {
                "dataStatus": "synthetic-demo",
                "budgetYear": 2026,
                "costCenter": "DEMO-9006",
                "classification": "BKP",
                "standard": "SN 506 500:2017",
                "classificationSourceUrl": "https://www.crb.ch/de/normen-standards/baukostenplane/baukostenplan-bkp",
                "groupSourceUrl": "https://www.stadt-zuerich.ch/content/dam/web/de/politik-verwaltung/statistik-und-daten/publikationen-dienstleistungen/publikationen/periodika/zuercher-index-der-wohnbaupreise/ZIW_2019_Web.pdf",
                "project": "Erneuerung Gebäudetechnik und Innenausbau (Demo)",
                "scope": "Selected BKP work packages only; not a complete project budget or actual BBL project.",
                "basis": "Invented one-off CHF scenario, excluding VAT; not actual expenditure, a cost benchmark or FX conversion.",
                "rateCHFPerGF": 135.0,
                "quantityGF": 1450
              }
            },
            {
              "costId": "f14d9f39-ff3f-547f-b972-461e7a25b336",
              "buildingIds": [
                "9900/9006/AA"
              ],
              "costGroup": "24",
              "costType": "Heizungs-, Lüftungs- und Klimaanlagen",
              "amount": 234900,
              "unit": "CHF",
              "currency": "CHF",
              "period": "Einmalig",
              "referenceDate": "2026-09-22T00:00:00Z",
              "legacyId": "DEMO-9006-C2",
              "extensionData": {
                "dataStatus": "synthetic-demo",
                "budgetYear": 2026,
                "costCenter": "DEMO-9006",
                "classification": "BKP",
                "standard": "SN 506 500:2017",
                "classificationSourceUrl": "https://www.crb.ch/de/normen-standards/baukostenplane/baukostenplan-bkp",
                "groupSourceUrl": "https://www.stadt-zuerich.ch/content/dam/web/de/politik-verwaltung/statistik-und-daten/publikationen-dienstleistungen/publikationen/periodika/zuercher-index-der-wohnbaupreise/ZIW_2019_Web.pdf",
                "project": "Erneuerung Gebäudetechnik und Innenausbau (Demo)",
                "scope": "Selected BKP work packages only; not a complete project budget or actual BBL project.",
                "basis": "Invented one-off CHF scenario, excluding VAT; not actual expenditure, a cost benchmark or FX conversion.",
                "rateCHFPerGF": 162.0,
                "quantityGF": 1450
              }
            },
            {
              "costId": "f5948d78-3809-59c1-91f4-5ba0cbeb5238",
              "buildingIds": [
                "9900/9006/AA"
              ],
              "costGroup": "25",
              "costType": "Sanitäranlagen",
              "amount": 91400,
              "unit": "CHF",
              "currency": "CHF",
              "period": "Einmalig",
              "referenceDate": "2026-09-22T00:00:00Z",
              "legacyId": "DEMO-9006-C3",
              "extensionData": {
                "dataStatus": "synthetic-demo",
                "budgetYear": 2026,
                "costCenter": "DEMO-9006",
                "classification": "BKP",
                "standard": "SN 506 500:2017",
                "classificationSourceUrl": "https://www.crb.ch/de/normen-standards/baukostenplane/baukostenplan-bkp",
                "groupSourceUrl": "https://www.stadt-zuerich.ch/content/dam/web/de/politik-verwaltung/statistik-und-daten/publikationen-dienstleistungen/publikationen/periodika/zuercher-index-der-wohnbaupreise/ZIW_2019_Web.pdf",
                "project": "Erneuerung Gebäudetechnik und Innenausbau (Demo)",
                "scope": "Selected BKP work packages only; not a complete project budget or actual BBL project.",
                "basis": "Invented one-off CHF scenario, excluding VAT; not actual expenditure, a cost benchmark or FX conversion.",
                "rateCHFPerGF": 63.0,
                "quantityGF": 1450
              }
            },
            {
              "costId": "506cecd6-1cc1-56ad-af5e-1939668e6613",
              "buildingIds": [
                "9900/9006/AA"
              ],
              "costGroup": "27",
              "costType": "Ausbau 1",
              "amount": 313200,
              "unit": "CHF",
              "currency": "CHF",
              "period": "Einmalig",
              "referenceDate": "2026-09-22T00:00:00Z",
              "legacyId": "DEMO-9006-C4",
              "extensionData": {
                "dataStatus": "synthetic-demo",
                "budgetYear": 2026,
                "costCenter": "DEMO-9006",
                "classification": "BKP",
                "standard": "SN 506 500:2017",
                "classificationSourceUrl": "https://www.crb.ch/de/normen-standards/baukostenplane/baukostenplan-bkp",
                "groupSourceUrl": "https://www.stadt-zuerich.ch/content/dam/web/de/politik-verwaltung/statistik-und-daten/publikationen-dienstleistungen/publikationen/periodika/zuercher-index-der-wohnbaupreise/ZIW_2019_Web.pdf",
                "project": "Erneuerung Gebäudetechnik und Innenausbau (Demo)",
                "scope": "Selected BKP work packages only; not a complete project budget or actual BBL project.",
                "basis": "Invented one-off CHF scenario, excluding VAT; not actual expenditure, a cost benchmark or FX conversion.",
                "rateCHFPerGF": 216.0,
                "quantityGF": 1450
              }
            },
            {
              "costId": "bbe7a99c-2458-5fb2-81ec-c3e34361d0da",
              "buildingIds": [
                "9900/9006/AA"
              ],
              "costGroup": "28",
              "costType": "Ausbau 2",
              "amount": 234900,
              "unit": "CHF",
              "currency": "CHF",
              "period": "Einmalig",
              "referenceDate": "2026-09-22T00:00:00Z",
              "legacyId": "DEMO-9006-C5",
              "extensionData": {
                "dataStatus": "synthetic-demo",
                "budgetYear": 2026,
                "costCenter": "DEMO-9006",
                "classification": "BKP",
                "standard": "SN 506 500:2017",
                "classificationSourceUrl": "https://www.crb.ch/de/normen-standards/baukostenplane/baukostenplan-bkp",
                "groupSourceUrl": "https://www.stadt-zuerich.ch/content/dam/web/de/politik-verwaltung/statistik-und-daten/publikationen-dienstleistungen/publikationen/periodika/zuercher-index-der-wohnbaupreise/ZIW_2019_Web.pdf",
                "project": "Erneuerung Gebäudetechnik und Innenausbau (Demo)",
                "scope": "Selected BKP work packages only; not a complete project budget or actual BBL project.",
                "basis": "Invented one-off CHF scenario, excluding VAT; not actual expenditure, a cost benchmark or FX conversion.",
                "rateCHFPerGF": 162.0,
                "quantityGF": 1450
              }
            },
            {
              "costId": "51279703-deb0-5eb6-add5-3e895dbd15ba",
              "buildingIds": [
                "9900/9006/AA"
              ],
              "costGroup": "29",
              "costType": "Honorare",
              "amount": 156600,
              "unit": "CHF",
              "currency": "CHF",
              "period": "Einmalig",
              "referenceDate": "2026-09-22T00:00:00Z",
              "legacyId": "DEMO-9006-C6",
              "extensionData": {
                "dataStatus": "synthetic-demo",
                "budgetYear": 2026,
                "costCenter": "DEMO-9006",
                "classification": "BKP",
                "standard": "SN 506 500:2017",
                "classificationSourceUrl": "https://www.crb.ch/de/normen-standards/baukostenplane/baukostenplan-bkp",
                "groupSourceUrl": "https://www.stadt-zuerich.ch/content/dam/web/de/politik-verwaltung/statistik-und-daten/publikationen-dienstleistungen/publikationen/periodika/zuercher-index-der-wohnbaupreise/ZIW_2019_Web.pdf",
                "project": "Erneuerung Gebäudetechnik und Innenausbau (Demo)",
                "scope": "Selected BKP work packages only; not a complete project budget or actual BBL project.",
                "basis": "Invented one-off CHF scenario, excluding VAT; not actual expenditure, a cost benchmark or FX conversion.",
                "rateCHFPerGF": 108.0,
                "quantityGF": 1450
              }
            }
          ]
        }
      },
      "geometry": {
        "type": "Point",
        "coordinates": [
          149.1210857,
          -35.3134473
        ]
      }
    },
    {
      "type": "Feature",
      "properties": {
        "bbl_stat": "In Betrieb",
        "bbl_id": "9900/9007/AA",
        "bbl_buch": "9900",
        "bbl_we": "9007",
        "bbl_obj": "AA",
        "bbl_bez": "Schweizer Botschaft Brasília",
        "referenceCodes": {
          "building.ownership": "Eigentum",
          "building.portfolio": "002",
          "building.type1": "16",
          "building.type2": "16.03",
          "building.rentalModel": null,
          "building.operatingStatus": "ACTIVE",
          "building.physicalStatus": null
        },
        "gwr_stat": null,
        "adr_land": "BR",
        "adr_reg": "Distrito Federal",
        "adr_ort": "Brasília",
        "adr_plz": "70448-900",
        "adr_str": "SES Avenida das Nações, Quadra 811",
        "adr_hsnr": "Lote 41",
        "adr_conct": "SES Avenida das Nações, Quadra 811 Lote 41, 70448-900 Brasília",
        "wgs84_lon": -47.8972753,
        "wgs84_lat": -15.8316069,
        "lv95_e": null,
        "lv95_n": null,
        "egm_elev": null,
        "bbl_eigen": "Eigentum",
        "bbl_ostr": "Erhalten",
        "bbl_mietm": null,
        "bbl_bjahr": null,
        "bbl_vjahr": null,
        "bbl_port": "Ausland",
        "bbl_port2": "EDA Auslandsvertretungen",
        "bbl_awrt": 8200000,
        "bbl_bwrt": 5200000,
        "bbl_gbda1": "Gebäude im Ausland",
        "bbl_gbda2": "Ausland: Kanzleien",
        "bbl_ovtw": "Noé Auer (Demo)",
        "bbl_pvtw": "Sina Vogt (Demo)",
        "av_egid": null,
        "av_egrid": null,
        "bfs_gem": null,
        "bfs_gemnr": null,
        "av_zbez": null,
        "av_znut": null,
        "bbl_hist": null,
        "bbl_arch": null,
        "kgs_kat": null,
        "kgs_nr": null,
        "garea_gf": 2850,
        "garea_gfo": 1900,
        "garea_gfu": 950,
        "garea_acu": "Demo-Schätzung",
        "garea_ngf": 2380,
        "garea_kf": 470,
        "garea_nf": 1910,
        "garea_hnf": 1604,
        "garea_nnf": 306,
        "garea_ff": 100,
        "garea_vf": 370,
        "garea_vmf": null,
        "garea_ebf": null,
        "gvol_gv": 11400,
        "gvol_gvo": 7600,
        "gvol_gvu": 3800,
        "gvol_acu": "Demo-Schätzung",
        "gastw": 3,
        "gastw_og": 2,
        "gastw_ug": 1,
        "gastw_acu": "Demo-Schätzung",
        "larea_ggf": 950,
        "larea_gsf": 28500,
        "larea_uf": 27550,
        "larea_acu": "Demo-Perimeter, nicht AV",
        "rics_gea": 2850,
        "rics_gia": 2665,
        "rics_nia": 1776,
        "rics_standard": "RICS Code of Measuring Practice, 6th edition (2015)",
        "objectid": 8,
        "etl_ts": "2026-09-22T00:00:00Z",
        "img_url": [
          "../assets/portfolio/brasilia-1.jpg",
          "../assets/portfolio/brasilia-2.jpg",
          "../assets/portfolio/brasilia-3.jpg"
        ],
        "photos": [
          {
            "url": "../assets/portfolio/brasilia-1.jpg",
            "alt": "Schweizer Botschaft Brasília – Aussenansicht",
            "credit": "© Laurence Bonvin",
            "source": "https://www.bbl.admin.ch/de/mediendatenbank",
            "scene": "exterior",
            "mediaIndex": 1,
            "kind": "public-source-photo",
            "rights": "Copyright retained by credited photographer; publicly accessible BBL source, no open licence asserted. Not covered by repository MIT licence.",
            "originalUrl": "https://prod-bbladminch-hcms-sdweb.imgix.net/dam/de/sd-web/aLUqaB8il2Xx/Brasilia_Brasilien_Botschaft_01.jpg?w=1024&auto=format"
          },
          {
            "url": "../assets/portfolio/brasilia-2.jpg",
            "alt": "Schweizer Botschaft Brasília – Aussenansicht",
            "credit": "© Laurence Bonvin",
            "source": "https://www.bbl.admin.ch/de/mediendatenbank",
            "scene": "exterior",
            "mediaIndex": 7,
            "kind": "public-source-photo",
            "rights": "Copyright retained by credited photographer; publicly accessible BBL source, no open licence asserted. Not covered by repository MIT licence.",
            "originalUrl": "https://prod-bbladminch-hcms-sdweb.imgix.net/dam/de/sd-web/UxtTCbbCAlmT/Brasilia_Brasilien_Botschaft_07.jpg?w=1024&auto=format"
          },
          {
            "url": "../assets/portfolio/brasilia-3.jpg",
            "alt": "Schweizer Botschaft Brasília – Innenansicht",
            "credit": "© Laurence Bonvin",
            "source": "https://www.bbl.admin.ch/de/mediendatenbank",
            "scene": "interior",
            "mediaIndex": 4,
            "kind": "public-source-photo",
            "rights": "Copyright retained by credited photographer; publicly accessible BBL source, no open licence asserted. Not covered by repository MIT licence.",
            "originalUrl": "https://prod-bbladminch-hcms-sdweb.imgix.net/dam/de/sd-web/EP0PJO2cU9cx/Brasilia_Brasilien_Botschaft_04.jpg?w=1024&auto=format"
          }
        ],
        "provenance": {
          "dataset": "bbl-public-portfolio-demo",
          "asOf": "2026-09-22",
          "notOfficialInventory": true,
          "factSources": {
            "identity": "https://www.bbl.admin.ch/de/mediendatenbank",
            "address": "https://www.eda.admin.ch/content/dam/countries/countries-content/brazil/en/business-travel-guide-2023_EN.pdf",
            "coordinates": "https://nominatim.openstreetmap.org/search?q=Embaixada+da+Su%C3%AD%C3%A7a+Bras%C3%ADlia+Brazil&format=jsonv2&limit=3&addressdetails=1"
          },
          "geocoding": {
            "provider": "OpenStreetMap Nominatim",
            "sourceUrl": "https://nominatim.openstreetmap.org/search?q=Embaixada+da+Su%C3%AD%C3%A7a+Bras%C3%ADlia+Brazil&format=jsonv2&limit=3&addressdetails=1",
            "retrievedAt": "2026-09-22",
            "reviewed": true,
            "precision": "building-or-site-centroid",
            "indicativeUncertaintyMetres": 150,
            "matchedAddress": "Embaixada da Suiça, Lote 41, SES Quadra 811, Asa Sul, Brasília, Plano Piloto, Distrito Federal, Região Centro-Oeste, 70448-900, Brasil",
            "note": "Public address / site locator, not a cadastral or survey point.",
            "osmUrl": "https://www.openstreetmap.org/way/141477118"
          },
          "scope": "Publicly documented building/site; operational records and schematic parcel are demonstration assumptions.",
          "publishedMeasurements": {},
          "cadastre": null,
          "syntheticFields": [
            "inventoryIds",
            "ownershipScenario",
            "statusScenario",
            "valuations",
            "SIA area breakdown",
            "RICS measurements",
            "storeySplit",
            "landcoverGeometry",
            "energySystems",
            "parking",
            "contacts",
            "costs",
            "contracts",
            "assets",
            "mockDocuments",
            "parcelGeometry"
          ],
          "unknownFieldsLeftNull": [
            "zoning",
            "energyCertificate",
            "buildingPermitDate",
            "heritageRegisterNumber",
            "EGID",
            "EGRID"
          ],
          "notice": "Standort öffentlich belegt. Publizierte GF/GV separat belegt; übrige Gebäudebemessungen und Betriebsdaten sind Demowerte. Grundstück schematisch.",
          "referenceData": {
            "catalogVersion": "55",
            "classificationAssignments": "Demo assignments to catalogue codes; not confirmed SAP master data.",
            "physicalStatus": null
          }
        },
        "demoRelatedRecords": {
          "areaMeasurements": [
            {
              "buildingIds": [
                "9900/9007/AA"
              ],
              "validFrom": "2026-09-22T00:00:00Z",
              "validUntil": null,
              "areaMeasurementId": "c8275c76-78ed-5c27-8433-d231263c6339",
              "type": "Geschossfläche GF",
              "value": 2850,
              "unit": "m²",
              "bmEstimation": true,
              "accuracy": "Geschätzt",
              "accuracyCode": "GESCHAETZT",
              "standard": "SIA 416",
              "standardCode": "SIA_416",
              "legacyId": "DEMO-9007-GF",
              "extensionData": {
                "code": "GF",
                "standardDetail": "SIA 416:2003",
                "dataStatus": "synthetic-demo",
                "source": "Plausibles Demo-Szenario",
                "sourceUrl": null,
                "scope": "Publicly documented building/site; operational records and schematic parcel are demonstration assumptions.",
                "originalUnit": "m²",
                "assumption": "Independently modelled measurement basis; no certified survey or universal SIA/RICS conversion."
              }
            },
            {
              "buildingIds": [
                "9900/9007/AA"
              ],
              "validFrom": "2026-09-22T00:00:00Z",
              "validUntil": null,
              "areaMeasurementId": "562bdc99-7fa2-5590-91a2-233b2da6a9a8",
              "type": "Geschossfläche oberirdisch",
              "value": 1900,
              "unit": "m²",
              "bmEstimation": true,
              "accuracy": "Geschätzt",
              "accuracyCode": "GESCHAETZT",
              "standard": "SIA 416",
              "standardCode": "SIA_416",
              "legacyId": "DEMO-9007-GFO",
              "extensionData": {
                "code": "GFO",
                "standardDetail": "SIA 416:2003",
                "dataStatus": "synthetic-demo",
                "source": "Plausibles Demo-Szenario",
                "sourceUrl": null,
                "scope": "Publicly documented building/site; operational records and schematic parcel are demonstration assumptions.",
                "originalUnit": "m²",
                "assumption": "Independently modelled measurement basis; no certified survey or universal SIA/RICS conversion."
              }
            },
            {
              "buildingIds": [
                "9900/9007/AA"
              ],
              "validFrom": "2026-09-22T00:00:00Z",
              "validUntil": null,
              "areaMeasurementId": "ef26d772-3e0e-5ebd-8f76-4bc7d27deafd",
              "type": "Geschossfläche unterirdisch",
              "value": 950,
              "unit": "m²",
              "bmEstimation": true,
              "accuracy": "Geschätzt",
              "accuracyCode": "GESCHAETZT",
              "standard": "SIA 416",
              "standardCode": "SIA_416",
              "legacyId": "DEMO-9007-GFU",
              "extensionData": {
                "code": "GFU",
                "standardDetail": "SIA 416:2003",
                "dataStatus": "synthetic-demo",
                "source": "Plausibles Demo-Szenario",
                "sourceUrl": null,
                "scope": "Publicly documented building/site; operational records and schematic parcel are demonstration assumptions.",
                "originalUnit": "m²",
                "assumption": "Independently modelled measurement basis; no certified survey or universal SIA/RICS conversion."
              }
            },
            {
              "buildingIds": [
                "9900/9007/AA"
              ],
              "validFrom": "2026-09-22T00:00:00Z",
              "validUntil": null,
              "areaMeasurementId": "89f8b4b3-6bab-5371-bf5e-36048c9235d6",
              "type": "Konstruktionsfläche KF",
              "value": 470,
              "unit": "m²",
              "bmEstimation": true,
              "accuracy": "Geschätzt",
              "accuracyCode": "GESCHAETZT",
              "standard": "SIA 416",
              "standardCode": "SIA_416",
              "legacyId": "DEMO-9007-KF",
              "extensionData": {
                "code": "KF",
                "standardDetail": "SIA 416:2003",
                "dataStatus": "synthetic-demo",
                "source": "Plausibles Demo-Szenario",
                "sourceUrl": null,
                "scope": "Publicly documented building/site; operational records and schematic parcel are demonstration assumptions.",
                "originalUnit": "m²",
                "assumption": "Independently modelled measurement basis; no certified survey or universal SIA/RICS conversion."
              }
            },
            {
              "buildingIds": [
                "9900/9007/AA"
              ],
              "validFrom": "2026-09-22T00:00:00Z",
              "validUntil": null,
              "areaMeasurementId": "0ca1b589-b4ee-506e-91ea-365a1f9bd2fc",
              "type": "Nettogeschossfläche NGF",
              "value": 2380,
              "unit": "m²",
              "bmEstimation": true,
              "accuracy": "Geschätzt",
              "accuracyCode": "GESCHAETZT",
              "standard": "SIA 416",
              "standardCode": "SIA_416",
              "legacyId": "DEMO-9007-NGF",
              "extensionData": {
                "code": "NGF",
                "standardDetail": "SIA 416:2003",
                "dataStatus": "synthetic-demo",
                "source": "Plausibles Demo-Szenario",
                "sourceUrl": null,
                "scope": "Publicly documented building/site; operational records and schematic parcel are demonstration assumptions.",
                "originalUnit": "m²",
                "assumption": "Independently modelled measurement basis; no certified survey or universal SIA/RICS conversion."
              }
            },
            {
              "buildingIds": [
                "9900/9007/AA"
              ],
              "validFrom": "2026-09-22T00:00:00Z",
              "validUntil": null,
              "areaMeasurementId": "a549df64-2d5e-5172-b725-f1ce1b3aa2e9",
              "type": "Nutzfläche NF",
              "value": 1910,
              "unit": "m²",
              "bmEstimation": true,
              "accuracy": "Geschätzt",
              "accuracyCode": "GESCHAETZT",
              "standard": "SIA 416",
              "standardCode": "SIA_416",
              "legacyId": "DEMO-9007-NF",
              "extensionData": {
                "code": "NF",
                "standardDetail": "SIA 416:2003",
                "dataStatus": "synthetic-demo",
                "source": "Plausibles Demo-Szenario",
                "sourceUrl": null,
                "scope": "Publicly documented building/site; operational records and schematic parcel are demonstration assumptions.",
                "originalUnit": "m²",
                "assumption": "Independently modelled measurement basis; no certified survey or universal SIA/RICS conversion."
              }
            },
            {
              "buildingIds": [
                "9900/9007/AA"
              ],
              "validFrom": "2026-09-22T00:00:00Z",
              "validUntil": null,
              "areaMeasurementId": "2141eb68-8eed-5b27-8b3c-89a0004b9c89",
              "type": "Hauptnutzfläche HNF",
              "value": 1604,
              "unit": "m²",
              "bmEstimation": true,
              "accuracy": "Geschätzt",
              "accuracyCode": "GESCHAETZT",
              "standard": "SIA 416",
              "standardCode": "SIA_416",
              "legacyId": "DEMO-9007-HNF",
              "extensionData": {
                "code": "HNF",
                "standardDetail": "SIA 416:2003",
                "dataStatus": "synthetic-demo",
                "source": "Plausibles Demo-Szenario",
                "sourceUrl": null,
                "scope": "Publicly documented building/site; operational records and schematic parcel are demonstration assumptions.",
                "originalUnit": "m²",
                "assumption": "Independently modelled measurement basis; no certified survey or universal SIA/RICS conversion."
              }
            },
            {
              "buildingIds": [
                "9900/9007/AA"
              ],
              "validFrom": "2026-09-22T00:00:00Z",
              "validUntil": null,
              "areaMeasurementId": "bf146eb0-8ac5-543d-8ff6-1f8242b9c3fa",
              "type": "Nebennutzfläche NNF",
              "value": 306,
              "unit": "m²",
              "bmEstimation": true,
              "accuracy": "Geschätzt",
              "accuracyCode": "GESCHAETZT",
              "standard": "SIA 416",
              "standardCode": "SIA_416",
              "legacyId": "DEMO-9007-NNF",
              "extensionData": {
                "code": "NNF",
                "standardDetail": "SIA 416:2003",
                "dataStatus": "synthetic-demo",
                "source": "Plausibles Demo-Szenario",
                "sourceUrl": null,
                "scope": "Publicly documented building/site; operational records and schematic parcel are demonstration assumptions.",
                "originalUnit": "m²",
                "assumption": "Independently modelled measurement basis; no certified survey or universal SIA/RICS conversion."
              }
            },
            {
              "buildingIds": [
                "9900/9007/AA"
              ],
              "validFrom": "2026-09-22T00:00:00Z",
              "validUntil": null,
              "areaMeasurementId": "fe70e401-4e93-58e6-bf84-569b146d8651",
              "type": "Funktionsfläche FF",
              "value": 100,
              "unit": "m²",
              "bmEstimation": true,
              "accuracy": "Geschätzt",
              "accuracyCode": "GESCHAETZT",
              "standard": "SIA 416",
              "standardCode": "SIA_416",
              "legacyId": "DEMO-9007-FF",
              "extensionData": {
                "code": "FF",
                "standardDetail": "SIA 416:2003",
                "dataStatus": "synthetic-demo",
                "source": "Plausibles Demo-Szenario",
                "sourceUrl": null,
                "scope": "Publicly documented building/site; operational records and schematic parcel are demonstration assumptions.",
                "originalUnit": "m²",
                "assumption": "Independently modelled measurement basis; no certified survey or universal SIA/RICS conversion."
              }
            },
            {
              "buildingIds": [
                "9900/9007/AA"
              ],
              "validFrom": "2026-09-22T00:00:00Z",
              "validUntil": null,
              "areaMeasurementId": "cf38026a-1cea-5486-aee3-a5a1c1ecb72d",
              "type": "Verkehrsfläche VF",
              "value": 370,
              "unit": "m²",
              "bmEstimation": true,
              "accuracy": "Geschätzt",
              "accuracyCode": "GESCHAETZT",
              "standard": "SIA 416",
              "standardCode": "SIA_416",
              "legacyId": "DEMO-9007-VF",
              "extensionData": {
                "code": "VF",
                "standardDetail": "SIA 416:2003",
                "dataStatus": "synthetic-demo",
                "source": "Plausibles Demo-Szenario",
                "sourceUrl": null,
                "scope": "Publicly documented building/site; operational records and schematic parcel are demonstration assumptions.",
                "originalUnit": "m²",
                "assumption": "Independently modelled measurement basis; no certified survey or universal SIA/RICS conversion."
              }
            },
            {
              "buildingIds": [
                "9900/9007/AA"
              ],
              "validFrom": "2026-09-22T00:00:00Z",
              "validUntil": null,
              "areaMeasurementId": "17731acb-909c-541e-b430-c6e3c3cdfb9f",
              "type": "Gebäudevolumen GV",
              "value": 11400,
              "unit": "m³",
              "bmEstimation": true,
              "accuracy": "Geschätzt",
              "accuracyCode": "GESCHAETZT",
              "standard": "SIA 416",
              "standardCode": "SIA_416",
              "legacyId": "DEMO-9007-GV",
              "extensionData": {
                "code": "GV",
                "standardDetail": "SIA 416:2003",
                "dataStatus": "synthetic-demo",
                "source": "Plausibles Demo-Szenario",
                "sourceUrl": null,
                "scope": "Publicly documented building/site; operational records and schematic parcel are demonstration assumptions.",
                "originalUnit": "m³",
                "assumption": "Independently modelled measurement basis; no certified survey or universal SIA/RICS conversion."
              }
            },
            {
              "buildingIds": [
                "9900/9007/AA"
              ],
              "validFrom": "2026-09-22T00:00:00Z",
              "validUntil": null,
              "areaMeasurementId": "30d6eb5e-d0fa-56c8-a81e-c1a02c361ede",
              "type": "Gebäudevolumen oberirdisch",
              "value": 7600,
              "unit": "m³",
              "bmEstimation": true,
              "accuracy": "Geschätzt",
              "accuracyCode": "GESCHAETZT",
              "standard": "SIA 416",
              "standardCode": "SIA_416",
              "legacyId": "DEMO-9007-GVO",
              "extensionData": {
                "code": "GVO",
                "standardDetail": "SIA 416:2003",
                "dataStatus": "synthetic-demo",
                "source": "Plausibles Demo-Szenario",
                "sourceUrl": null,
                "scope": "Publicly documented building/site; operational records and schematic parcel are demonstration assumptions.",
                "originalUnit": "m³",
                "assumption": "Independently modelled measurement basis; no certified survey or universal SIA/RICS conversion."
              }
            },
            {
              "buildingIds": [
                "9900/9007/AA"
              ],
              "validFrom": "2026-09-22T00:00:00Z",
              "validUntil": null,
              "areaMeasurementId": "d31d2bf1-f365-5e1c-b4b0-8e98d73d12d8",
              "type": "Gebäudevolumen unterirdisch",
              "value": 3800,
              "unit": "m³",
              "bmEstimation": true,
              "accuracy": "Geschätzt",
              "accuracyCode": "GESCHAETZT",
              "standard": "SIA 416",
              "standardCode": "SIA_416",
              "legacyId": "DEMO-9007-GVU",
              "extensionData": {
                "code": "GVU",
                "standardDetail": "SIA 416:2003",
                "dataStatus": "synthetic-demo",
                "source": "Plausibles Demo-Szenario",
                "sourceUrl": null,
                "scope": "Publicly documented building/site; operational records and schematic parcel are demonstration assumptions.",
                "originalUnit": "m³",
                "assumption": "Independently modelled measurement basis; no certified survey or universal SIA/RICS conversion."
              }
            },
            {
              "buildingIds": [
                "9900/9007/AA"
              ],
              "validFrom": "2026-09-22T00:00:00Z",
              "validUntil": null,
              "areaMeasurementId": "6f12ca5a-245a-5af1-8b64-fb621f4b7b91",
              "type": "Grundstücksfläche GSF",
              "value": 28500,
              "unit": "m²",
              "bmEstimation": true,
              "accuracy": "Geschätzt",
              "accuracyCode": "GESCHAETZT",
              "standard": "SIA 416",
              "standardCode": "SIA_416",
              "legacyId": "DEMO-9007-GSF",
              "extensionData": {
                "code": "GSF",
                "standardDetail": "SIA 416:2003",
                "dataStatus": "synthetic-demo",
                "source": "Plausibles Demo-Szenario",
                "sourceUrl": null,
                "scope": "Publicly documented building/site; operational records and schematic parcel are demonstration assumptions.",
                "originalUnit": "m²",
                "assumption": "Independently modelled measurement basis; no certified survey or universal SIA/RICS conversion."
              }
            },
            {
              "buildingIds": [
                "9900/9007/AA"
              ],
              "validFrom": "2026-09-22T00:00:00Z",
              "validUntil": null,
              "areaMeasurementId": "0923d281-b8e5-5271-96c9-726f4798ba56",
              "type": "Gebäudegrundfläche GGF",
              "value": 950,
              "unit": "m²",
              "bmEstimation": true,
              "accuracy": "Geschätzt",
              "accuracyCode": "GESCHAETZT",
              "standard": "SIA 416",
              "standardCode": "SIA_416",
              "legacyId": "DEMO-9007-GGF",
              "extensionData": {
                "code": "GGF",
                "standardDetail": "SIA 416:2003",
                "dataStatus": "synthetic-demo",
                "source": "Plausibles Demo-Szenario",
                "sourceUrl": null,
                "scope": "Publicly documented building/site; operational records and schematic parcel are demonstration assumptions.",
                "originalUnit": "m²",
                "assumption": "Independently modelled measurement basis; no certified survey or universal SIA/RICS conversion."
              }
            },
            {
              "buildingIds": [
                "9900/9007/AA"
              ],
              "validFrom": "2026-09-22T00:00:00Z",
              "validUntil": null,
              "areaMeasurementId": "a0e692eb-cfdf-5b7b-9e95-6b4d5d703e72",
              "type": "Umgebungsfläche UF",
              "value": 27550,
              "unit": "m²",
              "bmEstimation": true,
              "accuracy": "Geschätzt",
              "accuracyCode": "GESCHAETZT",
              "standard": "SIA 416",
              "standardCode": "SIA_416",
              "legacyId": "DEMO-9007-UF",
              "extensionData": {
                "code": "UF",
                "standardDetail": "SIA 416:2003",
                "dataStatus": "synthetic-demo",
                "source": "Plausibles Demo-Szenario",
                "sourceUrl": null,
                "scope": "Publicly documented building/site; operational records and schematic parcel are demonstration assumptions.",
                "originalUnit": "m²",
                "assumption": "Independently modelled measurement basis; no certified survey or universal SIA/RICS conversion."
              }
            },
            {
              "buildingIds": [
                "9900/9007/AA"
              ],
              "validFrom": "2026-09-22T00:00:00Z",
              "validUntil": null,
              "areaMeasurementId": "d43ab2d4-d8a0-55c2-bcd6-bcdd9cf4a6c0",
              "type": "Gross External Area (GEA)",
              "value": 2850,
              "unit": "m²",
              "bmEstimation": true,
              "accuracy": "Geschätzt",
              "accuracyCode": "GESCHAETZT",
              "standard": "Andere dokumentierte Regel",
              "standardCode": "ANDERE_REGEL",
              "legacyId": "DEMO-9007-GEA",
              "extensionData": {
                "code": "GEA",
                "standardDetail": "RICS Code of Measuring Practice, 6th edition (2015)",
                "dataStatus": "synthetic-demo",
                "source": "Plausibles Demo-Szenario",
                "sourceUrl": null,
                "scope": "Publicly documented building/site; operational records and schematic parcel are demonstration assumptions.",
                "originalUnit": "m²",
                "assumption": "Independently modelled measurement basis; no certified survey or universal SIA/RICS conversion."
              }
            },
            {
              "buildingIds": [
                "9900/9007/AA"
              ],
              "validFrom": "2026-09-22T00:00:00Z",
              "validUntil": null,
              "areaMeasurementId": "a171a6d0-ba70-5395-867c-7cb16d5848c5",
              "type": "Gross Internal Area (GIA)",
              "value": 2665,
              "unit": "m²",
              "bmEstimation": true,
              "accuracy": "Geschätzt",
              "accuracyCode": "GESCHAETZT",
              "standard": "Andere dokumentierte Regel",
              "standardCode": "ANDERE_REGEL",
              "legacyId": "DEMO-9007-GIA",
              "extensionData": {
                "code": "GIA",
                "standardDetail": "RICS Code of Measuring Practice, 6th edition (2015)",
                "dataStatus": "synthetic-demo",
                "source": "Plausibles Demo-Szenario",
                "sourceUrl": null,
                "scope": "Publicly documented building/site; operational records and schematic parcel are demonstration assumptions.",
                "originalUnit": "m²",
                "assumption": "Independently modelled measurement basis; no certified survey or universal SIA/RICS conversion."
              }
            },
            {
              "buildingIds": [
                "9900/9007/AA"
              ],
              "validFrom": "2026-09-22T00:00:00Z",
              "validUntil": null,
              "areaMeasurementId": "8a9d2e8c-6b4d-50c1-a67e-11e39d9968d1",
              "type": "Net Internal Area (NIA)",
              "value": 1776,
              "unit": "m²",
              "bmEstimation": true,
              "accuracy": "Geschätzt",
              "accuracyCode": "GESCHAETZT",
              "standard": "Andere dokumentierte Regel",
              "standardCode": "ANDERE_REGEL",
              "legacyId": "DEMO-9007-NIA",
              "extensionData": {
                "code": "NIA",
                "standardDetail": "RICS Code of Measuring Practice, 6th edition (2015)",
                "dataStatus": "synthetic-demo",
                "source": "Plausibles Demo-Szenario",
                "sourceUrl": null,
                "scope": "Publicly documented building/site; operational records and schematic parcel are demonstration assumptions.",
                "originalUnit": "m²",
                "assumption": "Independently modelled measurement basis; no certified survey or universal SIA/RICS conversion."
              }
            }
          ],
          "documents": [
            {
              "buildingIds": [
                "9900/9007/AA"
              ],
              "validFrom": null,
              "validUntil": null,
              "documentId": "37808424-92f4-5929-a735-e132a9a5666d",
              "name": "BBL Bildpublikation – Schweizer Botschaft Brasília",
              "type": "Publikation",
              "documentTypeCode": "O12001",
              "fileFormat": "HTML",
              "fileSize": null,
              "url": "https://www.bbl.admin.ch/de/mediendatenbank",
              "description": "Öffentliche BBL-Publikation; historischer Projektstand.",
              "version": "Publizierte Fassung",
              "legacyId": "DEMO-9007-O12001",
              "extensionData": {
                "dataStatus": "public-source",
                "availability": "external-publication",
                "catalogue": "KBOB/IPB Anhang C, Version 2016-01",
                "catalogueUrl": "https://www.kbob.admin.ch/dam/de/sd-web/rVvtgYM1wFVT/20171024_KBOB-IPB_Anhang_C_-_Dokumenttypenkatalog_2016_DE.pdf",
                "documentTypeCode": "O12001"
              }
            },
            {
              "buildingIds": [
                "9900/9007/AA"
              ],
              "validFrom": "2026-09-22T00:00:00Z",
              "validUntil": null,
              "documentId": "012e0a78-3963-514c-ae1f-01c1e5b3e508",
              "name": "Flächen/Volumenberechnung 2026 – Schweizer Botschaft Brasília (Demo)",
              "type": "Flächen/Volumenberechnung",
              "documentTypeCode": "B14005",
              "fileFormat": "PDF",
              "fileSize": null,
              "url": null,
              "description": "Fiktiver Dokumentregistereintrag; keine Originaldatei vorhanden.",
              "version": "0.1 Demo",
              "legacyId": "DEMO-9007-B14005",
              "extensionData": {
                "dataStatus": "synthetic-demo",
                "availability": "metadata-only",
                "catalogue": "KBOB/IPB Anhang C, Version 2016-01",
                "catalogueUrl": "https://www.kbob.admin.ch/dam/de/sd-web/rVvtgYM1wFVT/20171024_KBOB-IPB_Anhang_C_-_Dokumenttypenkatalog_2016_DE.pdf",
                "documentTypeCode": "B14005"
              }
            },
            {
              "buildingIds": [
                "9900/9007/AA"
              ],
              "validFrom": "2026-09-22T00:00:00Z",
              "validUntil": null,
              "documentId": "aaac2828-b1c9-54d3-aa78-f7509d6c1717",
              "name": "Wartungsplan 2026 – Schweizer Botschaft Brasília (Demo)",
              "type": "Wartungsplan",
              "documentTypeCode": "O07003",
              "fileFormat": "PDF",
              "fileSize": null,
              "url": null,
              "description": "Fiktiver Dokumentregistereintrag; keine Originaldatei vorhanden.",
              "version": "0.1 Demo",
              "legacyId": "DEMO-9007-O07003",
              "extensionData": {
                "dataStatus": "synthetic-demo",
                "availability": "metadata-only",
                "catalogue": "KBOB/IPB Anhang C, Version 2016-01",
                "catalogueUrl": "https://www.kbob.admin.ch/dam/de/sd-web/rVvtgYM1wFVT/20171024_KBOB-IPB_Anhang_C_-_Dokumenttypenkatalog_2016_DE.pdf",
                "documentTypeCode": "O07003"
              }
            },
            {
              "buildingIds": [
                "9900/9007/AA"
              ],
              "validFrom": "2026-09-22T00:00:00Z",
              "validUntil": null,
              "documentId": "9dc8495d-3f0c-5fe0-8b1d-2c119e965b7a",
              "name": "Betriebsführungshandbuch 2026 – Schweizer Botschaft Brasília (Demo)",
              "type": "Betriebsführungshandbuch",
              "documentTypeCode": "O03001",
              "fileFormat": "PDF",
              "fileSize": null,
              "url": null,
              "description": "Fiktiver Dokumentregistereintrag; keine Originaldatei vorhanden.",
              "version": "0.1 Demo",
              "legacyId": "DEMO-9007-O03001",
              "extensionData": {
                "dataStatus": "synthetic-demo",
                "availability": "metadata-only",
                "catalogue": "KBOB/IPB Anhang C, Version 2016-01",
                "catalogueUrl": "https://www.kbob.admin.ch/dam/de/sd-web/rVvtgYM1wFVT/20171024_KBOB-IPB_Anhang_C_-_Dokumenttypenkatalog_2016_DE.pdf",
                "documentTypeCode": "O03001"
              }
            },
            {
              "buildingIds": [
                "9900/9007/AA"
              ],
              "validFrom": "2026-09-22T00:00:00Z",
              "validUntil": null,
              "documentId": "bba47708-6fa5-55b6-85c7-3fa94d36ad5e",
              "name": "Kostenstatistik 2026 – Schweizer Botschaft Brasília (Demo)",
              "type": "Kostenstatistik",
              "documentTypeCode": "B14102",
              "fileFormat": "PDF",
              "fileSize": null,
              "url": null,
              "description": "Fiktiver Dokumentregistereintrag; keine Originaldatei vorhanden.",
              "version": "0.1 Demo",
              "legacyId": "DEMO-9007-B14102",
              "extensionData": {
                "dataStatus": "synthetic-demo",
                "availability": "metadata-only",
                "catalogue": "KBOB/IPB Anhang C, Version 2016-01",
                "catalogueUrl": "https://www.kbob.admin.ch/dam/de/sd-web/rVvtgYM1wFVT/20171024_KBOB-IPB_Anhang_C_-_Dokumenttypenkatalog_2016_DE.pdf",
                "documentTypeCode": "B14102"
              }
            },
            {
              "buildingIds": [
                "9900/9007/AA"
              ],
              "validFrom": "2026-09-22T00:00:00Z",
              "validUntil": null,
              "documentId": "52a02a8c-9265-509f-bade-10a335b1910b",
              "name": "Energiestatistik 2026 – Schweizer Botschaft Brasília (Demo)",
              "type": "Energiestatistik",
              "documentTypeCode": "B14103",
              "fileFormat": "PDF",
              "fileSize": null,
              "url": null,
              "description": "Fiktiver Dokumentregistereintrag; keine Originaldatei vorhanden.",
              "version": "0.1 Demo",
              "legacyId": "DEMO-9007-B14103",
              "extensionData": {
                "dataStatus": "synthetic-demo",
                "availability": "metadata-only",
                "catalogue": "KBOB/IPB Anhang C, Version 2016-01",
                "catalogueUrl": "https://www.kbob.admin.ch/dam/de/sd-web/rVvtgYM1wFVT/20171024_KBOB-IPB_Anhang_C_-_Dokumenttypenkatalog_2016_DE.pdf",
                "documentTypeCode": "B14103"
              }
            }
          ],
          "contacts": [
            {
              "buildingIds": [
                "9900/9007/AA"
              ],
              "validFrom": "2026-09-22T00:00:00Z",
              "validUntil": null,
              "contactId": "622d84a6-d1ed-562c-bad1-a3d4c3200af5",
              "name": "Noé Auer (Demo)",
              "role": "Objektverantwortung",
              "organisation": "Portfolio Team (Demo)",
              "phone": null,
              "email": "brasilia.1@example.invalid",
              "isPrimary": true,
              "legacyId": "DEMO-9007-K1",
              "extensionData": {
                "dataStatus": "synthetic-demo",
                "isFictionalPerson": true
              }
            },
            {
              "buildingIds": [
                "9900/9007/AA"
              ],
              "validFrom": "2026-09-22T00:00:00Z",
              "validUntil": null,
              "contactId": "116599ac-8678-5aa2-8bfe-9d0528e36bbd",
              "name": "Sina Vogt (Demo)",
              "role": "Portfoliomanagement",
              "organisation": "Portfolio Team (Demo)",
              "phone": null,
              "email": "brasilia.2@example.invalid",
              "isPrimary": false,
              "legacyId": "DEMO-9007-K2",
              "extensionData": {
                "dataStatus": "synthetic-demo",
                "isFictionalPerson": true
              }
            },
            {
              "buildingIds": [
                "9900/9007/AA"
              ],
              "validFrom": "2026-09-22T00:00:00Z",
              "validUntil": null,
              "contactId": "4e984c10-6705-5dfe-9942-77907c389567",
              "name": "Elio Frei (Demo)",
              "role": "Facility Management",
              "organisation": "Arealservice Muster AG (fiktiv)",
              "phone": null,
              "email": "brasilia.3@example.invalid",
              "isPrimary": false,
              "legacyId": "DEMO-9007-K3",
              "extensionData": {
                "dataStatus": "synthetic-demo",
                "isFictionalPerson": true
              }
            }
          ],
          "costs": [
            {
              "costId": "488d909a-834c-598d-a5a0-d8b2aaabea47",
              "buildingIds": [
                "9900/9007/AA"
              ],
              "costGroup": "23",
              "costType": "Elektroanlagen",
              "amount": 235100,
              "unit": "CHF",
              "currency": "CHF",
              "period": "Einmalig",
              "referenceDate": "2026-09-22T00:00:00Z",
              "legacyId": "DEMO-9007-C1",
              "extensionData": {
                "dataStatus": "synthetic-demo",
                "budgetYear": 2026,
                "costCenter": "DEMO-9007",
                "classification": "BKP",
                "standard": "SN 506 500:2017",
                "classificationSourceUrl": "https://www.crb.ch/de/normen-standards/baukostenplane/baukostenplan-bkp",
                "groupSourceUrl": "https://www.stadt-zuerich.ch/content/dam/web/de/politik-verwaltung/statistik-und-daten/publikationen-dienstleistungen/publikationen/periodika/zuercher-index-der-wohnbaupreise/ZIW_2019_Web.pdf",
                "project": "Erneuerung Gebäudetechnik und Innenausbau (Demo)",
                "scope": "Selected BKP work packages only; not a complete project budget or actual BBL project.",
                "basis": "Invented one-off CHF scenario, excluding VAT; not actual expenditure, a cost benchmark or FX conversion.",
                "rateCHFPerGF": 82.5,
                "quantityGF": 2850
              }
            },
            {
              "costId": "a2dfb9a0-aacb-5246-a2aa-ff44e0f3c217",
              "buildingIds": [
                "9900/9007/AA"
              ],
              "costGroup": "24",
              "costType": "Heizungs-, Lüftungs- und Klimaanlagen",
              "amount": 344800,
              "unit": "CHF",
              "currency": "CHF",
              "period": "Einmalig",
              "referenceDate": "2026-09-22T00:00:00Z",
              "legacyId": "DEMO-9007-C2",
              "extensionData": {
                "dataStatus": "synthetic-demo",
                "budgetYear": 2026,
                "costCenter": "DEMO-9007",
                "classification": "BKP",
                "standard": "SN 506 500:2017",
                "classificationSourceUrl": "https://www.crb.ch/de/normen-standards/baukostenplane/baukostenplan-bkp",
                "groupSourceUrl": "https://www.stadt-zuerich.ch/content/dam/web/de/politik-verwaltung/statistik-und-daten/publikationen-dienstleistungen/publikationen/periodika/zuercher-index-der-wohnbaupreise/ZIW_2019_Web.pdf",
                "project": "Erneuerung Gebäudetechnik und Innenausbau (Demo)",
                "scope": "Selected BKP work packages only; not a complete project budget or actual BBL project.",
                "basis": "Invented one-off CHF scenario, excluding VAT; not actual expenditure, a cost benchmark or FX conversion.",
                "rateCHFPerGF": 121.0,
                "quantityGF": 2850
              }
            },
            {
              "costId": "12296ac0-1945-5d78-b024-289ccc6776c3",
              "buildingIds": [
                "9900/9007/AA"
              ],
              "costGroup": "25",
              "costType": "Sanitäranlagen",
              "amount": 109700,
              "unit": "CHF",
              "currency": "CHF",
              "period": "Einmalig",
              "referenceDate": "2026-09-22T00:00:00Z",
              "legacyId": "DEMO-9007-C3",
              "extensionData": {
                "dataStatus": "synthetic-demo",
                "budgetYear": 2026,
                "costCenter": "DEMO-9007",
                "classification": "BKP",
                "standard": "SN 506 500:2017",
                "classificationSourceUrl": "https://www.crb.ch/de/normen-standards/baukostenplane/baukostenplan-bkp",
                "groupSourceUrl": "https://www.stadt-zuerich.ch/content/dam/web/de/politik-verwaltung/statistik-und-daten/publikationen-dienstleistungen/publikationen/periodika/zuercher-index-der-wohnbaupreise/ZIW_2019_Web.pdf",
                "project": "Erneuerung Gebäudetechnik und Innenausbau (Demo)",
                "scope": "Selected BKP work packages only; not a complete project budget or actual BBL project.",
                "basis": "Invented one-off CHF scenario, excluding VAT; not actual expenditure, a cost benchmark or FX conversion.",
                "rateCHFPerGF": 38.5,
                "quantityGF": 2850
              }
            },
            {
              "costId": "b80bf4b2-135e-5d4d-8794-c2b035721cfc",
              "buildingIds": [
                "9900/9007/AA"
              ],
              "costGroup": "27",
              "costType": "Ausbau 1",
              "amount": 376200,
              "unit": "CHF",
              "currency": "CHF",
              "period": "Einmalig",
              "referenceDate": "2026-09-22T00:00:00Z",
              "legacyId": "DEMO-9007-C4",
              "extensionData": {
                "dataStatus": "synthetic-demo",
                "budgetYear": 2026,
                "costCenter": "DEMO-9007",
                "classification": "BKP",
                "standard": "SN 506 500:2017",
                "classificationSourceUrl": "https://www.crb.ch/de/normen-standards/baukostenplane/baukostenplan-bkp",
                "groupSourceUrl": "https://www.stadt-zuerich.ch/content/dam/web/de/politik-verwaltung/statistik-und-daten/publikationen-dienstleistungen/publikationen/periodika/zuercher-index-der-wohnbaupreise/ZIW_2019_Web.pdf",
                "project": "Erneuerung Gebäudetechnik und Innenausbau (Demo)",
                "scope": "Selected BKP work packages only; not a complete project budget or actual BBL project.",
                "basis": "Invented one-off CHF scenario, excluding VAT; not actual expenditure, a cost benchmark or FX conversion.",
                "rateCHFPerGF": 132.0,
                "quantityGF": 2850
              }
            },
            {
              "costId": "68e75a1e-89b3-5753-8d8f-e0e03c5418d7",
              "buildingIds": [
                "9900/9007/AA"
              ],
              "costGroup": "28",
              "costType": "Ausbau 2",
              "amount": 282200,
              "unit": "CHF",
              "currency": "CHF",
              "period": "Einmalig",
              "referenceDate": "2026-09-22T00:00:00Z",
              "legacyId": "DEMO-9007-C5",
              "extensionData": {
                "dataStatus": "synthetic-demo",
                "budgetYear": 2026,
                "costCenter": "DEMO-9007",
                "classification": "BKP",
                "standard": "SN 506 500:2017",
                "classificationSourceUrl": "https://www.crb.ch/de/normen-standards/baukostenplane/baukostenplan-bkp",
                "groupSourceUrl": "https://www.stadt-zuerich.ch/content/dam/web/de/politik-verwaltung/statistik-und-daten/publikationen-dienstleistungen/publikationen/periodika/zuercher-index-der-wohnbaupreise/ZIW_2019_Web.pdf",
                "project": "Erneuerung Gebäudetechnik und Innenausbau (Demo)",
                "scope": "Selected BKP work packages only; not a complete project budget or actual BBL project.",
                "basis": "Invented one-off CHF scenario, excluding VAT; not actual expenditure, a cost benchmark or FX conversion.",
                "rateCHFPerGF": 99.0,
                "quantityGF": 2850
              }
            },
            {
              "costId": "995fa01a-eecf-5e8f-8516-87b21cd33c01",
              "buildingIds": [
                "9900/9007/AA"
              ],
              "costGroup": "29",
              "costType": "Honorare",
              "amount": 188100,
              "unit": "CHF",
              "currency": "CHF",
              "period": "Einmalig",
              "referenceDate": "2026-09-22T00:00:00Z",
              "legacyId": "DEMO-9007-C6",
              "extensionData": {
                "dataStatus": "synthetic-demo",
                "budgetYear": 2026,
                "costCenter": "DEMO-9007",
                "classification": "BKP",
                "standard": "SN 506 500:2017",
                "classificationSourceUrl": "https://www.crb.ch/de/normen-standards/baukostenplane/baukostenplan-bkp",
                "groupSourceUrl": "https://www.stadt-zuerich.ch/content/dam/web/de/politik-verwaltung/statistik-und-daten/publikationen-dienstleistungen/publikationen/periodika/zuercher-index-der-wohnbaupreise/ZIW_2019_Web.pdf",
                "project": "Erneuerung Gebäudetechnik und Innenausbau (Demo)",
                "scope": "Selected BKP work packages only; not a complete project budget or actual BBL project.",
                "basis": "Invented one-off CHF scenario, excluding VAT; not actual expenditure, a cost benchmark or FX conversion.",
                "rateCHFPerGF": 66.0,
                "quantityGF": 2850
              }
            }
          ]
        }
      },
      "geometry": {
        "type": "Point",
        "coordinates": [
          -47.8972753,
          -15.8316069
        ]
      }
    },
    {
      "type": "Feature",
      "properties": {
        "bbl_stat": "In Betrieb",
        "bbl_id": "9900/9008/AA",
        "bbl_buch": "9900",
        "bbl_we": "9008",
        "bbl_obj": "AA",
        "bbl_bez": "Schweizer Botschaft Seoul",
        "referenceCodes": {
          "building.ownership": "Eigentum",
          "building.portfolio": "002",
          "building.type1": "16",
          "building.type2": "16.03",
          "building.rentalModel": null,
          "building.operatingStatus": "ACTIVE",
          "building.physicalStatus": null
        },
        "gwr_stat": null,
        "adr_land": "KR",
        "adr_reg": "Seoul",
        "adr_ort": "Seoul",
        "adr_plz": "03165",
        "adr_str": "Songwol-gil, Jongno-gu",
        "adr_hsnr": "77",
        "adr_conct": "77 Songwol-gil, Jongno-gu, Seoul 03165",
        "wgs84_lon": 126.9649301,
        "wgs84_lat": 37.5702322,
        "lv95_e": null,
        "lv95_n": null,
        "egm_elev": null,
        "bbl_eigen": "Eigentum",
        "bbl_ostr": "Erhalten",
        "bbl_mietm": null,
        "bbl_bjahr": 2019,
        "bbl_vjahr": null,
        "bbl_port": "Ausland",
        "bbl_port2": "EDA Auslandsvertretungen",
        "bbl_awrt": 14700000,
        "bbl_bwrt": 9400000,
        "bbl_gbda1": "Gebäude im Ausland",
        "bbl_gbda2": "Ausland: Kanzleien",
        "bbl_ovtw": "Alina Keller (Demo)",
        "bbl_pvtw": "Flurin Steiner (Demo)",
        "av_egid": null,
        "av_egrid": null,
        "bfs_gem": null,
        "bfs_gemnr": null,
        "av_zbez": null,
        "av_znut": null,
        "bbl_hist": null,
        "bbl_arch": null,
        "kgs_kat": null,
        "kgs_nr": null,
        "garea_gf": 3540,
        "garea_gfo": 2360,
        "garea_gfu": 1180,
        "garea_acu": "GF publiziert; Aufteilung Demo",
        "garea_ngf": 2779,
        "garea_kf": 761,
        "garea_nf": 2195,
        "garea_hnf": 1844,
        "garea_nnf": 351,
        "garea_ff": 124,
        "garea_vf": 460,
        "garea_vmf": null,
        "garea_ebf": null,
        "gvol_gv": 14042,
        "gvol_gvo": 9361,
        "gvol_gvu": 4681,
        "gvol_acu": "GV publiziert; Aufteilung Demo",
        "gastw": 3,
        "gastw_og": 2,
        "gastw_ug": 1,
        "gastw_acu": "Demo-Schätzung",
        "larea_ggf": 1180,
        "larea_gsf": 4600,
        "larea_uf": 3420,
        "larea_acu": "Demo-Perimeter, nicht AV",
        "rics_gea": 3540,
        "rics_gia": 3310,
        "rics_nia": 2041,
        "rics_standard": "RICS Code of Measuring Practice, 6th edition (2015)",
        "objectid": 9,
        "etl_ts": "2026-09-22T00:00:00Z",
        "img_url": [
          "../assets/portfolio/seoul-1.jpg",
          "../assets/portfolio/seoul-2.jpg",
          "../assets/portfolio/seoul-3.jpg"
        ],
        "photos": [
          {
            "url": "../assets/portfolio/seoul-1.jpg",
            "alt": "Schweizer Botschaft Seoul – Aussenansicht",
            "credit": "© Hélène Binet",
            "source": "https://www.bbl.admin.ch/de/mediendatenbank",
            "scene": "exterior",
            "mediaIndex": 3,
            "kind": "public-source-photo",
            "rights": "Copyright retained by credited photographer; publicly accessible BBL source, no open licence asserted. Not covered by repository MIT licence.",
            "originalUrl": "https://prod-bbladminch-hcms-sdweb.imgix.net/dam/de/sd-web/MRQtBBJC-Cq4/Seoul_S%C3%BCdkorea_Botschaft_03.jpg?w=1024&auto=format"
          },
          {
            "url": "../assets/portfolio/seoul-2.jpg",
            "alt": "Schweizer Botschaft Seoul – Aussenansicht",
            "credit": "© Hélène Binet",
            "source": "https://www.bbl.admin.ch/de/mediendatenbank",
            "scene": "exterior",
            "mediaIndex": 5,
            "kind": "public-source-photo",
            "rights": "Copyright retained by credited photographer; publicly accessible BBL source, no open licence asserted. Not covered by repository MIT licence.",
            "originalUrl": "https://prod-bbladminch-hcms-sdweb.imgix.net/dam/de/sd-web/kOcfEQevccUc/Seoul_S%C3%BCdkorea_Botschaft_05.jpg?w=1024&auto=format"
          },
          {
            "url": "../assets/portfolio/seoul-3.jpg",
            "alt": "Schweizer Botschaft Seoul – Innenansicht",
            "credit": "© Hélène Binet",
            "source": "https://www.bbl.admin.ch/de/mediendatenbank",
            "scene": "interior",
            "mediaIndex": 9,
            "kind": "public-source-photo",
            "rights": "Copyright retained by credited photographer; publicly accessible BBL source, no open licence asserted. Not covered by repository MIT licence.",
            "originalUrl": "https://prod-bbladminch-hcms-sdweb.imgix.net/dam/de/sd-web/wkTGfzFpLLIH/Seoul_S%C3%BCdkorea_Botschaft_09.jpg?w=1024&auto=format"
          }
        ],
        "provenance": {
          "dataset": "bbl-public-portfolio-demo",
          "asOf": "2026-09-22",
          "notOfficialInventory": true,
          "factSources": {
            "identity": "https://www.bbl.admin.ch/de/mediendatenbank",
            "address": "https://www.eda.admin.ch/countries/korea-republic/de/home/vertretungen/botschaft.html",
            "coordinates": "https://nominatim.openstreetmap.org/search?q=Embassy+of+Switzerland+Seoul+South+Korea&format=jsonv2&limit=3&addressdetails=1",
            "constructionYear": "https://www.bbl.admin.ch/dam/de/sd-web/vCKyrUqUx9JD/20190101_Seoul%20S%C3%BCdkorea%20Neubau%20der%20Schweizer%20Botschaft_DE.pdf"
          },
          "geocoding": {
            "provider": "OpenStreetMap Nominatim",
            "sourceUrl": "https://nominatim.openstreetmap.org/search?q=Embassy+of+Switzerland+Seoul+South+Korea&format=jsonv2&limit=3&addressdetails=1",
            "retrievedAt": "2026-09-22",
            "reviewed": true,
            "precision": "building-or-site-centroid",
            "indicativeUncertaintyMetres": 50,
            "matchedAddress": "스위스 대사관, 77, 송월길, 교북동, 교남동, 종로구, 서울특별시, 03165, 대한민국",
            "note": "Public address / site locator, not a cadastral or survey point.",
            "osmUrl": "https://www.openstreetmap.org/way/777430919"
          },
          "scope": "2019 project comprising chancery, residence and shared reception areas.",
          "publishedMeasurements": {
            "GF": 3540,
            "GV": 14042,
            "standard": "SIA 416:2003",
            "referenceYear": 2019,
            "page": 1,
            "sourceUrl": "https://www.bbl.admin.ch/dam/de/sd-web/vCKyrUqUx9JD/20190101_Seoul%20S%C3%BCdkorea%20Neubau%20der%20Schweizer%20Botschaft_DE.pdf"
          },
          "cadastre": null,
          "syntheticFields": [
            "inventoryIds",
            "ownershipScenario",
            "statusScenario",
            "valuations",
            "SIA area breakdown",
            "RICS measurements",
            "storeySplit",
            "landcoverGeometry",
            "energySystems",
            "parking",
            "contacts",
            "costs",
            "contracts",
            "assets",
            "mockDocuments",
            "parcelGeometry"
          ],
          "unknownFieldsLeftNull": [
            "zoning",
            "energyCertificate",
            "buildingPermitDate",
            "heritageRegisterNumber",
            "EGID",
            "EGRID"
          ],
          "notice": "Standort öffentlich belegt. Publizierte GF/GV separat belegt; übrige Gebäudebemessungen und Betriebsdaten sind Demowerte. Grundstück schematisch.",
          "referenceData": {
            "catalogVersion": "55",
            "classificationAssignments": "Demo assignments to catalogue codes; not confirmed SAP master data.",
            "physicalStatus": null
          }
        },
        "demoRelatedRecords": {
          "areaMeasurements": [
            {
              "buildingIds": [
                "9900/9008/AA"
              ],
              "validFrom": "2019-01-01T00:00:00Z",
              "validUntil": null,
              "areaMeasurementId": "80b8def9-5562-5d56-b829-cbe4fc49dec1",
              "type": "Geschossfläche GF",
              "value": 3540,
              "unit": "m²",
              "bmEstimation": null,
              "accuracy": "Unbekannt",
              "accuracyCode": "UNBEKANNT",
              "standard": "SIA 416",
              "standardCode": "SIA_416",
              "legacyId": "DEMO-9008-GF",
              "extensionData": {
                "code": "GF",
                "standardDetail": "SIA 416:2003",
                "dataStatus": "published-source",
                "source": "BBL Bautendokumentation 2019, S. 1",
                "sourceUrl": "https://www.bbl.admin.ch/dam/de/sd-web/vCKyrUqUx9JD/20190101_Seoul%20S%C3%BCdkorea%20Neubau%20der%20Schweizer%20Botschaft_DE.pdf",
                "scope": "2019 project comprising chancery, residence and shared reception areas.",
                "originalUnit": "m²",
                "assumption": null
              }
            },
            {
              "buildingIds": [
                "9900/9008/AA"
              ],
              "validFrom": "2026-09-22T00:00:00Z",
              "validUntil": null,
              "areaMeasurementId": "c51177aa-449b-5594-a6e1-2bf675bacd55",
              "type": "Geschossfläche oberirdisch",
              "value": 2360,
              "unit": "m²",
              "bmEstimation": true,
              "accuracy": "Geschätzt",
              "accuracyCode": "GESCHAETZT",
              "standard": "SIA 416",
              "standardCode": "SIA_416",
              "legacyId": "DEMO-9008-GFO",
              "extensionData": {
                "code": "GFO",
                "standardDetail": "SIA 416:2003",
                "dataStatus": "synthetic-demo",
                "source": "Plausibles Demo-Szenario",
                "sourceUrl": null,
                "scope": "2019 project comprising chancery, residence and shared reception areas.",
                "originalUnit": "m²",
                "assumption": "Independently modelled measurement basis; no certified survey or universal SIA/RICS conversion."
              }
            },
            {
              "buildingIds": [
                "9900/9008/AA"
              ],
              "validFrom": "2026-09-22T00:00:00Z",
              "validUntil": null,
              "areaMeasurementId": "a6dc705e-7c3a-5aaf-8720-5ed83f232450",
              "type": "Geschossfläche unterirdisch",
              "value": 1180,
              "unit": "m²",
              "bmEstimation": true,
              "accuracy": "Geschätzt",
              "accuracyCode": "GESCHAETZT",
              "standard": "SIA 416",
              "standardCode": "SIA_416",
              "legacyId": "DEMO-9008-GFU",
              "extensionData": {
                "code": "GFU",
                "standardDetail": "SIA 416:2003",
                "dataStatus": "synthetic-demo",
                "source": "Plausibles Demo-Szenario",
                "sourceUrl": null,
                "scope": "2019 project comprising chancery, residence and shared reception areas.",
                "originalUnit": "m²",
                "assumption": "Independently modelled measurement basis; no certified survey or universal SIA/RICS conversion."
              }
            },
            {
              "buildingIds": [
                "9900/9008/AA"
              ],
              "validFrom": "2026-09-22T00:00:00Z",
              "validUntil": null,
              "areaMeasurementId": "6946f6fd-959c-5682-b158-15ace8c3a38d",
              "type": "Konstruktionsfläche KF",
              "value": 761,
              "unit": "m²",
              "bmEstimation": true,
              "accuracy": "Geschätzt",
              "accuracyCode": "GESCHAETZT",
              "standard": "SIA 416",
              "standardCode": "SIA_416",
              "legacyId": "DEMO-9008-KF",
              "extensionData": {
                "code": "KF",
                "standardDetail": "SIA 416:2003",
                "dataStatus": "synthetic-demo",
                "source": "Plausibles Demo-Szenario",
                "sourceUrl": null,
                "scope": "2019 project comprising chancery, residence and shared reception areas.",
                "originalUnit": "m²",
                "assumption": "Independently modelled measurement basis; no certified survey or universal SIA/RICS conversion."
              }
            },
            {
              "buildingIds": [
                "9900/9008/AA"
              ],
              "validFrom": "2026-09-22T00:00:00Z",
              "validUntil": null,
              "areaMeasurementId": "49f2c255-f23c-5bd5-806f-608b25d95ca7",
              "type": "Nettogeschossfläche NGF",
              "value": 2779,
              "unit": "m²",
              "bmEstimation": true,
              "accuracy": "Geschätzt",
              "accuracyCode": "GESCHAETZT",
              "standard": "SIA 416",
              "standardCode": "SIA_416",
              "legacyId": "DEMO-9008-NGF",
              "extensionData": {
                "code": "NGF",
                "standardDetail": "SIA 416:2003",
                "dataStatus": "synthetic-demo",
                "source": "Plausibles Demo-Szenario",
                "sourceUrl": null,
                "scope": "2019 project comprising chancery, residence and shared reception areas.",
                "originalUnit": "m²",
                "assumption": "Independently modelled measurement basis; no certified survey or universal SIA/RICS conversion."
              }
            },
            {
              "buildingIds": [
                "9900/9008/AA"
              ],
              "validFrom": "2026-09-22T00:00:00Z",
              "validUntil": null,
              "areaMeasurementId": "be7a4950-e95c-5f51-be41-0dab2a375cb3",
              "type": "Nutzfläche NF",
              "value": 2195,
              "unit": "m²",
              "bmEstimation": true,
              "accuracy": "Geschätzt",
              "accuracyCode": "GESCHAETZT",
              "standard": "SIA 416",
              "standardCode": "SIA_416",
              "legacyId": "DEMO-9008-NF",
              "extensionData": {
                "code": "NF",
                "standardDetail": "SIA 416:2003",
                "dataStatus": "synthetic-demo",
                "source": "Plausibles Demo-Szenario",
                "sourceUrl": null,
                "scope": "2019 project comprising chancery, residence and shared reception areas.",
                "originalUnit": "m²",
                "assumption": "Independently modelled measurement basis; no certified survey or universal SIA/RICS conversion."
              }
            },
            {
              "buildingIds": [
                "9900/9008/AA"
              ],
              "validFrom": "2026-09-22T00:00:00Z",
              "validUntil": null,
              "areaMeasurementId": "c134718b-1df1-56aa-97dc-18ba90e94d1c",
              "type": "Hauptnutzfläche HNF",
              "value": 1844,
              "unit": "m²",
              "bmEstimation": true,
              "accuracy": "Geschätzt",
              "accuracyCode": "GESCHAETZT",
              "standard": "SIA 416",
              "standardCode": "SIA_416",
              "legacyId": "DEMO-9008-HNF",
              "extensionData": {
                "code": "HNF",
                "standardDetail": "SIA 416:2003",
                "dataStatus": "synthetic-demo",
                "source": "Plausibles Demo-Szenario",
                "sourceUrl": null,
                "scope": "2019 project comprising chancery, residence and shared reception areas.",
                "originalUnit": "m²",
                "assumption": "Independently modelled measurement basis; no certified survey or universal SIA/RICS conversion."
              }
            },
            {
              "buildingIds": [
                "9900/9008/AA"
              ],
              "validFrom": "2026-09-22T00:00:00Z",
              "validUntil": null,
              "areaMeasurementId": "fed8ccb2-93c5-5e1b-94f8-2bae2061cc74",
              "type": "Nebennutzfläche NNF",
              "value": 351,
              "unit": "m²",
              "bmEstimation": true,
              "accuracy": "Geschätzt",
              "accuracyCode": "GESCHAETZT",
              "standard": "SIA 416",
              "standardCode": "SIA_416",
              "legacyId": "DEMO-9008-NNF",
              "extensionData": {
                "code": "NNF",
                "standardDetail": "SIA 416:2003",
                "dataStatus": "synthetic-demo",
                "source": "Plausibles Demo-Szenario",
                "sourceUrl": null,
                "scope": "2019 project comprising chancery, residence and shared reception areas.",
                "originalUnit": "m²",
                "assumption": "Independently modelled measurement basis; no certified survey or universal SIA/RICS conversion."
              }
            },
            {
              "buildingIds": [
                "9900/9008/AA"
              ],
              "validFrom": "2026-09-22T00:00:00Z",
              "validUntil": null,
              "areaMeasurementId": "6caed611-0fb2-54ea-98c3-2f7f0b7739c4",
              "type": "Funktionsfläche FF",
              "value": 124,
              "unit": "m²",
              "bmEstimation": true,
              "accuracy": "Geschätzt",
              "accuracyCode": "GESCHAETZT",
              "standard": "SIA 416",
              "standardCode": "SIA_416",
              "legacyId": "DEMO-9008-FF",
              "extensionData": {
                "code": "FF",
                "standardDetail": "SIA 416:2003",
                "dataStatus": "synthetic-demo",
                "source": "Plausibles Demo-Szenario",
                "sourceUrl": null,
                "scope": "2019 project comprising chancery, residence and shared reception areas.",
                "originalUnit": "m²",
                "assumption": "Independently modelled measurement basis; no certified survey or universal SIA/RICS conversion."
              }
            },
            {
              "buildingIds": [
                "9900/9008/AA"
              ],
              "validFrom": "2026-09-22T00:00:00Z",
              "validUntil": null,
              "areaMeasurementId": "04f2abb9-4416-5ef7-aef2-22e74167fa9f",
              "type": "Verkehrsfläche VF",
              "value": 460,
              "unit": "m²",
              "bmEstimation": true,
              "accuracy": "Geschätzt",
              "accuracyCode": "GESCHAETZT",
              "standard": "SIA 416",
              "standardCode": "SIA_416",
              "legacyId": "DEMO-9008-VF",
              "extensionData": {
                "code": "VF",
                "standardDetail": "SIA 416:2003",
                "dataStatus": "synthetic-demo",
                "source": "Plausibles Demo-Szenario",
                "sourceUrl": null,
                "scope": "2019 project comprising chancery, residence and shared reception areas.",
                "originalUnit": "m²",
                "assumption": "Independently modelled measurement basis; no certified survey or universal SIA/RICS conversion."
              }
            },
            {
              "buildingIds": [
                "9900/9008/AA"
              ],
              "validFrom": "2019-01-01T00:00:00Z",
              "validUntil": null,
              "areaMeasurementId": "6dd07b4e-caef-5842-827f-d1495deb2539",
              "type": "Gebäudevolumen GV",
              "value": 14042,
              "unit": "m³",
              "bmEstimation": null,
              "accuracy": "Unbekannt",
              "accuracyCode": "UNBEKANNT",
              "standard": "SIA 416",
              "standardCode": "SIA_416",
              "legacyId": "DEMO-9008-GV",
              "extensionData": {
                "code": "GV",
                "standardDetail": "SIA 416:2003",
                "dataStatus": "published-source",
                "source": "BBL Bautendokumentation 2019, S. 1",
                "sourceUrl": "https://www.bbl.admin.ch/dam/de/sd-web/vCKyrUqUx9JD/20190101_Seoul%20S%C3%BCdkorea%20Neubau%20der%20Schweizer%20Botschaft_DE.pdf",
                "scope": "2019 project comprising chancery, residence and shared reception areas.",
                "originalUnit": "m³",
                "assumption": null
              }
            },
            {
              "buildingIds": [
                "9900/9008/AA"
              ],
              "validFrom": "2026-09-22T00:00:00Z",
              "validUntil": null,
              "areaMeasurementId": "b710b326-c817-582d-9cde-0e963babc005",
              "type": "Gebäudevolumen oberirdisch",
              "value": 9361,
              "unit": "m³",
              "bmEstimation": true,
              "accuracy": "Geschätzt",
              "accuracyCode": "GESCHAETZT",
              "standard": "SIA 416",
              "standardCode": "SIA_416",
              "legacyId": "DEMO-9008-GVO",
              "extensionData": {
                "code": "GVO",
                "standardDetail": "SIA 416:2003",
                "dataStatus": "synthetic-demo",
                "source": "Plausibles Demo-Szenario",
                "sourceUrl": null,
                "scope": "2019 project comprising chancery, residence and shared reception areas.",
                "originalUnit": "m³",
                "assumption": "Independently modelled measurement basis; no certified survey or universal SIA/RICS conversion."
              }
            },
            {
              "buildingIds": [
                "9900/9008/AA"
              ],
              "validFrom": "2026-09-22T00:00:00Z",
              "validUntil": null,
              "areaMeasurementId": "f58dbf50-43ce-503d-8f35-053bc39e10aa",
              "type": "Gebäudevolumen unterirdisch",
              "value": 4681,
              "unit": "m³",
              "bmEstimation": true,
              "accuracy": "Geschätzt",
              "accuracyCode": "GESCHAETZT",
              "standard": "SIA 416",
              "standardCode": "SIA_416",
              "legacyId": "DEMO-9008-GVU",
              "extensionData": {
                "code": "GVU",
                "standardDetail": "SIA 416:2003",
                "dataStatus": "synthetic-demo",
                "source": "Plausibles Demo-Szenario",
                "sourceUrl": null,
                "scope": "2019 project comprising chancery, residence and shared reception areas.",
                "originalUnit": "m³",
                "assumption": "Independently modelled measurement basis; no certified survey or universal SIA/RICS conversion."
              }
            },
            {
              "buildingIds": [
                "9900/9008/AA"
              ],
              "validFrom": "2026-09-22T00:00:00Z",
              "validUntil": null,
              "areaMeasurementId": "5969ccf3-5891-5ad9-a53a-0f7b7276ddd1",
              "type": "Grundstücksfläche GSF",
              "value": 4600,
              "unit": "m²",
              "bmEstimation": true,
              "accuracy": "Geschätzt",
              "accuracyCode": "GESCHAETZT",
              "standard": "SIA 416",
              "standardCode": "SIA_416",
              "legacyId": "DEMO-9008-GSF",
              "extensionData": {
                "code": "GSF",
                "standardDetail": "SIA 416:2003",
                "dataStatus": "synthetic-demo",
                "source": "Plausibles Demo-Szenario",
                "sourceUrl": null,
                "scope": "2019 project comprising chancery, residence and shared reception areas.",
                "originalUnit": "m²",
                "assumption": "Independently modelled measurement basis; no certified survey or universal SIA/RICS conversion."
              }
            },
            {
              "buildingIds": [
                "9900/9008/AA"
              ],
              "validFrom": "2026-09-22T00:00:00Z",
              "validUntil": null,
              "areaMeasurementId": "11a34bd0-538e-55bb-9c6c-272e8424dc09",
              "type": "Gebäudegrundfläche GGF",
              "value": 1180,
              "unit": "m²",
              "bmEstimation": true,
              "accuracy": "Geschätzt",
              "accuracyCode": "GESCHAETZT",
              "standard": "SIA 416",
              "standardCode": "SIA_416",
              "legacyId": "DEMO-9008-GGF",
              "extensionData": {
                "code": "GGF",
                "standardDetail": "SIA 416:2003",
                "dataStatus": "synthetic-demo",
                "source": "Plausibles Demo-Szenario",
                "sourceUrl": null,
                "scope": "2019 project comprising chancery, residence and shared reception areas.",
                "originalUnit": "m²",
                "assumption": "Independently modelled measurement basis; no certified survey or universal SIA/RICS conversion."
              }
            },
            {
              "buildingIds": [
                "9900/9008/AA"
              ],
              "validFrom": "2026-09-22T00:00:00Z",
              "validUntil": null,
              "areaMeasurementId": "a1f9ac62-249b-50f9-ab2d-b83fa670d8e5",
              "type": "Umgebungsfläche UF",
              "value": 3420,
              "unit": "m²",
              "bmEstimation": true,
              "accuracy": "Geschätzt",
              "accuracyCode": "GESCHAETZT",
              "standard": "SIA 416",
              "standardCode": "SIA_416",
              "legacyId": "DEMO-9008-UF",
              "extensionData": {
                "code": "UF",
                "standardDetail": "SIA 416:2003",
                "dataStatus": "synthetic-demo",
                "source": "Plausibles Demo-Szenario",
                "sourceUrl": null,
                "scope": "2019 project comprising chancery, residence and shared reception areas.",
                "originalUnit": "m²",
                "assumption": "Independently modelled measurement basis; no certified survey or universal SIA/RICS conversion."
              }
            },
            {
              "buildingIds": [
                "9900/9008/AA"
              ],
              "validFrom": "2026-09-22T00:00:00Z",
              "validUntil": null,
              "areaMeasurementId": "a846f18f-b4ac-578b-9dcd-ff37b41cb665",
              "type": "Gross External Area (GEA)",
              "value": 3540,
              "unit": "m²",
              "bmEstimation": true,
              "accuracy": "Geschätzt",
              "accuracyCode": "GESCHAETZT",
              "standard": "Andere dokumentierte Regel",
              "standardCode": "ANDERE_REGEL",
              "legacyId": "DEMO-9008-GEA",
              "extensionData": {
                "code": "GEA",
                "standardDetail": "RICS Code of Measuring Practice, 6th edition (2015)",
                "dataStatus": "synthetic-demo",
                "source": "Plausibles Demo-Szenario",
                "sourceUrl": null,
                "scope": "2019 project comprising chancery, residence and shared reception areas.",
                "originalUnit": "m²",
                "assumption": "Independently modelled measurement basis; no certified survey or universal SIA/RICS conversion."
              }
            },
            {
              "buildingIds": [
                "9900/9008/AA"
              ],
              "validFrom": "2026-09-22T00:00:00Z",
              "validUntil": null,
              "areaMeasurementId": "b12dffc7-e4d6-5bff-85df-fc874fbed9cf",
              "type": "Gross Internal Area (GIA)",
              "value": 3310,
              "unit": "m²",
              "bmEstimation": true,
              "accuracy": "Geschätzt",
              "accuracyCode": "GESCHAETZT",
              "standard": "Andere dokumentierte Regel",
              "standardCode": "ANDERE_REGEL",
              "legacyId": "DEMO-9008-GIA",
              "extensionData": {
                "code": "GIA",
                "standardDetail": "RICS Code of Measuring Practice, 6th edition (2015)",
                "dataStatus": "synthetic-demo",
                "source": "Plausibles Demo-Szenario",
                "sourceUrl": null,
                "scope": "2019 project comprising chancery, residence and shared reception areas.",
                "originalUnit": "m²",
                "assumption": "Independently modelled measurement basis; no certified survey or universal SIA/RICS conversion."
              }
            },
            {
              "buildingIds": [
                "9900/9008/AA"
              ],
              "validFrom": "2026-09-22T00:00:00Z",
              "validUntil": null,
              "areaMeasurementId": "4143138d-8ff7-5c14-83d7-0d529f6d8bd7",
              "type": "Net Internal Area (NIA)",
              "value": 2041,
              "unit": "m²",
              "bmEstimation": true,
              "accuracy": "Geschätzt",
              "accuracyCode": "GESCHAETZT",
              "standard": "Andere dokumentierte Regel",
              "standardCode": "ANDERE_REGEL",
              "legacyId": "DEMO-9008-NIA",
              "extensionData": {
                "code": "NIA",
                "standardDetail": "RICS Code of Measuring Practice, 6th edition (2015)",
                "dataStatus": "synthetic-demo",
                "source": "Plausibles Demo-Szenario",
                "sourceUrl": null,
                "scope": "2019 project comprising chancery, residence and shared reception areas.",
                "originalUnit": "m²",
                "assumption": "Independently modelled measurement basis; no certified survey or universal SIA/RICS conversion."
              }
            }
          ],
          "documents": [
            {
              "buildingIds": [
                "9900/9008/AA"
              ],
              "validFrom": null,
              "validUntil": null,
              "documentId": "7818f478-c088-5a9c-a73b-9a06654a381a",
              "name": "BBL Bautendokumentation – Schweizer Botschaft Seoul",
              "type": "Publikation",
              "documentTypeCode": "O12001",
              "fileFormat": "PDF",
              "fileSize": "16.12 MB",
              "url": "https://www.bbl.admin.ch/dam/de/sd-web/vCKyrUqUx9JD/20190101_Seoul%20S%C3%BCdkorea%20Neubau%20der%20Schweizer%20Botschaft_DE.pdf",
              "description": "Öffentliche BBL-Publikation; historischer Projektstand.",
              "version": "Publizierte Fassung",
              "legacyId": "DEMO-9008-O12001",
              "extensionData": {
                "dataStatus": "public-source",
                "availability": "external-publication",
                "catalogue": "KBOB/IPB Anhang C, Version 2016-01",
                "catalogueUrl": "https://www.kbob.admin.ch/dam/de/sd-web/rVvtgYM1wFVT/20171024_KBOB-IPB_Anhang_C_-_Dokumenttypenkatalog_2016_DE.pdf",
                "documentTypeCode": "O12001"
              }
            },
            {
              "buildingIds": [
                "9900/9008/AA"
              ],
              "validFrom": "2026-09-22T00:00:00Z",
              "validUntil": null,
              "documentId": "6db44f00-5743-5de3-b9bb-4feafaa6c14e",
              "name": "Flächen/Volumenberechnung 2026 – Schweizer Botschaft Seoul (Demo)",
              "type": "Flächen/Volumenberechnung",
              "documentTypeCode": "B14005",
              "fileFormat": "PDF",
              "fileSize": null,
              "url": null,
              "description": "Fiktiver Dokumentregistereintrag; keine Originaldatei vorhanden.",
              "version": "0.1 Demo",
              "legacyId": "DEMO-9008-B14005",
              "extensionData": {
                "dataStatus": "synthetic-demo",
                "availability": "metadata-only",
                "catalogue": "KBOB/IPB Anhang C, Version 2016-01",
                "catalogueUrl": "https://www.kbob.admin.ch/dam/de/sd-web/rVvtgYM1wFVT/20171024_KBOB-IPB_Anhang_C_-_Dokumenttypenkatalog_2016_DE.pdf",
                "documentTypeCode": "B14005"
              }
            },
            {
              "buildingIds": [
                "9900/9008/AA"
              ],
              "validFrom": "2026-09-22T00:00:00Z",
              "validUntil": null,
              "documentId": "303001ef-ee20-5fe7-8919-83955955957f",
              "name": "Wartungsplan 2026 – Schweizer Botschaft Seoul (Demo)",
              "type": "Wartungsplan",
              "documentTypeCode": "O07003",
              "fileFormat": "PDF",
              "fileSize": null,
              "url": null,
              "description": "Fiktiver Dokumentregistereintrag; keine Originaldatei vorhanden.",
              "version": "0.1 Demo",
              "legacyId": "DEMO-9008-O07003",
              "extensionData": {
                "dataStatus": "synthetic-demo",
                "availability": "metadata-only",
                "catalogue": "KBOB/IPB Anhang C, Version 2016-01",
                "catalogueUrl": "https://www.kbob.admin.ch/dam/de/sd-web/rVvtgYM1wFVT/20171024_KBOB-IPB_Anhang_C_-_Dokumenttypenkatalog_2016_DE.pdf",
                "documentTypeCode": "O07003"
              }
            },
            {
              "buildingIds": [
                "9900/9008/AA"
              ],
              "validFrom": "2026-09-22T00:00:00Z",
              "validUntil": null,
              "documentId": "b80308df-1c06-561b-833f-377d65a3a235",
              "name": "Betriebsführungshandbuch 2026 – Schweizer Botschaft Seoul (Demo)",
              "type": "Betriebsführungshandbuch",
              "documentTypeCode": "O03001",
              "fileFormat": "PDF",
              "fileSize": null,
              "url": null,
              "description": "Fiktiver Dokumentregistereintrag; keine Originaldatei vorhanden.",
              "version": "0.1 Demo",
              "legacyId": "DEMO-9008-O03001",
              "extensionData": {
                "dataStatus": "synthetic-demo",
                "availability": "metadata-only",
                "catalogue": "KBOB/IPB Anhang C, Version 2016-01",
                "catalogueUrl": "https://www.kbob.admin.ch/dam/de/sd-web/rVvtgYM1wFVT/20171024_KBOB-IPB_Anhang_C_-_Dokumenttypenkatalog_2016_DE.pdf",
                "documentTypeCode": "O03001"
              }
            },
            {
              "buildingIds": [
                "9900/9008/AA"
              ],
              "validFrom": "2026-09-22T00:00:00Z",
              "validUntil": null,
              "documentId": "1035bdf9-ca6f-5e13-9b74-ec2eafe9ba4e",
              "name": "Kostenstatistik 2026 – Schweizer Botschaft Seoul (Demo)",
              "type": "Kostenstatistik",
              "documentTypeCode": "B14102",
              "fileFormat": "PDF",
              "fileSize": null,
              "url": null,
              "description": "Fiktiver Dokumentregistereintrag; keine Originaldatei vorhanden.",
              "version": "0.1 Demo",
              "legacyId": "DEMO-9008-B14102",
              "extensionData": {
                "dataStatus": "synthetic-demo",
                "availability": "metadata-only",
                "catalogue": "KBOB/IPB Anhang C, Version 2016-01",
                "catalogueUrl": "https://www.kbob.admin.ch/dam/de/sd-web/rVvtgYM1wFVT/20171024_KBOB-IPB_Anhang_C_-_Dokumenttypenkatalog_2016_DE.pdf",
                "documentTypeCode": "B14102"
              }
            },
            {
              "buildingIds": [
                "9900/9008/AA"
              ],
              "validFrom": "2026-09-22T00:00:00Z",
              "validUntil": null,
              "documentId": "8a39ed21-a913-5e12-a459-35be6ebe4bcf",
              "name": "Energiestatistik 2026 – Schweizer Botschaft Seoul (Demo)",
              "type": "Energiestatistik",
              "documentTypeCode": "B14103",
              "fileFormat": "PDF",
              "fileSize": null,
              "url": null,
              "description": "Fiktiver Dokumentregistereintrag; keine Originaldatei vorhanden.",
              "version": "0.1 Demo",
              "legacyId": "DEMO-9008-B14103",
              "extensionData": {
                "dataStatus": "synthetic-demo",
                "availability": "metadata-only",
                "catalogue": "KBOB/IPB Anhang C, Version 2016-01",
                "catalogueUrl": "https://www.kbob.admin.ch/dam/de/sd-web/rVvtgYM1wFVT/20171024_KBOB-IPB_Anhang_C_-_Dokumenttypenkatalog_2016_DE.pdf",
                "documentTypeCode": "B14103"
              }
            }
          ],
          "contacts": [
            {
              "buildingIds": [
                "9900/9008/AA"
              ],
              "validFrom": "2026-09-22T00:00:00Z",
              "validUntil": null,
              "contactId": "f98b9d66-95f2-5f74-8b11-8a87d672864d",
              "name": "Alina Keller (Demo)",
              "role": "Objektverantwortung",
              "organisation": "Portfolio Team (Demo)",
              "phone": null,
              "email": "seoul.1@example.invalid",
              "isPrimary": true,
              "legacyId": "DEMO-9008-K1",
              "extensionData": {
                "dataStatus": "synthetic-demo",
                "isFictionalPerson": true
              }
            },
            {
              "buildingIds": [
                "9900/9008/AA"
              ],
              "validFrom": "2026-09-22T00:00:00Z",
              "validUntil": null,
              "contactId": "f3795fcc-cbcd-519d-a6ef-9a4c901cd167",
              "name": "Flurin Steiner (Demo)",
              "role": "Portfoliomanagement",
              "organisation": "Portfolio Team (Demo)",
              "phone": null,
              "email": "seoul.2@example.invalid",
              "isPrimary": false,
              "legacyId": "DEMO-9008-K2",
              "extensionData": {
                "dataStatus": "synthetic-demo",
                "isFictionalPerson": true
              }
            },
            {
              "buildingIds": [
                "9900/9008/AA"
              ],
              "validFrom": "2026-09-22T00:00:00Z",
              "validUntil": null,
              "contactId": "53a91225-f186-54e3-81d8-6db9cec9d1ff",
              "name": "Jana Waldner (Demo)",
              "role": "Facility Management",
              "organisation": "Arealservice Muster AG (fiktiv)",
              "phone": null,
              "email": "seoul.3@example.invalid",
              "isPrimary": false,
              "legacyId": "DEMO-9008-K3",
              "extensionData": {
                "dataStatus": "synthetic-demo",
                "isFictionalPerson": true
              }
            }
          ],
          "costs": [
            {
              "costId": "881874fe-386c-5bea-b78a-cad5403e1737",
              "buildingIds": [
                "9900/9008/AA"
              ],
              "costGroup": "23",
              "costType": "Elektroanlagen",
              "amount": 424800,
              "unit": "CHF",
              "currency": "CHF",
              "period": "Einmalig",
              "referenceDate": "2026-09-22T00:00:00Z",
              "legacyId": "DEMO-9008-C1",
              "extensionData": {
                "dataStatus": "synthetic-demo",
                "budgetYear": 2026,
                "costCenter": "DEMO-9008",
                "classification": "BKP",
                "standard": "SN 506 500:2017",
                "classificationSourceUrl": "https://www.crb.ch/de/normen-standards/baukostenplane/baukostenplan-bkp",
                "groupSourceUrl": "https://www.stadt-zuerich.ch/content/dam/web/de/politik-verwaltung/statistik-und-daten/publikationen-dienstleistungen/publikationen/periodika/zuercher-index-der-wohnbaupreise/ZIW_2019_Web.pdf",
                "project": "Erneuerung Gebäudetechnik und Innenausbau (Demo)",
                "scope": "Selected BKP work packages only; not a complete project budget or actual BBL project.",
                "basis": "Invented one-off CHF scenario, excluding VAT; not actual expenditure, a cost benchmark or FX conversion.",
                "rateCHFPerGF": 120.0,
                "quantityGF": 3540
              }
            },
            {
              "costId": "3e65f164-d71c-5c94-a4ac-00453dee10b9",
              "buildingIds": [
                "9900/9008/AA"
              ],
              "costGroup": "24",
              "costType": "Heizungs-, Lüftungs- und Klimaanlagen",
              "amount": 509800,
              "unit": "CHF",
              "currency": "CHF",
              "period": "Einmalig",
              "referenceDate": "2026-09-22T00:00:00Z",
              "legacyId": "DEMO-9008-C2",
              "extensionData": {
                "dataStatus": "synthetic-demo",
                "budgetYear": 2026,
                "costCenter": "DEMO-9008",
                "classification": "BKP",
                "standard": "SN 506 500:2017",
                "classificationSourceUrl": "https://www.crb.ch/de/normen-standards/baukostenplane/baukostenplan-bkp",
                "groupSourceUrl": "https://www.stadt-zuerich.ch/content/dam/web/de/politik-verwaltung/statistik-und-daten/publikationen-dienstleistungen/publikationen/periodika/zuercher-index-der-wohnbaupreise/ZIW_2019_Web.pdf",
                "project": "Erneuerung Gebäudetechnik und Innenausbau (Demo)",
                "scope": "Selected BKP work packages only; not a complete project budget or actual BBL project.",
                "basis": "Invented one-off CHF scenario, excluding VAT; not actual expenditure, a cost benchmark or FX conversion.",
                "rateCHFPerGF": 144.0,
                "quantityGF": 3540
              }
            },
            {
              "costId": "9d0a1bd4-b76b-50e4-8fd3-6b1bdfe23a49",
              "buildingIds": [
                "9900/9008/AA"
              ],
              "costGroup": "25",
              "costType": "Sanitäranlagen",
              "amount": 198200,
              "unit": "CHF",
              "currency": "CHF",
              "period": "Einmalig",
              "referenceDate": "2026-09-22T00:00:00Z",
              "legacyId": "DEMO-9008-C3",
              "extensionData": {
                "dataStatus": "synthetic-demo",
                "budgetYear": 2026,
                "costCenter": "DEMO-9008",
                "classification": "BKP",
                "standard": "SN 506 500:2017",
                "classificationSourceUrl": "https://www.crb.ch/de/normen-standards/baukostenplane/baukostenplan-bkp",
                "groupSourceUrl": "https://www.stadt-zuerich.ch/content/dam/web/de/politik-verwaltung/statistik-und-daten/publikationen-dienstleistungen/publikationen/periodika/zuercher-index-der-wohnbaupreise/ZIW_2019_Web.pdf",
                "project": "Erneuerung Gebäudetechnik und Innenausbau (Demo)",
                "scope": "Selected BKP work packages only; not a complete project budget or actual BBL project.",
                "basis": "Invented one-off CHF scenario, excluding VAT; not actual expenditure, a cost benchmark or FX conversion.",
                "rateCHFPerGF": 56.0,
                "quantityGF": 3540
              }
            },
            {
              "costId": "881cff2c-07eb-5a99-aeb6-ef04d706f61e",
              "buildingIds": [
                "9900/9008/AA"
              ],
              "costGroup": "27",
              "costType": "Ausbau 1",
              "amount": 679700,
              "unit": "CHF",
              "currency": "CHF",
              "period": "Einmalig",
              "referenceDate": "2026-09-22T00:00:00Z",
              "legacyId": "DEMO-9008-C4",
              "extensionData": {
                "dataStatus": "synthetic-demo",
                "budgetYear": 2026,
                "costCenter": "DEMO-9008",
                "classification": "BKP",
                "standard": "SN 506 500:2017",
                "classificationSourceUrl": "https://www.crb.ch/de/normen-standards/baukostenplane/baukostenplan-bkp",
                "groupSourceUrl": "https://www.stadt-zuerich.ch/content/dam/web/de/politik-verwaltung/statistik-und-daten/publikationen-dienstleistungen/publikationen/periodika/zuercher-index-der-wohnbaupreise/ZIW_2019_Web.pdf",
                "project": "Erneuerung Gebäudetechnik und Innenausbau (Demo)",
                "scope": "Selected BKP work packages only; not a complete project budget or actual BBL project.",
                "basis": "Invented one-off CHF scenario, excluding VAT; not actual expenditure, a cost benchmark or FX conversion.",
                "rateCHFPerGF": 192.0,
                "quantityGF": 3540
              }
            },
            {
              "costId": "9843d515-5286-596c-9f86-810a99238804",
              "buildingIds": [
                "9900/9008/AA"
              ],
              "costGroup": "28",
              "costType": "Ausbau 2",
              "amount": 509800,
              "unit": "CHF",
              "currency": "CHF",
              "period": "Einmalig",
              "referenceDate": "2026-09-22T00:00:00Z",
              "legacyId": "DEMO-9008-C5",
              "extensionData": {
                "dataStatus": "synthetic-demo",
                "budgetYear": 2026,
                "costCenter": "DEMO-9008",
                "classification": "BKP",
                "standard": "SN 506 500:2017",
                "classificationSourceUrl": "https://www.crb.ch/de/normen-standards/baukostenplane/baukostenplan-bkp",
                "groupSourceUrl": "https://www.stadt-zuerich.ch/content/dam/web/de/politik-verwaltung/statistik-und-daten/publikationen-dienstleistungen/publikationen/periodika/zuercher-index-der-wohnbaupreise/ZIW_2019_Web.pdf",
                "project": "Erneuerung Gebäudetechnik und Innenausbau (Demo)",
                "scope": "Selected BKP work packages only; not a complete project budget or actual BBL project.",
                "basis": "Invented one-off CHF scenario, excluding VAT; not actual expenditure, a cost benchmark or FX conversion.",
                "rateCHFPerGF": 144.0,
                "quantityGF": 3540
              }
            },
            {
              "costId": "e09f6a2e-9a76-5fdd-9f28-31100ceab5dd",
              "buildingIds": [
                "9900/9008/AA"
              ],
              "costGroup": "29",
              "costType": "Honorare",
              "amount": 339800,
              "unit": "CHF",
              "currency": "CHF",
              "period": "Einmalig",
              "referenceDate": "2026-09-22T00:00:00Z",
              "legacyId": "DEMO-9008-C6",
              "extensionData": {
                "dataStatus": "synthetic-demo",
                "budgetYear": 2026,
                "costCenter": "DEMO-9008",
                "classification": "BKP",
                "standard": "SN 506 500:2017",
                "classificationSourceUrl": "https://www.crb.ch/de/normen-standards/baukostenplane/baukostenplan-bkp",
                "groupSourceUrl": "https://www.stadt-zuerich.ch/content/dam/web/de/politik-verwaltung/statistik-und-daten/publikationen-dienstleistungen/publikationen/periodika/zuercher-index-der-wohnbaupreise/ZIW_2019_Web.pdf",
                "project": "Erneuerung Gebäudetechnik und Innenausbau (Demo)",
                "scope": "Selected BKP work packages only; not a complete project budget or actual BBL project.",
                "basis": "Invented one-off CHF scenario, excluding VAT; not actual expenditure, a cost benchmark or FX conversion.",
                "rateCHFPerGF": 96.0,
                "quantityGF": 3540
              }
            }
          ]
        }
      },
      "geometry": {
        "type": "Point",
        "coordinates": [
          126.9649301,
          37.5702322
        ]
      }
    },
    {
      "type": "Feature",
      "properties": {
        "bbl_stat": "In Betrieb",
        "bbl_id": "9900/9009/AA",
        "bbl_buch": "9900",
        "bbl_we": "9009",
        "bbl_obj": "AA",
        "bbl_bez": "Schweizer Botschaft Nairobi",
        "referenceCodes": {
          "building.ownership": "Eigentum",
          "building.portfolio": "002",
          "building.type1": "16",
          "building.type2": "16.03",
          "building.rentalModel": null,
          "building.operatingStatus": "ACTIVE",
          "building.physicalStatus": null
        },
        "gwr_stat": null,
        "adr_land": "KE",
        "adr_reg": "Nairobi County",
        "adr_ort": "Nairobi",
        "adr_plz": null,
        "adr_str": "Rosslyn Green Drive, off Red Hill Road",
        "adr_hsnr": null,
        "adr_conct": "Rosslyn Green Drive, off Red Hill Road, Nairobi",
        "wgs84_lon": 36.80086,
        "wgs84_lat": -1.2286794,
        "lv95_e": null,
        "lv95_n": null,
        "egm_elev": null,
        "bbl_eigen": "Eigentum",
        "bbl_ostr": "Erhalten",
        "bbl_mietm": null,
        "bbl_bjahr": 2016,
        "bbl_vjahr": null,
        "bbl_port": "Ausland",
        "bbl_port2": "EDA Auslandsvertretungen",
        "bbl_awrt": 4300000,
        "bbl_bwrt": 2800000,
        "bbl_gbda1": "Gebäude im Ausland",
        "bbl_gbda2": "Ausland: Kanzleien",
        "bbl_ovtw": "Milo Bachmann (Demo)",
        "bbl_pvtw": "Mira Berger (Demo)",
        "av_egid": null,
        "av_egrid": null,
        "bfs_gem": null,
        "bfs_gemnr": null,
        "av_zbez": null,
        "av_znut": null,
        "bbl_hist": null,
        "bbl_arch": null,
        "kgs_kat": null,
        "kgs_nr": null,
        "garea_gf": 1512,
        "garea_gfo": 1512,
        "garea_gfu": 0,
        "garea_acu": "GF publiziert; Aufteilung Demo",
        "garea_ngf": 1369,
        "garea_kf": 143,
        "garea_nf": 1119,
        "garea_hnf": 940,
        "garea_nnf": 179,
        "garea_ff": 53,
        "garea_vf": 197,
        "garea_vmf": null,
        "garea_ebf": null,
        "gvol_gv": 6120,
        "gvol_gvo": 6120,
        "gvol_gvu": 0,
        "gvol_acu": "GV publiziert; Aufteilung Demo",
        "gastw": 2,
        "gastw_og": 2,
        "gastw_ug": 0,
        "gastw_acu": "Demo-Schätzung",
        "larea_ggf": 756,
        "larea_gsf": 10000,
        "larea_uf": 9244,
        "larea_acu": "Demo-Perimeter, nicht AV",
        "rics_gea": 1512,
        "rics_gia": 1414,
        "rics_nia": 1041,
        "rics_standard": "RICS Code of Measuring Practice, 6th edition (2015)",
        "objectid": 10,
        "etl_ts": "2026-09-22T00:00:00Z",
        "img_url": [
          "../assets/portfolio/nairobi-1.jpg",
          "../assets/portfolio/nairobi-2.jpg",
          "../assets/portfolio/nairobi-3.jpg"
        ],
        "photos": [
          {
            "url": "../assets/portfolio/nairobi-1.jpg",
            "alt": "Schweizer Botschaft Nairobi – Aussenansicht",
            "credit": "© Fabio Idini",
            "source": "https://www.bbl.admin.ch/de/mediendatenbank",
            "scene": "exterior",
            "mediaIndex": 1,
            "kind": "public-source-photo",
            "rights": "Copyright retained by credited photographer; publicly accessible BBL source, no open licence asserted. Not covered by repository MIT licence.",
            "originalUrl": "https://prod-bbladminch-hcms-sdweb.imgix.net/dam/de/sd-web/jXIeKtTlczW4/Nairobi_Kenia_Botschaft_01.jpg?w=1024&auto=format"
          },
          {
            "url": "../assets/portfolio/nairobi-2.jpg",
            "alt": "Schweizer Botschaft Nairobi – Innenansicht",
            "credit": "© Fabio Idini",
            "source": "https://www.bbl.admin.ch/de/mediendatenbank",
            "scene": "interior",
            "mediaIndex": 5,
            "kind": "public-source-photo",
            "rights": "Copyright retained by credited photographer; publicly accessible BBL source, no open licence asserted. Not covered by repository MIT licence.",
            "originalUrl": "https://prod-bbladminch-hcms-sdweb.imgix.net/dam/de/sd-web/R1tlD3VhGwiG/Nairobi_Kenia_Botschaft_05.jpg?w=1024&auto=format"
          },
          {
            "url": "../assets/portfolio/nairobi-3.jpg",
            "alt": "Schweizer Botschaft Nairobi – Innenansicht",
            "credit": "© Fabio Idini",
            "source": "https://www.bbl.admin.ch/de/mediendatenbank",
            "scene": "interior",
            "mediaIndex": 7,
            "kind": "public-source-photo",
            "rights": "Copyright retained by credited photographer; publicly accessible BBL source, no open licence asserted. Not covered by repository MIT licence.",
            "originalUrl": "https://prod-bbladminch-hcms-sdweb.imgix.net/dam/de/sd-web/NGSbbCQehATn/Nairobi_Kenia_Botschaft_07.jpg?w=1024&auto=format"
          }
        ],
        "provenance": {
          "dataset": "bbl-public-portfolio-demo",
          "asOf": "2026-09-22",
          "notOfficialInventory": true,
          "factSources": {
            "identity": "https://www.bbl.admin.ch/de/mediendatenbank",
            "address": "https://www.eda.admin.ch/countries/kenia/en/home/services/lost-and-found.html/content/contacts/en/EDAVis/N/180",
            "coordinates": "https://nominatim.openstreetmap.org/search?q=Embassy+of+Switzerland+Nairobi+Kenya&format=jsonv2&limit=3&addressdetails=1",
            "constructionYear": "https://www.bbl.admin.ch/dam/de/sd-web/yrVXj1ihTVNY/20160801_Nairobi%20Kenya%20Neubau%20Schweizer%20Botschaft_DE.pdf"
          },
          "geocoding": {
            "provider": "OpenStreetMap Nominatim",
            "sourceUrl": "https://nominatim.openstreetmap.org/search?q=Embassy+of+Switzerland+Nairobi+Kenya&format=jsonv2&limit=3&addressdetails=1",
            "retrievedAt": "2026-09-22",
            "reviewed": true,
            "precision": "building-or-site-centroid",
            "indicativeUncertaintyMetres": 50,
            "matchedAddress": "Switzerland Embassy, Nairobi, Rosslyn Green Estate Rosslyn Green Drive, off Red Hill Road Nairobi, Nairobi, Rosslyn Green Crescent, Karura sublocation, Highridge location, Highridge division, Westlands, Nairobi, 00601, Kenya",
            "note": "Public address / site locator, not a cadastral or survey point.",
            "osmUrl": "https://www.openstreetmap.org/way/554666964"
          },
          "scope": "Publicly documented building/site; operational records and schematic parcel are demonstration assumptions.",
          "publishedMeasurements": {
            "GF": 1512,
            "GV": 6120,
            "standard": "SIA 416:2003",
            "referenceYear": 2016,
            "page": 1,
            "sourceUrl": "https://www.bbl.admin.ch/dam/de/sd-web/yrVXj1ihTVNY/20160801_Nairobi%20Kenya%20Neubau%20Schweizer%20Botschaft_DE.pdf"
          },
          "cadastre": null,
          "syntheticFields": [
            "inventoryIds",
            "ownershipScenario",
            "statusScenario",
            "valuations",
            "SIA area breakdown",
            "RICS measurements",
            "storeySplit",
            "landcoverGeometry",
            "energySystems",
            "parking",
            "contacts",
            "costs",
            "contracts",
            "assets",
            "mockDocuments",
            "parcelGeometry"
          ],
          "unknownFieldsLeftNull": [
            "zoning",
            "energyCertificate",
            "buildingPermitDate",
            "heritageRegisterNumber",
            "EGID",
            "EGRID"
          ],
          "notice": "Standort öffentlich belegt. Publizierte GF/GV separat belegt; übrige Gebäudebemessungen und Betriebsdaten sind Demowerte. Grundstück schematisch.",
          "referenceData": {
            "catalogVersion": "55",
            "classificationAssignments": "Demo assignments to catalogue codes; not confirmed SAP master data.",
            "physicalStatus": null
          }
        },
        "demoRelatedRecords": {
          "areaMeasurements": [
            {
              "buildingIds": [
                "9900/9009/AA"
              ],
              "validFrom": "2016-01-01T00:00:00Z",
              "validUntil": null,
              "areaMeasurementId": "be1ad82a-47d3-5538-afc8-3f8cb5586e75",
              "type": "Geschossfläche GF",
              "value": 1512,
              "unit": "m²",
              "bmEstimation": null,
              "accuracy": "Unbekannt",
              "accuracyCode": "UNBEKANNT",
              "standard": "SIA 416",
              "standardCode": "SIA_416",
              "legacyId": "DEMO-9009-GF",
              "extensionData": {
                "code": "GF",
                "standardDetail": "SIA 416:2003",
                "dataStatus": "published-source",
                "source": "BBL Bautendokumentation 2016, S. 1",
                "sourceUrl": "https://www.bbl.admin.ch/dam/de/sd-web/yrVXj1ihTVNY/20160801_Nairobi%20Kenya%20Neubau%20Schweizer%20Botschaft_DE.pdf",
                "scope": "Publicly documented building/site; operational records and schematic parcel are demonstration assumptions.",
                "originalUnit": "m²",
                "assumption": null
              }
            },
            {
              "buildingIds": [
                "9900/9009/AA"
              ],
              "validFrom": "2026-09-22T00:00:00Z",
              "validUntil": null,
              "areaMeasurementId": "85491a82-4bac-531f-b6ce-781560269ce4",
              "type": "Geschossfläche oberirdisch",
              "value": 1512,
              "unit": "m²",
              "bmEstimation": true,
              "accuracy": "Geschätzt",
              "accuracyCode": "GESCHAETZT",
              "standard": "SIA 416",
              "standardCode": "SIA_416",
              "legacyId": "DEMO-9009-GFO",
              "extensionData": {
                "code": "GFO",
                "standardDetail": "SIA 416:2003",
                "dataStatus": "synthetic-demo",
                "source": "Plausibles Demo-Szenario",
                "sourceUrl": null,
                "scope": "Publicly documented building/site; operational records and schematic parcel are demonstration assumptions.",
                "originalUnit": "m²",
                "assumption": "Independently modelled measurement basis; no certified survey or universal SIA/RICS conversion."
              }
            },
            {
              "buildingIds": [
                "9900/9009/AA"
              ],
              "validFrom": "2026-09-22T00:00:00Z",
              "validUntil": null,
              "areaMeasurementId": "8c621586-68c8-585d-867d-4ef915ebe55a",
              "type": "Geschossfläche unterirdisch",
              "value": 0,
              "unit": "m²",
              "bmEstimation": true,
              "accuracy": "Geschätzt",
              "accuracyCode": "GESCHAETZT",
              "standard": "SIA 416",
              "standardCode": "SIA_416",
              "legacyId": "DEMO-9009-GFU",
              "extensionData": {
                "code": "GFU",
                "standardDetail": "SIA 416:2003",
                "dataStatus": "synthetic-demo",
                "source": "Plausibles Demo-Szenario",
                "sourceUrl": null,
                "scope": "Publicly documented building/site; operational records and schematic parcel are demonstration assumptions.",
                "originalUnit": "m²",
                "assumption": "Independently modelled measurement basis; no certified survey or universal SIA/RICS conversion."
              }
            },
            {
              "buildingIds": [
                "9900/9009/AA"
              ],
              "validFrom": "2026-09-22T00:00:00Z",
              "validUntil": null,
              "areaMeasurementId": "2a3e17d5-d9f5-59d7-bb05-195dae1752c1",
              "type": "Konstruktionsfläche KF",
              "value": 143,
              "unit": "m²",
              "bmEstimation": true,
              "accuracy": "Geschätzt",
              "accuracyCode": "GESCHAETZT",
              "standard": "SIA 416",
              "standardCode": "SIA_416",
              "legacyId": "DEMO-9009-KF",
              "extensionData": {
                "code": "KF",
                "standardDetail": "SIA 416:2003",
                "dataStatus": "synthetic-demo",
                "source": "Plausibles Demo-Szenario",
                "sourceUrl": null,
                "scope": "Publicly documented building/site; operational records and schematic parcel are demonstration assumptions.",
                "originalUnit": "m²",
                "assumption": "Independently modelled measurement basis; no certified survey or universal SIA/RICS conversion."
              }
            },
            {
              "buildingIds": [
                "9900/9009/AA"
              ],
              "validFrom": "2026-09-22T00:00:00Z",
              "validUntil": null,
              "areaMeasurementId": "73ca2faf-78b1-5ff1-9674-e8ed1e9fabe5",
              "type": "Nettogeschossfläche NGF",
              "value": 1369,
              "unit": "m²",
              "bmEstimation": true,
              "accuracy": "Geschätzt",
              "accuracyCode": "GESCHAETZT",
              "standard": "SIA 416",
              "standardCode": "SIA_416",
              "legacyId": "DEMO-9009-NGF",
              "extensionData": {
                "code": "NGF",
                "standardDetail": "SIA 416:2003",
                "dataStatus": "synthetic-demo",
                "source": "Plausibles Demo-Szenario",
                "sourceUrl": null,
                "scope": "Publicly documented building/site; operational records and schematic parcel are demonstration assumptions.",
                "originalUnit": "m²",
                "assumption": "Independently modelled measurement basis; no certified survey or universal SIA/RICS conversion."
              }
            },
            {
              "buildingIds": [
                "9900/9009/AA"
              ],
              "validFrom": "2026-09-22T00:00:00Z",
              "validUntil": null,
              "areaMeasurementId": "593ccd81-0c7b-5359-878b-8456da8a513a",
              "type": "Nutzfläche NF",
              "value": 1119,
              "unit": "m²",
              "bmEstimation": true,
              "accuracy": "Geschätzt",
              "accuracyCode": "GESCHAETZT",
              "standard": "SIA 416",
              "standardCode": "SIA_416",
              "legacyId": "DEMO-9009-NF",
              "extensionData": {
                "code": "NF",
                "standardDetail": "SIA 416:2003",
                "dataStatus": "synthetic-demo",
                "source": "Plausibles Demo-Szenario",
                "sourceUrl": null,
                "scope": "Publicly documented building/site; operational records and schematic parcel are demonstration assumptions.",
                "originalUnit": "m²",
                "assumption": "Independently modelled measurement basis; no certified survey or universal SIA/RICS conversion."
              }
            },
            {
              "buildingIds": [
                "9900/9009/AA"
              ],
              "validFrom": "2026-09-22T00:00:00Z",
              "validUntil": null,
              "areaMeasurementId": "eb32de05-904f-5fcc-8739-9bcc1a3c5097",
              "type": "Hauptnutzfläche HNF",
              "value": 940,
              "unit": "m²",
              "bmEstimation": true,
              "accuracy": "Geschätzt",
              "accuracyCode": "GESCHAETZT",
              "standard": "SIA 416",
              "standardCode": "SIA_416",
              "legacyId": "DEMO-9009-HNF",
              "extensionData": {
                "code": "HNF",
                "standardDetail": "SIA 416:2003",
                "dataStatus": "synthetic-demo",
                "source": "Plausibles Demo-Szenario",
                "sourceUrl": null,
                "scope": "Publicly documented building/site; operational records and schematic parcel are demonstration assumptions.",
                "originalUnit": "m²",
                "assumption": "Independently modelled measurement basis; no certified survey or universal SIA/RICS conversion."
              }
            },
            {
              "buildingIds": [
                "9900/9009/AA"
              ],
              "validFrom": "2026-09-22T00:00:00Z",
              "validUntil": null,
              "areaMeasurementId": "005a3272-534b-5916-bfbf-aaea08c8f245",
              "type": "Nebennutzfläche NNF",
              "value": 179,
              "unit": "m²",
              "bmEstimation": true,
              "accuracy": "Geschätzt",
              "accuracyCode": "GESCHAETZT",
              "standard": "SIA 416",
              "standardCode": "SIA_416",
              "legacyId": "DEMO-9009-NNF",
              "extensionData": {
                "code": "NNF",
                "standardDetail": "SIA 416:2003",
                "dataStatus": "synthetic-demo",
                "source": "Plausibles Demo-Szenario",
                "sourceUrl": null,
                "scope": "Publicly documented building/site; operational records and schematic parcel are demonstration assumptions.",
                "originalUnit": "m²",
                "assumption": "Independently modelled measurement basis; no certified survey or universal SIA/RICS conversion."
              }
            },
            {
              "buildingIds": [
                "9900/9009/AA"
              ],
              "validFrom": "2026-09-22T00:00:00Z",
              "validUntil": null,
              "areaMeasurementId": "95a1edc2-fc3c-5b0f-8c64-bead3978e849",
              "type": "Funktionsfläche FF",
              "value": 53,
              "unit": "m²",
              "bmEstimation": true,
              "accuracy": "Geschätzt",
              "accuracyCode": "GESCHAETZT",
              "standard": "SIA 416",
              "standardCode": "SIA_416",
              "legacyId": "DEMO-9009-FF",
              "extensionData": {
                "code": "FF",
                "standardDetail": "SIA 416:2003",
                "dataStatus": "synthetic-demo",
                "source": "Plausibles Demo-Szenario",
                "sourceUrl": null,
                "scope": "Publicly documented building/site; operational records and schematic parcel are demonstration assumptions.",
                "originalUnit": "m²",
                "assumption": "Independently modelled measurement basis; no certified survey or universal SIA/RICS conversion."
              }
            },
            {
              "buildingIds": [
                "9900/9009/AA"
              ],
              "validFrom": "2026-09-22T00:00:00Z",
              "validUntil": null,
              "areaMeasurementId": "03467b22-268e-5e53-8ded-6ceb7a38242a",
              "type": "Verkehrsfläche VF",
              "value": 197,
              "unit": "m²",
              "bmEstimation": true,
              "accuracy": "Geschätzt",
              "accuracyCode": "GESCHAETZT",
              "standard": "SIA 416",
              "standardCode": "SIA_416",
              "legacyId": "DEMO-9009-VF",
              "extensionData": {
                "code": "VF",
                "standardDetail": "SIA 416:2003",
                "dataStatus": "synthetic-demo",
                "source": "Plausibles Demo-Szenario",
                "sourceUrl": null,
                "scope": "Publicly documented building/site; operational records and schematic parcel are demonstration assumptions.",
                "originalUnit": "m²",
                "assumption": "Independently modelled measurement basis; no certified survey or universal SIA/RICS conversion."
              }
            },
            {
              "buildingIds": [
                "9900/9009/AA"
              ],
              "validFrom": "2016-01-01T00:00:00Z",
              "validUntil": null,
              "areaMeasurementId": "4b1a065a-3529-59a6-92c9-81f1d678d99c",
              "type": "Gebäudevolumen GV",
              "value": 6120,
              "unit": "m³",
              "bmEstimation": null,
              "accuracy": "Unbekannt",
              "accuracyCode": "UNBEKANNT",
              "standard": "SIA 416",
              "standardCode": "SIA_416",
              "legacyId": "DEMO-9009-GV",
              "extensionData": {
                "code": "GV",
                "standardDetail": "SIA 416:2003",
                "dataStatus": "published-source",
                "source": "BBL Bautendokumentation 2016, S. 1",
                "sourceUrl": "https://www.bbl.admin.ch/dam/de/sd-web/yrVXj1ihTVNY/20160801_Nairobi%20Kenya%20Neubau%20Schweizer%20Botschaft_DE.pdf",
                "scope": "Publicly documented building/site; operational records and schematic parcel are demonstration assumptions.",
                "originalUnit": "m³",
                "assumption": null
              }
            },
            {
              "buildingIds": [
                "9900/9009/AA"
              ],
              "validFrom": "2026-09-22T00:00:00Z",
              "validUntil": null,
              "areaMeasurementId": "82c44e53-4ace-5efe-8484-70e21286fa3e",
              "type": "Gebäudevolumen oberirdisch",
              "value": 6120,
              "unit": "m³",
              "bmEstimation": true,
              "accuracy": "Geschätzt",
              "accuracyCode": "GESCHAETZT",
              "standard": "SIA 416",
              "standardCode": "SIA_416",
              "legacyId": "DEMO-9009-GVO",
              "extensionData": {
                "code": "GVO",
                "standardDetail": "SIA 416:2003",
                "dataStatus": "synthetic-demo",
                "source": "Plausibles Demo-Szenario",
                "sourceUrl": null,
                "scope": "Publicly documented building/site; operational records and schematic parcel are demonstration assumptions.",
                "originalUnit": "m³",
                "assumption": "Independently modelled measurement basis; no certified survey or universal SIA/RICS conversion."
              }
            },
            {
              "buildingIds": [
                "9900/9009/AA"
              ],
              "validFrom": "2026-09-22T00:00:00Z",
              "validUntil": null,
              "areaMeasurementId": "38802017-4ccd-558e-ac8c-5b35c5e7fd8a",
              "type": "Gebäudevolumen unterirdisch",
              "value": 0,
              "unit": "m³",
              "bmEstimation": true,
              "accuracy": "Geschätzt",
              "accuracyCode": "GESCHAETZT",
              "standard": "SIA 416",
              "standardCode": "SIA_416",
              "legacyId": "DEMO-9009-GVU",
              "extensionData": {
                "code": "GVU",
                "standardDetail": "SIA 416:2003",
                "dataStatus": "synthetic-demo",
                "source": "Plausibles Demo-Szenario",
                "sourceUrl": null,
                "scope": "Publicly documented building/site; operational records and schematic parcel are demonstration assumptions.",
                "originalUnit": "m³",
                "assumption": "Independently modelled measurement basis; no certified survey or universal SIA/RICS conversion."
              }
            },
            {
              "buildingIds": [
                "9900/9009/AA"
              ],
              "validFrom": "2026-09-22T00:00:00Z",
              "validUntil": null,
              "areaMeasurementId": "3bfdd622-497f-5f7e-aa1a-037749c8ae06",
              "type": "Grundstücksfläche GSF",
              "value": 10000,
              "unit": "m²",
              "bmEstimation": true,
              "accuracy": "Geschätzt",
              "accuracyCode": "GESCHAETZT",
              "standard": "SIA 416",
              "standardCode": "SIA_416",
              "legacyId": "DEMO-9009-GSF",
              "extensionData": {
                "code": "GSF",
                "standardDetail": "SIA 416:2003",
                "dataStatus": "synthetic-demo",
                "source": "Plausibles Demo-Szenario",
                "sourceUrl": null,
                "scope": "Publicly documented building/site; operational records and schematic parcel are demonstration assumptions.",
                "originalUnit": "m²",
                "assumption": "Independently modelled measurement basis; no certified survey or universal SIA/RICS conversion."
              }
            },
            {
              "buildingIds": [
                "9900/9009/AA"
              ],
              "validFrom": "2026-09-22T00:00:00Z",
              "validUntil": null,
              "areaMeasurementId": "d2cbf719-557a-5f74-8c6f-c2999c65cf94",
              "type": "Gebäudegrundfläche GGF",
              "value": 756,
              "unit": "m²",
              "bmEstimation": true,
              "accuracy": "Geschätzt",
              "accuracyCode": "GESCHAETZT",
              "standard": "SIA 416",
              "standardCode": "SIA_416",
              "legacyId": "DEMO-9009-GGF",
              "extensionData": {
                "code": "GGF",
                "standardDetail": "SIA 416:2003",
                "dataStatus": "synthetic-demo",
                "source": "Plausibles Demo-Szenario",
                "sourceUrl": null,
                "scope": "Publicly documented building/site; operational records and schematic parcel are demonstration assumptions.",
                "originalUnit": "m²",
                "assumption": "Independently modelled measurement basis; no certified survey or universal SIA/RICS conversion."
              }
            },
            {
              "buildingIds": [
                "9900/9009/AA"
              ],
              "validFrom": "2026-09-22T00:00:00Z",
              "validUntil": null,
              "areaMeasurementId": "06df4e8e-2797-5899-b5fe-18f847d600db",
              "type": "Umgebungsfläche UF",
              "value": 9244,
              "unit": "m²",
              "bmEstimation": true,
              "accuracy": "Geschätzt",
              "accuracyCode": "GESCHAETZT",
              "standard": "SIA 416",
              "standardCode": "SIA_416",
              "legacyId": "DEMO-9009-UF",
              "extensionData": {
                "code": "UF",
                "standardDetail": "SIA 416:2003",
                "dataStatus": "synthetic-demo",
                "source": "Plausibles Demo-Szenario",
                "sourceUrl": null,
                "scope": "Publicly documented building/site; operational records and schematic parcel are demonstration assumptions.",
                "originalUnit": "m²",
                "assumption": "Independently modelled measurement basis; no certified survey or universal SIA/RICS conversion."
              }
            },
            {
              "buildingIds": [
                "9900/9009/AA"
              ],
              "validFrom": "2026-09-22T00:00:00Z",
              "validUntil": null,
              "areaMeasurementId": "8859171e-39b0-5766-bca8-716cee6d8c54",
              "type": "Gross External Area (GEA)",
              "value": 1512,
              "unit": "m²",
              "bmEstimation": true,
              "accuracy": "Geschätzt",
              "accuracyCode": "GESCHAETZT",
              "standard": "Andere dokumentierte Regel",
              "standardCode": "ANDERE_REGEL",
              "legacyId": "DEMO-9009-GEA",
              "extensionData": {
                "code": "GEA",
                "standardDetail": "RICS Code of Measuring Practice, 6th edition (2015)",
                "dataStatus": "synthetic-demo",
                "source": "Plausibles Demo-Szenario",
                "sourceUrl": null,
                "scope": "Publicly documented building/site; operational records and schematic parcel are demonstration assumptions.",
                "originalUnit": "m²",
                "assumption": "Independently modelled measurement basis; no certified survey or universal SIA/RICS conversion."
              }
            },
            {
              "buildingIds": [
                "9900/9009/AA"
              ],
              "validFrom": "2026-09-22T00:00:00Z",
              "validUntil": null,
              "areaMeasurementId": "4e69cc85-0a1c-5bde-9258-33174bd799ed",
              "type": "Gross Internal Area (GIA)",
              "value": 1414,
              "unit": "m²",
              "bmEstimation": true,
              "accuracy": "Geschätzt",
              "accuracyCode": "GESCHAETZT",
              "standard": "Andere dokumentierte Regel",
              "standardCode": "ANDERE_REGEL",
              "legacyId": "DEMO-9009-GIA",
              "extensionData": {
                "code": "GIA",
                "standardDetail": "RICS Code of Measuring Practice, 6th edition (2015)",
                "dataStatus": "synthetic-demo",
                "source": "Plausibles Demo-Szenario",
                "sourceUrl": null,
                "scope": "Publicly documented building/site; operational records and schematic parcel are demonstration assumptions.",
                "originalUnit": "m²",
                "assumption": "Independently modelled measurement basis; no certified survey or universal SIA/RICS conversion."
              }
            },
            {
              "buildingIds": [
                "9900/9009/AA"
              ],
              "validFrom": "2026-09-22T00:00:00Z",
              "validUntil": null,
              "areaMeasurementId": "49c90afc-a83e-570f-928b-4663ff408fdc",
              "type": "Net Internal Area (NIA)",
              "value": 1041,
              "unit": "m²",
              "bmEstimation": true,
              "accuracy": "Geschätzt",
              "accuracyCode": "GESCHAETZT",
              "standard": "Andere dokumentierte Regel",
              "standardCode": "ANDERE_REGEL",
              "legacyId": "DEMO-9009-NIA",
              "extensionData": {
                "code": "NIA",
                "standardDetail": "RICS Code of Measuring Practice, 6th edition (2015)",
                "dataStatus": "synthetic-demo",
                "source": "Plausibles Demo-Szenario",
                "sourceUrl": null,
                "scope": "Publicly documented building/site; operational records and schematic parcel are demonstration assumptions.",
                "originalUnit": "m²",
                "assumption": "Independently modelled measurement basis; no certified survey or universal SIA/RICS conversion."
              }
            }
          ],
          "documents": [
            {
              "buildingIds": [
                "9900/9009/AA"
              ],
              "validFrom": null,
              "validUntil": null,
              "documentId": "269356a4-be4f-5b8d-a0f5-06f204c9643a",
              "name": "BBL Bautendokumentation – Schweizer Botschaft Nairobi",
              "type": "Publikation",
              "documentTypeCode": "O12001",
              "fileFormat": "PDF",
              "fileSize": "8.76 MB",
              "url": "https://www.bbl.admin.ch/dam/de/sd-web/yrVXj1ihTVNY/20160801_Nairobi%20Kenya%20Neubau%20Schweizer%20Botschaft_DE.pdf",
              "description": "Öffentliche BBL-Publikation; historischer Projektstand.",
              "version": "Publizierte Fassung",
              "legacyId": "DEMO-9009-O12001",
              "extensionData": {
                "dataStatus": "public-source",
                "availability": "external-publication",
                "catalogue": "KBOB/IPB Anhang C, Version 2016-01",
                "catalogueUrl": "https://www.kbob.admin.ch/dam/de/sd-web/rVvtgYM1wFVT/20171024_KBOB-IPB_Anhang_C_-_Dokumenttypenkatalog_2016_DE.pdf",
                "documentTypeCode": "O12001"
              }
            },
            {
              "buildingIds": [
                "9900/9009/AA"
              ],
              "validFrom": "2026-09-22T00:00:00Z",
              "validUntil": null,
              "documentId": "0d50369f-5ed2-5cac-be5c-60668eed9a95",
              "name": "Flächen/Volumenberechnung 2026 – Schweizer Botschaft Nairobi (Demo)",
              "type": "Flächen/Volumenberechnung",
              "documentTypeCode": "B14005",
              "fileFormat": "PDF",
              "fileSize": null,
              "url": null,
              "description": "Fiktiver Dokumentregistereintrag; keine Originaldatei vorhanden.",
              "version": "0.1 Demo",
              "legacyId": "DEMO-9009-B14005",
              "extensionData": {
                "dataStatus": "synthetic-demo",
                "availability": "metadata-only",
                "catalogue": "KBOB/IPB Anhang C, Version 2016-01",
                "catalogueUrl": "https://www.kbob.admin.ch/dam/de/sd-web/rVvtgYM1wFVT/20171024_KBOB-IPB_Anhang_C_-_Dokumenttypenkatalog_2016_DE.pdf",
                "documentTypeCode": "B14005"
              }
            },
            {
              "buildingIds": [
                "9900/9009/AA"
              ],
              "validFrom": "2026-09-22T00:00:00Z",
              "validUntil": null,
              "documentId": "3a3544f3-a2aa-5a87-a730-d0650c40371e",
              "name": "Wartungsplan 2026 – Schweizer Botschaft Nairobi (Demo)",
              "type": "Wartungsplan",
              "documentTypeCode": "O07003",
              "fileFormat": "PDF",
              "fileSize": null,
              "url": null,
              "description": "Fiktiver Dokumentregistereintrag; keine Originaldatei vorhanden.",
              "version": "0.1 Demo",
              "legacyId": "DEMO-9009-O07003",
              "extensionData": {
                "dataStatus": "synthetic-demo",
                "availability": "metadata-only",
                "catalogue": "KBOB/IPB Anhang C, Version 2016-01",
                "catalogueUrl": "https://www.kbob.admin.ch/dam/de/sd-web/rVvtgYM1wFVT/20171024_KBOB-IPB_Anhang_C_-_Dokumenttypenkatalog_2016_DE.pdf",
                "documentTypeCode": "O07003"
              }
            },
            {
              "buildingIds": [
                "9900/9009/AA"
              ],
              "validFrom": "2026-09-22T00:00:00Z",
              "validUntil": null,
              "documentId": "fadafe58-3543-5538-bda0-d011e9b4fe8a",
              "name": "Betriebsführungshandbuch 2026 – Schweizer Botschaft Nairobi (Demo)",
              "type": "Betriebsführungshandbuch",
              "documentTypeCode": "O03001",
              "fileFormat": "PDF",
              "fileSize": null,
              "url": null,
              "description": "Fiktiver Dokumentregistereintrag; keine Originaldatei vorhanden.",
              "version": "0.1 Demo",
              "legacyId": "DEMO-9009-O03001",
              "extensionData": {
                "dataStatus": "synthetic-demo",
                "availability": "metadata-only",
                "catalogue": "KBOB/IPB Anhang C, Version 2016-01",
                "catalogueUrl": "https://www.kbob.admin.ch/dam/de/sd-web/rVvtgYM1wFVT/20171024_KBOB-IPB_Anhang_C_-_Dokumenttypenkatalog_2016_DE.pdf",
                "documentTypeCode": "O03001"
              }
            },
            {
              "buildingIds": [
                "9900/9009/AA"
              ],
              "validFrom": "2026-09-22T00:00:00Z",
              "validUntil": null,
              "documentId": "23ca9bd2-e3b7-52e2-b310-90e96de026f7",
              "name": "Kostenstatistik 2026 – Schweizer Botschaft Nairobi (Demo)",
              "type": "Kostenstatistik",
              "documentTypeCode": "B14102",
              "fileFormat": "PDF",
              "fileSize": null,
              "url": null,
              "description": "Fiktiver Dokumentregistereintrag; keine Originaldatei vorhanden.",
              "version": "0.1 Demo",
              "legacyId": "DEMO-9009-B14102",
              "extensionData": {
                "dataStatus": "synthetic-demo",
                "availability": "metadata-only",
                "catalogue": "KBOB/IPB Anhang C, Version 2016-01",
                "catalogueUrl": "https://www.kbob.admin.ch/dam/de/sd-web/rVvtgYM1wFVT/20171024_KBOB-IPB_Anhang_C_-_Dokumenttypenkatalog_2016_DE.pdf",
                "documentTypeCode": "B14102"
              }
            },
            {
              "buildingIds": [
                "9900/9009/AA"
              ],
              "validFrom": "2026-09-22T00:00:00Z",
              "validUntil": null,
              "documentId": "cb7821c6-9fcf-5c43-8da1-1372d6866163",
              "name": "Energiestatistik 2026 – Schweizer Botschaft Nairobi (Demo)",
              "type": "Energiestatistik",
              "documentTypeCode": "B14103",
              "fileFormat": "PDF",
              "fileSize": null,
              "url": null,
              "description": "Fiktiver Dokumentregistereintrag; keine Originaldatei vorhanden.",
              "version": "0.1 Demo",
              "legacyId": "DEMO-9009-B14103",
              "extensionData": {
                "dataStatus": "synthetic-demo",
                "availability": "metadata-only",
                "catalogue": "KBOB/IPB Anhang C, Version 2016-01",
                "catalogueUrl": "https://www.kbob.admin.ch/dam/de/sd-web/rVvtgYM1wFVT/20171024_KBOB-IPB_Anhang_C_-_Dokumenttypenkatalog_2016_DE.pdf",
                "documentTypeCode": "B14103"
              }
            }
          ],
          "contacts": [
            {
              "buildingIds": [
                "9900/9009/AA"
              ],
              "validFrom": "2026-09-22T00:00:00Z",
              "validUntil": null,
              "contactId": "658380f9-48c4-5d82-9946-2dcf16a891a2",
              "name": "Milo Bachmann (Demo)",
              "role": "Objektverantwortung",
              "organisation": "Portfolio Team (Demo)",
              "phone": null,
              "email": "nairobi.1@example.invalid",
              "isPrimary": true,
              "legacyId": "DEMO-9009-K1",
              "extensionData": {
                "dataStatus": "synthetic-demo",
                "isFictionalPerson": true
              }
            },
            {
              "buildingIds": [
                "9900/9009/AA"
              ],
              "validFrom": "2026-09-22T00:00:00Z",
              "validUntil": null,
              "contactId": "4355f6ee-741f-581c-a4b3-e3af4159cb78",
              "name": "Mira Berger (Demo)",
              "role": "Portfoliomanagement",
              "organisation": "Portfolio Team (Demo)",
              "phone": null,
              "email": "nairobi.2@example.invalid",
              "isPrimary": false,
              "legacyId": "DEMO-9009-K2",
              "extensionData": {
                "dataStatus": "synthetic-demo",
                "isFictionalPerson": true
              }
            },
            {
              "buildingIds": [
                "9900/9009/AA"
              ],
              "validFrom": "2026-09-22T00:00:00Z",
              "validUntil": null,
              "contactId": "73d0476b-07c8-5cde-a921-0816a6f1cf0a",
              "name": "Silvan Feldmann (Demo)",
              "role": "Facility Management",
              "organisation": "Arealservice Muster AG (fiktiv)",
              "phone": null,
              "email": "nairobi.3@example.invalid",
              "isPrimary": false,
              "legacyId": "DEMO-9009-K3",
              "extensionData": {
                "dataStatus": "synthetic-demo",
                "isFictionalPerson": true
              }
            }
          ],
          "costs": [
            {
              "costId": "49aec4aa-cbac-5eb7-881b-abd70fa1030d",
              "buildingIds": [
                "9900/9009/AA"
              ],
              "costGroup": "23",
              "costType": "Elektroanlagen",
              "amount": 124700,
              "unit": "CHF",
              "currency": "CHF",
              "period": "Einmalig",
              "referenceDate": "2026-09-22T00:00:00Z",
              "legacyId": "DEMO-9009-C1",
              "extensionData": {
                "dataStatus": "synthetic-demo",
                "budgetYear": 2026,
                "costCenter": "DEMO-9009",
                "classification": "BKP",
                "standard": "SN 506 500:2017",
                "classificationSourceUrl": "https://www.crb.ch/de/normen-standards/baukostenplane/baukostenplan-bkp",
                "groupSourceUrl": "https://www.stadt-zuerich.ch/content/dam/web/de/politik-verwaltung/statistik-und-daten/publikationen-dienstleistungen/publikationen/periodika/zuercher-index-der-wohnbaupreise/ZIW_2019_Web.pdf",
                "project": "Erneuerung Gebäudetechnik und Innenausbau (Demo)",
                "scope": "Selected BKP work packages only; not a complete project budget or actual BBL project.",
                "basis": "Invented one-off CHF scenario, excluding VAT; not actual expenditure, a cost benchmark or FX conversion.",
                "rateCHFPerGF": 82.5,
                "quantityGF": 1512
              }
            },
            {
              "costId": "b858918c-27fc-5ac8-b982-26a03810d727",
              "buildingIds": [
                "9900/9009/AA"
              ],
              "costGroup": "24",
              "costType": "Heizungs-, Lüftungs- und Klimaanlagen",
              "amount": 149700,
              "unit": "CHF",
              "currency": "CHF",
              "period": "Einmalig",
              "referenceDate": "2026-09-22T00:00:00Z",
              "legacyId": "DEMO-9009-C2",
              "extensionData": {
                "dataStatus": "synthetic-demo",
                "budgetYear": 2026,
                "costCenter": "DEMO-9009",
                "classification": "BKP",
                "standard": "SN 506 500:2017",
                "classificationSourceUrl": "https://www.crb.ch/de/normen-standards/baukostenplane/baukostenplan-bkp",
                "groupSourceUrl": "https://www.stadt-zuerich.ch/content/dam/web/de/politik-verwaltung/statistik-und-daten/publikationen-dienstleistungen/publikationen/periodika/zuercher-index-der-wohnbaupreise/ZIW_2019_Web.pdf",
                "project": "Erneuerung Gebäudetechnik und Innenausbau (Demo)",
                "scope": "Selected BKP work packages only; not a complete project budget or actual BBL project.",
                "basis": "Invented one-off CHF scenario, excluding VAT; not actual expenditure, a cost benchmark or FX conversion.",
                "rateCHFPerGF": 99.0,
                "quantityGF": 1512
              }
            },
            {
              "costId": "824beeb5-c509-5eb7-bc3f-0ccebb6c26ba",
              "buildingIds": [
                "9900/9009/AA"
              ],
              "costGroup": "25",
              "costType": "Sanitäranlagen",
              "amount": 58200,
              "unit": "CHF",
              "currency": "CHF",
              "period": "Einmalig",
              "referenceDate": "2026-09-22T00:00:00Z",
              "legacyId": "DEMO-9009-C3",
              "extensionData": {
                "dataStatus": "synthetic-demo",
                "budgetYear": 2026,
                "costCenter": "DEMO-9009",
                "classification": "BKP",
                "standard": "SN 506 500:2017",
                "classificationSourceUrl": "https://www.crb.ch/de/normen-standards/baukostenplane/baukostenplan-bkp",
                "groupSourceUrl": "https://www.stadt-zuerich.ch/content/dam/web/de/politik-verwaltung/statistik-und-daten/publikationen-dienstleistungen/publikationen/periodika/zuercher-index-der-wohnbaupreise/ZIW_2019_Web.pdf",
                "project": "Erneuerung Gebäudetechnik und Innenausbau (Demo)",
                "scope": "Selected BKP work packages only; not a complete project budget or actual BBL project.",
                "basis": "Invented one-off CHF scenario, excluding VAT; not actual expenditure, a cost benchmark or FX conversion.",
                "rateCHFPerGF": 38.5,
                "quantityGF": 1512
              }
            },
            {
              "costId": "9ebaf154-e738-5ae1-9f0e-c7728b4a233d",
              "buildingIds": [
                "9900/9009/AA"
              ],
              "costGroup": "27",
              "costType": "Ausbau 1",
              "amount": 199600,
              "unit": "CHF",
              "currency": "CHF",
              "period": "Einmalig",
              "referenceDate": "2026-09-22T00:00:00Z",
              "legacyId": "DEMO-9009-C4",
              "extensionData": {
                "dataStatus": "synthetic-demo",
                "budgetYear": 2026,
                "costCenter": "DEMO-9009",
                "classification": "BKP",
                "standard": "SN 506 500:2017",
                "classificationSourceUrl": "https://www.crb.ch/de/normen-standards/baukostenplane/baukostenplan-bkp",
                "groupSourceUrl": "https://www.stadt-zuerich.ch/content/dam/web/de/politik-verwaltung/statistik-und-daten/publikationen-dienstleistungen/publikationen/periodika/zuercher-index-der-wohnbaupreise/ZIW_2019_Web.pdf",
                "project": "Erneuerung Gebäudetechnik und Innenausbau (Demo)",
                "scope": "Selected BKP work packages only; not a complete project budget or actual BBL project.",
                "basis": "Invented one-off CHF scenario, excluding VAT; not actual expenditure, a cost benchmark or FX conversion.",
                "rateCHFPerGF": 132.0,
                "quantityGF": 1512
              }
            },
            {
              "costId": "f2c8c35d-905d-5723-8e0f-7d1dc27cf6aa",
              "buildingIds": [
                "9900/9009/AA"
              ],
              "costGroup": "28",
              "costType": "Ausbau 2",
              "amount": 149700,
              "unit": "CHF",
              "currency": "CHF",
              "period": "Einmalig",
              "referenceDate": "2026-09-22T00:00:00Z",
              "legacyId": "DEMO-9009-C5",
              "extensionData": {
                "dataStatus": "synthetic-demo",
                "budgetYear": 2026,
                "costCenter": "DEMO-9009",
                "classification": "BKP",
                "standard": "SN 506 500:2017",
                "classificationSourceUrl": "https://www.crb.ch/de/normen-standards/baukostenplane/baukostenplan-bkp",
                "groupSourceUrl": "https://www.stadt-zuerich.ch/content/dam/web/de/politik-verwaltung/statistik-und-daten/publikationen-dienstleistungen/publikationen/periodika/zuercher-index-der-wohnbaupreise/ZIW_2019_Web.pdf",
                "project": "Erneuerung Gebäudetechnik und Innenausbau (Demo)",
                "scope": "Selected BKP work packages only; not a complete project budget or actual BBL project.",
                "basis": "Invented one-off CHF scenario, excluding VAT; not actual expenditure, a cost benchmark or FX conversion.",
                "rateCHFPerGF": 99.0,
                "quantityGF": 1512
              }
            },
            {
              "costId": "d7c2d7d2-e474-5bc0-a95f-1c87bb384274",
              "buildingIds": [
                "9900/9009/AA"
              ],
              "costGroup": "29",
              "costType": "Honorare",
              "amount": 99800,
              "unit": "CHF",
              "currency": "CHF",
              "period": "Einmalig",
              "referenceDate": "2026-09-22T00:00:00Z",
              "legacyId": "DEMO-9009-C6",
              "extensionData": {
                "dataStatus": "synthetic-demo",
                "budgetYear": 2026,
                "costCenter": "DEMO-9009",
                "classification": "BKP",
                "standard": "SN 506 500:2017",
                "classificationSourceUrl": "https://www.crb.ch/de/normen-standards/baukostenplane/baukostenplan-bkp",
                "groupSourceUrl": "https://www.stadt-zuerich.ch/content/dam/web/de/politik-verwaltung/statistik-und-daten/publikationen-dienstleistungen/publikationen/periodika/zuercher-index-der-wohnbaupreise/ZIW_2019_Web.pdf",
                "project": "Erneuerung Gebäudetechnik und Innenausbau (Demo)",
                "scope": "Selected BKP work packages only; not a complete project budget or actual BBL project.",
                "basis": "Invented one-off CHF scenario, excluding VAT; not actual expenditure, a cost benchmark or FX conversion.",
                "rateCHFPerGF": 66.0,
                "quantityGF": 1512
              }
            }
          ]
        }
      },
      "geometry": {
        "type": "Point",
        "coordinates": [
          36.80086,
          -1.2286794
        ]
      }
    },
    {
      "type": "Feature",
      "properties": {
        "bbl_stat": "In Betrieb",
        "bbl_id": "9900/9010/AA",
        "bbl_buch": "9900",
        "bbl_we": "9010",
        "bbl_obj": "AA",
        "bbl_bez": "Schweizer Botschaft Washington – Kanzlei",
        "referenceCodes": {
          "building.ownership": "Eigentum",
          "building.portfolio": "002",
          "building.type1": "16",
          "building.type2": "16.03",
          "building.rentalModel": null,
          "building.operatingStatus": "ACTIVE",
          "building.physicalStatus": null
        },
        "gwr_stat": null,
        "adr_land": "US",
        "adr_reg": "District of Columbia",
        "adr_ort": "Washington, D.C.",
        "adr_plz": "20008",
        "adr_str": "Cathedral Avenue NW",
        "adr_hsnr": "2900",
        "adr_conct": "2900 Cathedral Avenue NW, Washington, D.C. 20008",
        "wgs84_lon": -77.0579432,
        "wgs84_lat": 38.9286131,
        "lv95_e": null,
        "lv95_n": null,
        "egm_elev": null,
        "bbl_eigen": "Eigentum",
        "bbl_ostr": "Erhalten",
        "bbl_mietm": null,
        "bbl_bjahr": 1959,
        "bbl_vjahr": null,
        "bbl_port": "Ausland",
        "bbl_port2": "EDA Auslandsvertretungen",
        "bbl_awrt": 17500000,
        "bbl_bwrt": 11200000,
        "bbl_gbda1": "Gebäude im Ausland",
        "bbl_gbda2": "Ausland: Kanzleien",
        "bbl_ovtw": "Lea Vogt (Demo)",
        "bbl_pvtw": "Levin Frei (Demo)",
        "av_egid": null,
        "av_egrid": null,
        "bfs_gem": null,
        "bfs_gemnr": null,
        "av_zbez": null,
        "av_znut": null,
        "bbl_hist": null,
        "bbl_arch": null,
        "kgs_kat": null,
        "kgs_nr": null,
        "garea_gf": 2928,
        "garea_gfo": 1952,
        "garea_gfu": 976,
        "garea_acu": "GF publiziert; Aufteilung Demo",
        "garea_ngf": 2415,
        "garea_kf": 513,
        "garea_nf": 1932,
        "garea_hnf": 1623,
        "garea_nnf": 309,
        "garea_ff": 102,
        "garea_vf": 381,
        "garea_vmf": null,
        "garea_ebf": null,
        "gvol_gv": 10712,
        "gvol_gvo": 7141,
        "gvol_gvu": 3571,
        "gvol_acu": "GV publiziert; Aufteilung Demo",
        "gastw": 3,
        "gastw_og": 2,
        "gastw_ug": 1,
        "gastw_acu": "Demo-Schätzung",
        "larea_ggf": 976,
        "larea_gsf": 6300,
        "larea_uf": 5324,
        "larea_acu": "Demo-Perimeter, nicht AV",
        "rics_gea": 2928,
        "rics_gia": 2738,
        "rics_nia": 1797,
        "rics_standard": "RICS Code of Measuring Practice, 6th edition (2015)",
        "objectid": 11,
        "etl_ts": "2026-09-22T00:00:00Z",
        "img_url": [
          "../assets/portfolio/washington-1.jpg",
          "../assets/portfolio/washington-2.jpg",
          "../assets/portfolio/washington-3.jpg"
        ],
        "photos": [
          {
            "url": "../assets/portfolio/washington-1.jpg",
            "alt": "Schweizer Botschaft Washington – Kanzlei – Aussenansicht",
            "credit": "© Paola Corsini",
            "source": "https://www.bbl.admin.ch/de/mediendatenbank",
            "scene": "exterior",
            "mediaIndex": 1,
            "kind": "public-source-photo",
            "rights": "Copyright retained by credited photographer; publicly accessible BBL source, no open licence asserted. Not covered by repository MIT licence.",
            "originalUrl": "https://prod-bbladminch-hcms-sdweb.imgix.net/dam/de/sd-web/7tGIMcCF5Mc-/Washington_USA_Botschaft_01.jpg?w=1024&auto=format"
          },
          {
            "url": "../assets/portfolio/washington-2.jpg",
            "alt": "Schweizer Botschaft Washington – Kanzlei – Aussenansicht",
            "credit": "© Paola Corsini",
            "source": "https://www.bbl.admin.ch/de/mediendatenbank",
            "scene": "exterior",
            "mediaIndex": 2,
            "kind": "public-source-photo",
            "rights": "Copyright retained by credited photographer; publicly accessible BBL source, no open licence asserted. Not covered by repository MIT licence.",
            "originalUrl": "https://prod-bbladminch-hcms-sdweb.imgix.net/dam/de/sd-web/lIsKQe-4YYEg/Washington_USA_Botschaft_02.jpg?w=1024&auto=format"
          },
          {
            "url": "../assets/portfolio/washington-3.jpg",
            "alt": "Schweizer Botschaft Washington – Kanzlei – Innenansicht",
            "credit": "© Paola Corsini",
            "source": "https://www.bbl.admin.ch/de/mediendatenbank",
            "scene": "interior",
            "mediaIndex": 7,
            "kind": "public-source-photo",
            "rights": "Copyright retained by credited photographer; publicly accessible BBL source, no open licence asserted. Not covered by repository MIT licence.",
            "originalUrl": "https://prod-bbladminch-hcms-sdweb.imgix.net/dam/de/sd-web/e5nsu4z5Dwwa/Washington_USA_Botschaft_07.jpg?w=1024&auto=format"
          }
        ],
        "provenance": {
          "dataset": "bbl-public-portfolio-demo",
          "asOf": "2026-09-22",
          "notOfficialInventory": true,
          "factSources": {
            "identity": "https://www.bbl.admin.ch/de/mediendatenbank",
            "address": "https://www.bbl.admin.ch/dam/de/sd-web/blTPOkHhPlZE/20220901_Washington%20DC%2C%20USA%2C%20Sanierung%20der%20Kanzlei_DE.pdf",
            "coordinates": "https://nominatim.openstreetmap.org/search?q=2900+Cathedral+Avenue+NW+Washington+USA&format=jsonv2&limit=3&addressdetails=1",
            "constructionYear": "https://www.bbl.admin.ch/dam/de/sd-web/blTPOkHhPlZE/20220901_Washington%20DC%2C%20USA%2C%20Sanierung%20der%20Kanzlei_DE.pdf",
            "lastRefurbishmentYear": "https://www.bbl.admin.ch/dam/de/sd-web/blTPOkHhPlZE/20220901_Washington%20DC%2C%20USA%2C%20Sanierung%20der%20Kanzlei_DE.pdf"
          },
          "geocoding": {
            "provider": "OpenStreetMap Nominatim",
            "sourceUrl": "https://nominatim.openstreetmap.org/search?q=2900+Cathedral+Avenue+NW+Washington+USA&format=jsonv2&limit=3&addressdetails=1",
            "retrievedAt": "2026-09-22",
            "reviewed": true,
            "precision": "building-or-site-centroid",
            "indicativeUncertaintyMetres": 50,
            "matchedAddress": "Embassy of Switzerland, 2900, Cathedral Avenue Northwest, Woodley Park, Ward 3, Washington, District of Columbia, 20008, United States",
            "note": "Public address / site locator, not a cadastral or survey point.",
            "osmUrl": "https://www.openstreetmap.org/node/819092453"
          },
          "scope": "Chancery only; excludes the ambassador residence and the rest of the campus.",
          "publishedMeasurements": {
            "GF": 2928,
            "GV": 10712,
            "standard": "SIA 416:2003",
            "referenceYear": 2022,
            "page": 1,
            "sourceUrl": "https://www.bbl.admin.ch/dam/de/sd-web/blTPOkHhPlZE/20220901_Washington%20DC%2C%20USA%2C%20Sanierung%20der%20Kanzlei_DE.pdf"
          },
          "cadastre": null,
          "syntheticFields": [
            "inventoryIds",
            "ownershipScenario",
            "statusScenario",
            "valuations",
            "SIA area breakdown",
            "RICS measurements",
            "storeySplit",
            "landcoverGeometry",
            "energySystems",
            "parking",
            "contacts",
            "costs",
            "contracts",
            "assets",
            "mockDocuments",
            "parcelGeometry"
          ],
          "unknownFieldsLeftNull": [
            "zoning",
            "energyCertificate",
            "buildingPermitDate",
            "heritageRegisterNumber",
            "EGID",
            "EGRID"
          ],
          "notice": "Standort öffentlich belegt. Publizierte GF/GV separat belegt; übrige Gebäudebemessungen und Betriebsdaten sind Demowerte. Grundstück schematisch.",
          "referenceData": {
            "catalogVersion": "55",
            "classificationAssignments": "Demo assignments to catalogue codes; not confirmed SAP master data.",
            "physicalStatus": null
          }
        },
        "demoRelatedRecords": {
          "areaMeasurements": [
            {
              "buildingIds": [
                "9900/9010/AA"
              ],
              "validFrom": "2022-01-01T00:00:00Z",
              "validUntil": null,
              "areaMeasurementId": "b3bec291-76aa-5cd9-8cb4-b58979312338",
              "type": "Geschossfläche GF",
              "value": 2928,
              "unit": "m²",
              "bmEstimation": null,
              "accuracy": "Unbekannt",
              "accuracyCode": "UNBEKANNT",
              "standard": "SIA 416",
              "standardCode": "SIA_416",
              "legacyId": "DEMO-9010-GF",
              "extensionData": {
                "code": "GF",
                "standardDetail": "SIA 416:2003",
                "dataStatus": "published-source",
                "source": "BBL Bautendokumentation 2022, S. 1",
                "sourceUrl": "https://www.bbl.admin.ch/dam/de/sd-web/blTPOkHhPlZE/20220901_Washington%20DC%2C%20USA%2C%20Sanierung%20der%20Kanzlei_DE.pdf",
                "scope": "Chancery only; excludes the ambassador residence and the rest of the campus.",
                "originalUnit": "m²",
                "assumption": null
              }
            },
            {
              "buildingIds": [
                "9900/9010/AA"
              ],
              "validFrom": "2026-09-22T00:00:00Z",
              "validUntil": null,
              "areaMeasurementId": "e9f28c80-bf5e-5cf7-bb98-74b6424d692f",
              "type": "Geschossfläche oberirdisch",
              "value": 1952,
              "unit": "m²",
              "bmEstimation": true,
              "accuracy": "Geschätzt",
              "accuracyCode": "GESCHAETZT",
              "standard": "SIA 416",
              "standardCode": "SIA_416",
              "legacyId": "DEMO-9010-GFO",
              "extensionData": {
                "code": "GFO",
                "standardDetail": "SIA 416:2003",
                "dataStatus": "synthetic-demo",
                "source": "Plausibles Demo-Szenario",
                "sourceUrl": null,
                "scope": "Chancery only; excludes the ambassador residence and the rest of the campus.",
                "originalUnit": "m²",
                "assumption": "Independently modelled measurement basis; no certified survey or universal SIA/RICS conversion."
              }
            },
            {
              "buildingIds": [
                "9900/9010/AA"
              ],
              "validFrom": "2026-09-22T00:00:00Z",
              "validUntil": null,
              "areaMeasurementId": "11b6f206-12a2-5fc7-b4dc-9c0144b14cb6",
              "type": "Geschossfläche unterirdisch",
              "value": 976,
              "unit": "m²",
              "bmEstimation": true,
              "accuracy": "Geschätzt",
              "accuracyCode": "GESCHAETZT",
              "standard": "SIA 416",
              "standardCode": "SIA_416",
              "legacyId": "DEMO-9010-GFU",
              "extensionData": {
                "code": "GFU",
                "standardDetail": "SIA 416:2003",
                "dataStatus": "synthetic-demo",
                "source": "Plausibles Demo-Szenario",
                "sourceUrl": null,
                "scope": "Chancery only; excludes the ambassador residence and the rest of the campus.",
                "originalUnit": "m²",
                "assumption": "Independently modelled measurement basis; no certified survey or universal SIA/RICS conversion."
              }
            },
            {
              "buildingIds": [
                "9900/9010/AA"
              ],
              "validFrom": "2026-09-22T00:00:00Z",
              "validUntil": null,
              "areaMeasurementId": "f3a4e795-4b8a-5ef0-ad4d-cc9c0d3fa842",
              "type": "Konstruktionsfläche KF",
              "value": 513,
              "unit": "m²",
              "bmEstimation": true,
              "accuracy": "Geschätzt",
              "accuracyCode": "GESCHAETZT",
              "standard": "SIA 416",
              "standardCode": "SIA_416",
              "legacyId": "DEMO-9010-KF",
              "extensionData": {
                "code": "KF",
                "standardDetail": "SIA 416:2003",
                "dataStatus": "synthetic-demo",
                "source": "Plausibles Demo-Szenario",
                "sourceUrl": null,
                "scope": "Chancery only; excludes the ambassador residence and the rest of the campus.",
                "originalUnit": "m²",
                "assumption": "Independently modelled measurement basis; no certified survey or universal SIA/RICS conversion."
              }
            },
            {
              "buildingIds": [
                "9900/9010/AA"
              ],
              "validFrom": "2026-09-22T00:00:00Z",
              "validUntil": null,
              "areaMeasurementId": "38675ac1-7816-575f-8c1a-a7550dadf93e",
              "type": "Nettogeschossfläche NGF",
              "value": 2415,
              "unit": "m²",
              "bmEstimation": true,
              "accuracy": "Geschätzt",
              "accuracyCode": "GESCHAETZT",
              "standard": "SIA 416",
              "standardCode": "SIA_416",
              "legacyId": "DEMO-9010-NGF",
              "extensionData": {
                "code": "NGF",
                "standardDetail": "SIA 416:2003",
                "dataStatus": "synthetic-demo",
                "source": "Plausibles Demo-Szenario",
                "sourceUrl": null,
                "scope": "Chancery only; excludes the ambassador residence and the rest of the campus.",
                "originalUnit": "m²",
                "assumption": "Independently modelled measurement basis; no certified survey or universal SIA/RICS conversion."
              }
            },
            {
              "buildingIds": [
                "9900/9010/AA"
              ],
              "validFrom": "2026-09-22T00:00:00Z",
              "validUntil": null,
              "areaMeasurementId": "691a864d-185f-578e-a57a-0436f9105d61",
              "type": "Nutzfläche NF",
              "value": 1932,
              "unit": "m²",
              "bmEstimation": true,
              "accuracy": "Geschätzt",
              "accuracyCode": "GESCHAETZT",
              "standard": "SIA 416",
              "standardCode": "SIA_416",
              "legacyId": "DEMO-9010-NF",
              "extensionData": {
                "code": "NF",
                "standardDetail": "SIA 416:2003",
                "dataStatus": "synthetic-demo",
                "source": "Plausibles Demo-Szenario",
                "sourceUrl": null,
                "scope": "Chancery only; excludes the ambassador residence and the rest of the campus.",
                "originalUnit": "m²",
                "assumption": "Independently modelled measurement basis; no certified survey or universal SIA/RICS conversion."
              }
            },
            {
              "buildingIds": [
                "9900/9010/AA"
              ],
              "validFrom": "2026-09-22T00:00:00Z",
              "validUntil": null,
              "areaMeasurementId": "6901e2bd-985f-5132-a341-5726fc9f2056",
              "type": "Hauptnutzfläche HNF",
              "value": 1623,
              "unit": "m²",
              "bmEstimation": true,
              "accuracy": "Geschätzt",
              "accuracyCode": "GESCHAETZT",
              "standard": "SIA 416",
              "standardCode": "SIA_416",
              "legacyId": "DEMO-9010-HNF",
              "extensionData": {
                "code": "HNF",
                "standardDetail": "SIA 416:2003",
                "dataStatus": "synthetic-demo",
                "source": "Plausibles Demo-Szenario",
                "sourceUrl": null,
                "scope": "Chancery only; excludes the ambassador residence and the rest of the campus.",
                "originalUnit": "m²",
                "assumption": "Independently modelled measurement basis; no certified survey or universal SIA/RICS conversion."
              }
            },
            {
              "buildingIds": [
                "9900/9010/AA"
              ],
              "validFrom": "2026-09-22T00:00:00Z",
              "validUntil": null,
              "areaMeasurementId": "5b306752-0793-5cfb-9a1d-af3deb6ecc3e",
              "type": "Nebennutzfläche NNF",
              "value": 309,
              "unit": "m²",
              "bmEstimation": true,
              "accuracy": "Geschätzt",
              "accuracyCode": "GESCHAETZT",
              "standard": "SIA 416",
              "standardCode": "SIA_416",
              "legacyId": "DEMO-9010-NNF",
              "extensionData": {
                "code": "NNF",
                "standardDetail": "SIA 416:2003",
                "dataStatus": "synthetic-demo",
                "source": "Plausibles Demo-Szenario",
                "sourceUrl": null,
                "scope": "Chancery only; excludes the ambassador residence and the rest of the campus.",
                "originalUnit": "m²",
                "assumption": "Independently modelled measurement basis; no certified survey or universal SIA/RICS conversion."
              }
            },
            {
              "buildingIds": [
                "9900/9010/AA"
              ],
              "validFrom": "2026-09-22T00:00:00Z",
              "validUntil": null,
              "areaMeasurementId": "e7d5ebdf-8cc3-553b-b4d1-484f677cd594",
              "type": "Funktionsfläche FF",
              "value": 102,
              "unit": "m²",
              "bmEstimation": true,
              "accuracy": "Geschätzt",
              "accuracyCode": "GESCHAETZT",
              "standard": "SIA 416",
              "standardCode": "SIA_416",
              "legacyId": "DEMO-9010-FF",
              "extensionData": {
                "code": "FF",
                "standardDetail": "SIA 416:2003",
                "dataStatus": "synthetic-demo",
                "source": "Plausibles Demo-Szenario",
                "sourceUrl": null,
                "scope": "Chancery only; excludes the ambassador residence and the rest of the campus.",
                "originalUnit": "m²",
                "assumption": "Independently modelled measurement basis; no certified survey or universal SIA/RICS conversion."
              }
            },
            {
              "buildingIds": [
                "9900/9010/AA"
              ],
              "validFrom": "2026-09-22T00:00:00Z",
              "validUntil": null,
              "areaMeasurementId": "a7d9fec1-a917-559e-984b-de40919aa972",
              "type": "Verkehrsfläche VF",
              "value": 381,
              "unit": "m²",
              "bmEstimation": true,
              "accuracy": "Geschätzt",
              "accuracyCode": "GESCHAETZT",
              "standard": "SIA 416",
              "standardCode": "SIA_416",
              "legacyId": "DEMO-9010-VF",
              "extensionData": {
                "code": "VF",
                "standardDetail": "SIA 416:2003",
                "dataStatus": "synthetic-demo",
                "source": "Plausibles Demo-Szenario",
                "sourceUrl": null,
                "scope": "Chancery only; excludes the ambassador residence and the rest of the campus.",
                "originalUnit": "m²",
                "assumption": "Independently modelled measurement basis; no certified survey or universal SIA/RICS conversion."
              }
            },
            {
              "buildingIds": [
                "9900/9010/AA"
              ],
              "validFrom": "2022-01-01T00:00:00Z",
              "validUntil": null,
              "areaMeasurementId": "667e2e64-fa8f-5d3d-8f57-e0ee7196c269",
              "type": "Gebäudevolumen GV",
              "value": 10712,
              "unit": "m³",
              "bmEstimation": null,
              "accuracy": "Unbekannt",
              "accuracyCode": "UNBEKANNT",
              "standard": "SIA 416",
              "standardCode": "SIA_416",
              "legacyId": "DEMO-9010-GV",
              "extensionData": {
                "code": "GV",
                "standardDetail": "SIA 416:2003",
                "dataStatus": "published-source",
                "source": "BBL Bautendokumentation 2022, S. 1",
                "sourceUrl": "https://www.bbl.admin.ch/dam/de/sd-web/blTPOkHhPlZE/20220901_Washington%20DC%2C%20USA%2C%20Sanierung%20der%20Kanzlei_DE.pdf",
                "scope": "Chancery only; excludes the ambassador residence and the rest of the campus.",
                "originalUnit": "m³",
                "assumption": null
              }
            },
            {
              "buildingIds": [
                "9900/9010/AA"
              ],
              "validFrom": "2026-09-22T00:00:00Z",
              "validUntil": null,
              "areaMeasurementId": "26a25179-10d3-57e2-8552-9d4fc334a073",
              "type": "Gebäudevolumen oberirdisch",
              "value": 7141,
              "unit": "m³",
              "bmEstimation": true,
              "accuracy": "Geschätzt",
              "accuracyCode": "GESCHAETZT",
              "standard": "SIA 416",
              "standardCode": "SIA_416",
              "legacyId": "DEMO-9010-GVO",
              "extensionData": {
                "code": "GVO",
                "standardDetail": "SIA 416:2003",
                "dataStatus": "synthetic-demo",
                "source": "Plausibles Demo-Szenario",
                "sourceUrl": null,
                "scope": "Chancery only; excludes the ambassador residence and the rest of the campus.",
                "originalUnit": "m³",
                "assumption": "Independently modelled measurement basis; no certified survey or universal SIA/RICS conversion."
              }
            },
            {
              "buildingIds": [
                "9900/9010/AA"
              ],
              "validFrom": "2026-09-22T00:00:00Z",
              "validUntil": null,
              "areaMeasurementId": "31950af0-1081-5609-9790-8a151cd9a019",
              "type": "Gebäudevolumen unterirdisch",
              "value": 3571,
              "unit": "m³",
              "bmEstimation": true,
              "accuracy": "Geschätzt",
              "accuracyCode": "GESCHAETZT",
              "standard": "SIA 416",
              "standardCode": "SIA_416",
              "legacyId": "DEMO-9010-GVU",
              "extensionData": {
                "code": "GVU",
                "standardDetail": "SIA 416:2003",
                "dataStatus": "synthetic-demo",
                "source": "Plausibles Demo-Szenario",
                "sourceUrl": null,
                "scope": "Chancery only; excludes the ambassador residence and the rest of the campus.",
                "originalUnit": "m³",
                "assumption": "Independently modelled measurement basis; no certified survey or universal SIA/RICS conversion."
              }
            },
            {
              "buildingIds": [
                "9900/9010/AA"
              ],
              "validFrom": "2026-09-22T00:00:00Z",
              "validUntil": null,
              "areaMeasurementId": "848a6bb3-71f6-5011-832f-89917c2add6f",
              "type": "Grundstücksfläche GSF",
              "value": 6300,
              "unit": "m²",
              "bmEstimation": true,
              "accuracy": "Geschätzt",
              "accuracyCode": "GESCHAETZT",
              "standard": "SIA 416",
              "standardCode": "SIA_416",
              "legacyId": "DEMO-9010-GSF",
              "extensionData": {
                "code": "GSF",
                "standardDetail": "SIA 416:2003",
                "dataStatus": "synthetic-demo",
                "source": "Plausibles Demo-Szenario",
                "sourceUrl": null,
                "scope": "Chancery only; excludes the ambassador residence and the rest of the campus.",
                "originalUnit": "m²",
                "assumption": "Independently modelled measurement basis; no certified survey or universal SIA/RICS conversion."
              }
            },
            {
              "buildingIds": [
                "9900/9010/AA"
              ],
              "validFrom": "2026-09-22T00:00:00Z",
              "validUntil": null,
              "areaMeasurementId": "dccf4037-a7d6-5a0a-be41-e3ce954d37dc",
              "type": "Gebäudegrundfläche GGF",
              "value": 976,
              "unit": "m²",
              "bmEstimation": true,
              "accuracy": "Geschätzt",
              "accuracyCode": "GESCHAETZT",
              "standard": "SIA 416",
              "standardCode": "SIA_416",
              "legacyId": "DEMO-9010-GGF",
              "extensionData": {
                "code": "GGF",
                "standardDetail": "SIA 416:2003",
                "dataStatus": "synthetic-demo",
                "source": "Plausibles Demo-Szenario",
                "sourceUrl": null,
                "scope": "Chancery only; excludes the ambassador residence and the rest of the campus.",
                "originalUnit": "m²",
                "assumption": "Independently modelled measurement basis; no certified survey or universal SIA/RICS conversion."
              }
            },
            {
              "buildingIds": [
                "9900/9010/AA"
              ],
              "validFrom": "2026-09-22T00:00:00Z",
              "validUntil": null,
              "areaMeasurementId": "f1f5ea57-67df-5295-9774-091f5342d56e",
              "type": "Umgebungsfläche UF",
              "value": 5324,
              "unit": "m²",
              "bmEstimation": true,
              "accuracy": "Geschätzt",
              "accuracyCode": "GESCHAETZT",
              "standard": "SIA 416",
              "standardCode": "SIA_416",
              "legacyId": "DEMO-9010-UF",
              "extensionData": {
                "code": "UF",
                "standardDetail": "SIA 416:2003",
                "dataStatus": "synthetic-demo",
                "source": "Plausibles Demo-Szenario",
                "sourceUrl": null,
                "scope": "Chancery only; excludes the ambassador residence and the rest of the campus.",
                "originalUnit": "m²",
                "assumption": "Independently modelled measurement basis; no certified survey or universal SIA/RICS conversion."
              }
            },
            {
              "buildingIds": [
                "9900/9010/AA"
              ],
              "validFrom": "2026-09-22T00:00:00Z",
              "validUntil": null,
              "areaMeasurementId": "40da9cff-808e-50b2-a880-1d51ecd0117d",
              "type": "Gross External Area (GEA)",
              "value": 2928,
              "unit": "m²",
              "bmEstimation": true,
              "accuracy": "Geschätzt",
              "accuracyCode": "GESCHAETZT",
              "standard": "Andere dokumentierte Regel",
              "standardCode": "ANDERE_REGEL",
              "legacyId": "DEMO-9010-GEA",
              "extensionData": {
                "code": "GEA",
                "standardDetail": "RICS Code of Measuring Practice, 6th edition (2015)",
                "dataStatus": "synthetic-demo",
                "source": "Plausibles Demo-Szenario",
                "sourceUrl": null,
                "scope": "Chancery only; excludes the ambassador residence and the rest of the campus.",
                "originalUnit": "m²",
                "assumption": "Independently modelled measurement basis; no certified survey or universal SIA/RICS conversion."
              }
            },
            {
              "buildingIds": [
                "9900/9010/AA"
              ],
              "validFrom": "2026-09-22T00:00:00Z",
              "validUntil": null,
              "areaMeasurementId": "ca6c4a62-6b14-5ba4-b22b-9cfd2c0bea23",
              "type": "Gross Internal Area (GIA)",
              "value": 2738,
              "unit": "m²",
              "bmEstimation": true,
              "accuracy": "Geschätzt",
              "accuracyCode": "GESCHAETZT",
              "standard": "Andere dokumentierte Regel",
              "standardCode": "ANDERE_REGEL",
              "legacyId": "DEMO-9010-GIA",
              "extensionData": {
                "code": "GIA",
                "standardDetail": "RICS Code of Measuring Practice, 6th edition (2015)",
                "dataStatus": "synthetic-demo",
                "source": "Plausibles Demo-Szenario",
                "sourceUrl": null,
                "scope": "Chancery only; excludes the ambassador residence and the rest of the campus.",
                "originalUnit": "m²",
                "assumption": "Independently modelled measurement basis; no certified survey or universal SIA/RICS conversion."
              }
            },
            {
              "buildingIds": [
                "9900/9010/AA"
              ],
              "validFrom": "2026-09-22T00:00:00Z",
              "validUntil": null,
              "areaMeasurementId": "343d3001-de10-5b98-9102-4de0d3d93bd4",
              "type": "Net Internal Area (NIA)",
              "value": 1797,
              "unit": "m²",
              "bmEstimation": true,
              "accuracy": "Geschätzt",
              "accuracyCode": "GESCHAETZT",
              "standard": "Andere dokumentierte Regel",
              "standardCode": "ANDERE_REGEL",
              "legacyId": "DEMO-9010-NIA",
              "extensionData": {
                "code": "NIA",
                "standardDetail": "RICS Code of Measuring Practice, 6th edition (2015)",
                "dataStatus": "synthetic-demo",
                "source": "Plausibles Demo-Szenario",
                "sourceUrl": null,
                "scope": "Chancery only; excludes the ambassador residence and the rest of the campus.",
                "originalUnit": "m²",
                "assumption": "Independently modelled measurement basis; no certified survey or universal SIA/RICS conversion."
              }
            }
          ],
          "documents": [
            {
              "buildingIds": [
                "9900/9010/AA"
              ],
              "validFrom": null,
              "validUntil": null,
              "documentId": "7e3eadf6-0cbb-545d-8f9b-ac8b8eb96766",
              "name": "BBL Bautendokumentation – Schweizer Botschaft Washington – Kanzlei",
              "type": "Publikation",
              "documentTypeCode": "O12001",
              "fileFormat": "PDF",
              "fileSize": "7.40 MB",
              "url": "https://www.bbl.admin.ch/dam/de/sd-web/blTPOkHhPlZE/20220901_Washington%20DC%2C%20USA%2C%20Sanierung%20der%20Kanzlei_DE.pdf",
              "description": "Öffentliche BBL-Publikation; historischer Projektstand.",
              "version": "Publizierte Fassung",
              "legacyId": "DEMO-9010-O12001",
              "extensionData": {
                "dataStatus": "public-source",
                "availability": "external-publication",
                "catalogue": "KBOB/IPB Anhang C, Version 2016-01",
                "catalogueUrl": "https://www.kbob.admin.ch/dam/de/sd-web/rVvtgYM1wFVT/20171024_KBOB-IPB_Anhang_C_-_Dokumenttypenkatalog_2016_DE.pdf",
                "documentTypeCode": "O12001"
              }
            },
            {
              "buildingIds": [
                "9900/9010/AA"
              ],
              "validFrom": "2026-09-22T00:00:00Z",
              "validUntil": null,
              "documentId": "d5ddacaf-bf8c-5db2-bac1-a77417c868dc",
              "name": "Flächen/Volumenberechnung 2026 – Schweizer Botschaft Washington – Kanzlei (Demo)",
              "type": "Flächen/Volumenberechnung",
              "documentTypeCode": "B14005",
              "fileFormat": "PDF",
              "fileSize": null,
              "url": null,
              "description": "Fiktiver Dokumentregistereintrag; keine Originaldatei vorhanden.",
              "version": "0.1 Demo",
              "legacyId": "DEMO-9010-B14005",
              "extensionData": {
                "dataStatus": "synthetic-demo",
                "availability": "metadata-only",
                "catalogue": "KBOB/IPB Anhang C, Version 2016-01",
                "catalogueUrl": "https://www.kbob.admin.ch/dam/de/sd-web/rVvtgYM1wFVT/20171024_KBOB-IPB_Anhang_C_-_Dokumenttypenkatalog_2016_DE.pdf",
                "documentTypeCode": "B14005"
              }
            },
            {
              "buildingIds": [
                "9900/9010/AA"
              ],
              "validFrom": "2026-09-22T00:00:00Z",
              "validUntil": null,
              "documentId": "304f0c24-ce27-5c63-8110-d02a4a18929a",
              "name": "Wartungsplan 2026 – Schweizer Botschaft Washington – Kanzlei (Demo)",
              "type": "Wartungsplan",
              "documentTypeCode": "O07003",
              "fileFormat": "PDF",
              "fileSize": null,
              "url": null,
              "description": "Fiktiver Dokumentregistereintrag; keine Originaldatei vorhanden.",
              "version": "0.1 Demo",
              "legacyId": "DEMO-9010-O07003",
              "extensionData": {
                "dataStatus": "synthetic-demo",
                "availability": "metadata-only",
                "catalogue": "KBOB/IPB Anhang C, Version 2016-01",
                "catalogueUrl": "https://www.kbob.admin.ch/dam/de/sd-web/rVvtgYM1wFVT/20171024_KBOB-IPB_Anhang_C_-_Dokumenttypenkatalog_2016_DE.pdf",
                "documentTypeCode": "O07003"
              }
            },
            {
              "buildingIds": [
                "9900/9010/AA"
              ],
              "validFrom": "2026-09-22T00:00:00Z",
              "validUntil": null,
              "documentId": "09e83e0b-20e0-56c8-a596-ee94d31b26ac",
              "name": "Betriebsführungshandbuch 2026 – Schweizer Botschaft Washington – Kanzlei (Demo)",
              "type": "Betriebsführungshandbuch",
              "documentTypeCode": "O03001",
              "fileFormat": "PDF",
              "fileSize": null,
              "url": null,
              "description": "Fiktiver Dokumentregistereintrag; keine Originaldatei vorhanden.",
              "version": "0.1 Demo",
              "legacyId": "DEMO-9010-O03001",
              "extensionData": {
                "dataStatus": "synthetic-demo",
                "availability": "metadata-only",
                "catalogue": "KBOB/IPB Anhang C, Version 2016-01",
                "catalogueUrl": "https://www.kbob.admin.ch/dam/de/sd-web/rVvtgYM1wFVT/20171024_KBOB-IPB_Anhang_C_-_Dokumenttypenkatalog_2016_DE.pdf",
                "documentTypeCode": "O03001"
              }
            },
            {
              "buildingIds": [
                "9900/9010/AA"
              ],
              "validFrom": "2026-09-22T00:00:00Z",
              "validUntil": null,
              "documentId": "629d8988-379c-5d53-b4a5-2c08aa3ba40a",
              "name": "Kostenstatistik 2026 – Schweizer Botschaft Washington – Kanzlei (Demo)",
              "type": "Kostenstatistik",
              "documentTypeCode": "B14102",
              "fileFormat": "PDF",
              "fileSize": null,
              "url": null,
              "description": "Fiktiver Dokumentregistereintrag; keine Originaldatei vorhanden.",
              "version": "0.1 Demo",
              "legacyId": "DEMO-9010-B14102",
              "extensionData": {
                "dataStatus": "synthetic-demo",
                "availability": "metadata-only",
                "catalogue": "KBOB/IPB Anhang C, Version 2016-01",
                "catalogueUrl": "https://www.kbob.admin.ch/dam/de/sd-web/rVvtgYM1wFVT/20171024_KBOB-IPB_Anhang_C_-_Dokumenttypenkatalog_2016_DE.pdf",
                "documentTypeCode": "B14102"
              }
            },
            {
              "buildingIds": [
                "9900/9010/AA"
              ],
              "validFrom": "2026-09-22T00:00:00Z",
              "validUntil": null,
              "documentId": "5b7c3246-9975-5bfb-9129-adaeb25ecd46",
              "name": "Energiestatistik 2026 – Schweizer Botschaft Washington – Kanzlei (Demo)",
              "type": "Energiestatistik",
              "documentTypeCode": "B14103",
              "fileFormat": "PDF",
              "fileSize": null,
              "url": null,
              "description": "Fiktiver Dokumentregistereintrag; keine Originaldatei vorhanden.",
              "version": "0.1 Demo",
              "legacyId": "DEMO-9010-B14103",
              "extensionData": {
                "dataStatus": "synthetic-demo",
                "availability": "metadata-only",
                "catalogue": "KBOB/IPB Anhang C, Version 2016-01",
                "catalogueUrl": "https://www.kbob.admin.ch/dam/de/sd-web/rVvtgYM1wFVT/20171024_KBOB-IPB_Anhang_C_-_Dokumenttypenkatalog_2016_DE.pdf",
                "documentTypeCode": "B14103"
              }
            }
          ],
          "contacts": [
            {
              "buildingIds": [
                "9900/9010/AA"
              ],
              "validFrom": "2026-09-22T00:00:00Z",
              "validUntil": null,
              "contactId": "fce26ce1-81b1-5d3a-8152-da722aa87b15",
              "name": "Lea Vogt (Demo)",
              "role": "Objektverantwortung",
              "organisation": "Portfolio Team (Demo)",
              "phone": null,
              "email": "washington.1@example.invalid",
              "isPrimary": true,
              "legacyId": "DEMO-9010-K1",
              "extensionData": {
                "dataStatus": "synthetic-demo",
                "isFictionalPerson": true
              }
            },
            {
              "buildingIds": [
                "9900/9010/AA"
              ],
              "validFrom": "2026-09-22T00:00:00Z",
              "validUntil": null,
              "contactId": "fd75b18c-3a07-5212-bb6c-93b4295e31d2",
              "name": "Levin Frei (Demo)",
              "role": "Portfoliomanagement",
              "organisation": "Portfolio Team (Demo)",
              "phone": null,
              "email": "washington.2@example.invalid",
              "isPrimary": false,
              "legacyId": "DEMO-9010-K2",
              "extensionData": {
                "dataStatus": "synthetic-demo",
                "isFictionalPerson": true
              }
            },
            {
              "buildingIds": [
                "9900/9010/AA"
              ],
              "validFrom": "2026-09-22T00:00:00Z",
              "validUntil": null,
              "contactId": "39974be0-1a40-57c7-9ac4-412c7b21726d",
              "name": "Lina Birchler (Demo)",
              "role": "Facility Management",
              "organisation": "Arealservice Muster AG (fiktiv)",
              "phone": null,
              "email": "washington.3@example.invalid",
              "isPrimary": false,
              "legacyId": "DEMO-9010-K3",
              "extensionData": {
                "dataStatus": "synthetic-demo",
                "isFictionalPerson": true
              }
            }
          ],
          "costs": [
            {
              "costId": "ef985005-6263-523e-b92a-2c13edda7662",
              "buildingIds": [
                "9900/9010/AA"
              ],
              "costGroup": "23",
              "costType": "Elektroanlagen",
              "amount": 505100,
              "unit": "CHF",
              "currency": "CHF",
              "period": "Einmalig",
              "referenceDate": "2026-09-22T00:00:00Z",
              "legacyId": "DEMO-9010-C1",
              "extensionData": {
                "dataStatus": "synthetic-demo",
                "budgetYear": 2026,
                "costCenter": "DEMO-9010",
                "classification": "BKP",
                "standard": "SN 506 500:2017",
                "classificationSourceUrl": "https://www.crb.ch/de/normen-standards/baukostenplane/baukostenplan-bkp",
                "groupSourceUrl": "https://www.stadt-zuerich.ch/content/dam/web/de/politik-verwaltung/statistik-und-daten/publikationen-dienstleistungen/publikationen/periodika/zuercher-index-der-wohnbaupreise/ZIW_2019_Web.pdf",
                "project": "Erneuerung Gebäudetechnik und Innenausbau (Demo)",
                "scope": "Selected BKP work packages only; not a complete project budget or actual BBL project.",
                "basis": "Invented one-off CHF scenario, excluding VAT; not actual expenditure, a cost benchmark or FX conversion.",
                "rateCHFPerGF": 172.5,
                "quantityGF": 2928
              }
            },
            {
              "costId": "3a68a26f-dd33-525f-8b96-5004eb01d01b",
              "buildingIds": [
                "9900/9010/AA"
              ],
              "costGroup": "24",
              "costType": "Heizungs-, Lüftungs- und Klimaanlagen",
              "amount": 606100,
              "unit": "CHF",
              "currency": "CHF",
              "period": "Einmalig",
              "referenceDate": "2026-09-22T00:00:00Z",
              "legacyId": "DEMO-9010-C2",
              "extensionData": {
                "dataStatus": "synthetic-demo",
                "budgetYear": 2026,
                "costCenter": "DEMO-9010",
                "classification": "BKP",
                "standard": "SN 506 500:2017",
                "classificationSourceUrl": "https://www.crb.ch/de/normen-standards/baukostenplane/baukostenplan-bkp",
                "groupSourceUrl": "https://www.stadt-zuerich.ch/content/dam/web/de/politik-verwaltung/statistik-und-daten/publikationen-dienstleistungen/publikationen/periodika/zuercher-index-der-wohnbaupreise/ZIW_2019_Web.pdf",
                "project": "Erneuerung Gebäudetechnik und Innenausbau (Demo)",
                "scope": "Selected BKP work packages only; not a complete project budget or actual BBL project.",
                "basis": "Invented one-off CHF scenario, excluding VAT; not actual expenditure, a cost benchmark or FX conversion.",
                "rateCHFPerGF": 207.0,
                "quantityGF": 2928
              }
            },
            {
              "costId": "cccc6d90-af2d-5ff2-8e45-2bc475e922c1",
              "buildingIds": [
                "9900/9010/AA"
              ],
              "costGroup": "25",
              "costType": "Sanitäranlagen",
              "amount": 235700,
              "unit": "CHF",
              "currency": "CHF",
              "period": "Einmalig",
              "referenceDate": "2026-09-22T00:00:00Z",
              "legacyId": "DEMO-9010-C3",
              "extensionData": {
                "dataStatus": "synthetic-demo",
                "budgetYear": 2026,
                "costCenter": "DEMO-9010",
                "classification": "BKP",
                "standard": "SN 506 500:2017",
                "classificationSourceUrl": "https://www.crb.ch/de/normen-standards/baukostenplane/baukostenplan-bkp",
                "groupSourceUrl": "https://www.stadt-zuerich.ch/content/dam/web/de/politik-verwaltung/statistik-und-daten/publikationen-dienstleistungen/publikationen/periodika/zuercher-index-der-wohnbaupreise/ZIW_2019_Web.pdf",
                "project": "Erneuerung Gebäudetechnik und Innenausbau (Demo)",
                "scope": "Selected BKP work packages only; not a complete project budget or actual BBL project.",
                "basis": "Invented one-off CHF scenario, excluding VAT; not actual expenditure, a cost benchmark or FX conversion.",
                "rateCHFPerGF": 80.5,
                "quantityGF": 2928
              }
            },
            {
              "costId": "aae5ff31-60ae-5d9f-a3c8-84ad6a6447d7",
              "buildingIds": [
                "9900/9010/AA"
              ],
              "costGroup": "27",
              "costType": "Ausbau 1",
              "amount": 808100,
              "unit": "CHF",
              "currency": "CHF",
              "period": "Einmalig",
              "referenceDate": "2026-09-22T00:00:00Z",
              "legacyId": "DEMO-9010-C4",
              "extensionData": {
                "dataStatus": "synthetic-demo",
                "budgetYear": 2026,
                "costCenter": "DEMO-9010",
                "classification": "BKP",
                "standard": "SN 506 500:2017",
                "classificationSourceUrl": "https://www.crb.ch/de/normen-standards/baukostenplane/baukostenplan-bkp",
                "groupSourceUrl": "https://www.stadt-zuerich.ch/content/dam/web/de/politik-verwaltung/statistik-und-daten/publikationen-dienstleistungen/publikationen/periodika/zuercher-index-der-wohnbaupreise/ZIW_2019_Web.pdf",
                "project": "Erneuerung Gebäudetechnik und Innenausbau (Demo)",
                "scope": "Selected BKP work packages only; not a complete project budget or actual BBL project.",
                "basis": "Invented one-off CHF scenario, excluding VAT; not actual expenditure, a cost benchmark or FX conversion.",
                "rateCHFPerGF": 276.0,
                "quantityGF": 2928
              }
            },
            {
              "costId": "de69004d-62a9-5a23-9d1b-16c5e6f2a1d4",
              "buildingIds": [
                "9900/9010/AA"
              ],
              "costGroup": "28",
              "costType": "Ausbau 2",
              "amount": 606100,
              "unit": "CHF",
              "currency": "CHF",
              "period": "Einmalig",
              "referenceDate": "2026-09-22T00:00:00Z",
              "legacyId": "DEMO-9010-C5",
              "extensionData": {
                "dataStatus": "synthetic-demo",
                "budgetYear": 2026,
                "costCenter": "DEMO-9010",
                "classification": "BKP",
                "standard": "SN 506 500:2017",
                "classificationSourceUrl": "https://www.crb.ch/de/normen-standards/baukostenplane/baukostenplan-bkp",
                "groupSourceUrl": "https://www.stadt-zuerich.ch/content/dam/web/de/politik-verwaltung/statistik-und-daten/publikationen-dienstleistungen/publikationen/periodika/zuercher-index-der-wohnbaupreise/ZIW_2019_Web.pdf",
                "project": "Erneuerung Gebäudetechnik und Innenausbau (Demo)",
                "scope": "Selected BKP work packages only; not a complete project budget or actual BBL project.",
                "basis": "Invented one-off CHF scenario, excluding VAT; not actual expenditure, a cost benchmark or FX conversion.",
                "rateCHFPerGF": 207.0,
                "quantityGF": 2928
              }
            },
            {
              "costId": "2ef4bee8-a7e4-519f-acf2-3ef7bb86d935",
              "buildingIds": [
                "9900/9010/AA"
              ],
              "costGroup": "29",
              "costType": "Honorare",
              "amount": 404100,
              "unit": "CHF",
              "currency": "CHF",
              "period": "Einmalig",
              "referenceDate": "2026-09-22T00:00:00Z",
              "legacyId": "DEMO-9010-C6",
              "extensionData": {
                "dataStatus": "synthetic-demo",
                "budgetYear": 2026,
                "costCenter": "DEMO-9010",
                "classification": "BKP",
                "standard": "SN 506 500:2017",
                "classificationSourceUrl": "https://www.crb.ch/de/normen-standards/baukostenplane/baukostenplan-bkp",
                "groupSourceUrl": "https://www.stadt-zuerich.ch/content/dam/web/de/politik-verwaltung/statistik-und-daten/publikationen-dienstleistungen/publikationen/periodika/zuercher-index-der-wohnbaupreise/ZIW_2019_Web.pdf",
                "project": "Erneuerung Gebäudetechnik und Innenausbau (Demo)",
                "scope": "Selected BKP work packages only; not a complete project budget or actual BBL project.",
                "basis": "Invented one-off CHF scenario, excluding VAT; not actual expenditure, a cost benchmark or FX conversion.",
                "rateCHFPerGF": 138.0,
                "quantityGF": 2928
              }
            }
          ]
        }
      },
      "geometry": {
        "type": "Point",
        "coordinates": [
          -77.0579432,
          38.9286131
        ]
      }
    },
    {
      "type": "Feature",
      "properties": {
        "bbl_stat": "In Betrieb",
        "bbl_id": "9900/9011/AA",
        "bbl_buch": "9900",
        "bbl_we": "9011",
        "bbl_obj": "AA",
        "bbl_bez": "Schweizer Botschaft Singapur",
        "referenceCodes": {
          "building.ownership": "Eigentum",
          "building.portfolio": "002",
          "building.type1": "16",
          "building.type2": "16.03",
          "building.rentalModel": null,
          "building.operatingStatus": "ACTIVE",
          "building.physicalStatus": null
        },
        "gwr_stat": null,
        "adr_land": "SG",
        "adr_reg": "Singapore",
        "adr_ort": "Singapore",
        "adr_plz": "288162",
        "adr_str": "Swiss Club Link",
        "adr_hsnr": "1",
        "adr_conct": "1 Swiss Club Link, Singapore 288162",
        "wgs84_lon": 103.7896081,
        "wgs84_lat": 1.3425516,
        "lv95_e": null,
        "lv95_n": null,
        "egm_elev": null,
        "bbl_eigen": "Eigentum",
        "bbl_ostr": "Erhalten",
        "bbl_mietm": null,
        "bbl_bjahr": 1984,
        "bbl_vjahr": null,
        "bbl_port": "Ausland",
        "bbl_port2": "EDA Auslandsvertretungen",
        "bbl_awrt": 6600000,
        "bbl_bwrt": 4200000,
        "bbl_gbda1": "Gebäude im Ausland",
        "bbl_gbda2": "Ausland: Kanzleien",
        "bbl_ovtw": "Jonas Steiner (Demo)",
        "bbl_pvtw": "Nora Waldner (Demo)",
        "av_egid": null,
        "av_egrid": null,
        "bfs_gem": null,
        "bfs_gemnr": null,
        "av_zbez": null,
        "av_znut": null,
        "bbl_hist": null,
        "bbl_arch": null,
        "kgs_kat": null,
        "kgs_nr": null,
        "garea_gf": 1344,
        "garea_gfo": 672,
        "garea_gfu": 672,
        "garea_acu": "GF publiziert; Aufteilung Demo",
        "garea_ngf": 1109,
        "garea_kf": 235,
        "garea_nf": 887,
        "garea_hnf": 745,
        "garea_nnf": 142,
        "garea_ff": 47,
        "garea_vf": 175,
        "garea_vmf": null,
        "garea_ebf": null,
        "gvol_gv": 6230,
        "gvol_gvo": 3115,
        "gvol_gvu": 3115,
        "gvol_acu": "GV publiziert; Aufteilung Demo",
        "gastw": 2,
        "gastw_og": 1,
        "gastw_ug": 1,
        "gastw_acu": "Demo-Schätzung",
        "larea_ggf": 672,
        "larea_gsf": 8000,
        "larea_uf": 7328,
        "larea_acu": "Demo-Perimeter, nicht AV",
        "rics_gea": 1344,
        "rics_gia": 1257,
        "rics_nia": 825,
        "rics_standard": "RICS Code of Measuring Practice, 6th edition (2015)",
        "objectid": 12,
        "etl_ts": "2026-09-22T00:00:00Z",
        "img_url": [
          "../assets/portfolio/singapore-1.jpg",
          "../assets/portfolio/singapore-2.jpg",
          "../assets/portfolio/singapore-3.jpg"
        ],
        "photos": [
          {
            "url": "../assets/portfolio/singapore-1.jpg",
            "alt": "Schweizer Botschaft Singapur – Aussenansicht",
            "credit": "© Guo Jie Khoo, Singapur",
            "source": "https://www.bbl.admin.ch/de/mediendatenbank",
            "scene": "exterior",
            "mediaIndex": 1,
            "kind": "public-source-photo",
            "rights": "Copyright retained by credited photographer; publicly accessible BBL source, no open licence asserted. Not covered by repository MIT licence.",
            "originalUrl": "https://prod-bbladminch-hcms-sdweb.imgix.net/dam/de/sd-web/4302JWv4YxRl/01%20Fotos_SES_18.jpg?w=1024&auto=format"
          },
          {
            "url": "../assets/portfolio/singapore-2.jpg",
            "alt": "Schweizer Botschaft Singapur – Innenansicht",
            "credit": "© Guo Jie Khoo, Singapur",
            "source": "https://www.bbl.admin.ch/de/mediendatenbank",
            "scene": "interior",
            "mediaIndex": 6,
            "kind": "public-source-photo",
            "rights": "Copyright retained by credited photographer; publicly accessible BBL source, no open licence asserted. Not covered by repository MIT licence.",
            "originalUrl": "https://prod-bbladminch-hcms-sdweb.imgix.net/dam/de/sd-web/kYODdmeJJ0Kl/06%20Fotos_SES_20.jpg?w=1024&auto=format"
          },
          {
            "url": "../assets/portfolio/singapore-3.jpg",
            "alt": "Schweizer Botschaft Singapur – Innenansicht",
            "credit": "© Guo Jie Khoo, Singapur",
            "source": "https://www.bbl.admin.ch/de/mediendatenbank",
            "scene": "interior",
            "mediaIndex": 9,
            "kind": "public-source-photo",
            "rights": "Copyright retained by credited photographer; publicly accessible BBL source, no open licence asserted. Not covered by repository MIT licence.",
            "originalUrl": "https://prod-bbladminch-hcms-sdweb.imgix.net/dam/de/sd-web/UrEcHWDv9rn3/09%20Fotos_SES_08.jpg?w=1024&auto=format"
          }
        ],
        "provenance": {
          "dataset": "bbl-public-portfolio-demo",
          "asOf": "2026-09-22",
          "notOfficialInventory": true,
          "factSources": {
            "identity": "https://www.bbl.admin.ch/de/mediendatenbank",
            "address": "https://www.eda.admin.ch/countries/singapore/en/home/representations/embassy-singapore.html/content/contacts/en/EDAVis/S/106",
            "coordinates": "https://nominatim.openstreetmap.org/search?q=1+Swiss+Club+Link+Singapore&format=jsonv2&limit=3&addressdetails=1",
            "constructionYear": "https://www.bbl.admin.ch/dam/de/sd-web/0Ufbhz8I6Qgs/16_2024_Singapur%2C%20Gesamtsanierung%20und%20Erweiterung%20der%20Schweizer%20Botschaft.pdf",
            "lastRefurbishmentYear": "https://www.bbl.admin.ch/dam/de/sd-web/0Ufbhz8I6Qgs/16_2024_Singapur%2C%20Gesamtsanierung%20und%20Erweiterung%20der%20Schweizer%20Botschaft.pdf"
          },
          "geocoding": {
            "provider": "OpenStreetMap Nominatim",
            "sourceUrl": "https://nominatim.openstreetmap.org/search?q=1+Swiss+Club+Link+Singapore&format=jsonv2&limit=3&addressdetails=1",
            "retrievedAt": "2026-09-22",
            "reviewed": true,
            "precision": "building-or-site-centroid",
            "indicativeUncertaintyMetres": 50,
            "matchedAddress": "Embassy of Switzerland, 1, Swiss Club Link, Swiss Club, Bukit Timah, Central Region, Singapore, 288162, Singapore",
            "note": "Public address / site locator, not a cadastral or survey point.",
            "osmUrl": "https://www.openstreetmap.org/way/392814796"
          },
          "scope": "Publicly documented building/site; operational records and schematic parcel are demonstration assumptions.",
          "publishedMeasurements": {
            "GF": 1344,
            "GV": 6230,
            "standard": "SIA 416:2003",
            "referenceYear": 2024,
            "page": 1,
            "sourceUrl": "https://www.bbl.admin.ch/dam/de/sd-web/0Ufbhz8I6Qgs/16_2024_Singapur%2C%20Gesamtsanierung%20und%20Erweiterung%20der%20Schweizer%20Botschaft.pdf"
          },
          "cadastre": null,
          "syntheticFields": [
            "inventoryIds",
            "ownershipScenario",
            "statusScenario",
            "valuations",
            "SIA area breakdown",
            "RICS measurements",
            "storeySplit",
            "landcoverGeometry",
            "energySystems",
            "parking",
            "contacts",
            "costs",
            "contracts",
            "assets",
            "mockDocuments",
            "parcelGeometry"
          ],
          "unknownFieldsLeftNull": [
            "zoning",
            "energyCertificate",
            "buildingPermitDate",
            "heritageRegisterNumber",
            "EGID",
            "EGRID"
          ],
          "notice": "Standort öffentlich belegt. Publizierte GF/GV separat belegt; übrige Gebäudebemessungen und Betriebsdaten sind Demowerte. Grundstück schematisch.",
          "referenceData": {
            "catalogVersion": "55",
            "classificationAssignments": "Demo assignments to catalogue codes; not confirmed SAP master data.",
            "physicalStatus": null
          }
        },
        "demoRelatedRecords": {
          "areaMeasurements": [
            {
              "buildingIds": [
                "9900/9011/AA"
              ],
              "validFrom": "2024-01-01T00:00:00Z",
              "validUntil": null,
              "areaMeasurementId": "5864d297-d664-5d79-99f2-d985bb715eb2",
              "type": "Geschossfläche GF",
              "value": 1344,
              "unit": "m²",
              "bmEstimation": null,
              "accuracy": "Unbekannt",
              "accuracyCode": "UNBEKANNT",
              "standard": "SIA 416",
              "standardCode": "SIA_416",
              "legacyId": "DEMO-9011-GF",
              "extensionData": {
                "code": "GF",
                "standardDetail": "SIA 416:2003",
                "dataStatus": "published-source",
                "source": "BBL Bautendokumentation 2024, S. 1",
                "sourceUrl": "https://www.bbl.admin.ch/dam/de/sd-web/0Ufbhz8I6Qgs/16_2024_Singapur%2C%20Gesamtsanierung%20und%20Erweiterung%20der%20Schweizer%20Botschaft.pdf",
                "scope": "Publicly documented building/site; operational records and schematic parcel are demonstration assumptions.",
                "originalUnit": "m²",
                "assumption": null
              }
            },
            {
              "buildingIds": [
                "9900/9011/AA"
              ],
              "validFrom": "2026-09-22T00:00:00Z",
              "validUntil": null,
              "areaMeasurementId": "403703fa-a6fc-5460-a047-89966aaa0f76",
              "type": "Geschossfläche oberirdisch",
              "value": 672,
              "unit": "m²",
              "bmEstimation": true,
              "accuracy": "Geschätzt",
              "accuracyCode": "GESCHAETZT",
              "standard": "SIA 416",
              "standardCode": "SIA_416",
              "legacyId": "DEMO-9011-GFO",
              "extensionData": {
                "code": "GFO",
                "standardDetail": "SIA 416:2003",
                "dataStatus": "synthetic-demo",
                "source": "Plausibles Demo-Szenario",
                "sourceUrl": null,
                "scope": "Publicly documented building/site; operational records and schematic parcel are demonstration assumptions.",
                "originalUnit": "m²",
                "assumption": "Independently modelled measurement basis; no certified survey or universal SIA/RICS conversion."
              }
            },
            {
              "buildingIds": [
                "9900/9011/AA"
              ],
              "validFrom": "2026-09-22T00:00:00Z",
              "validUntil": null,
              "areaMeasurementId": "5c2101c5-ae59-5115-ae42-0ab9fd525045",
              "type": "Geschossfläche unterirdisch",
              "value": 672,
              "unit": "m²",
              "bmEstimation": true,
              "accuracy": "Geschätzt",
              "accuracyCode": "GESCHAETZT",
              "standard": "SIA 416",
              "standardCode": "SIA_416",
              "legacyId": "DEMO-9011-GFU",
              "extensionData": {
                "code": "GFU",
                "standardDetail": "SIA 416:2003",
                "dataStatus": "synthetic-demo",
                "source": "Plausibles Demo-Szenario",
                "sourceUrl": null,
                "scope": "Publicly documented building/site; operational records and schematic parcel are demonstration assumptions.",
                "originalUnit": "m²",
                "assumption": "Independently modelled measurement basis; no certified survey or universal SIA/RICS conversion."
              }
            },
            {
              "buildingIds": [
                "9900/9011/AA"
              ],
              "validFrom": "2026-09-22T00:00:00Z",
              "validUntil": null,
              "areaMeasurementId": "0b0dd854-edd0-5732-af1e-d7d9f80e9750",
              "type": "Konstruktionsfläche KF",
              "value": 235,
              "unit": "m²",
              "bmEstimation": true,
              "accuracy": "Geschätzt",
              "accuracyCode": "GESCHAETZT",
              "standard": "SIA 416",
              "standardCode": "SIA_416",
              "legacyId": "DEMO-9011-KF",
              "extensionData": {
                "code": "KF",
                "standardDetail": "SIA 416:2003",
                "dataStatus": "synthetic-demo",
                "source": "Plausibles Demo-Szenario",
                "sourceUrl": null,
                "scope": "Publicly documented building/site; operational records and schematic parcel are demonstration assumptions.",
                "originalUnit": "m²",
                "assumption": "Independently modelled measurement basis; no certified survey or universal SIA/RICS conversion."
              }
            },
            {
              "buildingIds": [
                "9900/9011/AA"
              ],
              "validFrom": "2026-09-22T00:00:00Z",
              "validUntil": null,
              "areaMeasurementId": "2b5eb243-6d86-5f09-b727-0f8f7d38b3a4",
              "type": "Nettogeschossfläche NGF",
              "value": 1109,
              "unit": "m²",
              "bmEstimation": true,
              "accuracy": "Geschätzt",
              "accuracyCode": "GESCHAETZT",
              "standard": "SIA 416",
              "standardCode": "SIA_416",
              "legacyId": "DEMO-9011-NGF",
              "extensionData": {
                "code": "NGF",
                "standardDetail": "SIA 416:2003",
                "dataStatus": "synthetic-demo",
                "source": "Plausibles Demo-Szenario",
                "sourceUrl": null,
                "scope": "Publicly documented building/site; operational records and schematic parcel are demonstration assumptions.",
                "originalUnit": "m²",
                "assumption": "Independently modelled measurement basis; no certified survey or universal SIA/RICS conversion."
              }
            },
            {
              "buildingIds": [
                "9900/9011/AA"
              ],
              "validFrom": "2026-09-22T00:00:00Z",
              "validUntil": null,
              "areaMeasurementId": "b9b418a6-a938-560d-8f5b-96a8577ce62f",
              "type": "Nutzfläche NF",
              "value": 887,
              "unit": "m²",
              "bmEstimation": true,
              "accuracy": "Geschätzt",
              "accuracyCode": "GESCHAETZT",
              "standard": "SIA 416",
              "standardCode": "SIA_416",
              "legacyId": "DEMO-9011-NF",
              "extensionData": {
                "code": "NF",
                "standardDetail": "SIA 416:2003",
                "dataStatus": "synthetic-demo",
                "source": "Plausibles Demo-Szenario",
                "sourceUrl": null,
                "scope": "Publicly documented building/site; operational records and schematic parcel are demonstration assumptions.",
                "originalUnit": "m²",
                "assumption": "Independently modelled measurement basis; no certified survey or universal SIA/RICS conversion."
              }
            },
            {
              "buildingIds": [
                "9900/9011/AA"
              ],
              "validFrom": "2026-09-22T00:00:00Z",
              "validUntil": null,
              "areaMeasurementId": "96fcef8c-a95a-5cbb-a6ac-8ba576807992",
              "type": "Hauptnutzfläche HNF",
              "value": 745,
              "unit": "m²",
              "bmEstimation": true,
              "accuracy": "Geschätzt",
              "accuracyCode": "GESCHAETZT",
              "standard": "SIA 416",
              "standardCode": "SIA_416",
              "legacyId": "DEMO-9011-HNF",
              "extensionData": {
                "code": "HNF",
                "standardDetail": "SIA 416:2003",
                "dataStatus": "synthetic-demo",
                "source": "Plausibles Demo-Szenario",
                "sourceUrl": null,
                "scope": "Publicly documented building/site; operational records and schematic parcel are demonstration assumptions.",
                "originalUnit": "m²",
                "assumption": "Independently modelled measurement basis; no certified survey or universal SIA/RICS conversion."
              }
            },
            {
              "buildingIds": [
                "9900/9011/AA"
              ],
              "validFrom": "2026-09-22T00:00:00Z",
              "validUntil": null,
              "areaMeasurementId": "83d9169e-0fb3-5b27-932e-d3789b0c975c",
              "type": "Nebennutzfläche NNF",
              "value": 142,
              "unit": "m²",
              "bmEstimation": true,
              "accuracy": "Geschätzt",
              "accuracyCode": "GESCHAETZT",
              "standard": "SIA 416",
              "standardCode": "SIA_416",
              "legacyId": "DEMO-9011-NNF",
              "extensionData": {
                "code": "NNF",
                "standardDetail": "SIA 416:2003",
                "dataStatus": "synthetic-demo",
                "source": "Plausibles Demo-Szenario",
                "sourceUrl": null,
                "scope": "Publicly documented building/site; operational records and schematic parcel are demonstration assumptions.",
                "originalUnit": "m²",
                "assumption": "Independently modelled measurement basis; no certified survey or universal SIA/RICS conversion."
              }
            },
            {
              "buildingIds": [
                "9900/9011/AA"
              ],
              "validFrom": "2026-09-22T00:00:00Z",
              "validUntil": null,
              "areaMeasurementId": "ef2c3580-63a8-5eb1-adff-ce0e86ae3522",
              "type": "Funktionsfläche FF",
              "value": 47,
              "unit": "m²",
              "bmEstimation": true,
              "accuracy": "Geschätzt",
              "accuracyCode": "GESCHAETZT",
              "standard": "SIA 416",
              "standardCode": "SIA_416",
              "legacyId": "DEMO-9011-FF",
              "extensionData": {
                "code": "FF",
                "standardDetail": "SIA 416:2003",
                "dataStatus": "synthetic-demo",
                "source": "Plausibles Demo-Szenario",
                "sourceUrl": null,
                "scope": "Publicly documented building/site; operational records and schematic parcel are demonstration assumptions.",
                "originalUnit": "m²",
                "assumption": "Independently modelled measurement basis; no certified survey or universal SIA/RICS conversion."
              }
            },
            {
              "buildingIds": [
                "9900/9011/AA"
              ],
              "validFrom": "2026-09-22T00:00:00Z",
              "validUntil": null,
              "areaMeasurementId": "217981e2-0a0c-5430-84eb-a2f02b1301d5",
              "type": "Verkehrsfläche VF",
              "value": 175,
              "unit": "m²",
              "bmEstimation": true,
              "accuracy": "Geschätzt",
              "accuracyCode": "GESCHAETZT",
              "standard": "SIA 416",
              "standardCode": "SIA_416",
              "legacyId": "DEMO-9011-VF",
              "extensionData": {
                "code": "VF",
                "standardDetail": "SIA 416:2003",
                "dataStatus": "synthetic-demo",
                "source": "Plausibles Demo-Szenario",
                "sourceUrl": null,
                "scope": "Publicly documented building/site; operational records and schematic parcel are demonstration assumptions.",
                "originalUnit": "m²",
                "assumption": "Independently modelled measurement basis; no certified survey or universal SIA/RICS conversion."
              }
            },
            {
              "buildingIds": [
                "9900/9011/AA"
              ],
              "validFrom": "2024-01-01T00:00:00Z",
              "validUntil": null,
              "areaMeasurementId": "7a44181b-1f7c-5642-9840-2b2cef195fcb",
              "type": "Gebäudevolumen GV",
              "value": 6230,
              "unit": "m³",
              "bmEstimation": null,
              "accuracy": "Unbekannt",
              "accuracyCode": "UNBEKANNT",
              "standard": "SIA 416",
              "standardCode": "SIA_416",
              "legacyId": "DEMO-9011-GV",
              "extensionData": {
                "code": "GV",
                "standardDetail": "SIA 416:2003",
                "dataStatus": "published-source",
                "source": "BBL Bautendokumentation 2024, S. 1",
                "sourceUrl": "https://www.bbl.admin.ch/dam/de/sd-web/0Ufbhz8I6Qgs/16_2024_Singapur%2C%20Gesamtsanierung%20und%20Erweiterung%20der%20Schweizer%20Botschaft.pdf",
                "scope": "Publicly documented building/site; operational records and schematic parcel are demonstration assumptions.",
                "originalUnit": "m³",
                "assumption": null
              }
            },
            {
              "buildingIds": [
                "9900/9011/AA"
              ],
              "validFrom": "2026-09-22T00:00:00Z",
              "validUntil": null,
              "areaMeasurementId": "c0172cbf-df76-5722-94c1-3562214cb86c",
              "type": "Gebäudevolumen oberirdisch",
              "value": 3115,
              "unit": "m³",
              "bmEstimation": true,
              "accuracy": "Geschätzt",
              "accuracyCode": "GESCHAETZT",
              "standard": "SIA 416",
              "standardCode": "SIA_416",
              "legacyId": "DEMO-9011-GVO",
              "extensionData": {
                "code": "GVO",
                "standardDetail": "SIA 416:2003",
                "dataStatus": "synthetic-demo",
                "source": "Plausibles Demo-Szenario",
                "sourceUrl": null,
                "scope": "Publicly documented building/site; operational records and schematic parcel are demonstration assumptions.",
                "originalUnit": "m³",
                "assumption": "Independently modelled measurement basis; no certified survey or universal SIA/RICS conversion."
              }
            },
            {
              "buildingIds": [
                "9900/9011/AA"
              ],
              "validFrom": "2026-09-22T00:00:00Z",
              "validUntil": null,
              "areaMeasurementId": "8a8d69f1-2953-570b-aa13-7cf3a797b885",
              "type": "Gebäudevolumen unterirdisch",
              "value": 3115,
              "unit": "m³",
              "bmEstimation": true,
              "accuracy": "Geschätzt",
              "accuracyCode": "GESCHAETZT",
              "standard": "SIA 416",
              "standardCode": "SIA_416",
              "legacyId": "DEMO-9011-GVU",
              "extensionData": {
                "code": "GVU",
                "standardDetail": "SIA 416:2003",
                "dataStatus": "synthetic-demo",
                "source": "Plausibles Demo-Szenario",
                "sourceUrl": null,
                "scope": "Publicly documented building/site; operational records and schematic parcel are demonstration assumptions.",
                "originalUnit": "m³",
                "assumption": "Independently modelled measurement basis; no certified survey or universal SIA/RICS conversion."
              }
            },
            {
              "buildingIds": [
                "9900/9011/AA"
              ],
              "validFrom": "2026-09-22T00:00:00Z",
              "validUntil": null,
              "areaMeasurementId": "99baa47e-0f6d-5179-b7bb-e9b7fa2ed32d",
              "type": "Grundstücksfläche GSF",
              "value": 8000,
              "unit": "m²",
              "bmEstimation": true,
              "accuracy": "Geschätzt",
              "accuracyCode": "GESCHAETZT",
              "standard": "SIA 416",
              "standardCode": "SIA_416",
              "legacyId": "DEMO-9011-GSF",
              "extensionData": {
                "code": "GSF",
                "standardDetail": "SIA 416:2003",
                "dataStatus": "synthetic-demo",
                "source": "Plausibles Demo-Szenario",
                "sourceUrl": null,
                "scope": "Publicly documented building/site; operational records and schematic parcel are demonstration assumptions.",
                "originalUnit": "m²",
                "assumption": "Independently modelled measurement basis; no certified survey or universal SIA/RICS conversion."
              }
            },
            {
              "buildingIds": [
                "9900/9011/AA"
              ],
              "validFrom": "2026-09-22T00:00:00Z",
              "validUntil": null,
              "areaMeasurementId": "53985aa4-756b-5d5c-9531-7587beec6825",
              "type": "Gebäudegrundfläche GGF",
              "value": 672,
              "unit": "m²",
              "bmEstimation": true,
              "accuracy": "Geschätzt",
              "accuracyCode": "GESCHAETZT",
              "standard": "SIA 416",
              "standardCode": "SIA_416",
              "legacyId": "DEMO-9011-GGF",
              "extensionData": {
                "code": "GGF",
                "standardDetail": "SIA 416:2003",
                "dataStatus": "synthetic-demo",
                "source": "Plausibles Demo-Szenario",
                "sourceUrl": null,
                "scope": "Publicly documented building/site; operational records and schematic parcel are demonstration assumptions.",
                "originalUnit": "m²",
                "assumption": "Independently modelled measurement basis; no certified survey or universal SIA/RICS conversion."
              }
            },
            {
              "buildingIds": [
                "9900/9011/AA"
              ],
              "validFrom": "2026-09-22T00:00:00Z",
              "validUntil": null,
              "areaMeasurementId": "11841bfd-0592-521d-94d6-a57f84cef1df",
              "type": "Umgebungsfläche UF",
              "value": 7328,
              "unit": "m²",
              "bmEstimation": true,
              "accuracy": "Geschätzt",
              "accuracyCode": "GESCHAETZT",
              "standard": "SIA 416",
              "standardCode": "SIA_416",
              "legacyId": "DEMO-9011-UF",
              "extensionData": {
                "code": "UF",
                "standardDetail": "SIA 416:2003",
                "dataStatus": "synthetic-demo",
                "source": "Plausibles Demo-Szenario",
                "sourceUrl": null,
                "scope": "Publicly documented building/site; operational records and schematic parcel are demonstration assumptions.",
                "originalUnit": "m²",
                "assumption": "Independently modelled measurement basis; no certified survey or universal SIA/RICS conversion."
              }
            },
            {
              "buildingIds": [
                "9900/9011/AA"
              ],
              "validFrom": "2026-09-22T00:00:00Z",
              "validUntil": null,
              "areaMeasurementId": "4c97c789-43df-5b86-8aca-83b18d77291c",
              "type": "Gross External Area (GEA)",
              "value": 1344,
              "unit": "m²",
              "bmEstimation": true,
              "accuracy": "Geschätzt",
              "accuracyCode": "GESCHAETZT",
              "standard": "Andere dokumentierte Regel",
              "standardCode": "ANDERE_REGEL",
              "legacyId": "DEMO-9011-GEA",
              "extensionData": {
                "code": "GEA",
                "standardDetail": "RICS Code of Measuring Practice, 6th edition (2015)",
                "dataStatus": "synthetic-demo",
                "source": "Plausibles Demo-Szenario",
                "sourceUrl": null,
                "scope": "Publicly documented building/site; operational records and schematic parcel are demonstration assumptions.",
                "originalUnit": "m²",
                "assumption": "Independently modelled measurement basis; no certified survey or universal SIA/RICS conversion."
              }
            },
            {
              "buildingIds": [
                "9900/9011/AA"
              ],
              "validFrom": "2026-09-22T00:00:00Z",
              "validUntil": null,
              "areaMeasurementId": "fd6697e3-e69b-500f-a0bd-89eb12a9046e",
              "type": "Gross Internal Area (GIA)",
              "value": 1257,
              "unit": "m²",
              "bmEstimation": true,
              "accuracy": "Geschätzt",
              "accuracyCode": "GESCHAETZT",
              "standard": "Andere dokumentierte Regel",
              "standardCode": "ANDERE_REGEL",
              "legacyId": "DEMO-9011-GIA",
              "extensionData": {
                "code": "GIA",
                "standardDetail": "RICS Code of Measuring Practice, 6th edition (2015)",
                "dataStatus": "synthetic-demo",
                "source": "Plausibles Demo-Szenario",
                "sourceUrl": null,
                "scope": "Publicly documented building/site; operational records and schematic parcel are demonstration assumptions.",
                "originalUnit": "m²",
                "assumption": "Independently modelled measurement basis; no certified survey or universal SIA/RICS conversion."
              }
            },
            {
              "buildingIds": [
                "9900/9011/AA"
              ],
              "validFrom": "2026-09-22T00:00:00Z",
              "validUntil": null,
              "areaMeasurementId": "8de611e6-cd48-5f8a-913d-fcb653756fff",
              "type": "Net Internal Area (NIA)",
              "value": 825,
              "unit": "m²",
              "bmEstimation": true,
              "accuracy": "Geschätzt",
              "accuracyCode": "GESCHAETZT",
              "standard": "Andere dokumentierte Regel",
              "standardCode": "ANDERE_REGEL",
              "legacyId": "DEMO-9011-NIA",
              "extensionData": {
                "code": "NIA",
                "standardDetail": "RICS Code of Measuring Practice, 6th edition (2015)",
                "dataStatus": "synthetic-demo",
                "source": "Plausibles Demo-Szenario",
                "sourceUrl": null,
                "scope": "Publicly documented building/site; operational records and schematic parcel are demonstration assumptions.",
                "originalUnit": "m²",
                "assumption": "Independently modelled measurement basis; no certified survey or universal SIA/RICS conversion."
              }
            }
          ],
          "documents": [
            {
              "buildingIds": [
                "9900/9011/AA"
              ],
              "validFrom": null,
              "validUntil": null,
              "documentId": "c20ef016-b2cf-5837-a555-81257cbedcb0",
              "name": "BBL Bautendokumentation – Schweizer Botschaft Singapur",
              "type": "Publikation",
              "documentTypeCode": "O12001",
              "fileFormat": "PDF",
              "fileSize": "5.51 MB",
              "url": "https://www.bbl.admin.ch/dam/de/sd-web/0Ufbhz8I6Qgs/16_2024_Singapur%2C%20Gesamtsanierung%20und%20Erweiterung%20der%20Schweizer%20Botschaft.pdf",
              "description": "Öffentliche BBL-Publikation; historischer Projektstand.",
              "version": "Publizierte Fassung",
              "legacyId": "DEMO-9011-O12001",
              "extensionData": {
                "dataStatus": "public-source",
                "availability": "external-publication",
                "catalogue": "KBOB/IPB Anhang C, Version 2016-01",
                "catalogueUrl": "https://www.kbob.admin.ch/dam/de/sd-web/rVvtgYM1wFVT/20171024_KBOB-IPB_Anhang_C_-_Dokumenttypenkatalog_2016_DE.pdf",
                "documentTypeCode": "O12001"
              }
            },
            {
              "buildingIds": [
                "9900/9011/AA"
              ],
              "validFrom": "2026-09-22T00:00:00Z",
              "validUntil": null,
              "documentId": "529e3a30-6e0c-52d9-af06-cd34a1152fce",
              "name": "Flächen/Volumenberechnung 2026 – Schweizer Botschaft Singapur (Demo)",
              "type": "Flächen/Volumenberechnung",
              "documentTypeCode": "B14005",
              "fileFormat": "PDF",
              "fileSize": null,
              "url": null,
              "description": "Fiktiver Dokumentregistereintrag; keine Originaldatei vorhanden.",
              "version": "0.1 Demo",
              "legacyId": "DEMO-9011-B14005",
              "extensionData": {
                "dataStatus": "synthetic-demo",
                "availability": "metadata-only",
                "catalogue": "KBOB/IPB Anhang C, Version 2016-01",
                "catalogueUrl": "https://www.kbob.admin.ch/dam/de/sd-web/rVvtgYM1wFVT/20171024_KBOB-IPB_Anhang_C_-_Dokumenttypenkatalog_2016_DE.pdf",
                "documentTypeCode": "B14005"
              }
            },
            {
              "buildingIds": [
                "9900/9011/AA"
              ],
              "validFrom": "2026-09-22T00:00:00Z",
              "validUntil": null,
              "documentId": "378aa742-4511-5ae7-9016-15b468ccbbac",
              "name": "Wartungsplan 2026 – Schweizer Botschaft Singapur (Demo)",
              "type": "Wartungsplan",
              "documentTypeCode": "O07003",
              "fileFormat": "PDF",
              "fileSize": null,
              "url": null,
              "description": "Fiktiver Dokumentregistereintrag; keine Originaldatei vorhanden.",
              "version": "0.1 Demo",
              "legacyId": "DEMO-9011-O07003",
              "extensionData": {
                "dataStatus": "synthetic-demo",
                "availability": "metadata-only",
                "catalogue": "KBOB/IPB Anhang C, Version 2016-01",
                "catalogueUrl": "https://www.kbob.admin.ch/dam/de/sd-web/rVvtgYM1wFVT/20171024_KBOB-IPB_Anhang_C_-_Dokumenttypenkatalog_2016_DE.pdf",
                "documentTypeCode": "O07003"
              }
            },
            {
              "buildingIds": [
                "9900/9011/AA"
              ],
              "validFrom": "2026-09-22T00:00:00Z",
              "validUntil": null,
              "documentId": "b5a3c7e2-68d6-5fcf-9de7-bea1e8aeab1f",
              "name": "Betriebsführungshandbuch 2026 – Schweizer Botschaft Singapur (Demo)",
              "type": "Betriebsführungshandbuch",
              "documentTypeCode": "O03001",
              "fileFormat": "PDF",
              "fileSize": null,
              "url": null,
              "description": "Fiktiver Dokumentregistereintrag; keine Originaldatei vorhanden.",
              "version": "0.1 Demo",
              "legacyId": "DEMO-9011-O03001",
              "extensionData": {
                "dataStatus": "synthetic-demo",
                "availability": "metadata-only",
                "catalogue": "KBOB/IPB Anhang C, Version 2016-01",
                "catalogueUrl": "https://www.kbob.admin.ch/dam/de/sd-web/rVvtgYM1wFVT/20171024_KBOB-IPB_Anhang_C_-_Dokumenttypenkatalog_2016_DE.pdf",
                "documentTypeCode": "O03001"
              }
            },
            {
              "buildingIds": [
                "9900/9011/AA"
              ],
              "validFrom": "2026-09-22T00:00:00Z",
              "validUntil": null,
              "documentId": "0dd67e08-8b79-5143-beb0-f2420210a2da",
              "name": "Kostenstatistik 2026 – Schweizer Botschaft Singapur (Demo)",
              "type": "Kostenstatistik",
              "documentTypeCode": "B14102",
              "fileFormat": "PDF",
              "fileSize": null,
              "url": null,
              "description": "Fiktiver Dokumentregistereintrag; keine Originaldatei vorhanden.",
              "version": "0.1 Demo",
              "legacyId": "DEMO-9011-B14102",
              "extensionData": {
                "dataStatus": "synthetic-demo",
                "availability": "metadata-only",
                "catalogue": "KBOB/IPB Anhang C, Version 2016-01",
                "catalogueUrl": "https://www.kbob.admin.ch/dam/de/sd-web/rVvtgYM1wFVT/20171024_KBOB-IPB_Anhang_C_-_Dokumenttypenkatalog_2016_DE.pdf",
                "documentTypeCode": "B14102"
              }
            },
            {
              "buildingIds": [
                "9900/9011/AA"
              ],
              "validFrom": "2026-09-22T00:00:00Z",
              "validUntil": null,
              "documentId": "388f4daa-6e75-5a69-9658-07d759771bf2",
              "name": "Energiestatistik 2026 – Schweizer Botschaft Singapur (Demo)",
              "type": "Energiestatistik",
              "documentTypeCode": "B14103",
              "fileFormat": "PDF",
              "fileSize": null,
              "url": null,
              "description": "Fiktiver Dokumentregistereintrag; keine Originaldatei vorhanden.",
              "version": "0.1 Demo",
              "legacyId": "DEMO-9011-B14103",
              "extensionData": {
                "dataStatus": "synthetic-demo",
                "availability": "metadata-only",
                "catalogue": "KBOB/IPB Anhang C, Version 2016-01",
                "catalogueUrl": "https://www.kbob.admin.ch/dam/de/sd-web/rVvtgYM1wFVT/20171024_KBOB-IPB_Anhang_C_-_Dokumenttypenkatalog_2016_DE.pdf",
                "documentTypeCode": "B14103"
              }
            }
          ],
          "contacts": [
            {
              "buildingIds": [
                "9900/9011/AA"
              ],
              "validFrom": "2026-09-22T00:00:00Z",
              "validUntil": null,
              "contactId": "d1f034d2-2de1-564a-be91-89d8c2398fd8",
              "name": "Jonas Steiner (Demo)",
              "role": "Objektverantwortung",
              "organisation": "Portfolio Team (Demo)",
              "phone": null,
              "email": "singapore.1@example.invalid",
              "isPrimary": true,
              "legacyId": "DEMO-9011-K1",
              "extensionData": {
                "dataStatus": "synthetic-demo",
                "isFictionalPerson": true
              }
            },
            {
              "buildingIds": [
                "9900/9011/AA"
              ],
              "validFrom": "2026-09-22T00:00:00Z",
              "validUntil": null,
              "contactId": "2006d0e3-87cb-529d-8ef6-e89e3c96f221",
              "name": "Nora Waldner (Demo)",
              "role": "Portfoliomanagement",
              "organisation": "Portfolio Team (Demo)",
              "phone": null,
              "email": "singapore.2@example.invalid",
              "isPrimary": false,
              "legacyId": "DEMO-9011-K2",
              "extensionData": {
                "dataStatus": "synthetic-demo",
                "isFictionalPerson": true
              }
            },
            {
              "buildingIds": [
                "9900/9011/AA"
              ],
              "validFrom": "2026-09-22T00:00:00Z",
              "validUntil": null,
              "contactId": "f949c559-717f-5674-bd34-01088c3cf1f1",
              "name": "Noé Sommer (Demo)",
              "role": "Facility Management",
              "organisation": "Arealservice Muster AG (fiktiv)",
              "phone": null,
              "email": "singapore.3@example.invalid",
              "isPrimary": false,
              "legacyId": "DEMO-9011-K3",
              "extensionData": {
                "dataStatus": "synthetic-demo",
                "isFictionalPerson": true
              }
            }
          ],
          "costs": [
            {
              "costId": "02aca2b9-a35a-5dd5-8154-f6e5b0598961",
              "buildingIds": [
                "9900/9011/AA"
              ],
              "costGroup": "23",
              "costType": "Elektroanlagen",
              "amount": 191500,
              "unit": "CHF",
              "currency": "CHF",
              "period": "Einmalig",
              "referenceDate": "2026-09-22T00:00:00Z",
              "legacyId": "DEMO-9011-C1",
              "extensionData": {
                "dataStatus": "synthetic-demo",
                "budgetYear": 2026,
                "costCenter": "DEMO-9011",
                "classification": "BKP",
                "standard": "SN 506 500:2017",
                "classificationSourceUrl": "https://www.crb.ch/de/normen-standards/baukostenplane/baukostenplan-bkp",
                "groupSourceUrl": "https://www.stadt-zuerich.ch/content/dam/web/de/politik-verwaltung/statistik-und-daten/publikationen-dienstleistungen/publikationen/periodika/zuercher-index-der-wohnbaupreise/ZIW_2019_Web.pdf",
                "project": "Erneuerung Gebäudetechnik und Innenausbau (Demo)",
                "scope": "Selected BKP work packages only; not a complete project budget or actual BBL project.",
                "basis": "Invented one-off CHF scenario, excluding VAT; not actual expenditure, a cost benchmark or FX conversion.",
                "rateCHFPerGF": 142.5,
                "quantityGF": 1344
              }
            },
            {
              "costId": "648f098f-acee-5f4f-a1a5-c020627f26df",
              "buildingIds": [
                "9900/9011/AA"
              ],
              "costGroup": "24",
              "costType": "Heizungs-, Lüftungs- und Klimaanlagen",
              "amount": 280900,
              "unit": "CHF",
              "currency": "CHF",
              "period": "Einmalig",
              "referenceDate": "2026-09-22T00:00:00Z",
              "legacyId": "DEMO-9011-C2",
              "extensionData": {
                "dataStatus": "synthetic-demo",
                "budgetYear": 2026,
                "costCenter": "DEMO-9011",
                "classification": "BKP",
                "standard": "SN 506 500:2017",
                "classificationSourceUrl": "https://www.crb.ch/de/normen-standards/baukostenplane/baukostenplan-bkp",
                "groupSourceUrl": "https://www.stadt-zuerich.ch/content/dam/web/de/politik-verwaltung/statistik-und-daten/publikationen-dienstleistungen/publikationen/periodika/zuercher-index-der-wohnbaupreise/ZIW_2019_Web.pdf",
                "project": "Erneuerung Gebäudetechnik und Innenausbau (Demo)",
                "scope": "Selected BKP work packages only; not a complete project budget or actual BBL project.",
                "basis": "Invented one-off CHF scenario, excluding VAT; not actual expenditure, a cost benchmark or FX conversion.",
                "rateCHFPerGF": 209.0,
                "quantityGF": 1344
              }
            },
            {
              "costId": "2d73a902-8e2f-51f0-a298-1f69c6d8b801",
              "buildingIds": [
                "9900/9011/AA"
              ],
              "costGroup": "25",
              "costType": "Sanitäranlagen",
              "amount": 89400,
              "unit": "CHF",
              "currency": "CHF",
              "period": "Einmalig",
              "referenceDate": "2026-09-22T00:00:00Z",
              "legacyId": "DEMO-9011-C3",
              "extensionData": {
                "dataStatus": "synthetic-demo",
                "budgetYear": 2026,
                "costCenter": "DEMO-9011",
                "classification": "BKP",
                "standard": "SN 506 500:2017",
                "classificationSourceUrl": "https://www.crb.ch/de/normen-standards/baukostenplane/baukostenplan-bkp",
                "groupSourceUrl": "https://www.stadt-zuerich.ch/content/dam/web/de/politik-verwaltung/statistik-und-daten/publikationen-dienstleistungen/publikationen/periodika/zuercher-index-der-wohnbaupreise/ZIW_2019_Web.pdf",
                "project": "Erneuerung Gebäudetechnik und Innenausbau (Demo)",
                "scope": "Selected BKP work packages only; not a complete project budget or actual BBL project.",
                "basis": "Invented one-off CHF scenario, excluding VAT; not actual expenditure, a cost benchmark or FX conversion.",
                "rateCHFPerGF": 66.5,
                "quantityGF": 1344
              }
            },
            {
              "costId": "e7329a57-1e3b-505b-80ba-e01220c7ca3e",
              "buildingIds": [
                "9900/9011/AA"
              ],
              "costGroup": "27",
              "costType": "Ausbau 1",
              "amount": 306400,
              "unit": "CHF",
              "currency": "CHF",
              "period": "Einmalig",
              "referenceDate": "2026-09-22T00:00:00Z",
              "legacyId": "DEMO-9011-C4",
              "extensionData": {
                "dataStatus": "synthetic-demo",
                "budgetYear": 2026,
                "costCenter": "DEMO-9011",
                "classification": "BKP",
                "standard": "SN 506 500:2017",
                "classificationSourceUrl": "https://www.crb.ch/de/normen-standards/baukostenplane/baukostenplan-bkp",
                "groupSourceUrl": "https://www.stadt-zuerich.ch/content/dam/web/de/politik-verwaltung/statistik-und-daten/publikationen-dienstleistungen/publikationen/periodika/zuercher-index-der-wohnbaupreise/ZIW_2019_Web.pdf",
                "project": "Erneuerung Gebäudetechnik und Innenausbau (Demo)",
                "scope": "Selected BKP work packages only; not a complete project budget or actual BBL project.",
                "basis": "Invented one-off CHF scenario, excluding VAT; not actual expenditure, a cost benchmark or FX conversion.",
                "rateCHFPerGF": 228.0,
                "quantityGF": 1344
              }
            },
            {
              "costId": "d2c04da2-bbe7-538d-8d8d-0bb0a263820f",
              "buildingIds": [
                "9900/9011/AA"
              ],
              "costGroup": "28",
              "costType": "Ausbau 2",
              "amount": 229800,
              "unit": "CHF",
              "currency": "CHF",
              "period": "Einmalig",
              "referenceDate": "2026-09-22T00:00:00Z",
              "legacyId": "DEMO-9011-C5",
              "extensionData": {
                "dataStatus": "synthetic-demo",
                "budgetYear": 2026,
                "costCenter": "DEMO-9011",
                "classification": "BKP",
                "standard": "SN 506 500:2017",
                "classificationSourceUrl": "https://www.crb.ch/de/normen-standards/baukostenplane/baukostenplan-bkp",
                "groupSourceUrl": "https://www.stadt-zuerich.ch/content/dam/web/de/politik-verwaltung/statistik-und-daten/publikationen-dienstleistungen/publikationen/periodika/zuercher-index-der-wohnbaupreise/ZIW_2019_Web.pdf",
                "project": "Erneuerung Gebäudetechnik und Innenausbau (Demo)",
                "scope": "Selected BKP work packages only; not a complete project budget or actual BBL project.",
                "basis": "Invented one-off CHF scenario, excluding VAT; not actual expenditure, a cost benchmark or FX conversion.",
                "rateCHFPerGF": 171.0,
                "quantityGF": 1344
              }
            },
            {
              "costId": "2c75128c-74b3-5771-b5e5-e708c01b471e",
              "buildingIds": [
                "9900/9011/AA"
              ],
              "costGroup": "29",
              "costType": "Honorare",
              "amount": 153200,
              "unit": "CHF",
              "currency": "CHF",
              "period": "Einmalig",
              "referenceDate": "2026-09-22T00:00:00Z",
              "legacyId": "DEMO-9011-C6",
              "extensionData": {
                "dataStatus": "synthetic-demo",
                "budgetYear": 2026,
                "costCenter": "DEMO-9011",
                "classification": "BKP",
                "standard": "SN 506 500:2017",
                "classificationSourceUrl": "https://www.crb.ch/de/normen-standards/baukostenplane/baukostenplan-bkp",
                "groupSourceUrl": "https://www.stadt-zuerich.ch/content/dam/web/de/politik-verwaltung/statistik-und-daten/publikationen-dienstleistungen/publikationen/periodika/zuercher-index-der-wohnbaupreise/ZIW_2019_Web.pdf",
                "project": "Erneuerung Gebäudetechnik und Innenausbau (Demo)",
                "scope": "Selected BKP work packages only; not a complete project budget or actual BBL project.",
                "basis": "Invented one-off CHF scenario, excluding VAT; not actual expenditure, a cost benchmark or FX conversion.",
                "rateCHFPerGF": 114.0,
                "quantityGF": 1344
              }
            }
          ]
        }
      },
      "geometry": {
        "type": "Point",
        "coordinates": [
          103.7896081,
          1.3425516
        ]
      }
    },
    {
      "type": "Feature",
      "properties": {
        "bbl_stat": "In Betrieb",
        "bbl_id": "9900/9012/AA",
        "bbl_buch": "9900",
        "bbl_we": "9012",
        "bbl_obj": "AA",
        "bbl_bez": "Schweizer Botschaft Abidjan",
        "referenceCodes": {
          "building.ownership": "Eigentum",
          "building.portfolio": "002",
          "building.type1": "16",
          "building.type2": "16.03",
          "building.rentalModel": null,
          "building.operatingStatus": "ACTIVE",
          "building.physicalStatus": null
        },
        "gwr_stat": null,
        "adr_land": "CI",
        "adr_reg": "District autonome d’Abidjan",
        "adr_ort": "Abidjan",
        "adr_plz": null,
        "adr_str": "Rue du Bélier, Cocody Ambassades",
        "adr_hsnr": null,
        "adr_conct": "Rue du Bélier, Cocody Ambassades, Abidjan",
        "wgs84_lon": -3.9933619,
        "wgs84_lat": 5.3292355,
        "lv95_e": null,
        "lv95_n": null,
        "egm_elev": null,
        "bbl_eigen": "Eigentum",
        "bbl_ostr": "Erhalten",
        "bbl_mietm": null,
        "bbl_bjahr": 2015,
        "bbl_vjahr": null,
        "bbl_port": "Ausland",
        "bbl_port2": "EDA Auslandsvertretungen",
        "bbl_awrt": 2600000,
        "bbl_bwrt": 1700000,
        "bbl_gbda1": "Gebäude im Ausland",
        "bbl_gbda2": "Ausland: Kanzleien",
        "bbl_ovtw": "Sina Berger (Demo)",
        "bbl_pvtw": "Elio Feldmann (Demo)",
        "av_egid": null,
        "av_egrid": null,
        "bfs_gem": null,
        "bfs_gemnr": null,
        "av_zbez": null,
        "av_znut": null,
        "bbl_hist": null,
        "bbl_arch": null,
        "kgs_kat": null,
        "kgs_nr": null,
        "garea_gf": 899,
        "garea_gfo": 899,
        "garea_gfu": 0,
        "garea_acu": "GF publiziert; Aufteilung Demo",
        "garea_ngf": 804,
        "garea_kf": 95,
        "garea_nf": 656,
        "garea_hnf": 551,
        "garea_nnf": 105,
        "garea_ff": 31,
        "garea_vf": 117,
        "garea_vmf": null,
        "garea_ebf": null,
        "gvol_gv": 3467,
        "gvol_gvo": 3467,
        "gvol_gvu": 0,
        "gvol_acu": "GV publiziert; Aufteilung Demo",
        "gastw": 1,
        "gastw_og": 1,
        "gastw_ug": 0,
        "gastw_acu": "Demo-Schätzung",
        "larea_ggf": 899,
        "larea_gsf": 3200,
        "larea_uf": 2301,
        "larea_acu": "Demo-Perimeter, nicht AV",
        "rics_gea": 899,
        "rics_gia": 841,
        "rics_nia": 610,
        "rics_standard": "RICS Code of Measuring Practice, 6th edition (2015)",
        "objectid": 13,
        "etl_ts": "2026-09-22T00:00:00Z",
        "img_url": [
          "../assets/portfolio/abidjan-1.jpg",
          "../assets/portfolio/abidjan-2.jpg",
          "../assets/portfolio/abidjan-3.jpg"
        ],
        "photos": [
          {
            "url": "../assets/portfolio/abidjan-1.jpg",
            "alt": "Schweizer Botschaft Abidjan – Aussenansicht",
            "credit": "© Iwan Baan",
            "source": "https://www.bbl.admin.ch/de/mediendatenbank",
            "scene": "exterior",
            "mediaIndex": 2,
            "kind": "public-source-photo",
            "rights": "Copyright retained by credited photographer; publicly accessible BBL source, no open licence asserted. Not covered by repository MIT licence.",
            "originalUrl": "https://prod-bbladminch-hcms-sdweb.imgix.net/dam/de/sd-web/Kmy2rzJTllkK/Abidjan_Republik_C%C3%B4te_dIvoire_Botschaft_02.jpg?w=1024&auto=format"
          },
          {
            "url": "../assets/portfolio/abidjan-2.jpg",
            "alt": "Schweizer Botschaft Abidjan – Innenansicht",
            "credit": "© Iwan Baan",
            "source": "https://www.bbl.admin.ch/de/mediendatenbank",
            "scene": "interior",
            "mediaIndex": 5,
            "kind": "public-source-photo",
            "rights": "Copyright retained by credited photographer; publicly accessible BBL source, no open licence asserted. Not covered by repository MIT licence.",
            "originalUrl": "https://prod-bbladminch-hcms-sdweb.imgix.net/dam/de/sd-web/cqDzXLgsZHva/Abidjan_Republik_C%C3%B4te_dIvoire_Botschaft_05.jpg?w=1024&auto=format"
          },
          {
            "url": "../assets/portfolio/abidjan-3.jpg",
            "alt": "Schweizer Botschaft Abidjan – Innenansicht",
            "credit": "© Iwan Baan",
            "source": "https://www.bbl.admin.ch/de/mediendatenbank",
            "scene": "interior",
            "mediaIndex": 6,
            "kind": "public-source-photo",
            "rights": "Copyright retained by credited photographer; publicly accessible BBL source, no open licence asserted. Not covered by repository MIT licence.",
            "originalUrl": "https://prod-bbladminch-hcms-sdweb.imgix.net/dam/de/sd-web/yIA3Cb5ql8Tv/Abidjan_Republik_C%C3%B4te_dIvoire_Botschaft_06.jpg?w=1024&auto=format"
          }
        ],
        "provenance": {
          "dataset": "bbl-public-portfolio-demo",
          "asOf": "2026-09-22",
          "notOfficialInventory": true,
          "factSources": {
            "identity": "https://www.bbl.admin.ch/de/mediendatenbank",
            "address": "https://www.eda.admin.ch/deza/fr/home/projekte/projekte.html/content/contacts/fr/EDAVis/A/84",
            "coordinates": "https://nominatim.openstreetmap.org/search?q=Ambassade+de+Suisse+Abidjan+Ivory+Coast&format=jsonv2&limit=3&addressdetails=1",
            "constructionYear": "https://www.bbl.admin.ch/dam/de/sd-web/DMsBnTA-ZUVw/20150101_Abidjan%2C%20Republik%20C%C3%B4te%20d%E2%80%99Ivoire%2C%20Neubau%20der%20Schweizer%20Botschaft_DE.pdf"
          },
          "geocoding": {
            "provider": "OpenStreetMap Nominatim",
            "sourceUrl": "https://nominatim.openstreetmap.org/search?q=Ambassade+de+Suisse+Abidjan+Ivory+Coast&format=jsonv2&limit=3&addressdetails=1",
            "retrievedAt": "2026-09-22",
            "reviewed": true,
            "precision": "building-or-site-centroid",
            "indicativeUncertaintyMetres": 50,
            "matchedAddress": "Ambassade de Suisse, Rue des Ambassades, Ambassade, Cocody, Abidjan, Côte d’Ivoire",
            "note": "Public address / site locator, not a cadastral or survey point. OSM uses Rue des Ambassades; EDA gives Rue du Bélier in the same Cocody embassy site.",
            "osmUrl": "https://www.openstreetmap.org/node/4196615473"
          },
          "scope": "Publicly documented building/site; operational records and schematic parcel are demonstration assumptions.",
          "publishedMeasurements": {
            "GF": 899,
            "GV": 3467,
            "standard": "SIA 416:2003",
            "referenceYear": 2015,
            "page": 1,
            "sourceUrl": "https://www.bbl.admin.ch/dam/de/sd-web/DMsBnTA-ZUVw/20150101_Abidjan%2C%20Republik%20C%C3%B4te%20d%E2%80%99Ivoire%2C%20Neubau%20der%20Schweizer%20Botschaft_DE.pdf"
          },
          "cadastre": null,
          "syntheticFields": [
            "inventoryIds",
            "ownershipScenario",
            "statusScenario",
            "valuations",
            "SIA area breakdown",
            "RICS measurements",
            "storeySplit",
            "landcoverGeometry",
            "energySystems",
            "parking",
            "contacts",
            "costs",
            "contracts",
            "assets",
            "mockDocuments",
            "parcelGeometry"
          ],
          "unknownFieldsLeftNull": [
            "zoning",
            "energyCertificate",
            "buildingPermitDate",
            "heritageRegisterNumber",
            "EGID",
            "EGRID"
          ],
          "notice": "Standort öffentlich belegt. Publizierte GF/GV separat belegt; übrige Gebäudebemessungen und Betriebsdaten sind Demowerte. Grundstück schematisch.",
          "referenceData": {
            "catalogVersion": "55",
            "classificationAssignments": "Demo assignments to catalogue codes; not confirmed SAP master data.",
            "physicalStatus": null
          }
        },
        "demoRelatedRecords": {
          "areaMeasurements": [
            {
              "buildingIds": [
                "9900/9012/AA"
              ],
              "validFrom": "2015-01-01T00:00:00Z",
              "validUntil": null,
              "areaMeasurementId": "0a01e484-37b4-5a4f-8e01-1252c8913da6",
              "type": "Geschossfläche GF",
              "value": 899,
              "unit": "m²",
              "bmEstimation": null,
              "accuracy": "Unbekannt",
              "accuracyCode": "UNBEKANNT",
              "standard": "SIA 416",
              "standardCode": "SIA_416",
              "legacyId": "DEMO-9012-GF",
              "extensionData": {
                "code": "GF",
                "standardDetail": "SIA 416:2003",
                "dataStatus": "published-source",
                "source": "BBL Bautendokumentation 2015, S. 1",
                "sourceUrl": "https://www.bbl.admin.ch/dam/de/sd-web/DMsBnTA-ZUVw/20150101_Abidjan%2C%20Republik%20C%C3%B4te%20d%E2%80%99Ivoire%2C%20Neubau%20der%20Schweizer%20Botschaft_DE.pdf",
                "scope": "Publicly documented building/site; operational records and schematic parcel are demonstration assumptions.",
                "originalUnit": "m²",
                "assumption": null
              }
            },
            {
              "buildingIds": [
                "9900/9012/AA"
              ],
              "validFrom": "2026-09-22T00:00:00Z",
              "validUntil": null,
              "areaMeasurementId": "965f341d-c64a-50aa-8ab1-86899204689e",
              "type": "Geschossfläche oberirdisch",
              "value": 899,
              "unit": "m²",
              "bmEstimation": true,
              "accuracy": "Geschätzt",
              "accuracyCode": "GESCHAETZT",
              "standard": "SIA 416",
              "standardCode": "SIA_416",
              "legacyId": "DEMO-9012-GFO",
              "extensionData": {
                "code": "GFO",
                "standardDetail": "SIA 416:2003",
                "dataStatus": "synthetic-demo",
                "source": "Plausibles Demo-Szenario",
                "sourceUrl": null,
                "scope": "Publicly documented building/site; operational records and schematic parcel are demonstration assumptions.",
                "originalUnit": "m²",
                "assumption": "Independently modelled measurement basis; no certified survey or universal SIA/RICS conversion."
              }
            },
            {
              "buildingIds": [
                "9900/9012/AA"
              ],
              "validFrom": "2026-09-22T00:00:00Z",
              "validUntil": null,
              "areaMeasurementId": "23d67b0c-ef07-5a32-960a-f7a38f8246e4",
              "type": "Geschossfläche unterirdisch",
              "value": 0,
              "unit": "m²",
              "bmEstimation": true,
              "accuracy": "Geschätzt",
              "accuracyCode": "GESCHAETZT",
              "standard": "SIA 416",
              "standardCode": "SIA_416",
              "legacyId": "DEMO-9012-GFU",
              "extensionData": {
                "code": "GFU",
                "standardDetail": "SIA 416:2003",
                "dataStatus": "synthetic-demo",
                "source": "Plausibles Demo-Szenario",
                "sourceUrl": null,
                "scope": "Publicly documented building/site; operational records and schematic parcel are demonstration assumptions.",
                "originalUnit": "m²",
                "assumption": "Independently modelled measurement basis; no certified survey or universal SIA/RICS conversion."
              }
            },
            {
              "buildingIds": [
                "9900/9012/AA"
              ],
              "validFrom": "2026-09-22T00:00:00Z",
              "validUntil": null,
              "areaMeasurementId": "918f3fa0-124e-5f00-918e-fdd9bd755a9a",
              "type": "Konstruktionsfläche KF",
              "value": 95,
              "unit": "m²",
              "bmEstimation": true,
              "accuracy": "Geschätzt",
              "accuracyCode": "GESCHAETZT",
              "standard": "SIA 416",
              "standardCode": "SIA_416",
              "legacyId": "DEMO-9012-KF",
              "extensionData": {
                "code": "KF",
                "standardDetail": "SIA 416:2003",
                "dataStatus": "synthetic-demo",
                "source": "Plausibles Demo-Szenario",
                "sourceUrl": null,
                "scope": "Publicly documented building/site; operational records and schematic parcel are demonstration assumptions.",
                "originalUnit": "m²",
                "assumption": "Independently modelled measurement basis; no certified survey or universal SIA/RICS conversion."
              }
            },
            {
              "buildingIds": [
                "9900/9012/AA"
              ],
              "validFrom": "2026-09-22T00:00:00Z",
              "validUntil": null,
              "areaMeasurementId": "3aebd23d-05ac-5d5a-9962-56cbb37d6bed",
              "type": "Nettogeschossfläche NGF",
              "value": 804,
              "unit": "m²",
              "bmEstimation": true,
              "accuracy": "Geschätzt",
              "accuracyCode": "GESCHAETZT",
              "standard": "SIA 416",
              "standardCode": "SIA_416",
              "legacyId": "DEMO-9012-NGF",
              "extensionData": {
                "code": "NGF",
                "standardDetail": "SIA 416:2003",
                "dataStatus": "synthetic-demo",
                "source": "Plausibles Demo-Szenario",
                "sourceUrl": null,
                "scope": "Publicly documented building/site; operational records and schematic parcel are demonstration assumptions.",
                "originalUnit": "m²",
                "assumption": "Independently modelled measurement basis; no certified survey or universal SIA/RICS conversion."
              }
            },
            {
              "buildingIds": [
                "9900/9012/AA"
              ],
              "validFrom": "2026-09-22T00:00:00Z",
              "validUntil": null,
              "areaMeasurementId": "f08c8530-cd7b-5886-a53c-cd852b5853e5",
              "type": "Nutzfläche NF",
              "value": 656,
              "unit": "m²",
              "bmEstimation": true,
              "accuracy": "Geschätzt",
              "accuracyCode": "GESCHAETZT",
              "standard": "SIA 416",
              "standardCode": "SIA_416",
              "legacyId": "DEMO-9012-NF",
              "extensionData": {
                "code": "NF",
                "standardDetail": "SIA 416:2003",
                "dataStatus": "synthetic-demo",
                "source": "Plausibles Demo-Szenario",
                "sourceUrl": null,
                "scope": "Publicly documented building/site; operational records and schematic parcel are demonstration assumptions.",
                "originalUnit": "m²",
                "assumption": "Independently modelled measurement basis; no certified survey or universal SIA/RICS conversion."
              }
            },
            {
              "buildingIds": [
                "9900/9012/AA"
              ],
              "validFrom": "2026-09-22T00:00:00Z",
              "validUntil": null,
              "areaMeasurementId": "f65063bc-6526-52e7-a00e-edc819933671",
              "type": "Hauptnutzfläche HNF",
              "value": 551,
              "unit": "m²",
              "bmEstimation": true,
              "accuracy": "Geschätzt",
              "accuracyCode": "GESCHAETZT",
              "standard": "SIA 416",
              "standardCode": "SIA_416",
              "legacyId": "DEMO-9012-HNF",
              "extensionData": {
                "code": "HNF",
                "standardDetail": "SIA 416:2003",
                "dataStatus": "synthetic-demo",
                "source": "Plausibles Demo-Szenario",
                "sourceUrl": null,
                "scope": "Publicly documented building/site; operational records and schematic parcel are demonstration assumptions.",
                "originalUnit": "m²",
                "assumption": "Independently modelled measurement basis; no certified survey or universal SIA/RICS conversion."
              }
            },
            {
              "buildingIds": [
                "9900/9012/AA"
              ],
              "validFrom": "2026-09-22T00:00:00Z",
              "validUntil": null,
              "areaMeasurementId": "49da9bf0-35ba-5b63-86bb-af0bc6abd392",
              "type": "Nebennutzfläche NNF",
              "value": 105,
              "unit": "m²",
              "bmEstimation": true,
              "accuracy": "Geschätzt",
              "accuracyCode": "GESCHAETZT",
              "standard": "SIA 416",
              "standardCode": "SIA_416",
              "legacyId": "DEMO-9012-NNF",
              "extensionData": {
                "code": "NNF",
                "standardDetail": "SIA 416:2003",
                "dataStatus": "synthetic-demo",
                "source": "Plausibles Demo-Szenario",
                "sourceUrl": null,
                "scope": "Publicly documented building/site; operational records and schematic parcel are demonstration assumptions.",
                "originalUnit": "m²",
                "assumption": "Independently modelled measurement basis; no certified survey or universal SIA/RICS conversion."
              }
            },
            {
              "buildingIds": [
                "9900/9012/AA"
              ],
              "validFrom": "2026-09-22T00:00:00Z",
              "validUntil": null,
              "areaMeasurementId": "b8ce3ceb-c3ed-59d9-ace3-18dfa81fe926",
              "type": "Funktionsfläche FF",
              "value": 31,
              "unit": "m²",
              "bmEstimation": true,
              "accuracy": "Geschätzt",
              "accuracyCode": "GESCHAETZT",
              "standard": "SIA 416",
              "standardCode": "SIA_416",
              "legacyId": "DEMO-9012-FF",
              "extensionData": {
                "code": "FF",
                "standardDetail": "SIA 416:2003",
                "dataStatus": "synthetic-demo",
                "source": "Plausibles Demo-Szenario",
                "sourceUrl": null,
                "scope": "Publicly documented building/site; operational records and schematic parcel are demonstration assumptions.",
                "originalUnit": "m²",
                "assumption": "Independently modelled measurement basis; no certified survey or universal SIA/RICS conversion."
              }
            },
            {
              "buildingIds": [
                "9900/9012/AA"
              ],
              "validFrom": "2026-09-22T00:00:00Z",
              "validUntil": null,
              "areaMeasurementId": "048b66a3-93b6-501e-a2e0-777cb618ed7b",
              "type": "Verkehrsfläche VF",
              "value": 117,
              "unit": "m²",
              "bmEstimation": true,
              "accuracy": "Geschätzt",
              "accuracyCode": "GESCHAETZT",
              "standard": "SIA 416",
              "standardCode": "SIA_416",
              "legacyId": "DEMO-9012-VF",
              "extensionData": {
                "code": "VF",
                "standardDetail": "SIA 416:2003",
                "dataStatus": "synthetic-demo",
                "source": "Plausibles Demo-Szenario",
                "sourceUrl": null,
                "scope": "Publicly documented building/site; operational records and schematic parcel are demonstration assumptions.",
                "originalUnit": "m²",
                "assumption": "Independently modelled measurement basis; no certified survey or universal SIA/RICS conversion."
              }
            },
            {
              "buildingIds": [
                "9900/9012/AA"
              ],
              "validFrom": "2015-01-01T00:00:00Z",
              "validUntil": null,
              "areaMeasurementId": "fa798037-fa83-5f0e-8c6f-126cb929af72",
              "type": "Gebäudevolumen GV",
              "value": 3467,
              "unit": "m³",
              "bmEstimation": null,
              "accuracy": "Unbekannt",
              "accuracyCode": "UNBEKANNT",
              "standard": "SIA 416",
              "standardCode": "SIA_416",
              "legacyId": "DEMO-9012-GV",
              "extensionData": {
                "code": "GV",
                "standardDetail": "SIA 416:2003",
                "dataStatus": "published-source",
                "source": "BBL Bautendokumentation 2015, S. 1",
                "sourceUrl": "https://www.bbl.admin.ch/dam/de/sd-web/DMsBnTA-ZUVw/20150101_Abidjan%2C%20Republik%20C%C3%B4te%20d%E2%80%99Ivoire%2C%20Neubau%20der%20Schweizer%20Botschaft_DE.pdf",
                "scope": "Publicly documented building/site; operational records and schematic parcel are demonstration assumptions.",
                "originalUnit": "m³",
                "assumption": null
              }
            },
            {
              "buildingIds": [
                "9900/9012/AA"
              ],
              "validFrom": "2026-09-22T00:00:00Z",
              "validUntil": null,
              "areaMeasurementId": "718ec124-1e45-56e4-bc8c-fca50393ee20",
              "type": "Gebäudevolumen oberirdisch",
              "value": 3467,
              "unit": "m³",
              "bmEstimation": true,
              "accuracy": "Geschätzt",
              "accuracyCode": "GESCHAETZT",
              "standard": "SIA 416",
              "standardCode": "SIA_416",
              "legacyId": "DEMO-9012-GVO",
              "extensionData": {
                "code": "GVO",
                "standardDetail": "SIA 416:2003",
                "dataStatus": "synthetic-demo",
                "source": "Plausibles Demo-Szenario",
                "sourceUrl": null,
                "scope": "Publicly documented building/site; operational records and schematic parcel are demonstration assumptions.",
                "originalUnit": "m³",
                "assumption": "Independently modelled measurement basis; no certified survey or universal SIA/RICS conversion."
              }
            },
            {
              "buildingIds": [
                "9900/9012/AA"
              ],
              "validFrom": "2026-09-22T00:00:00Z",
              "validUntil": null,
              "areaMeasurementId": "d055bb55-bf3d-5318-9b50-38c0975fc056",
              "type": "Gebäudevolumen unterirdisch",
              "value": 0,
              "unit": "m³",
              "bmEstimation": true,
              "accuracy": "Geschätzt",
              "accuracyCode": "GESCHAETZT",
              "standard": "SIA 416",
              "standardCode": "SIA_416",
              "legacyId": "DEMO-9012-GVU",
              "extensionData": {
                "code": "GVU",
                "standardDetail": "SIA 416:2003",
                "dataStatus": "synthetic-demo",
                "source": "Plausibles Demo-Szenario",
                "sourceUrl": null,
                "scope": "Publicly documented building/site; operational records and schematic parcel are demonstration assumptions.",
                "originalUnit": "m³",
                "assumption": "Independently modelled measurement basis; no certified survey or universal SIA/RICS conversion."
              }
            },
            {
              "buildingIds": [
                "9900/9012/AA"
              ],
              "validFrom": "2026-09-22T00:00:00Z",
              "validUntil": null,
              "areaMeasurementId": "9634681a-cb8c-5277-a910-9858629fe8b3",
              "type": "Grundstücksfläche GSF",
              "value": 3200,
              "unit": "m²",
              "bmEstimation": true,
              "accuracy": "Geschätzt",
              "accuracyCode": "GESCHAETZT",
              "standard": "SIA 416",
              "standardCode": "SIA_416",
              "legacyId": "DEMO-9012-GSF",
              "extensionData": {
                "code": "GSF",
                "standardDetail": "SIA 416:2003",
                "dataStatus": "synthetic-demo",
                "source": "Plausibles Demo-Szenario",
                "sourceUrl": null,
                "scope": "Publicly documented building/site; operational records and schematic parcel are demonstration assumptions.",
                "originalUnit": "m²",
                "assumption": "Independently modelled measurement basis; no certified survey or universal SIA/RICS conversion."
              }
            },
            {
              "buildingIds": [
                "9900/9012/AA"
              ],
              "validFrom": "2026-09-22T00:00:00Z",
              "validUntil": null,
              "areaMeasurementId": "73399a50-ce9d-5357-9640-ad30720a8585",
              "type": "Gebäudegrundfläche GGF",
              "value": 899,
              "unit": "m²",
              "bmEstimation": true,
              "accuracy": "Geschätzt",
              "accuracyCode": "GESCHAETZT",
              "standard": "SIA 416",
              "standardCode": "SIA_416",
              "legacyId": "DEMO-9012-GGF",
              "extensionData": {
                "code": "GGF",
                "standardDetail": "SIA 416:2003",
                "dataStatus": "synthetic-demo",
                "source": "Plausibles Demo-Szenario",
                "sourceUrl": null,
                "scope": "Publicly documented building/site; operational records and schematic parcel are demonstration assumptions.",
                "originalUnit": "m²",
                "assumption": "Independently modelled measurement basis; no certified survey or universal SIA/RICS conversion."
              }
            },
            {
              "buildingIds": [
                "9900/9012/AA"
              ],
              "validFrom": "2026-09-22T00:00:00Z",
              "validUntil": null,
              "areaMeasurementId": "60a12d7e-79c7-569a-9f0d-ee293903dc1e",
              "type": "Umgebungsfläche UF",
              "value": 2301,
              "unit": "m²",
              "bmEstimation": true,
              "accuracy": "Geschätzt",
              "accuracyCode": "GESCHAETZT",
              "standard": "SIA 416",
              "standardCode": "SIA_416",
              "legacyId": "DEMO-9012-UF",
              "extensionData": {
                "code": "UF",
                "standardDetail": "SIA 416:2003",
                "dataStatus": "synthetic-demo",
                "source": "Plausibles Demo-Szenario",
                "sourceUrl": null,
                "scope": "Publicly documented building/site; operational records and schematic parcel are demonstration assumptions.",
                "originalUnit": "m²",
                "assumption": "Independently modelled measurement basis; no certified survey or universal SIA/RICS conversion."
              }
            },
            {
              "buildingIds": [
                "9900/9012/AA"
              ],
              "validFrom": "2026-09-22T00:00:00Z",
              "validUntil": null,
              "areaMeasurementId": "0035fa3c-bef9-5cfb-a838-8389169f1195",
              "type": "Gross External Area (GEA)",
              "value": 899,
              "unit": "m²",
              "bmEstimation": true,
              "accuracy": "Geschätzt",
              "accuracyCode": "GESCHAETZT",
              "standard": "Andere dokumentierte Regel",
              "standardCode": "ANDERE_REGEL",
              "legacyId": "DEMO-9012-GEA",
              "extensionData": {
                "code": "GEA",
                "standardDetail": "RICS Code of Measuring Practice, 6th edition (2015)",
                "dataStatus": "synthetic-demo",
                "source": "Plausibles Demo-Szenario",
                "sourceUrl": null,
                "scope": "Publicly documented building/site; operational records and schematic parcel are demonstration assumptions.",
                "originalUnit": "m²",
                "assumption": "Independently modelled measurement basis; no certified survey or universal SIA/RICS conversion."
              }
            },
            {
              "buildingIds": [
                "9900/9012/AA"
              ],
              "validFrom": "2026-09-22T00:00:00Z",
              "validUntil": null,
              "areaMeasurementId": "6a9c41cb-a67d-5abf-91fc-665e4101cd53",
              "type": "Gross Internal Area (GIA)",
              "value": 841,
              "unit": "m²",
              "bmEstimation": true,
              "accuracy": "Geschätzt",
              "accuracyCode": "GESCHAETZT",
              "standard": "Andere dokumentierte Regel",
              "standardCode": "ANDERE_REGEL",
              "legacyId": "DEMO-9012-GIA",
              "extensionData": {
                "code": "GIA",
                "standardDetail": "RICS Code of Measuring Practice, 6th edition (2015)",
                "dataStatus": "synthetic-demo",
                "source": "Plausibles Demo-Szenario",
                "sourceUrl": null,
                "scope": "Publicly documented building/site; operational records and schematic parcel are demonstration assumptions.",
                "originalUnit": "m²",
                "assumption": "Independently modelled measurement basis; no certified survey or universal SIA/RICS conversion."
              }
            },
            {
              "buildingIds": [
                "9900/9012/AA"
              ],
              "validFrom": "2026-09-22T00:00:00Z",
              "validUntil": null,
              "areaMeasurementId": "adcfdf15-2017-5b7e-8e8f-7e84371a327c",
              "type": "Net Internal Area (NIA)",
              "value": 610,
              "unit": "m²",
              "bmEstimation": true,
              "accuracy": "Geschätzt",
              "accuracyCode": "GESCHAETZT",
              "standard": "Andere dokumentierte Regel",
              "standardCode": "ANDERE_REGEL",
              "legacyId": "DEMO-9012-NIA",
              "extensionData": {
                "code": "NIA",
                "standardDetail": "RICS Code of Measuring Practice, 6th edition (2015)",
                "dataStatus": "synthetic-demo",
                "source": "Plausibles Demo-Szenario",
                "sourceUrl": null,
                "scope": "Publicly documented building/site; operational records and schematic parcel are demonstration assumptions.",
                "originalUnit": "m²",
                "assumption": "Independently modelled measurement basis; no certified survey or universal SIA/RICS conversion."
              }
            }
          ],
          "documents": [
            {
              "buildingIds": [
                "9900/9012/AA"
              ],
              "validFrom": null,
              "validUntil": null,
              "documentId": "c2b3b862-ba17-592c-9eae-cbb8b6897b2a",
              "name": "BBL Bautendokumentation – Schweizer Botschaft Abidjan",
              "type": "Publikation",
              "documentTypeCode": "O12001",
              "fileFormat": "PDF",
              "fileSize": "3.90 MB",
              "url": "https://www.bbl.admin.ch/dam/de/sd-web/DMsBnTA-ZUVw/20150101_Abidjan%2C%20Republik%20C%C3%B4te%20d%E2%80%99Ivoire%2C%20Neubau%20der%20Schweizer%20Botschaft_DE.pdf",
              "description": "Öffentliche BBL-Publikation; historischer Projektstand.",
              "version": "Publizierte Fassung",
              "legacyId": "DEMO-9012-O12001",
              "extensionData": {
                "dataStatus": "public-source",
                "availability": "external-publication",
                "catalogue": "KBOB/IPB Anhang C, Version 2016-01",
                "catalogueUrl": "https://www.kbob.admin.ch/dam/de/sd-web/rVvtgYM1wFVT/20171024_KBOB-IPB_Anhang_C_-_Dokumenttypenkatalog_2016_DE.pdf",
                "documentTypeCode": "O12001"
              }
            },
            {
              "buildingIds": [
                "9900/9012/AA"
              ],
              "validFrom": "2026-09-22T00:00:00Z",
              "validUntil": null,
              "documentId": "8290289a-82db-584e-8150-e42e9e5e1523",
              "name": "Flächen/Volumenberechnung 2026 – Schweizer Botschaft Abidjan (Demo)",
              "type": "Flächen/Volumenberechnung",
              "documentTypeCode": "B14005",
              "fileFormat": "PDF",
              "fileSize": null,
              "url": null,
              "description": "Fiktiver Dokumentregistereintrag; keine Originaldatei vorhanden.",
              "version": "0.1 Demo",
              "legacyId": "DEMO-9012-B14005",
              "extensionData": {
                "dataStatus": "synthetic-demo",
                "availability": "metadata-only",
                "catalogue": "KBOB/IPB Anhang C, Version 2016-01",
                "catalogueUrl": "https://www.kbob.admin.ch/dam/de/sd-web/rVvtgYM1wFVT/20171024_KBOB-IPB_Anhang_C_-_Dokumenttypenkatalog_2016_DE.pdf",
                "documentTypeCode": "B14005"
              }
            },
            {
              "buildingIds": [
                "9900/9012/AA"
              ],
              "validFrom": "2026-09-22T00:00:00Z",
              "validUntil": null,
              "documentId": "91056e0f-bcad-55ce-b4bf-b2230f0b2c09",
              "name": "Wartungsplan 2026 – Schweizer Botschaft Abidjan (Demo)",
              "type": "Wartungsplan",
              "documentTypeCode": "O07003",
              "fileFormat": "PDF",
              "fileSize": null,
              "url": null,
              "description": "Fiktiver Dokumentregistereintrag; keine Originaldatei vorhanden.",
              "version": "0.1 Demo",
              "legacyId": "DEMO-9012-O07003",
              "extensionData": {
                "dataStatus": "synthetic-demo",
                "availability": "metadata-only",
                "catalogue": "KBOB/IPB Anhang C, Version 2016-01",
                "catalogueUrl": "https://www.kbob.admin.ch/dam/de/sd-web/rVvtgYM1wFVT/20171024_KBOB-IPB_Anhang_C_-_Dokumenttypenkatalog_2016_DE.pdf",
                "documentTypeCode": "O07003"
              }
            },
            {
              "buildingIds": [
                "9900/9012/AA"
              ],
              "validFrom": "2026-09-22T00:00:00Z",
              "validUntil": null,
              "documentId": "031dc0c9-83a4-57ec-9818-1c025c7db2a3",
              "name": "Betriebsführungshandbuch 2026 – Schweizer Botschaft Abidjan (Demo)",
              "type": "Betriebsführungshandbuch",
              "documentTypeCode": "O03001",
              "fileFormat": "PDF",
              "fileSize": null,
              "url": null,
              "description": "Fiktiver Dokumentregistereintrag; keine Originaldatei vorhanden.",
              "version": "0.1 Demo",
              "legacyId": "DEMO-9012-O03001",
              "extensionData": {
                "dataStatus": "synthetic-demo",
                "availability": "metadata-only",
                "catalogue": "KBOB/IPB Anhang C, Version 2016-01",
                "catalogueUrl": "https://www.kbob.admin.ch/dam/de/sd-web/rVvtgYM1wFVT/20171024_KBOB-IPB_Anhang_C_-_Dokumenttypenkatalog_2016_DE.pdf",
                "documentTypeCode": "O03001"
              }
            },
            {
              "buildingIds": [
                "9900/9012/AA"
              ],
              "validFrom": "2026-09-22T00:00:00Z",
              "validUntil": null,
              "documentId": "726c99b8-fb37-5946-937c-f2cc248c91ad",
              "name": "Kostenstatistik 2026 – Schweizer Botschaft Abidjan (Demo)",
              "type": "Kostenstatistik",
              "documentTypeCode": "B14102",
              "fileFormat": "PDF",
              "fileSize": null,
              "url": null,
              "description": "Fiktiver Dokumentregistereintrag; keine Originaldatei vorhanden.",
              "version": "0.1 Demo",
              "legacyId": "DEMO-9012-B14102",
              "extensionData": {
                "dataStatus": "synthetic-demo",
                "availability": "metadata-only",
                "catalogue": "KBOB/IPB Anhang C, Version 2016-01",
                "catalogueUrl": "https://www.kbob.admin.ch/dam/de/sd-web/rVvtgYM1wFVT/20171024_KBOB-IPB_Anhang_C_-_Dokumenttypenkatalog_2016_DE.pdf",
                "documentTypeCode": "B14102"
              }
            },
            {
              "buildingIds": [
                "9900/9012/AA"
              ],
              "validFrom": "2026-09-22T00:00:00Z",
              "validUntil": null,
              "documentId": "5ef6eed7-ece0-5708-8fd2-f09497a693e1",
              "name": "Energiestatistik 2026 – Schweizer Botschaft Abidjan (Demo)",
              "type": "Energiestatistik",
              "documentTypeCode": "B14103",
              "fileFormat": "PDF",
              "fileSize": null,
              "url": null,
              "description": "Fiktiver Dokumentregistereintrag; keine Originaldatei vorhanden.",
              "version": "0.1 Demo",
              "legacyId": "DEMO-9012-B14103",
              "extensionData": {
                "dataStatus": "synthetic-demo",
                "availability": "metadata-only",
                "catalogue": "KBOB/IPB Anhang C, Version 2016-01",
                "catalogueUrl": "https://www.kbob.admin.ch/dam/de/sd-web/rVvtgYM1wFVT/20171024_KBOB-IPB_Anhang_C_-_Dokumenttypenkatalog_2016_DE.pdf",
                "documentTypeCode": "B14103"
              }
            }
          ],
          "contacts": [
            {
              "buildingIds": [
                "9900/9012/AA"
              ],
              "validFrom": "2026-09-22T00:00:00Z",
              "validUntil": null,
              "contactId": "f6e00f4b-907c-5410-8da6-e48752ef4230",
              "name": "Sina Berger (Demo)",
              "role": "Objektverantwortung",
              "organisation": "Portfolio Team (Demo)",
              "phone": null,
              "email": "abidjan.1@example.invalid",
              "isPrimary": true,
              "legacyId": "DEMO-9012-K1",
              "extensionData": {
                "dataStatus": "synthetic-demo",
                "isFictionalPerson": true
              }
            },
            {
              "buildingIds": [
                "9900/9012/AA"
              ],
              "validFrom": "2026-09-22T00:00:00Z",
              "validUntil": null,
              "contactId": "05094035-a9df-5d14-a627-04285e0adc69",
              "name": "Elio Feldmann (Demo)",
              "role": "Portfoliomanagement",
              "organisation": "Portfolio Team (Demo)",
              "phone": null,
              "email": "abidjan.2@example.invalid",
              "isPrimary": false,
              "legacyId": "DEMO-9012-K2",
              "extensionData": {
                "dataStatus": "synthetic-demo",
                "isFictionalPerson": true
              }
            },
            {
              "buildingIds": [
                "9900/9012/AA"
              ],
              "validFrom": "2026-09-22T00:00:00Z",
              "validUntil": null,
              "contactId": "67317ae0-d550-5632-ba5b-25719184e820",
              "name": "Alina Linden (Demo)",
              "role": "Facility Management",
              "organisation": "Arealservice Muster AG (fiktiv)",
              "phone": null,
              "email": "abidjan.3@example.invalid",
              "isPrimary": false,
              "legacyId": "DEMO-9012-K3",
              "extensionData": {
                "dataStatus": "synthetic-demo",
                "isFictionalPerson": true
              }
            }
          ],
          "costs": [
            {
              "costId": "d38efc92-6def-54cf-9e4d-03453577e0b9",
              "buildingIds": [
                "9900/9012/AA"
              ],
              "costGroup": "23",
              "costType": "Elektroanlagen",
              "amount": 74200,
              "unit": "CHF",
              "currency": "CHF",
              "period": "Einmalig",
              "referenceDate": "2026-09-22T00:00:00Z",
              "legacyId": "DEMO-9012-C1",
              "extensionData": {
                "dataStatus": "synthetic-demo",
                "budgetYear": 2026,
                "costCenter": "DEMO-9012",
                "classification": "BKP",
                "standard": "SN 506 500:2017",
                "classificationSourceUrl": "https://www.crb.ch/de/normen-standards/baukostenplane/baukostenplan-bkp",
                "groupSourceUrl": "https://www.stadt-zuerich.ch/content/dam/web/de/politik-verwaltung/statistik-und-daten/publikationen-dienstleistungen/publikationen/periodika/zuercher-index-der-wohnbaupreise/ZIW_2019_Web.pdf",
                "project": "Erneuerung Gebäudetechnik und Innenausbau (Demo)",
                "scope": "Selected BKP work packages only; not a complete project budget or actual BBL project.",
                "basis": "Invented one-off CHF scenario, excluding VAT; not actual expenditure, a cost benchmark or FX conversion.",
                "rateCHFPerGF": 82.5,
                "quantityGF": 899
              }
            },
            {
              "costId": "f0ce0239-fbde-57ce-b780-4eff9b38b148",
              "buildingIds": [
                "9900/9012/AA"
              ],
              "costGroup": "24",
              "costType": "Heizungs-, Lüftungs- und Klimaanlagen",
              "amount": 108800,
              "unit": "CHF",
              "currency": "CHF",
              "period": "Einmalig",
              "referenceDate": "2026-09-22T00:00:00Z",
              "legacyId": "DEMO-9012-C2",
              "extensionData": {
                "dataStatus": "synthetic-demo",
                "budgetYear": 2026,
                "costCenter": "DEMO-9012",
                "classification": "BKP",
                "standard": "SN 506 500:2017",
                "classificationSourceUrl": "https://www.crb.ch/de/normen-standards/baukostenplane/baukostenplan-bkp",
                "groupSourceUrl": "https://www.stadt-zuerich.ch/content/dam/web/de/politik-verwaltung/statistik-und-daten/publikationen-dienstleistungen/publikationen/periodika/zuercher-index-der-wohnbaupreise/ZIW_2019_Web.pdf",
                "project": "Erneuerung Gebäudetechnik und Innenausbau (Demo)",
                "scope": "Selected BKP work packages only; not a complete project budget or actual BBL project.",
                "basis": "Invented one-off CHF scenario, excluding VAT; not actual expenditure, a cost benchmark or FX conversion.",
                "rateCHFPerGF": 121.0,
                "quantityGF": 899
              }
            },
            {
              "costId": "ec3329f6-24db-5e8f-87c1-25042cb79511",
              "buildingIds": [
                "9900/9012/AA"
              ],
              "costGroup": "25",
              "costType": "Sanitäranlagen",
              "amount": 34600,
              "unit": "CHF",
              "currency": "CHF",
              "period": "Einmalig",
              "referenceDate": "2026-09-22T00:00:00Z",
              "legacyId": "DEMO-9012-C3",
              "extensionData": {
                "dataStatus": "synthetic-demo",
                "budgetYear": 2026,
                "costCenter": "DEMO-9012",
                "classification": "BKP",
                "standard": "SN 506 500:2017",
                "classificationSourceUrl": "https://www.crb.ch/de/normen-standards/baukostenplane/baukostenplan-bkp",
                "groupSourceUrl": "https://www.stadt-zuerich.ch/content/dam/web/de/politik-verwaltung/statistik-und-daten/publikationen-dienstleistungen/publikationen/periodika/zuercher-index-der-wohnbaupreise/ZIW_2019_Web.pdf",
                "project": "Erneuerung Gebäudetechnik und Innenausbau (Demo)",
                "scope": "Selected BKP work packages only; not a complete project budget or actual BBL project.",
                "basis": "Invented one-off CHF scenario, excluding VAT; not actual expenditure, a cost benchmark or FX conversion.",
                "rateCHFPerGF": 38.5,
                "quantityGF": 899
              }
            },
            {
              "costId": "aad7fb05-b89c-56c9-a979-b884ccf8244c",
              "buildingIds": [
                "9900/9012/AA"
              ],
              "costGroup": "27",
              "costType": "Ausbau 1",
              "amount": 118700,
              "unit": "CHF",
              "currency": "CHF",
              "period": "Einmalig",
              "referenceDate": "2026-09-22T00:00:00Z",
              "legacyId": "DEMO-9012-C4",
              "extensionData": {
                "dataStatus": "synthetic-demo",
                "budgetYear": 2026,
                "costCenter": "DEMO-9012",
                "classification": "BKP",
                "standard": "SN 506 500:2017",
                "classificationSourceUrl": "https://www.crb.ch/de/normen-standards/baukostenplane/baukostenplan-bkp",
                "groupSourceUrl": "https://www.stadt-zuerich.ch/content/dam/web/de/politik-verwaltung/statistik-und-daten/publikationen-dienstleistungen/publikationen/periodika/zuercher-index-der-wohnbaupreise/ZIW_2019_Web.pdf",
                "project": "Erneuerung Gebäudetechnik und Innenausbau (Demo)",
                "scope": "Selected BKP work packages only; not a complete project budget or actual BBL project.",
                "basis": "Invented one-off CHF scenario, excluding VAT; not actual expenditure, a cost benchmark or FX conversion.",
                "rateCHFPerGF": 132.0,
                "quantityGF": 899
              }
            },
            {
              "costId": "a2bfa5fc-ace3-5620-9dd5-293916f79aee",
              "buildingIds": [
                "9900/9012/AA"
              ],
              "costGroup": "28",
              "costType": "Ausbau 2",
              "amount": 89000,
              "unit": "CHF",
              "currency": "CHF",
              "period": "Einmalig",
              "referenceDate": "2026-09-22T00:00:00Z",
              "legacyId": "DEMO-9012-C5",
              "extensionData": {
                "dataStatus": "synthetic-demo",
                "budgetYear": 2026,
                "costCenter": "DEMO-9012",
                "classification": "BKP",
                "standard": "SN 506 500:2017",
                "classificationSourceUrl": "https://www.crb.ch/de/normen-standards/baukostenplane/baukostenplan-bkp",
                "groupSourceUrl": "https://www.stadt-zuerich.ch/content/dam/web/de/politik-verwaltung/statistik-und-daten/publikationen-dienstleistungen/publikationen/periodika/zuercher-index-der-wohnbaupreise/ZIW_2019_Web.pdf",
                "project": "Erneuerung Gebäudetechnik und Innenausbau (Demo)",
                "scope": "Selected BKP work packages only; not a complete project budget or actual BBL project.",
                "basis": "Invented one-off CHF scenario, excluding VAT; not actual expenditure, a cost benchmark or FX conversion.",
                "rateCHFPerGF": 99.0,
                "quantityGF": 899
              }
            },
            {
              "costId": "6c15283f-0565-59f6-88d4-d9ffcffcaf84",
              "buildingIds": [
                "9900/9012/AA"
              ],
              "costGroup": "29",
              "costType": "Honorare",
              "amount": 59300,
              "unit": "CHF",
              "currency": "CHF",
              "period": "Einmalig",
              "referenceDate": "2026-09-22T00:00:00Z",
              "legacyId": "DEMO-9012-C6",
              "extensionData": {
                "dataStatus": "synthetic-demo",
                "budgetYear": 2026,
                "costCenter": "DEMO-9012",
                "classification": "BKP",
                "standard": "SN 506 500:2017",
                "classificationSourceUrl": "https://www.crb.ch/de/normen-standards/baukostenplane/baukostenplan-bkp",
                "groupSourceUrl": "https://www.stadt-zuerich.ch/content/dam/web/de/politik-verwaltung/statistik-und-daten/publikationen-dienstleistungen/publikationen/periodika/zuercher-index-der-wohnbaupreise/ZIW_2019_Web.pdf",
                "project": "Erneuerung Gebäudetechnik und Innenausbau (Demo)",
                "scope": "Selected BKP work packages only; not a complete project budget or actual BBL project.",
                "basis": "Invented one-off CHF scenario, excluding VAT; not actual expenditure, a cost benchmark or FX conversion.",
                "rateCHFPerGF": 66.0,
                "quantityGF": 899
              }
            }
          ]
        }
      },
      "geometry": {
        "type": "Point",
        "coordinates": [
          -3.9933619,
          5.3292355
        ]
      }
    },
    {
      "type": "Feature",
      "properties": {
        "bbl_stat": "In Betrieb",
        "bbl_id": "9900/9013/AA",
        "bbl_buch": "9900",
        "bbl_we": "9013",
        "bbl_obj": "AA",
        "bbl_bez": "Generalkonsulat und Swissnex San Francisco",
        "referenceCodes": {
          "building.ownership": "Anmiete",
          "building.portfolio": "002",
          "building.type1": "16",
          "building.type2": "16.07",
          "building.rentalModel": null,
          "building.operatingStatus": "ACTIVE",
          "building.physicalStatus": null
        },
        "gwr_stat": null,
        "adr_land": "US",
        "adr_reg": "California",
        "adr_ort": "San Francisco",
        "adr_plz": "94111",
        "adr_str": "The Embarcadero",
        "adr_hsnr": "Pier 17, Suite 600",
        "adr_conct": "Pier 17, Suite 600 The Embarcadero, San Francisco 94111",
        "wgs84_lon": -122.3981182,
        "wgs84_lat": 37.8021916,
        "lv95_e": null,
        "lv95_n": null,
        "egm_elev": null,
        "bbl_eigen": "Anmiete",
        "bbl_ostr": "Erhalten",
        "bbl_mietm": null,
        "bbl_bjahr": null,
        "bbl_vjahr": null,
        "bbl_port": "Ausland",
        "bbl_port2": "EDA Auslandsvertretungen",
        "bbl_awrt": 10500000,
        "bbl_bwrt": 6700000,
        "bbl_gbda1": "Gebäude im Ausland",
        "bbl_gbda2": "Ausland: Wissenschaft und Technologie",
        "bbl_ovtw": "Flurin Frei (Demo)",
        "bbl_pvtw": "Jana Birchler (Demo)",
        "av_egid": null,
        "av_egrid": null,
        "bfs_gem": null,
        "bfs_gemnr": null,
        "av_zbez": null,
        "av_znut": null,
        "bbl_hist": null,
        "bbl_arch": null,
        "kgs_kat": null,
        "kgs_nr": null,
        "garea_gf": 1750,
        "garea_gfo": 1750,
        "garea_gfu": 0,
        "garea_acu": "GF publiziert; Aufteilung Demo",
        "garea_ngf": 1549,
        "garea_kf": 201,
        "garea_nf": 1260,
        "garea_hnf": 1058,
        "garea_nnf": 202,
        "garea_ff": 61,
        "garea_vf": 228,
        "garea_vmf": null,
        "garea_ebf": null,
        "gvol_gv": 7824,
        "gvol_gvo": 7824,
        "gvol_gvu": 0,
        "gvol_acu": "GV publiziert; Aufteilung Demo",
        "gastw": 2,
        "gastw_og": 2,
        "gastw_ug": 0,
        "gastw_acu": "Demo-Schätzung",
        "larea_ggf": 875,
        "larea_gsf": 1800,
        "larea_uf": 925,
        "larea_acu": "Demo-Perimeter, nicht AV",
        "rics_gea": 1750,
        "rics_gia": 1636,
        "rics_nia": 1172,
        "rics_standard": "RICS Code of Measuring Practice, 6th edition (2015)",
        "objectid": 14,
        "etl_ts": "2026-09-22T00:00:00Z",
        "img_url": [
          "../assets/portfolio/san-francisco-1.jpg",
          "../assets/portfolio/san-francisco-2.jpg",
          "../assets/portfolio/san-francisco-3.jpg"
        ],
        "photos": [
          {
            "url": "../assets/portfolio/san-francisco-1.jpg",
            "alt": "Generalkonsulat und Swissnex San Francisco – Aussenansicht",
            "credit": "© Bruce Damonte",
            "source": "https://www.bbl.admin.ch/de/mediendatenbank",
            "scene": "exterior",
            "mediaIndex": 1,
            "kind": "public-source-photo",
            "rights": "Copyright retained by credited photographer; publicly accessible BBL source, no open licence asserted. Not covered by repository MIT licence.",
            "originalUrl": "https://prod-bbladminch-hcms-sdweb.imgix.net/dam/de/sd-web/NFXTrNGEK8g5/San_Francisco_USA_Kanzlei_01.jpg?w=1024&auto=format"
          },
          {
            "url": "../assets/portfolio/san-francisco-2.jpg",
            "alt": "Generalkonsulat und Swissnex San Francisco – Innenansicht",
            "credit": "© Bruce Damonte",
            "source": "https://www.bbl.admin.ch/de/mediendatenbank",
            "scene": "interior",
            "mediaIndex": 4,
            "kind": "public-source-photo",
            "rights": "Copyright retained by credited photographer; publicly accessible BBL source, no open licence asserted. Not covered by repository MIT licence.",
            "originalUrl": "https://prod-bbladminch-hcms-sdweb.imgix.net/dam/de/sd-web/LxcTream7ARK/San_Francisco_USA_Kanzlei_04.jpg?w=1024&auto=format"
          },
          {
            "url": "../assets/portfolio/san-francisco-3.jpg",
            "alt": "Generalkonsulat und Swissnex San Francisco – Innenansicht",
            "credit": "© Bruce Damonte",
            "source": "https://www.bbl.admin.ch/de/mediendatenbank",
            "scene": "interior",
            "mediaIndex": 7,
            "kind": "public-source-photo",
            "rights": "Copyright retained by credited photographer; publicly accessible BBL source, no open licence asserted. Not covered by repository MIT licence.",
            "originalUrl": "https://prod-bbladminch-hcms-sdweb.imgix.net/dam/de/sd-web/sD9nD942Jpmm/San_Francisco_USA_Kanzlei_07.jpg?w=1024&auto=format"
          }
        ],
        "provenance": {
          "dataset": "bbl-public-portfolio-demo",
          "asOf": "2026-09-22",
          "notOfficialInventory": true,
          "factSources": {
            "identity": "https://www.bbl.admin.ch/de/mediendatenbank",
            "address": "https://www.bbl.admin.ch/dam/de/sd-web/IxObZNLfQ10q/20160601_San%20Francisco%20USA%20Generalkonsulat%20und%20Swissnex_DE.pdf",
            "coordinates": "https://nominatim.openstreetmap.org/search?q=Pier+17+San+Francisco+USA&format=jsonv2&limit=3&addressdetails=1",
            "lastRefurbishmentYear": "https://www.bbl.admin.ch/dam/de/sd-web/IxObZNLfQ10q/20160601_San%20Francisco%20USA%20Generalkonsulat%20und%20Swissnex_DE.pdf"
          },
          "geocoding": {
            "provider": "OpenStreetMap Nominatim",
            "sourceUrl": "https://nominatim.openstreetmap.org/search?q=Pier+17+San+Francisco+USA&format=jsonv2&limit=3&addressdetails=1",
            "retrievedAt": "2026-09-22",
            "reviewed": true,
            "precision": "building-or-site-centroid",
            "indicativeUncertaintyMetres": 150,
            "matchedAddress": "Pier 17, The Embarcadero, Telegraph Hill, Financial District, San Francisco, California, 94111, United States",
            "note": "Public address / site locator, not a cadastral or survey point.",
            "osmUrl": "https://www.openstreetmap.org/way/1390720126"
          },
          "scope": "Swiss tenant fit-out in Pier 17 (1,750 m²); not the entire pier or building. Schematic polygon is an illustrative tenant site.",
          "publishedMeasurements": {
            "GF": 1750,
            "GV": 7824,
            "standard": "SIA 416:2003",
            "referenceYear": 2016,
            "page": 1,
            "sourceUrl": "https://www.bbl.admin.ch/dam/de/sd-web/IxObZNLfQ10q/20160601_San%20Francisco%20USA%20Generalkonsulat%20und%20Swissnex_DE.pdf"
          },
          "cadastre": null,
          "syntheticFields": [
            "inventoryIds",
            "ownershipScenario",
            "statusScenario",
            "valuations",
            "SIA area breakdown",
            "RICS measurements",
            "storeySplit",
            "landcoverGeometry",
            "energySystems",
            "parking",
            "contacts",
            "costs",
            "contracts",
            "assets",
            "mockDocuments",
            "parcelGeometry"
          ],
          "unknownFieldsLeftNull": [
            "zoning",
            "energyCertificate",
            "buildingPermitDate",
            "heritageRegisterNumber",
            "EGID",
            "EGRID"
          ],
          "notice": "Standort öffentlich belegt. Publizierte GF/GV separat belegt; übrige Gebäudebemessungen und Betriebsdaten sind Demowerte. Grundstück schematisch.",
          "referenceData": {
            "catalogVersion": "55",
            "classificationAssignments": "Demo assignments to catalogue codes; not confirmed SAP master data.",
            "physicalStatus": null
          }
        },
        "demoRelatedRecords": {
          "areaMeasurements": [
            {
              "buildingIds": [
                "9900/9013/AA"
              ],
              "validFrom": "2016-01-01T00:00:00Z",
              "validUntil": null,
              "areaMeasurementId": "e05cac19-85dd-52f3-bc21-17f7356ba4c0",
              "type": "Geschossfläche GF",
              "value": 1750,
              "unit": "m²",
              "bmEstimation": null,
              "accuracy": "Unbekannt",
              "accuracyCode": "UNBEKANNT",
              "standard": "SIA 416",
              "standardCode": "SIA_416",
              "legacyId": "DEMO-9013-GF",
              "extensionData": {
                "code": "GF",
                "standardDetail": "SIA 416:2003",
                "dataStatus": "published-source",
                "source": "BBL Bautendokumentation 2016, S. 1",
                "sourceUrl": "https://www.bbl.admin.ch/dam/de/sd-web/IxObZNLfQ10q/20160601_San%20Francisco%20USA%20Generalkonsulat%20und%20Swissnex_DE.pdf",
                "scope": "Swiss tenant fit-out in Pier 17 (1,750 m²); not the entire pier or building. Schematic polygon is an illustrative tenant site.",
                "originalUnit": "m²",
                "assumption": null
              }
            },
            {
              "buildingIds": [
                "9900/9013/AA"
              ],
              "validFrom": "2026-09-22T00:00:00Z",
              "validUntil": null,
              "areaMeasurementId": "a6256877-7e06-540c-83d0-c17318252020",
              "type": "Geschossfläche oberirdisch",
              "value": 1750,
              "unit": "m²",
              "bmEstimation": true,
              "accuracy": "Geschätzt",
              "accuracyCode": "GESCHAETZT",
              "standard": "SIA 416",
              "standardCode": "SIA_416",
              "legacyId": "DEMO-9013-GFO",
              "extensionData": {
                "code": "GFO",
                "standardDetail": "SIA 416:2003",
                "dataStatus": "synthetic-demo",
                "source": "Plausibles Demo-Szenario",
                "sourceUrl": null,
                "scope": "Swiss tenant fit-out in Pier 17 (1,750 m²); not the entire pier or building. Schematic polygon is an illustrative tenant site.",
                "originalUnit": "m²",
                "assumption": "Independently modelled measurement basis; no certified survey or universal SIA/RICS conversion."
              }
            },
            {
              "buildingIds": [
                "9900/9013/AA"
              ],
              "validFrom": "2026-09-22T00:00:00Z",
              "validUntil": null,
              "areaMeasurementId": "5c9bd3ec-993c-5f9e-88cb-b5143018ef2e",
              "type": "Geschossfläche unterirdisch",
              "value": 0,
              "unit": "m²",
              "bmEstimation": true,
              "accuracy": "Geschätzt",
              "accuracyCode": "GESCHAETZT",
              "standard": "SIA 416",
              "standardCode": "SIA_416",
              "legacyId": "DEMO-9013-GFU",
              "extensionData": {
                "code": "GFU",
                "standardDetail": "SIA 416:2003",
                "dataStatus": "synthetic-demo",
                "source": "Plausibles Demo-Szenario",
                "sourceUrl": null,
                "scope": "Swiss tenant fit-out in Pier 17 (1,750 m²); not the entire pier or building. Schematic polygon is an illustrative tenant site.",
                "originalUnit": "m²",
                "assumption": "Independently modelled measurement basis; no certified survey or universal SIA/RICS conversion."
              }
            },
            {
              "buildingIds": [
                "9900/9013/AA"
              ],
              "validFrom": "2026-09-22T00:00:00Z",
              "validUntil": null,
              "areaMeasurementId": "487fbf2f-b81f-5b59-9511-d68e78f70d54",
              "type": "Konstruktionsfläche KF",
              "value": 201,
              "unit": "m²",
              "bmEstimation": true,
              "accuracy": "Geschätzt",
              "accuracyCode": "GESCHAETZT",
              "standard": "SIA 416",
              "standardCode": "SIA_416",
              "legacyId": "DEMO-9013-KF",
              "extensionData": {
                "code": "KF",
                "standardDetail": "SIA 416:2003",
                "dataStatus": "synthetic-demo",
                "source": "Plausibles Demo-Szenario",
                "sourceUrl": null,
                "scope": "Swiss tenant fit-out in Pier 17 (1,750 m²); not the entire pier or building. Schematic polygon is an illustrative tenant site.",
                "originalUnit": "m²",
                "assumption": "Independently modelled measurement basis; no certified survey or universal SIA/RICS conversion."
              }
            },
            {
              "buildingIds": [
                "9900/9013/AA"
              ],
              "validFrom": "2026-09-22T00:00:00Z",
              "validUntil": null,
              "areaMeasurementId": "994dffdf-9607-5b59-aae0-af7c52e45bc7",
              "type": "Nettogeschossfläche NGF",
              "value": 1549,
              "unit": "m²",
              "bmEstimation": true,
              "accuracy": "Geschätzt",
              "accuracyCode": "GESCHAETZT",
              "standard": "SIA 416",
              "standardCode": "SIA_416",
              "legacyId": "DEMO-9013-NGF",
              "extensionData": {
                "code": "NGF",
                "standardDetail": "SIA 416:2003",
                "dataStatus": "synthetic-demo",
                "source": "Plausibles Demo-Szenario",
                "sourceUrl": null,
                "scope": "Swiss tenant fit-out in Pier 17 (1,750 m²); not the entire pier or building. Schematic polygon is an illustrative tenant site.",
                "originalUnit": "m²",
                "assumption": "Independently modelled measurement basis; no certified survey or universal SIA/RICS conversion."
              }
            },
            {
              "buildingIds": [
                "9900/9013/AA"
              ],
              "validFrom": "2026-09-22T00:00:00Z",
              "validUntil": null,
              "areaMeasurementId": "e89c6714-2c51-5675-82fd-5c3ff11eaef1",
              "type": "Nutzfläche NF",
              "value": 1260,
              "unit": "m²",
              "bmEstimation": true,
              "accuracy": "Geschätzt",
              "accuracyCode": "GESCHAETZT",
              "standard": "SIA 416",
              "standardCode": "SIA_416",
              "legacyId": "DEMO-9013-NF",
              "extensionData": {
                "code": "NF",
                "standardDetail": "SIA 416:2003",
                "dataStatus": "synthetic-demo",
                "source": "Plausibles Demo-Szenario",
                "sourceUrl": null,
                "scope": "Swiss tenant fit-out in Pier 17 (1,750 m²); not the entire pier or building. Schematic polygon is an illustrative tenant site.",
                "originalUnit": "m²",
                "assumption": "Independently modelled measurement basis; no certified survey or universal SIA/RICS conversion."
              }
            },
            {
              "buildingIds": [
                "9900/9013/AA"
              ],
              "validFrom": "2026-09-22T00:00:00Z",
              "validUntil": null,
              "areaMeasurementId": "dd3fa634-6650-5296-ab2f-88778aa0042c",
              "type": "Hauptnutzfläche HNF",
              "value": 1058,
              "unit": "m²",
              "bmEstimation": true,
              "accuracy": "Geschätzt",
              "accuracyCode": "GESCHAETZT",
              "standard": "SIA 416",
              "standardCode": "SIA_416",
              "legacyId": "DEMO-9013-HNF",
              "extensionData": {
                "code": "HNF",
                "standardDetail": "SIA 416:2003",
                "dataStatus": "synthetic-demo",
                "source": "Plausibles Demo-Szenario",
                "sourceUrl": null,
                "scope": "Swiss tenant fit-out in Pier 17 (1,750 m²); not the entire pier or building. Schematic polygon is an illustrative tenant site.",
                "originalUnit": "m²",
                "assumption": "Independently modelled measurement basis; no certified survey or universal SIA/RICS conversion."
              }
            },
            {
              "buildingIds": [
                "9900/9013/AA"
              ],
              "validFrom": "2026-09-22T00:00:00Z",
              "validUntil": null,
              "areaMeasurementId": "aec05fac-68ef-51d6-8118-224c22b25ff8",
              "type": "Nebennutzfläche NNF",
              "value": 202,
              "unit": "m²",
              "bmEstimation": true,
              "accuracy": "Geschätzt",
              "accuracyCode": "GESCHAETZT",
              "standard": "SIA 416",
              "standardCode": "SIA_416",
              "legacyId": "DEMO-9013-NNF",
              "extensionData": {
                "code": "NNF",
                "standardDetail": "SIA 416:2003",
                "dataStatus": "synthetic-demo",
                "source": "Plausibles Demo-Szenario",
                "sourceUrl": null,
                "scope": "Swiss tenant fit-out in Pier 17 (1,750 m²); not the entire pier or building. Schematic polygon is an illustrative tenant site.",
                "originalUnit": "m²",
                "assumption": "Independently modelled measurement basis; no certified survey or universal SIA/RICS conversion."
              }
            },
            {
              "buildingIds": [
                "9900/9013/AA"
              ],
              "validFrom": "2026-09-22T00:00:00Z",
              "validUntil": null,
              "areaMeasurementId": "afe10799-5184-58b2-ad2b-3d8d7af4efb6",
              "type": "Funktionsfläche FF",
              "value": 61,
              "unit": "m²",
              "bmEstimation": true,
              "accuracy": "Geschätzt",
              "accuracyCode": "GESCHAETZT",
              "standard": "SIA 416",
              "standardCode": "SIA_416",
              "legacyId": "DEMO-9013-FF",
              "extensionData": {
                "code": "FF",
                "standardDetail": "SIA 416:2003",
                "dataStatus": "synthetic-demo",
                "source": "Plausibles Demo-Szenario",
                "sourceUrl": null,
                "scope": "Swiss tenant fit-out in Pier 17 (1,750 m²); not the entire pier or building. Schematic polygon is an illustrative tenant site.",
                "originalUnit": "m²",
                "assumption": "Independently modelled measurement basis; no certified survey or universal SIA/RICS conversion."
              }
            },
            {
              "buildingIds": [
                "9900/9013/AA"
              ],
              "validFrom": "2026-09-22T00:00:00Z",
              "validUntil": null,
              "areaMeasurementId": "fc8a6d93-c0ac-58ff-b5d2-82612f9996dd",
              "type": "Verkehrsfläche VF",
              "value": 228,
              "unit": "m²",
              "bmEstimation": true,
              "accuracy": "Geschätzt",
              "accuracyCode": "GESCHAETZT",
              "standard": "SIA 416",
              "standardCode": "SIA_416",
              "legacyId": "DEMO-9013-VF",
              "extensionData": {
                "code": "VF",
                "standardDetail": "SIA 416:2003",
                "dataStatus": "synthetic-demo",
                "source": "Plausibles Demo-Szenario",
                "sourceUrl": null,
                "scope": "Swiss tenant fit-out in Pier 17 (1,750 m²); not the entire pier or building. Schematic polygon is an illustrative tenant site.",
                "originalUnit": "m²",
                "assumption": "Independently modelled measurement basis; no certified survey or universal SIA/RICS conversion."
              }
            },
            {
              "buildingIds": [
                "9900/9013/AA"
              ],
              "validFrom": "2016-01-01T00:00:00Z",
              "validUntil": null,
              "areaMeasurementId": "aea9cb8e-39e6-5f3b-832a-cb36f61a8ac8",
              "type": "Gebäudevolumen GV",
              "value": 7824,
              "unit": "m³",
              "bmEstimation": null,
              "accuracy": "Unbekannt",
              "accuracyCode": "UNBEKANNT",
              "standard": "SIA 416",
              "standardCode": "SIA_416",
              "legacyId": "DEMO-9013-GV",
              "extensionData": {
                "code": "GV",
                "standardDetail": "SIA 416:2003",
                "dataStatus": "published-source",
                "source": "BBL Bautendokumentation 2016, S. 1",
                "sourceUrl": "https://www.bbl.admin.ch/dam/de/sd-web/IxObZNLfQ10q/20160601_San%20Francisco%20USA%20Generalkonsulat%20und%20Swissnex_DE.pdf",
                "scope": "Swiss tenant fit-out in Pier 17 (1,750 m²); not the entire pier or building. Schematic polygon is an illustrative tenant site.",
                "originalUnit": "m³",
                "assumption": null
              }
            },
            {
              "buildingIds": [
                "9900/9013/AA"
              ],
              "validFrom": "2026-09-22T00:00:00Z",
              "validUntil": null,
              "areaMeasurementId": "f5969805-9b82-55e1-9f30-7ffbaaf75c21",
              "type": "Gebäudevolumen oberirdisch",
              "value": 7824,
              "unit": "m³",
              "bmEstimation": true,
              "accuracy": "Geschätzt",
              "accuracyCode": "GESCHAETZT",
              "standard": "SIA 416",
              "standardCode": "SIA_416",
              "legacyId": "DEMO-9013-GVO",
              "extensionData": {
                "code": "GVO",
                "standardDetail": "SIA 416:2003",
                "dataStatus": "synthetic-demo",
                "source": "Plausibles Demo-Szenario",
                "sourceUrl": null,
                "scope": "Swiss tenant fit-out in Pier 17 (1,750 m²); not the entire pier or building. Schematic polygon is an illustrative tenant site.",
                "originalUnit": "m³",
                "assumption": "Independently modelled measurement basis; no certified survey or universal SIA/RICS conversion."
              }
            },
            {
              "buildingIds": [
                "9900/9013/AA"
              ],
              "validFrom": "2026-09-22T00:00:00Z",
              "validUntil": null,
              "areaMeasurementId": "4471d350-d8df-565f-b90d-94b3db7baf2a",
              "type": "Gebäudevolumen unterirdisch",
              "value": 0,
              "unit": "m³",
              "bmEstimation": true,
              "accuracy": "Geschätzt",
              "accuracyCode": "GESCHAETZT",
              "standard": "SIA 416",
              "standardCode": "SIA_416",
              "legacyId": "DEMO-9013-GVU",
              "extensionData": {
                "code": "GVU",
                "standardDetail": "SIA 416:2003",
                "dataStatus": "synthetic-demo",
                "source": "Plausibles Demo-Szenario",
                "sourceUrl": null,
                "scope": "Swiss tenant fit-out in Pier 17 (1,750 m²); not the entire pier or building. Schematic polygon is an illustrative tenant site.",
                "originalUnit": "m³",
                "assumption": "Independently modelled measurement basis; no certified survey or universal SIA/RICS conversion."
              }
            },
            {
              "buildingIds": [
                "9900/9013/AA"
              ],
              "validFrom": "2026-09-22T00:00:00Z",
              "validUntil": null,
              "areaMeasurementId": "6bcebc28-4e6e-5914-9658-4a48e69bef74",
              "type": "Grundstücksfläche GSF",
              "value": 1800,
              "unit": "m²",
              "bmEstimation": true,
              "accuracy": "Geschätzt",
              "accuracyCode": "GESCHAETZT",
              "standard": "SIA 416",
              "standardCode": "SIA_416",
              "legacyId": "DEMO-9013-GSF",
              "extensionData": {
                "code": "GSF",
                "standardDetail": "SIA 416:2003",
                "dataStatus": "synthetic-demo",
                "source": "Plausibles Demo-Szenario",
                "sourceUrl": null,
                "scope": "Swiss tenant fit-out in Pier 17 (1,750 m²); not the entire pier or building. Schematic polygon is an illustrative tenant site.",
                "originalUnit": "m²",
                "assumption": "Independently modelled measurement basis; no certified survey or universal SIA/RICS conversion."
              }
            },
            {
              "buildingIds": [
                "9900/9013/AA"
              ],
              "validFrom": "2026-09-22T00:00:00Z",
              "validUntil": null,
              "areaMeasurementId": "94bcf7cd-8b9a-5840-bc25-e10a2c6c517d",
              "type": "Gebäudegrundfläche GGF",
              "value": 875,
              "unit": "m²",
              "bmEstimation": true,
              "accuracy": "Geschätzt",
              "accuracyCode": "GESCHAETZT",
              "standard": "SIA 416",
              "standardCode": "SIA_416",
              "legacyId": "DEMO-9013-GGF",
              "extensionData": {
                "code": "GGF",
                "standardDetail": "SIA 416:2003",
                "dataStatus": "synthetic-demo",
                "source": "Plausibles Demo-Szenario",
                "sourceUrl": null,
                "scope": "Swiss tenant fit-out in Pier 17 (1,750 m²); not the entire pier or building. Schematic polygon is an illustrative tenant site.",
                "originalUnit": "m²",
                "assumption": "Independently modelled measurement basis; no certified survey or universal SIA/RICS conversion."
              }
            },
            {
              "buildingIds": [
                "9900/9013/AA"
              ],
              "validFrom": "2026-09-22T00:00:00Z",
              "validUntil": null,
              "areaMeasurementId": "0a99b2c2-75bf-5493-be4a-cff3ddf7903d",
              "type": "Umgebungsfläche UF",
              "value": 925,
              "unit": "m²",
              "bmEstimation": true,
              "accuracy": "Geschätzt",
              "accuracyCode": "GESCHAETZT",
              "standard": "SIA 416",
              "standardCode": "SIA_416",
              "legacyId": "DEMO-9013-UF",
              "extensionData": {
                "code": "UF",
                "standardDetail": "SIA 416:2003",
                "dataStatus": "synthetic-demo",
                "source": "Plausibles Demo-Szenario",
                "sourceUrl": null,
                "scope": "Swiss tenant fit-out in Pier 17 (1,750 m²); not the entire pier or building. Schematic polygon is an illustrative tenant site.",
                "originalUnit": "m²",
                "assumption": "Independently modelled measurement basis; no certified survey or universal SIA/RICS conversion."
              }
            },
            {
              "buildingIds": [
                "9900/9013/AA"
              ],
              "validFrom": "2026-09-22T00:00:00Z",
              "validUntil": null,
              "areaMeasurementId": "b1609308-eadc-56e4-8713-6aa4a4678a26",
              "type": "Gross External Area (GEA)",
              "value": 1750,
              "unit": "m²",
              "bmEstimation": true,
              "accuracy": "Geschätzt",
              "accuracyCode": "GESCHAETZT",
              "standard": "Andere dokumentierte Regel",
              "standardCode": "ANDERE_REGEL",
              "legacyId": "DEMO-9013-GEA",
              "extensionData": {
                "code": "GEA",
                "standardDetail": "RICS Code of Measuring Practice, 6th edition (2015)",
                "dataStatus": "synthetic-demo",
                "source": "Plausibles Demo-Szenario",
                "sourceUrl": null,
                "scope": "Swiss tenant fit-out in Pier 17 (1,750 m²); not the entire pier or building. Schematic polygon is an illustrative tenant site.",
                "originalUnit": "m²",
                "assumption": "Independently modelled measurement basis; no certified survey or universal SIA/RICS conversion."
              }
            },
            {
              "buildingIds": [
                "9900/9013/AA"
              ],
              "validFrom": "2026-09-22T00:00:00Z",
              "validUntil": null,
              "areaMeasurementId": "4ba9ae7f-abf0-5787-88fd-74defe51902a",
              "type": "Gross Internal Area (GIA)",
              "value": 1636,
              "unit": "m²",
              "bmEstimation": true,
              "accuracy": "Geschätzt",
              "accuracyCode": "GESCHAETZT",
              "standard": "Andere dokumentierte Regel",
              "standardCode": "ANDERE_REGEL",
              "legacyId": "DEMO-9013-GIA",
              "extensionData": {
                "code": "GIA",
                "standardDetail": "RICS Code of Measuring Practice, 6th edition (2015)",
                "dataStatus": "synthetic-demo",
                "source": "Plausibles Demo-Szenario",
                "sourceUrl": null,
                "scope": "Swiss tenant fit-out in Pier 17 (1,750 m²); not the entire pier or building. Schematic polygon is an illustrative tenant site.",
                "originalUnit": "m²",
                "assumption": "Independently modelled measurement basis; no certified survey or universal SIA/RICS conversion."
              }
            },
            {
              "buildingIds": [
                "9900/9013/AA"
              ],
              "validFrom": "2026-09-22T00:00:00Z",
              "validUntil": null,
              "areaMeasurementId": "f2f72dd9-ab9d-5304-af7a-87cd6bfd3440",
              "type": "Net Internal Area (NIA)",
              "value": 1172,
              "unit": "m²",
              "bmEstimation": true,
              "accuracy": "Geschätzt",
              "accuracyCode": "GESCHAETZT",
              "standard": "Andere dokumentierte Regel",
              "standardCode": "ANDERE_REGEL",
              "legacyId": "DEMO-9013-NIA",
              "extensionData": {
                "code": "NIA",
                "standardDetail": "RICS Code of Measuring Practice, 6th edition (2015)",
                "dataStatus": "synthetic-demo",
                "source": "Plausibles Demo-Szenario",
                "sourceUrl": null,
                "scope": "Swiss tenant fit-out in Pier 17 (1,750 m²); not the entire pier or building. Schematic polygon is an illustrative tenant site.",
                "originalUnit": "m²",
                "assumption": "Independently modelled measurement basis; no certified survey or universal SIA/RICS conversion."
              }
            }
          ],
          "documents": [
            {
              "buildingIds": [
                "9900/9013/AA"
              ],
              "validFrom": null,
              "validUntil": null,
              "documentId": "8d0266d1-df73-526c-9d5c-8798abd8be14",
              "name": "BBL Bautendokumentation – Generalkonsulat und Swissnex San Francisco",
              "type": "Publikation",
              "documentTypeCode": "O12001",
              "fileFormat": "PDF",
              "fileSize": "5.95 MB",
              "url": "https://www.bbl.admin.ch/dam/de/sd-web/IxObZNLfQ10q/20160601_San%20Francisco%20USA%20Generalkonsulat%20und%20Swissnex_DE.pdf",
              "description": "Öffentliche BBL-Publikation; historischer Projektstand.",
              "version": "Publizierte Fassung",
              "legacyId": "DEMO-9013-O12001",
              "extensionData": {
                "dataStatus": "public-source",
                "availability": "external-publication",
                "catalogue": "KBOB/IPB Anhang C, Version 2016-01",
                "catalogueUrl": "https://www.kbob.admin.ch/dam/de/sd-web/rVvtgYM1wFVT/20171024_KBOB-IPB_Anhang_C_-_Dokumenttypenkatalog_2016_DE.pdf",
                "documentTypeCode": "O12001"
              }
            },
            {
              "buildingIds": [
                "9900/9013/AA"
              ],
              "validFrom": "2026-09-22T00:00:00Z",
              "validUntil": null,
              "documentId": "140466cb-a955-51a7-bda6-cc2058cf494d",
              "name": "Flächen/Volumenberechnung 2026 – Generalkonsulat und Swissnex San Francisco (Demo)",
              "type": "Flächen/Volumenberechnung",
              "documentTypeCode": "B14005",
              "fileFormat": "PDF",
              "fileSize": null,
              "url": null,
              "description": "Fiktiver Dokumentregistereintrag; keine Originaldatei vorhanden.",
              "version": "0.1 Demo",
              "legacyId": "DEMO-9013-B14005",
              "extensionData": {
                "dataStatus": "synthetic-demo",
                "availability": "metadata-only",
                "catalogue": "KBOB/IPB Anhang C, Version 2016-01",
                "catalogueUrl": "https://www.kbob.admin.ch/dam/de/sd-web/rVvtgYM1wFVT/20171024_KBOB-IPB_Anhang_C_-_Dokumenttypenkatalog_2016_DE.pdf",
                "documentTypeCode": "B14005"
              }
            },
            {
              "buildingIds": [
                "9900/9013/AA"
              ],
              "validFrom": "2026-09-22T00:00:00Z",
              "validUntil": null,
              "documentId": "d04ab189-c420-5af5-9582-a205930ecb6b",
              "name": "Wartungsplan 2026 – Generalkonsulat und Swissnex San Francisco (Demo)",
              "type": "Wartungsplan",
              "documentTypeCode": "O07003",
              "fileFormat": "PDF",
              "fileSize": null,
              "url": null,
              "description": "Fiktiver Dokumentregistereintrag; keine Originaldatei vorhanden.",
              "version": "0.1 Demo",
              "legacyId": "DEMO-9013-O07003",
              "extensionData": {
                "dataStatus": "synthetic-demo",
                "availability": "metadata-only",
                "catalogue": "KBOB/IPB Anhang C, Version 2016-01",
                "catalogueUrl": "https://www.kbob.admin.ch/dam/de/sd-web/rVvtgYM1wFVT/20171024_KBOB-IPB_Anhang_C_-_Dokumenttypenkatalog_2016_DE.pdf",
                "documentTypeCode": "O07003"
              }
            },
            {
              "buildingIds": [
                "9900/9013/AA"
              ],
              "validFrom": "2026-09-22T00:00:00Z",
              "validUntil": null,
              "documentId": "41f62c8d-1a63-5344-ae29-24257049ecf1",
              "name": "Betriebsführungshandbuch 2026 – Generalkonsulat und Swissnex San Francisco (Demo)",
              "type": "Betriebsführungshandbuch",
              "documentTypeCode": "O03001",
              "fileFormat": "PDF",
              "fileSize": null,
              "url": null,
              "description": "Fiktiver Dokumentregistereintrag; keine Originaldatei vorhanden.",
              "version": "0.1 Demo",
              "legacyId": "DEMO-9013-O03001",
              "extensionData": {
                "dataStatus": "synthetic-demo",
                "availability": "metadata-only",
                "catalogue": "KBOB/IPB Anhang C, Version 2016-01",
                "catalogueUrl": "https://www.kbob.admin.ch/dam/de/sd-web/rVvtgYM1wFVT/20171024_KBOB-IPB_Anhang_C_-_Dokumenttypenkatalog_2016_DE.pdf",
                "documentTypeCode": "O03001"
              }
            },
            {
              "buildingIds": [
                "9900/9013/AA"
              ],
              "validFrom": "2026-09-22T00:00:00Z",
              "validUntil": null,
              "documentId": "c9f29315-5c74-5ce4-9c7f-4223afab6d6c",
              "name": "Kostenstatistik 2026 – Generalkonsulat und Swissnex San Francisco (Demo)",
              "type": "Kostenstatistik",
              "documentTypeCode": "B14102",
              "fileFormat": "PDF",
              "fileSize": null,
              "url": null,
              "description": "Fiktiver Dokumentregistereintrag; keine Originaldatei vorhanden.",
              "version": "0.1 Demo",
              "legacyId": "DEMO-9013-B14102",
              "extensionData": {
                "dataStatus": "synthetic-demo",
                "availability": "metadata-only",
                "catalogue": "KBOB/IPB Anhang C, Version 2016-01",
                "catalogueUrl": "https://www.kbob.admin.ch/dam/de/sd-web/rVvtgYM1wFVT/20171024_KBOB-IPB_Anhang_C_-_Dokumenttypenkatalog_2016_DE.pdf",
                "documentTypeCode": "B14102"
              }
            },
            {
              "buildingIds": [
                "9900/9013/AA"
              ],
              "validFrom": "2026-09-22T00:00:00Z",
              "validUntil": null,
              "documentId": "6c88e587-8ea5-52dc-a3aa-d2925eda5b8e",
              "name": "Energiestatistik 2026 – Generalkonsulat und Swissnex San Francisco (Demo)",
              "type": "Energiestatistik",
              "documentTypeCode": "B14103",
              "fileFormat": "PDF",
              "fileSize": null,
              "url": null,
              "description": "Fiktiver Dokumentregistereintrag; keine Originaldatei vorhanden.",
              "version": "0.1 Demo",
              "legacyId": "DEMO-9013-B14103",
              "extensionData": {
                "dataStatus": "synthetic-demo",
                "availability": "metadata-only",
                "catalogue": "KBOB/IPB Anhang C, Version 2016-01",
                "catalogueUrl": "https://www.kbob.admin.ch/dam/de/sd-web/rVvtgYM1wFVT/20171024_KBOB-IPB_Anhang_C_-_Dokumenttypenkatalog_2016_DE.pdf",
                "documentTypeCode": "B14103"
              }
            }
          ],
          "contacts": [
            {
              "buildingIds": [
                "9900/9013/AA"
              ],
              "validFrom": "2026-09-22T00:00:00Z",
              "validUntil": null,
              "contactId": "fdd2d20e-a42c-560a-8f5c-d98f0faeca02",
              "name": "Flurin Frei (Demo)",
              "role": "Objektverantwortung",
              "organisation": "Portfolio Team (Demo)",
              "phone": null,
              "email": "san-francisco.1@example.invalid",
              "isPrimary": true,
              "legacyId": "DEMO-9013-K1",
              "extensionData": {
                "dataStatus": "synthetic-demo",
                "isFictionalPerson": true
              }
            },
            {
              "buildingIds": [
                "9900/9013/AA"
              ],
              "validFrom": "2026-09-22T00:00:00Z",
              "validUntil": null,
              "contactId": "4c6b0295-18bd-5465-8617-3e7200254869",
              "name": "Jana Birchler (Demo)",
              "role": "Portfoliomanagement",
              "organisation": "Portfolio Team (Demo)",
              "phone": null,
              "email": "san-francisco.2@example.invalid",
              "isPrimary": false,
              "legacyId": "DEMO-9013-K2",
              "extensionData": {
                "dataStatus": "synthetic-demo",
                "isFictionalPerson": true
              }
            },
            {
              "buildingIds": [
                "9900/9013/AA"
              ],
              "validFrom": "2026-09-22T00:00:00Z",
              "validUntil": null,
              "contactId": "35769aed-50e1-57ed-9573-c8873f3b73a8",
              "name": "Milo Tanner (Demo)",
              "role": "Facility Management",
              "organisation": "Arealservice Muster AG (fiktiv)",
              "phone": null,
              "email": "san-francisco.3@example.invalid",
              "isPrimary": false,
              "legacyId": "DEMO-9013-K3",
              "extensionData": {
                "dataStatus": "synthetic-demo",
                "isFictionalPerson": true
              }
            }
          ],
          "costs": [
            {
              "costId": "259ed79f-23f0-586b-ae01-2893caf3b9a0",
              "buildingIds": [
                "9900/9013/AA"
              ],
              "costGroup": "23",
              "costType": "Elektroanlagen",
              "amount": 301900,
              "unit": "CHF",
              "currency": "CHF",
              "period": "Einmalig",
              "referenceDate": "2026-09-22T00:00:00Z",
              "legacyId": "DEMO-9013-C1",
              "extensionData": {
                "dataStatus": "synthetic-demo",
                "budgetYear": 2026,
                "costCenter": "DEMO-9013",
                "classification": "BKP",
                "standard": "SN 506 500:2017",
                "classificationSourceUrl": "https://www.crb.ch/de/normen-standards/baukostenplane/baukostenplan-bkp",
                "groupSourceUrl": "https://www.stadt-zuerich.ch/content/dam/web/de/politik-verwaltung/statistik-und-daten/publikationen-dienstleistungen/publikationen/periodika/zuercher-index-der-wohnbaupreise/ZIW_2019_Web.pdf",
                "project": "Erneuerung Gebäudetechnik und Innenausbau (Demo)",
                "scope": "Selected BKP work packages only; not a complete project budget or actual BBL project.",
                "basis": "Invented one-off CHF scenario, excluding VAT; not actual expenditure, a cost benchmark or FX conversion.",
                "rateCHFPerGF": 172.5,
                "quantityGF": 1750
              }
            },
            {
              "costId": "a84535d9-35ef-5848-88e4-2821bd6d5805",
              "buildingIds": [
                "9900/9013/AA"
              ],
              "costGroup": "24",
              "costType": "Heizungs-, Lüftungs- und Klimaanlagen",
              "amount": 362200,
              "unit": "CHF",
              "currency": "CHF",
              "period": "Einmalig",
              "referenceDate": "2026-09-22T00:00:00Z",
              "legacyId": "DEMO-9013-C2",
              "extensionData": {
                "dataStatus": "synthetic-demo",
                "budgetYear": 2026,
                "costCenter": "DEMO-9013",
                "classification": "BKP",
                "standard": "SN 506 500:2017",
                "classificationSourceUrl": "https://www.crb.ch/de/normen-standards/baukostenplane/baukostenplan-bkp",
                "groupSourceUrl": "https://www.stadt-zuerich.ch/content/dam/web/de/politik-verwaltung/statistik-und-daten/publikationen-dienstleistungen/publikationen/periodika/zuercher-index-der-wohnbaupreise/ZIW_2019_Web.pdf",
                "project": "Erneuerung Gebäudetechnik und Innenausbau (Demo)",
                "scope": "Selected BKP work packages only; not a complete project budget or actual BBL project.",
                "basis": "Invented one-off CHF scenario, excluding VAT; not actual expenditure, a cost benchmark or FX conversion.",
                "rateCHFPerGF": 207.0,
                "quantityGF": 1750
              }
            },
            {
              "costId": "fd8a8870-2468-5d36-96ea-a7a9a4d10ea7",
              "buildingIds": [
                "9900/9013/AA"
              ],
              "costGroup": "25",
              "costType": "Sanitäranlagen",
              "amount": 140900,
              "unit": "CHF",
              "currency": "CHF",
              "period": "Einmalig",
              "referenceDate": "2026-09-22T00:00:00Z",
              "legacyId": "DEMO-9013-C3",
              "extensionData": {
                "dataStatus": "synthetic-demo",
                "budgetYear": 2026,
                "costCenter": "DEMO-9013",
                "classification": "BKP",
                "standard": "SN 506 500:2017",
                "classificationSourceUrl": "https://www.crb.ch/de/normen-standards/baukostenplane/baukostenplan-bkp",
                "groupSourceUrl": "https://www.stadt-zuerich.ch/content/dam/web/de/politik-verwaltung/statistik-und-daten/publikationen-dienstleistungen/publikationen/periodika/zuercher-index-der-wohnbaupreise/ZIW_2019_Web.pdf",
                "project": "Erneuerung Gebäudetechnik und Innenausbau (Demo)",
                "scope": "Selected BKP work packages only; not a complete project budget or actual BBL project.",
                "basis": "Invented one-off CHF scenario, excluding VAT; not actual expenditure, a cost benchmark or FX conversion.",
                "rateCHFPerGF": 80.5,
                "quantityGF": 1750
              }
            },
            {
              "costId": "bc298bfd-b9db-5d62-b693-6ee3a6753c2e",
              "buildingIds": [
                "9900/9013/AA"
              ],
              "costGroup": "27",
              "costType": "Ausbau 1",
              "amount": 483000,
              "unit": "CHF",
              "currency": "CHF",
              "period": "Einmalig",
              "referenceDate": "2026-09-22T00:00:00Z",
              "legacyId": "DEMO-9013-C4",
              "extensionData": {
                "dataStatus": "synthetic-demo",
                "budgetYear": 2026,
                "costCenter": "DEMO-9013",
                "classification": "BKP",
                "standard": "SN 506 500:2017",
                "classificationSourceUrl": "https://www.crb.ch/de/normen-standards/baukostenplane/baukostenplan-bkp",
                "groupSourceUrl": "https://www.stadt-zuerich.ch/content/dam/web/de/politik-verwaltung/statistik-und-daten/publikationen-dienstleistungen/publikationen/periodika/zuercher-index-der-wohnbaupreise/ZIW_2019_Web.pdf",
                "project": "Erneuerung Gebäudetechnik und Innenausbau (Demo)",
                "scope": "Selected BKP work packages only; not a complete project budget or actual BBL project.",
                "basis": "Invented one-off CHF scenario, excluding VAT; not actual expenditure, a cost benchmark or FX conversion.",
                "rateCHFPerGF": 276.0,
                "quantityGF": 1750
              }
            },
            {
              "costId": "f3ba6c25-5423-5c35-af3f-d346d661eb0d",
              "buildingIds": [
                "9900/9013/AA"
              ],
              "costGroup": "28",
              "costType": "Ausbau 2",
              "amount": 362200,
              "unit": "CHF",
              "currency": "CHF",
              "period": "Einmalig",
              "referenceDate": "2026-09-22T00:00:00Z",
              "legacyId": "DEMO-9013-C5",
              "extensionData": {
                "dataStatus": "synthetic-demo",
                "budgetYear": 2026,
                "costCenter": "DEMO-9013",
                "classification": "BKP",
                "standard": "SN 506 500:2017",
                "classificationSourceUrl": "https://www.crb.ch/de/normen-standards/baukostenplane/baukostenplan-bkp",
                "groupSourceUrl": "https://www.stadt-zuerich.ch/content/dam/web/de/politik-verwaltung/statistik-und-daten/publikationen-dienstleistungen/publikationen/periodika/zuercher-index-der-wohnbaupreise/ZIW_2019_Web.pdf",
                "project": "Erneuerung Gebäudetechnik und Innenausbau (Demo)",
                "scope": "Selected BKP work packages only; not a complete project budget or actual BBL project.",
                "basis": "Invented one-off CHF scenario, excluding VAT; not actual expenditure, a cost benchmark or FX conversion.",
                "rateCHFPerGF": 207.0,
                "quantityGF": 1750
              }
            },
            {
              "costId": "a6c5ed52-96d9-54d4-9d3c-04acf824f670",
              "buildingIds": [
                "9900/9013/AA"
              ],
              "costGroup": "29",
              "costType": "Honorare",
              "amount": 241500,
              "unit": "CHF",
              "currency": "CHF",
              "period": "Einmalig",
              "referenceDate": "2026-09-22T00:00:00Z",
              "legacyId": "DEMO-9013-C6",
              "extensionData": {
                "dataStatus": "synthetic-demo",
                "budgetYear": 2026,
                "costCenter": "DEMO-9013",
                "classification": "BKP",
                "standard": "SN 506 500:2017",
                "classificationSourceUrl": "https://www.crb.ch/de/normen-standards/baukostenplane/baukostenplan-bkp",
                "groupSourceUrl": "https://www.stadt-zuerich.ch/content/dam/web/de/politik-verwaltung/statistik-und-daten/publikationen-dienstleistungen/publikationen/periodika/zuercher-index-der-wohnbaupreise/ZIW_2019_Web.pdf",
                "project": "Erneuerung Gebäudetechnik und Innenausbau (Demo)",
                "scope": "Selected BKP work packages only; not a complete project budget or actual BBL project.",
                "basis": "Invented one-off CHF scenario, excluding VAT; not actual expenditure, a cost benchmark or FX conversion.",
                "rateCHFPerGF": 138.0,
                "quantityGF": 1750
              }
            }
          ]
        }
      },
      "geometry": {
        "type": "Point",
        "coordinates": [
          -122.3981182,
          37.8021916
        ]
      }
    }
  ]
}
