{
  "type": "FeatureCollection",
  "name": "BBL_Immobilienportfolio",
  "dataVersion": "2026-09-22",
  "description": "Publicly sourced identities and locations; clearly marked synthetic demonstration records. Not an official BBL inventory.",
  "features": [
    {
      "type": "Feature",
      "properties": {
        "buildingId": "1080/4840/AF",
        "siteId": "1080/4840",
        "name": "Bundeshaus West",
        "primaryTypeOfBuilding": "Bürogebäude",
        "secondaryTypeOfBuilding": "Verwaltung",
        "typeOfOwnership": "Eigentümer",
        "validFrom": null,
        "validUntil": null,
        "constructionYear": "1857-01-01T00:00:00Z",
        "buildingPermitDate": null,
        "yearOfLastRefurbishment": "2010-01-01T00:00:00Z",
        "parkingSpaces": 46,
        "electricVehicleChargingStations": 5,
        "monumentProtection": null,
        "status": "In Betrieb",
        "energyEfficiencyClass": null,
        "streetName": "Bundesgasse 1, 3011 Bern",
        "houseNumber": "1",
        "postalCode": "3011",
        "city": "Bern",
        "stateProvincePrefecture": "Kanton Bern",
        "country": "CH",
        "extensionData": {
          "numberOfFloors": 6,
          "responsiblePerson": "Mira Waldner (Demo)",
          "egid": "1230654",
          "egrid": "CH127620463518",
          "portfolio": "Verwaltungsgebäude",
          "portfolioGroup": "Bundesverwaltung",
          "heatingGenerator": "Fernwärmeübergabe",
          "heatingSource": "Fernwärme (Demo)",
          "hotWater": "Zentrale Versorgung (Demo)",
          "plotName": "Parzelle 1058 – Bundeshaus West",
          "plotId": "1058",
          "netFloorArea": 12450,
          "grossFloorArea": 15860,
          "photos": [
            {
              "url": "../assets/portfolio/bundeshaus-west-1.jpg",
              "source": "https://www.bbl.admin.ch/dam/de/sd-web/xpRh20JjlO-A/20100101_Bern%2C%20Bundesgasse%201%2C%20Sanierung_DE.pdf",
              "pdfImageXref": 2,
              "page": 1,
              "credit": "© Rudolf Steiner, Biel",
              "scene": "exterior",
              "alt": "Bundeshaus West – Nordfassade, Aufnahme der BBL-Publikation 2010",
              "kind": "public-source-photo",
              "rights": "Copyright retained by credited photographer; publicly accessible BBL source, no open licence asserted. Not covered by repository MIT licence.",
              "originalUrl": "https://www.bbl.admin.ch/dam/de/sd-web/xpRh20JjlO-A/20100101_Bern%2C%20Bundesgasse%201%2C%20Sanierung_DE.pdf"
            },
            {
              "url": "../assets/portfolio/bundeshaus-west-2.jpg",
              "alt": "Bundeshaus West – Innenansicht",
              "credit": "© Alexander Gempeler",
              "source": "https://www.bbl.admin.ch/de/mediendatenbank",
              "scene": "interior",
              "mediaIndex": 1,
              "kind": "public-source-photo",
              "rights": "Copyright retained by credited photographer; publicly accessible BBL source, no open licence asserted. Not covered by repository MIT licence.",
              "originalUrl": "https://prod-bbladminch-hcms-sdweb.imgix.net/dam/de/sd-web/D-6LFNKT70SC/Bern_Bundeshaus_West_01.jpg?w=1024&auto=format"
            },
            {
              "url": "../assets/portfolio/bundeshaus-west-3.jpg",
              "alt": "Bundeshaus West – Innenansicht",
              "credit": "© Alexander Gempeler",
              "source": "https://www.bbl.admin.ch/de/mediendatenbank",
              "scene": "interior",
              "mediaIndex": 7,
              "kind": "public-source-photo",
              "rights": "Copyright retained by credited photographer; publicly accessible BBL source, no open licence asserted. Not covered by repository MIT licence.",
              "originalUrl": "https://prod-bbladminch-hcms-sdweb.imgix.net/dam/de/sd-web/HazxCbXJSLSS/Bern_Bundeshaus_West_07.jpg?w=1024&auto=format"
            }
          ],
          "provenance": {
            "dataset": "bbl-public-portfolio-demo",
            "asOf": "2026-09-22",
            "notOfficialInventory": true,
            "factSources": {
              "identity": "https://www.bbl.admin.ch/de/mediendatenbank",
              "address": "https://www.bbl.admin.ch/dam/de/sd-web/xpRh20JjlO-A/20100101_Bern%2C%20Bundesgasse%201%2C%20Sanierung_DE.pdf",
              "coordinates": "https://api3.geo.admin.ch/rest/services/ech/MapServer/ch.bfs.gebaeude_wohnungs_register/1230654_0?sr=4326&geometryFormat=geojson",
              "constructionYear": "https://www.bbl.admin.ch/dam/de/sd-web/xpRh20JjlO-A/20100101_Bern%2C%20Bundesgasse%201%2C%20Sanierung_DE.pdf",
              "lastRefurbishmentYear": "https://www.bbl.admin.ch/dam/de/sd-web/xpRh20JjlO-A/20100101_Bern%2C%20Bundesgasse%201%2C%20Sanierung_DE.pdf",
              "EGID": "https://api3.geo.admin.ch/rest/services/ech/MapServer/ch.bfs.gebaeude_wohnungs_register/1230654_0?sr=4326&geometryFormat=geojson",
              "EGRID": "https://api3.geo.admin.ch/rest/services/ech/MapServer/identify?geometry=7.442977%2C46.946345&geometryType=esriGeometryPoint&geometryFormat=geojson&sr=4326&layers=all%3Ach.kantone.cadastralwebmap-farbe&tolerance=0&returnGeometry=true&lang=de",
              "parcelGeometry": "https://api3.geo.admin.ch/rest/services/ech/MapServer/identify?geometry=7.442977%2C46.946345&geometryType=esriGeometryPoint&geometryFormat=geojson&sr=4326&layers=all%3Ach.kantone.cadastralwebmap-farbe&tolerance=0&returnGeometry=true&lang=de"
            },
            "geocoding": {
              "provider": "swisstopo / BFS GWR",
              "sourceUrl": "https://api3.geo.admin.ch/rest/services/ech/MapServer/ch.bfs.gebaeude_wohnungs_register/1230654_0?sr=4326&geometryFormat=geojson",
              "retrievedAt": "2026-09-22",
              "reviewed": true,
              "precision": "gwr-building-coordinate",
              "coordinateSourceCode": 901,
              "matchedAddress": "Bundesgasse 1, 3011 Bern",
              "note": "GWR building position (GKODE/GKODN), transformed LV95 to WGS84; not the entrance point."
            },
            "scope": "Publicly documented building/site. The matched AV parcel may include additional buildings; operational records and land cover are demonstration assumptions.",
            "publishedMeasurements": {
              "GF": 15860,
              "GV": 69025,
              "standard": "SIA 416:2003",
              "referenceYear": 2010,
              "page": 1,
              "sourceUrl": "https://www.bbl.admin.ch/dam/de/sd-web/xpRh20JjlO-A/20100101_Bern%2C%20Bundesgasse%201%2C%20Sanierung_DE.pdf"
            },
            "cadastre": {
              "egid": "1230654",
              "egrid": "CH127620463518",
              "parcelNumber": "1058",
              "municipality": "Bern",
              "municipalityNumber": 351,
              "geometry": {
                "type": "Polygon",
                "coordinates": [
                  [
                    [
                      7.441802,
                      46.946456
                    ],
                    [
                      7.441815,
                      46.946421
                    ],
                    [
                      7.441817,
                      46.946422
                    ],
                    [
                      7.441923,
                      46.946132
                    ],
                    [
                      7.441919,
                      46.946131
                    ],
                    [
                      7.441953,
                      46.946034
                    ],
                    [
                      7.441948,
                      46.946033
                    ],
                    [
                      7.441964,
                      46.945989
                    ],
                    [
                      7.441953,
                      46.945986
                    ],
                    [
                      7.442084,
                      46.945932
                    ],
                    [
                      7.44271,
                      46.946051
                    ],
                    [
                      7.442723,
                      46.946015
                    ],
                    [
                      7.442749,
                      46.945949
                    ],
                    [
                      7.443009,
                      46.945841
                    ],
                    [
                      7.443306,
                      46.945892
                    ],
                    [
                      7.443465,
                      46.94607
                    ],
                    [
                      7.443428,
                      46.946171
                    ],
                    [
                      7.44361,
                      46.946198
                    ],
                    [
                      7.443771,
                      46.946222
                    ],
                    [
                      7.443746,
                      46.946335
                    ],
                    [
                      7.443754,
                      46.946336
                    ],
                    [
                      7.443717,
                      46.946438
                    ],
                    [
                      7.443738,
                      46.946442
                    ],
                    [
                      7.443732,
                      46.946457
                    ],
                    [
                      7.443731,
                      46.946457
                    ],
                    [
                      7.443721,
                      46.946487
                    ],
                    [
                      7.443721,
                      46.946488
                    ],
                    [
                      7.443717,
                      46.946501
                    ],
                    [
                      7.443716,
                      46.946501
                    ],
                    [
                      7.443678,
                      46.946605
                    ],
                    [
                      7.443679,
                      46.946605
                    ],
                    [
                      7.443674,
                      46.946619
                    ],
                    [
                      7.443673,
                      46.946618
                    ],
                    [
                      7.443662,
                      46.946649
                    ],
                    [
                      7.443663,
                      46.946649
                    ],
                    [
                      7.443658,
                      46.946664
                    ],
                    [
                      7.443634,
                      46.946661
                    ],
                    [
                      7.443603,
                      46.946746
                    ],
                    [
                      7.443604,
                      46.946746
                    ],
                    [
                      7.443598,
                      46.946762
                    ],
                    [
                      7.443575,
                      46.946758
                    ],
                    [
                      7.443575,
                      46.946757
                    ],
                    [
                      7.443403,
                      46.946728
                    ],
                    [
                      7.443403,
                      46.946729
                    ],
                    [
                      7.442354,
                      46.946551
                    ],
                    [
                      7.442354,
                      46.946551
                    ],
                    [
                      7.442182,
                      46.946521
                    ],
                    [
                      7.442181,
                      46.946522
                    ],
                    [
                      7.442159,
                      46.946518
                    ],
                    [
                      7.441802,
                      46.946456
                    ]
                  ]
                ]
              },
              "geometryAreaM2": 9893.02,
              "areaMethod": "WGS84 geodesic area of returned cadastral polygon; not a land-register area attribute",
              "gwrSourceUrl": "https://api3.geo.admin.ch/rest/services/ech/MapServer/ch.bfs.gebaeude_wohnungs_register/1230654_0?sr=4326&geometryFormat=geojson",
              "parcelSourceUrl": "https://api3.geo.admin.ch/rest/services/ech/MapServer/identify?geometry=7.442977%2C46.946345&geometryType=esriGeometryPoint&geometryFormat=geojson&sr=4326&layers=all%3Ach.kantone.cadastralwebmap-farbe&tolerance=0&returnGeometry=true&lang=de",
              "parcelFeatureId": 1799615,
              "registerDataDate": "19.09.2026",
              "retrievedAt": "2026-09-22",
              "matchMethod": "GWR EGRID equals exact-point cadastral EGRID; GWR building coordinate contained in polygon",
              "geoportalUrl": "https://www.topo.apps.be.ch/pub/map/?lang=de&gpk=MOPUBE_GPK",
              "officialGeometry": true,
              "note": "Parcel may contain additional buildings. Cadastral geometry is not evidence of ownership."
            },
            "syntheticFields": [
              "inventoryIds",
              "ownershipScenario",
              "statusScenario",
              "valuations",
              "SIA area breakdown",
              "RICS measurements",
              "storeySplit",
              "landcoverGeometry",
              "energySystems",
              "parking",
              "contacts",
              "costs",
              "contracts",
              "assets",
              "mockDocuments"
            ],
            "unknownFieldsLeftNull": [
              "zoning",
              "energyCertificate",
              "buildingPermitDate",
              "heritageRegisterNumber"
            ],
            "notice": "Standort öffentlich belegt. Publizierte GF/GV separat belegt; übrige Gebäudebemessungen und Betriebsdaten sind Demowerte. EGID, EGRID und Parzelle aus GWR/AV; Grundstücksfläche aus Polygon berechnet."
          },
          "yearPrecision": "year; January 1 is not a known completion date"
        },
        "legacyId": "1080/4840/AF"
      },
      "geometry": {
        "type": "Point",
        "coordinates": [
          7.44294957,
          46.94627776
        ]
      }
    },
    {
      "type": "Feature",
      "properties": {
        "buildingId": "1080/5210/AA",
        "siteId": "1080/5210",
        "name": "Schweizer Botschaft Berlin",
        "primaryTypeOfBuilding": "Bürogebäude",
        "secondaryTypeOfBuilding": "Botschaftsgebäude",
        "typeOfOwnership": "Eigentümer",
        "validFrom": null,
        "validUntil": null,
        "constructionYear": "1871-01-01T00:00:00Z",
        "buildingPermitDate": null,
        "yearOfLastRefurbishment": "2000-01-01T00:00:00Z",
        "parkingSpaces": 17,
        "electricVehicleChargingStations": 2,
        "monumentProtection": null,
        "status": "In Betrieb",
        "energyEfficiencyClass": null,
        "streetName": "Otto-von-Bismarck-Allee 4A, 10557 Berlin",
        "houseNumber": "4A",
        "postalCode": "10557",
        "city": "Berlin",
        "stateProvincePrefecture": "Berlin",
        "country": "DE",
        "extensionData": {
          "numberOfFloors": 5,
          "responsiblePerson": "Levin Feldmann (Demo)",
          "egid": null,
          "egrid": null,
          "portfolio": "Diplomatische Vertretung",
          "portfolioGroup": "EDA Auslandsvertretungen",
          "heatingGenerator": "Luft-Wasser-Wärmepumpe",
          "heatingSource": "Elektrizität (Demo)",
          "hotWater": "Zentrale Versorgung (Demo)",
          "plotName": "Demo-Perimeter – Schweizer Botschaft Berlin",
          "plotId": "DEMO-5210",
          "netFloorArea": 4532,
          "grossFloorArea": 5700,
          "photos": [
            {
              "url": "../assets/portfolio/berlin-1.jpg",
              "alt": "Schweizer Botschaft Berlin – Aussenansicht",
              "credit": "© Christian Richters",
              "source": "https://www.bbl.admin.ch/de/mediendatenbank",
              "scene": "exterior",
              "mediaIndex": 1,
              "kind": "public-source-photo",
              "rights": "Copyright retained by credited photographer; publicly accessible BBL source, no open licence asserted. Not covered by repository MIT licence.",
              "originalUrl": "https://prod-bbladminch-hcms-sdweb.imgix.net/dam/de/sd-web/3jJyP2Yfg5lw/Berlin_Deutschland_Botschaft_01.jpg?w=1024&auto=format"
            },
            {
              "url": "../assets/portfolio/berlin-2.jpg",
              "alt": "Schweizer Botschaft Berlin – Aussenansicht",
              "credit": "© Christian Richters",
              "source": "https://www.bbl.admin.ch/de/mediendatenbank",
              "scene": "exterior",
              "mediaIndex": 3,
              "kind": "public-source-photo",
              "rights": "Copyright retained by credited photographer; publicly accessible BBL source, no open licence asserted. Not covered by repository MIT licence.",
              "originalUrl": "https://prod-bbladminch-hcms-sdweb.imgix.net/dam/de/sd-web/x0e35TkHvmXd/Berlin_Deutschland_Botschaft_03.jpg?w=1024&auto=format"
            },
            {
              "url": "../assets/portfolio/berlin-3.jpg",
              "alt": "Schweizer Botschaft Berlin – Innenansicht",
              "credit": "© Christian Richters",
              "source": "https://www.bbl.admin.ch/de/mediendatenbank",
              "scene": "interior",
              "mediaIndex": 8,
              "kind": "public-source-photo",
              "rights": "Copyright retained by credited photographer; publicly accessible BBL source, no open licence asserted. Not covered by repository MIT licence.",
              "originalUrl": "https://prod-bbladminch-hcms-sdweb.imgix.net/dam/de/sd-web/K0PpVTN8CBlg/Berlin_Deutschland_Botschaft_09.jpg?w=1024&auto=format"
            }
          ],
          "provenance": {
            "dataset": "bbl-public-portfolio-demo",
            "asOf": "2026-09-22",
            "notOfficialInventory": true,
            "factSources": {
              "identity": "https://www.bbl.admin.ch/de/mediendatenbank",
              "address": "https://www.eda.admin.ch/countries/germany/de/home/vertretungen/botschaft.html/content/contacts/de/EDAVis/B/184",
              "coordinates": "https://nominatim.openstreetmap.org/search?q=Otto-von-Bismarck-Allee+4A+Berlin+Germany&format=jsonv2&limit=3&addressdetails=1",
              "constructionYear": "https://www.schweiz-deutschland.eda.admin.ch/de/das-botschaftsgebaeude",
              "lastRefurbishmentYear": "https://www.bbl.admin.ch/dam/de/sd-web/6KztH5h4iF7L/20001201_Berlin%2C%20Deutschland%2C%20Schweizerische%20Botschaft_DE.pdf"
            },
            "geocoding": {
              "provider": "OpenStreetMap Nominatim",
              "sourceUrl": "https://nominatim.openstreetmap.org/search?q=Otto-von-Bismarck-Allee+4A+Berlin+Germany&format=jsonv2&limit=3&addressdetails=1",
              "retrievedAt": "2026-09-22",
              "reviewed": true,
              "precision": "building-or-site-centroid",
              "indicativeUncertaintyMetres": 50,
              "matchedAddress": "Schweizerische Botschaft, 4A, Otto-von-Bismarck-Allee, Tiergarten, Mitte, Berlin, 10557, Deutschland",
              "note": "Public address / site locator, not a cadastral or survey point.",
              "osmUrl": "https://www.openstreetmap.org/relation/2886766"
            },
            "scope": "Historic palace plus 2000 extension. BBL lists 2,897 + 2,804 m² under SIA 116; the 5,700 m² SIA 416 scenario is an estimate, not a relabelled measured area.",
            "publishedMeasurements": {},
            "cadastre": null,
            "syntheticFields": [
              "inventoryIds",
              "ownershipScenario",
              "statusScenario",
              "valuations",
              "SIA area breakdown",
              "RICS measurements",
              "storeySplit",
              "landcoverGeometry",
              "energySystems",
              "parking",
              "contacts",
              "costs",
              "contracts",
              "assets",
              "mockDocuments",
              "parcelGeometry"
            ],
            "unknownFieldsLeftNull": [
              "zoning",
              "energyCertificate",
              "buildingPermitDate",
              "heritageRegisterNumber",
              "EGID",
              "EGRID"
            ],
            "notice": "Standort öffentlich belegt. Publizierte GF/GV separat belegt; übrige Gebäudebemessungen und Betriebsdaten sind Demowerte. Grundstück schematisch."
          },
          "yearPrecision": "year; January 1 is not a known completion date"
        },
        "legacyId": "1080/5210/AA"
      },
      "geometry": {
        "type": "Point",
        "coordinates": [
          13.3712807,
          52.5211082
        ]
      }
    },
    {
      "type": "Feature",
      "properties": {
        "buildingId": "9900/9002/AA",
        "siteId": "9900/9002",
        "name": "BBL – Fellerstrasse 21",
        "primaryTypeOfBuilding": "Bürogebäude",
        "secondaryTypeOfBuilding": "Verwaltung / Logistik",
        "typeOfOwnership": "Eigentümer",
        "validFrom": null,
        "validUntil": null,
        "constructionYear": "1966-01-01T00:00:00Z",
        "buildingPermitDate": null,
        "yearOfLastRefurbishment": "2010-01-01T00:00:00Z",
        "parkingSpaces": 56,
        "electricVehicleChargingStations": 6,
        "monumentProtection": null,
        "status": "In Betrieb",
        "energyEfficiencyClass": null,
        "streetName": "Fellerstrasse 21, 3027 Bern",
        "houseNumber": "21",
        "postalCode": "3027",
        "city": "Bern",
        "stateProvincePrefecture": "Kanton Bern",
        "country": "CH",
        "extensionData": {
          "numberOfFloors": 7,
          "responsiblePerson": "Nora Birchler (Demo)",
          "egid": "1243999",
          "egrid": "CH373589574684",
          "portfolio": "Verwaltungsgebäude",
          "portfolioGroup": "Bundesverwaltung",
          "heatingGenerator": "Fernwärmeübergabe",
          "heatingSource": "Fernwärme (Demo)",
          "hotWater": "Zentrale Versorgung (Demo)",
          "plotName": "Parzelle 3571 – BBL – Fellerstrasse 21",
          "plotId": "3571",
          "netFloorArea": 15435,
          "grossFloorArea": 21000,
          "photos": [
            {
              "url": "../assets/portfolio/bbl-fellerstrasse-1.jpg",
              "alt": "BBL – Fellerstrasse 21 – Aussenansicht",
              "credit": "© croci & du fresne",
              "source": "https://www.bbl.admin.ch/de/mediendatenbank",
              "scene": "exterior",
              "mediaIndex": 3,
              "kind": "public-source-photo",
              "rights": "Copyright retained by credited photographer; publicly accessible BBL source, no open licence asserted. Not covered by repository MIT licence.",
              "originalUrl": "https://prod-bbladminch-hcms-sdweb.imgix.net/dam/de/sd-web/NZEcNBbs8Zhs/Bern_Bundesamt_f%C3%BCr_Bauten_und_Logistik_03.jpg?w=1024&auto=format"
            },
            {
              "url": "../assets/portfolio/bbl-fellerstrasse-2.jpg",
              "alt": "BBL – Fellerstrasse 21 – Innenansicht",
              "credit": "© croci & du fresne",
              "source": "https://www.bbl.admin.ch/de/mediendatenbank",
              "scene": "interior",
              "mediaIndex": 6,
              "kind": "public-source-photo",
              "rights": "Copyright retained by credited photographer; publicly accessible BBL source, no open licence asserted. Not covered by repository MIT licence.",
              "originalUrl": "https://prod-bbladminch-hcms-sdweb.imgix.net/dam/de/sd-web/-1EjAYKAbgo-/Bern_Bundesamt_f%C3%BCr_Bauten_und_Logistik_06.jpg?w=1024&auto=format"
            },
            {
              "url": "../assets/portfolio/bbl-fellerstrasse-3.jpg",
              "alt": "BBL – Fellerstrasse 21 – Innenansicht",
              "credit": "© croci & du fresne",
              "source": "https://www.bbl.admin.ch/de/mediendatenbank",
              "scene": "interior",
              "mediaIndex": 8,
              "kind": "public-source-photo",
              "rights": "Copyright retained by credited photographer; publicly accessible BBL source, no open licence asserted. Not covered by repository MIT licence.",
              "originalUrl": "https://prod-bbladminch-hcms-sdweb.imgix.net/dam/de/sd-web/FgplptpxwxiZ/Bern_Bundesamt_f%C3%BCr_Bauten_und_Logistik_08.jpg?w=1024&auto=format"
            }
          ],
          "provenance": {
            "dataset": "bbl-public-portfolio-demo",
            "asOf": "2026-09-22",
            "notOfficialInventory": true,
            "factSources": {
              "identity": "https://www.bbl.admin.ch/de/mediendatenbank",
              "address": "https://www.bbl.admin.ch/dam/de/sd-web/lcmtOKfIKe6i/20100701_Bern%20Fellerstrasse%2021%2C%20Erweiterung%20und%20Sanierung_DE.pdf",
              "coordinates": "https://api3.geo.admin.ch/rest/services/ech/MapServer/ch.bfs.gebaeude_wohnungs_register/1243999_0?sr=4326&geometryFormat=geojson",
              "constructionYear": "https://www.bbl.admin.ch/dam/de/sd-web/lcmtOKfIKe6i/20100701_Bern%20Fellerstrasse%2021%2C%20Erweiterung%20und%20Sanierung_DE.pdf",
              "lastRefurbishmentYear": "https://www.bbl.admin.ch/dam/de/sd-web/lcmtOKfIKe6i/20100701_Bern%20Fellerstrasse%2021%2C%20Erweiterung%20und%20Sanierung_DE.pdf",
              "EGID": "https://api3.geo.admin.ch/rest/services/ech/MapServer/ch.bfs.gebaeude_wohnungs_register/1243999_0?sr=4326&geometryFormat=geojson",
              "EGRID": "https://api3.geo.admin.ch/rest/services/ech/MapServer/identify?geometry=7.387944%2C46.946562&geometryType=esriGeometryPoint&geometryFormat=geojson&sr=4326&layers=all%3Ach.kantone.cadastralwebmap-farbe&tolerance=0&returnGeometry=true&lang=de",
              "parcelGeometry": "https://api3.geo.admin.ch/rest/services/ech/MapServer/identify?geometry=7.387944%2C46.946562&geometryType=esriGeometryPoint&geometryFormat=geojson&sr=4326&layers=all%3Ach.kantone.cadastralwebmap-farbe&tolerance=0&returnGeometry=true&lang=de"
            },
            "geocoding": {
              "provider": "swisstopo / BFS GWR",
              "sourceUrl": "https://api3.geo.admin.ch/rest/services/ech/MapServer/ch.bfs.gebaeude_wohnungs_register/1243999_0?sr=4326&geometryFormat=geojson",
              "retrievedAt": "2026-09-22",
              "reviewed": true,
              "precision": "gwr-building-coordinate",
              "coordinateSourceCode": 901,
              "matchedAddress": "Fellerstrasse 21, 3027 Bern",
              "note": "GWR building position (GKODE/GKODN), transformed LV95 to WGS84; not the entrance point."
            },
            "scope": "2010 refurbishment project scope; offices and retained logistics spaces. Storey split is a scenario, not the publication’s aggregate storey figure.",
            "publishedMeasurements": {
              "GF": 21000,
              "GV": 77400,
              "standard": "SIA 416:2003",
              "referenceYear": 2010,
              "page": 1,
              "sourceUrl": "https://www.bbl.admin.ch/dam/de/sd-web/lcmtOKfIKe6i/20100701_Bern%20Fellerstrasse%2021%2C%20Erweiterung%20und%20Sanierung_DE.pdf"
            },
            "cadastre": {
              "egid": "1243999",
              "egrid": "CH373589574684",
              "parcelNumber": "3571",
              "municipality": "Bern",
              "municipalityNumber": 351,
              "geometry": {
                "type": "Polygon",
                "coordinates": [
                  [
                    [
                      7.38691,
                      46.946568
                    ],
                    [
                      7.387115,
                      46.945796
                    ],
                    [
                      7.387189,
                      46.945805
                    ],
                    [
                      7.387564,
                      46.94584
                    ],
                    [
                      7.388233,
                      46.946011
                    ],
                    [
                      7.388322,
                      46.946028
                    ],
                    [
                      7.388157,
                      46.946648
                    ],
                    [
                      7.388131,
                      46.946645
                    ],
                    [
                      7.388105,
                      46.946642
                    ],
                    [
                      7.388079,
                      46.946639
                    ],
                    [
                      7.388053,
                      46.946636
                    ],
                    [
                      7.388027,
                      46.946633
                    ],
                    [
                      7.388001,
                      46.946631
                    ],
                    [
                      7.387974,
                      46.946628
                    ],
                    [
                      7.387948,
                      46.946625
                    ],
                    [
                      7.387922,
                      46.946623
                    ],
                    [
                      7.387896,
                      46.94662
                    ],
                    [
                      7.38787,
                      46.946618
                    ],
                    [
                      7.387844,
                      46.946615
                    ],
                    [
                      7.387818,
                      46.946613
                    ],
                    [
                      7.387791,
                      46.946611
                    ],
                    [
                      7.387765,
                      46.946608
                    ],
                    [
                      7.387739,
                      46.946606
                    ],
                    [
                      7.387713,
                      46.946604
                    ],
                    [
                      7.387687,
                      46.946602
                    ],
                    [
                      7.387661,
                      46.9466
                    ],
                    [
                      7.387635,
                      46.946598
                    ],
                    [
                      7.387609,
                      46.946596
                    ],
                    [
                      7.387583,
                      46.946594
                    ],
                    [
                      7.387557,
                      46.946593
                    ],
                    [
                      7.38753,
                      46.946591
                    ],
                    [
                      7.387504,
                      46.946589
                    ],
                    [
                      7.387478,
                      46.946588
                    ],
                    [
                      7.387452,
                      46.946586
                    ],
                    [
                      7.387426,
                      46.946585
                    ],
                    [
                      7.3874,
                      46.946583
                    ],
                    [
                      7.387374,
                      46.946582
                    ],
                    [
                      7.387347,
                      46.946581
                    ],
                    [
                      7.387321,
                      46.94658
                    ],
                    [
                      7.387294,
                      46.946578
                    ],
                    [
                      7.387266,
                      46.946577
                    ],
                    [
                      7.387239,
                      46.946576
                    ],
                    [
                      7.387212,
                      46.946575
                    ],
                    [
                      7.387184,
                      46.946574
                    ],
                    [
                      7.387157,
                      46.946573
                    ],
                    [
                      7.387129,
                      46.946573
                    ],
                    [
                      7.387102,
                      46.946572
                    ],
                    [
                      7.387074,
                      46.946571
                    ],
                    [
                      7.387047,
                      46.946571
                    ],
                    [
                      7.38702,
                      46.94657
                    ],
                    [
                      7.386992,
                      46.94657
                    ],
                    [
                      7.386965,
                      46.946569
                    ],
                    [
                      7.386937,
                      46.946569
                    ],
                    [
                      7.38691,
                      46.946568
                    ]
                  ]
                ]
              },
              "geometryAreaM2": 7551.05,
              "areaMethod": "WGS84 geodesic area of returned cadastral polygon; not a land-register area attribute",
              "gwrSourceUrl": "https://api3.geo.admin.ch/rest/services/ech/MapServer/ch.bfs.gebaeude_wohnungs_register/1243999_0?sr=4326&geometryFormat=geojson",
              "parcelSourceUrl": "https://api3.geo.admin.ch/rest/services/ech/MapServer/identify?geometry=7.387944%2C46.946562&geometryType=esriGeometryPoint&geometryFormat=geojson&sr=4326&layers=all%3Ach.kantone.cadastralwebmap-farbe&tolerance=0&returnGeometry=true&lang=de",
              "parcelFeatureId": 1791520,
              "registerDataDate": "19.09.2026",
              "retrievedAt": "2026-09-22",
              "matchMethod": "GWR EGRID equals exact-point cadastral EGRID; GWR building coordinate contained in polygon",
              "geoportalUrl": "https://www.topo.apps.be.ch/pub/map/?lang=de&gpk=MOPUBE_GPK",
              "officialGeometry": true,
              "note": "Parcel may contain additional buildings. Cadastral geometry is not evidence of ownership."
            },
            "syntheticFields": [
              "inventoryIds",
              "ownershipScenario",
              "statusScenario",
              "valuations",
              "SIA area breakdown",
              "RICS measurements",
              "storeySplit",
              "landcoverGeometry",
              "energySystems",
              "parking",
              "contacts",
              "costs",
              "contracts",
              "assets",
              "mockDocuments"
            ],
            "unknownFieldsLeftNull": [
              "zoning",
              "energyCertificate",
              "buildingPermitDate",
              "heritageRegisterNumber"
            ],
            "notice": "Standort öffentlich belegt. Publizierte GF/GV separat belegt; übrige Gebäudebemessungen und Betriebsdaten sind Demowerte. EGID, EGRID und Parzelle aus GWR/AV; Grundstücksfläche aus Polygon berechnet."
          },
          "yearPrecision": "year; January 1 is not a known completion date"
        },
        "legacyId": "9900/9002/AA"
      },
      "geometry": {
        "type": "Point",
        "coordinates": [
          7.38765987,
          46.94620118
        ]
      }
    },
    {
      "type": "Feature",
      "properties": {
        "buildingId": "9900/9003/AA",
        "siteId": "9900/9003",
        "name": "Verwaltungsgebäude Liebefeld",
        "primaryTypeOfBuilding": "Bürogebäude",
        "secondaryTypeOfBuilding": "Verwaltung",
        "typeOfOwnership": "Eigentümer",
        "validFrom": null,
        "validUntil": null,
        "constructionYear": "2015-01-01T00:00:00Z",
        "buildingPermitDate": null,
        "yearOfLastRefurbishment": null,
        "parkingSpaces": 91,
        "electricVehicleChargingStations": 9,
        "monumentProtection": null,
        "status": "In Betrieb",
        "energyEfficiencyClass": null,
        "streetName": "Schwarzenburgstrasse 157, 3097 Liebefeld",
        "houseNumber": "157",
        "postalCode": "3097",
        "city": "Liebefeld",
        "stateProvincePrefecture": "Kanton Bern",
        "country": "CH",
        "extensionData": {
          "numberOfFloors": 7,
          "responsiblePerson": "Elio Sommer (Demo)",
          "egid": "191458950",
          "egrid": "CH208035154682",
          "portfolio": "Verwaltungsgebäude",
          "portfolioGroup": "Bundesverwaltung",
          "heatingGenerator": "Fernwärmeübergabe",
          "heatingSource": "Fernwärme (Demo)",
          "hotWater": "Zentrale Versorgung (Demo)",
          "plotName": "Parzelle 16 – Verwaltungsgebäude Liebefeld",
          "plotId": "16",
          "netFloorArea": 24368,
          "grossFloorArea": 29900,
          "photos": [
            {
              "url": "../assets/portfolio/liebefeld-1.jpg",
              "alt": "Verwaltungsgebäude Liebefeld – Aussenansicht",
              "credit": "© Rolf Siegenthaler",
              "source": "https://www.bbl.admin.ch/de/mediendatenbank",
              "scene": "exterior",
              "mediaIndex": 1,
              "kind": "public-source-photo",
              "rights": "Copyright retained by credited photographer; publicly accessible BBL source, no open licence asserted. Not covered by repository MIT licence.",
              "originalUrl": "https://prod-bbladminch-hcms-sdweb.imgix.net/dam/de/sd-web/fCJLAW0PBs31/Bern_Verwaltungsgeb%C3%A4ude_Liebefeld_01.png?w=1024&auto=format"
            },
            {
              "url": "../assets/portfolio/liebefeld-2.jpg",
              "alt": "Verwaltungsgebäude Liebefeld – Aussenansicht",
              "credit": "© Rolf Siegenthaler",
              "source": "https://www.bbl.admin.ch/de/mediendatenbank",
              "scene": "exterior",
              "mediaIndex": 3,
              "kind": "public-source-photo",
              "rights": "Copyright retained by credited photographer; publicly accessible BBL source, no open licence asserted. Not covered by repository MIT licence.",
              "originalUrl": "https://prod-bbladminch-hcms-sdweb.imgix.net/dam/de/sd-web/aTeYrWlpxQ-J/Bern_Verwaltungsgeb%C3%A4ude_Liebefeld_03.png?w=1024&auto=format"
            },
            {
              "url": "../assets/portfolio/liebefeld-3.jpg",
              "source": "https://www.bbl.admin.ch/dam/de/sd-web/DhpU2Dp9QFh8/20150801_Liebefeld%20Schwarzenburgstrasse%20157%2C%20Neubau%20Verwaltungsgeb%C3%A4ude_DE.pdf",
              "pdfImageXref": 19,
              "page": 2,
              "credit": "© Rolf Siegenthaler, Bern",
              "scene": "interior",
              "alt": "Verwaltungsgebäude Liebefeld – Wartezone Konferenzbereich, BBL-Publikation 2015",
              "kind": "public-source-photo",
              "rights": "Copyright retained by credited photographer; publicly accessible BBL source, no open licence asserted. Not covered by repository MIT licence.",
              "originalUrl": "https://www.bbl.admin.ch/dam/de/sd-web/DhpU2Dp9QFh8/20150801_Liebefeld%20Schwarzenburgstrasse%20157%2C%20Neubau%20Verwaltungsgeb%C3%A4ude_DE.pdf"
            }
          ],
          "provenance": {
            "dataset": "bbl-public-portfolio-demo",
            "asOf": "2026-09-22",
            "notOfficialInventory": true,
            "factSources": {
              "identity": "https://www.bbl.admin.ch/de/mediendatenbank",
              "address": "https://www.bbl.admin.ch/dam/de/sd-web/DhpU2Dp9QFh8/20150801_Liebefeld%20Schwarzenburgstrasse%20157%2C%20Neubau%20Verwaltungsgeb%C3%A4ude_DE.pdf",
              "coordinates": "https://api3.geo.admin.ch/rest/services/ech/MapServer/ch.bfs.gebaeude_wohnungs_register/191458950_0?sr=4326&geometryFormat=geojson",
              "constructionYear": "https://www.bbl.admin.ch/dam/de/sd-web/DhpU2Dp9QFh8/20150801_Liebefeld%20Schwarzenburgstrasse%20157%2C%20Neubau%20Verwaltungsgeb%C3%A4ude_DE.pdf",
              "EGID": "https://api3.geo.admin.ch/rest/services/ech/MapServer/ch.bfs.gebaeude_wohnungs_register/191458950_0?sr=4326&geometryFormat=geojson",
              "EGRID": "https://api3.geo.admin.ch/rest/services/ech/MapServer/identify?geometry=7.421357%2C46.929894&geometryType=esriGeometryPoint&geometryFormat=geojson&sr=4326&layers=all%3Ach.kantone.cadastralwebmap-farbe&tolerance=0&returnGeometry=true&lang=de",
              "parcelGeometry": "https://api3.geo.admin.ch/rest/services/ech/MapServer/identify?geometry=7.421357%2C46.929894&geometryType=esriGeometryPoint&geometryFormat=geojson&sr=4326&layers=all%3Ach.kantone.cadastralwebmap-farbe&tolerance=0&returnGeometry=true&lang=de"
            },
            "geocoding": {
              "provider": "swisstopo / BFS GWR",
              "sourceUrl": "https://api3.geo.admin.ch/rest/services/ech/MapServer/ch.bfs.gebaeude_wohnungs_register/191458950_0?sr=4326&geometryFormat=geojson",
              "retrievedAt": "2026-09-22",
              "reviewed": true,
              "precision": "gwr-building-coordinate",
              "coordinateSourceCode": 901,
              "matchedAddress": "Schwarzenburgstrasse 157, 3097 Köniz",
              "note": "GWR building position (GKODE/GKODN), transformed LV95 to WGS84; not the entrance point."
            },
            "scope": "Publicly documented building/site. The matched AV parcel may include additional buildings; operational records and land cover are demonstration assumptions.",
            "publishedMeasurements": {
              "GF": 29900,
              "GV": 124500,
              "standard": "SIA 416:2003",
              "referenceYear": 2015,
              "page": 1,
              "sourceUrl": "https://www.bbl.admin.ch/dam/de/sd-web/DhpU2Dp9QFh8/20150801_Liebefeld%20Schwarzenburgstrasse%20157%2C%20Neubau%20Verwaltungsgeb%C3%A4ude_DE.pdf"
            },
            "cadastre": {
              "egid": "191458950",
              "egrid": "CH208035154682",
              "parcelNumber": "16",
              "municipality": "Köniz",
              "municipalityNumber": 355,
              "geometry": {
                "type": "Polygon",
                "coordinates": [
                  [
                    [
                      7.420199,
                      46.930155
                    ],
                    [
                      7.420203,
                      46.930152
                    ],
                    [
                      7.420345,
                      46.930087
                    ],
                    [
                      7.421705,
                      46.929462
                    ],
                    [
                      7.422691,
                      46.929008
                    ],
                    [
                      7.422703,
                      46.92902
                    ],
                    [
                      7.423323,
                      46.928735
                    ],
                    [
                      7.423399,
                      46.9287
                    ],
                    [
                      7.423404,
                      46.928698
                    ],
                    [
                      7.423408,
                      46.928696
                    ],
                    [
                      7.423413,
                      46.928694
                    ],
                    [
                      7.423417,
                      46.928692
                    ],
                    [
                      7.423422,
                      46.92869
                    ],
                    [
                      7.423427,
                      46.928688
                    ],
                    [
                      7.423432,
                      46.928687
                    ],
                    [
                      7.423437,
                      46.928685
                    ],
                    [
                      7.423442,
                      46.928683
                    ],
                    [
                      7.423447,
                      46.928682
                    ],
                    [
                      7.423452,
                      46.92868
                    ],
                    [
                      7.423457,
                      46.928679
                    ],
                    [
                      7.423462,
                      46.928678
                    ],
                    [
                      7.423467,
                      46.928676
                    ],
                    [
                      7.423472,
                      46.928675
                    ],
                    [
                      7.423477,
                      46.928674
                    ],
                    [
                      7.423482,
                      46.928673
                    ],
                    [
                      7.423488,
                      46.928672
                    ],
                    [
                      7.423493,
                      46.928671
                    ],
                    [
                      7.423498,
                      46.92867
                    ],
                    [
                      7.423503,
                      46.928669
                    ],
                    [
                      7.423509,
                      46.928668
                    ],
                    [
                      7.423514,
                      46.928667
                    ],
                    [
                      7.42352,
                      46.928667
                    ],
                    [
                      7.423525,
                      46.928666
                    ],
                    [
                      7.42353,
                      46.928665
                    ],
                    [
                      7.423535,
                      46.928665
                    ],
                    [
                      7.42354,
                      46.928665
                    ],
                    [
                      7.423545,
                      46.928664
                    ],
                    [
                      7.42355,
                      46.928664
                    ],
                    [
                      7.423556,
                      46.928664
                    ],
                    [
                      7.423561,
                      46.928664
                    ],
                    [
                      7.423566,
                      46.928664
                    ],
                    [
                      7.423571,
                      46.928664
                    ],
                    [
                      7.423576,
                      46.928664
                    ],
                    [
                      7.423581,
                      46.928664
                    ],
                    [
                      7.423586,
                      46.928664
                    ],
                    [
                      7.423591,
                      46.928664
                    ],
                    [
                      7.423597,
                      46.928664
                    ],
                    [
                      7.423602,
                      46.928665
                    ],
                    [
                      7.423607,
                      46.928665
                    ],
                    [
                      7.423612,
                      46.928666
                    ],
                    [
                      7.423617,
                      46.928666
                    ],
                    [
                      7.423622,
                      46.928667
                    ],
                    [
                      7.423627,
                      46.928667
                    ],
                    [
                      7.423632,
                      46.928668
                    ],
                    [
                      7.423637,
                      46.928669
                    ],
                    [
                      7.423642,
                      46.928669
                    ],
                    [
                      7.423647,
                      46.92867
                    ],
                    [
                      7.423652,
                      46.928671
                    ],
                    [
                      7.423657,
                      46.928672
                    ],
                    [
                      7.423662,
                      46.928673
                    ],
                    [
                      7.423667,
                      46.928674
                    ],
                    [
                      7.423672,
                      46.928676
                    ],
                    [
                      7.423677,
                      46.928677
                    ],
                    [
                      7.423681,
                      46.928678
                    ],
                    [
                      7.423686,
                      46.928679
                    ],
                    [
                      7.423691,
                      46.928681
                    ],
                    [
                      7.423696,
                      46.928682
                    ],
                    [
                      7.4237,
                      46.928684
                    ],
                    [
                      7.423705,
                      46.928685
                    ],
                    [
                      7.423709,
                      46.928687
                    ],
                    [
                      7.423714,
                      46.928689
                    ],
                    [
                      7.424097,
                      46.928838
                    ],
                    [
                      7.424101,
                      46.92884
                    ],
                    [
                      7.424105,
                      46.928841
                    ],
                    [
                      7.424109,
                      46.928843
                    ],
                    [
                      7.424114,
                      46.928844
                    ],
                    [
                      7.424118,
                      46.928845
                    ],
                    [
                      7.424122,
                      46.928847
                    ],
                    [
                      7.424127,
                      46.928848
                    ],
                    [
                      7.424131,
                      46.928849
                    ],
                    [
                      7.424136,
                      46.92885
                    ],
                    [
                      7.42414,
                      46.928851
                    ],
                    [
                      7.424145,
                      46.928852
                    ],
                    [
                      7.424149,
                      46.928853
                    ],
                    [
                      7.424154,
                      46.928854
                    ],
                    [
                      7.424158,
                      46.928854
                    ],
                    [
                      7.424163,
                      46.928855
                    ],
                    [
                      7.424167,
                      46.928856
                    ],
                    [
                      7.424337,
                      46.928921
                    ],
                    [
                      7.424416,
                      46.92895
                    ],
                    [
                      7.424366,
                      46.929013
                    ],
                    [
                      7.425034,
                      46.929262
                    ],
                    [
                      7.424788,
                      46.92955
                    ],
                    [
                      7.425165,
                      46.92969
                    ],
                    [
                      7.425031,
                      46.929836
                    ],
                    [
                      7.424958,
                      46.929869
                    ],
                    [
                      7.424922,
                      46.929886
                    ],
                    [
                      7.42465,
                      46.930012
                    ],
                    [
                      7.424397,
                      46.930129
                    ],
                    [
                      7.424144,
                      46.930246
                    ],
                    [
                      7.423749,
                      46.930429
                    ],
                    [
                      7.423463,
                      46.930562
                    ],
                    [
                      7.423122,
                      46.93072
                    ],
                    [
                      7.422922,
                      46.930813
                    ],
                    [
                      7.422887,
                      46.930779
                    ],
                    [
                      7.42263,
                      46.930535
                    ],
                    [
                      7.422537,
                      46.930578
                    ],
                    [
                      7.422015,
                      46.93082
                    ],
                    [
                      7.421814,
                      46.930913
                    ],
                    [
                      7.421626,
                      46.931001
                    ],
                    [
                      7.421364,
                      46.931122
                    ],
                    [
                      7.421211,
                      46.931193
                    ],
                    [
                      7.421028,
                      46.931278
                    ],
                    [
                      7.421024,
                      46.931274
                    ],
                    [
                      7.420985,
                      46.931218
                    ],
                    [
                      7.420953,
                      46.931171
                    ],
                    [
                      7.420922,
                      46.931126
                    ],
                    [
                      7.420888,
                      46.931082
                    ],
                    [
                      7.420854,
                      46.931039
                    ],
                    [
                      7.420824,
                      46.931004
                    ],
                    [
                      7.420839,
                      46.930997
                    ],
                    [
                      7.420786,
                      46.930938
                    ],
                    [
                      7.42077,
                      46.930945
                    ],
                    [
                      7.420702,
                      46.93087
                    ],
                    [
                      7.420642,
                      46.930806
                    ],
                    [
                      7.420539,
                      46.930693
                    ],
                    [
                      7.420505,
                      46.930655
                    ],
                    [
                      7.420472,
                      46.930615
                    ],
                    [
                      7.420435,
                      46.930567
                    ],
                    [
                      7.420429,
                      46.930559
                    ],
                    [
                      7.420422,
                      46.93055
                    ],
                    [
                      7.420416,
                      46.930541
                    ],
                    [
                      7.420409,
                      46.930532
                    ],
                    [
                      7.420403,
                      46.930523
                    ],
                    [
                      7.420397,
                      46.930514
                    ],
                    [
                      7.420391,
                      46.930505
                    ],
                    [
                      7.420385,
                      46.930497
                    ],
                    [
                      7.420379,
                      46.930488
                    ],
                    [
                      7.420373,
                      46.930479
                    ],
                    [
                      7.420367,
                      46.93047
                    ],
                    [
                      7.420233,
                      46.930261
                    ],
                    [
                      7.42023,
                      46.930256
                    ],
                    [
                      7.420228,
                      46.930251
                    ],
                    [
                      7.420225,
                      46.930247
                    ],
                    [
                      7.420222,
                      46.930242
                    ],
                    [
                      7.42022,
                      46.930237
                    ],
                    [
                      7.420217,
                      46.930232
                    ],
                    [
                      7.420215,
                      46.930227
                    ],
                    [
                      7.420213,
                      46.930222
                    ],
                    [
                      7.420211,
                      46.930217
                    ],
                    [
                      7.420209,
                      46.930212
                    ],
                    [
                      7.420207,
                      46.930207
                    ],
                    [
                      7.420205,
                      46.930202
                    ],
                    [
                      7.420203,
                      46.930197
                    ],
                    [
                      7.420201,
                      46.930192
                    ],
                    [
                      7.4202,
                      46.930189
                    ],
                    [
                      7.4202,
                      46.930187
                    ],
                    [
                      7.420199,
                      46.930184
                    ],
                    [
                      7.420199,
                      46.930181
                    ],
                    [
                      7.420198,
                      46.930179
                    ],
                    [
                      7.420198,
                      46.930176
                    ],
                    [
                      7.420198,
                      46.930174
                    ],
                    [
                      7.420198,
                      46.930171
                    ],
                    [
                      7.420198,
                      46.930168
                    ],
                    [
                      7.420198,
                      46.930166
                    ],
                    [
                      7.420198,
                      46.930163
                    ],
                    [
                      7.420199,
                      46.93016
                    ],
                    [
                      7.420199,
                      46.930158
                    ],
                    [
                      7.420199,
                      46.930155
                    ]
                  ]
                ]
              },
              "geometryAreaM2": 55420.96,
              "areaMethod": "WGS84 geodesic area of returned cadastral polygon; not a land-register area attribute",
              "gwrSourceUrl": "https://api3.geo.admin.ch/rest/services/ech/MapServer/ch.bfs.gebaeude_wohnungs_register/191458950_0?sr=4326&geometryFormat=geojson",
              "parcelSourceUrl": "https://api3.geo.admin.ch/rest/services/ech/MapServer/identify?geometry=7.421357%2C46.929894&geometryType=esriGeometryPoint&geometryFormat=geojson&sr=4326&layers=all%3Ach.kantone.cadastralwebmap-farbe&tolerance=0&returnGeometry=true&lang=de",
              "parcelFeatureId": 1753751,
              "registerDataDate": "19.09.2026",
              "retrievedAt": "2026-09-22",
              "matchMethod": "GWR EGRID equals exact-point cadastral EGRID; GWR building coordinate contained in polygon",
              "geoportalUrl": "https://www.topo.apps.be.ch/pub/map/?lang=de&gpk=MOPUBE_GPK",
              "officialGeometry": true,
              "note": "Parcel may contain additional buildings. Cadastral geometry is not evidence of ownership."
            },
            "syntheticFields": [
              "inventoryIds",
              "ownershipScenario",
              "statusScenario",
              "valuations",
              "SIA area breakdown",
              "RICS measurements",
              "storeySplit",
              "landcoverGeometry",
              "energySystems",
              "parking",
              "contacts",
              "costs",
              "contracts",
              "assets",
              "mockDocuments"
            ],
            "unknownFieldsLeftNull": [
              "zoning",
              "energyCertificate",
              "buildingPermitDate",
              "heritageRegisterNumber"
            ],
            "notice": "Standort öffentlich belegt. Publizierte GF/GV separat belegt; übrige Gebäudebemessungen und Betriebsdaten sind Demowerte. EGID, EGRID und Parzelle aus GWR/AV; Grundstücksfläche aus Polygon berechnet."
          },
          "yearPrecision": "year; January 1 is not a known completion date"
        },
        "legacyId": "9900/9003/AA"
      },
      "geometry": {
        "type": "Point",
        "coordinates": [
          7.42124344,
          46.92990164
        ]
      }
    },
    {
      "type": "Feature",
      "properties": {
        "buildingId": "9900/9004/AA",
        "siteId": "9900/9004",
        "name": "Verwaltungsgebäude Eichenweg 3",
        "primaryTypeOfBuilding": "Bürogebäude",
        "secondaryTypeOfBuilding": "Verwaltung",
        "typeOfOwnership": "Eigentümer",
        "validFrom": null,
        "validUntil": null,
        "constructionYear": "2021-01-01T00:00:00Z",
        "buildingPermitDate": null,
        "yearOfLastRefurbishment": null,
        "parkingSpaces": 102,
        "electricVehicleChargingStations": 10,
        "monumentProtection": null,
        "status": "In Betrieb",
        "energyEfficiencyClass": null,
        "streetName": "Eichenweg 3, 3052 Zollikofen",
        "houseNumber": "3",
        "postalCode": "3052",
        "city": "Zollikofen",
        "stateProvincePrefecture": "Kanton Bern",
        "country": "CH",
        "extensionData": {
          "numberOfFloors": 9,
          "responsiblePerson": "Jana Linden (Demo)",
          "egid": "191688442",
          "egrid": "CH794682373511",
          "portfolio": "Verwaltungsgebäude",
          "portfolioGroup": "Bundesverwaltung",
          "heatingGenerator": "Fernwärmeübergabe",
          "heatingSource": "Fernwärme (Demo)",
          "hotWater": "Zentrale Versorgung (Demo)",
          "plotName": "Parzelle 225 – Verwaltungsgebäude Eichenweg 3",
          "plotId": "225",
          "netFloorArea": 27225,
          "grossFloorArea": 33000,
          "photos": [
            {
              "url": "../assets/portfolio/zollikofen-1.jpg",
              "alt": "Verwaltungsgebäude Eichenweg 3 – Aussenansicht",
              "credit": "© Rolf Siegenthaler",
              "source": "https://www.bbl.admin.ch/de/mediendatenbank",
              "scene": "exterior",
              "mediaIndex": 1,
              "kind": "public-source-photo",
              "rights": "Copyright retained by credited photographer; publicly accessible BBL source, no open licence asserted. Not covered by repository MIT licence.",
              "originalUrl": "https://prod-bbladminch-hcms-sdweb.imgix.net/dam/de/sd-web/G4479Nod1ilq/Zollikofen_Verwaltungsgeb%C3%A4ude_Eichenweg_01.jpg?w=1024&auto=format"
            },
            {
              "url": "../assets/portfolio/zollikofen-2.jpg",
              "alt": "Verwaltungsgebäude Eichenweg 3 – Aussenansicht",
              "credit": "© Rolf Siegenthaler",
              "source": "https://www.bbl.admin.ch/de/mediendatenbank",
              "scene": "exterior",
              "mediaIndex": 3,
              "kind": "public-source-photo",
              "rights": "Copyright retained by credited photographer; publicly accessible BBL source, no open licence asserted. Not covered by repository MIT licence.",
              "originalUrl": "https://prod-bbladminch-hcms-sdweb.imgix.net/dam/de/sd-web/g5QkFn9kip5v/Zollikofen_Verwaltungsgeb%C3%A4ude_Eichenweg_03.jpg?w=1024&auto=format"
            },
            {
              "url": "../assets/portfolio/zollikofen-3.jpg",
              "alt": "Verwaltungsgebäude Eichenweg 3 – Innenansicht",
              "credit": "© Rolf Siegenthaler",
              "source": "https://www.bbl.admin.ch/de/mediendatenbank",
              "scene": "interior",
              "mediaIndex": 4,
              "kind": "public-source-photo",
              "rights": "Copyright retained by credited photographer; publicly accessible BBL source, no open licence asserted. Not covered by repository MIT licence.",
              "originalUrl": "https://prod-bbladminch-hcms-sdweb.imgix.net/dam/de/sd-web/t2flaqVh0QLI/Zollikofen_Verwaltungsgeb%C3%A4ude_Eichenweg_04.jpg?w=1024&auto=format"
            }
          ],
          "provenance": {
            "dataset": "bbl-public-portfolio-demo",
            "asOf": "2026-09-22",
            "notOfficialInventory": true,
            "factSources": {
              "identity": "https://www.bbl.admin.ch/de/mediendatenbank",
              "address": "https://www.bbl.admin.ch/dam/de/sd-web/rpE3newdRnYP/20210101_Zollikofen%20Eichenweg%203%2C%20Neubau%20Verwaltungsgeb%C3%A4ude_DE.pdf",
              "coordinates": "https://api3.geo.admin.ch/rest/services/ech/MapServer/ch.bfs.gebaeude_wohnungs_register/191688442_0?sr=4326&geometryFormat=geojson",
              "constructionYear": "https://www.bbl.admin.ch/dam/de/sd-web/rpE3newdRnYP/20210101_Zollikofen%20Eichenweg%203%2C%20Neubau%20Verwaltungsgeb%C3%A4ude_DE.pdf",
              "EGID": "https://api3.geo.admin.ch/rest/services/ech/MapServer/ch.bfs.gebaeude_wohnungs_register/191688442_0?sr=4326&geometryFormat=geojson",
              "EGRID": "https://api3.geo.admin.ch/rest/services/ech/MapServer/identify?geometry=7.462435%2C46.997411&geometryType=esriGeometryPoint&geometryFormat=geojson&sr=4326&layers=all%3Ach.kantone.cadastralwebmap-farbe&tolerance=0&returnGeometry=true&lang=de",
              "parcelGeometry": "https://api3.geo.admin.ch/rest/services/ech/MapServer/identify?geometry=7.462435%2C46.997411&geometryType=esriGeometryPoint&geometryFormat=geojson&sr=4326&layers=all%3Ach.kantone.cadastralwebmap-farbe&tolerance=0&returnGeometry=true&lang=de"
            },
            "geocoding": {
              "provider": "swisstopo / BFS GWR",
              "sourceUrl": "https://api3.geo.admin.ch/rest/services/ech/MapServer/ch.bfs.gebaeude_wohnungs_register/191688442_0?sr=4326&geometryFormat=geojson",
              "retrievedAt": "2026-09-22",
              "reviewed": true,
              "precision": "gwr-building-coordinate",
              "coordinateSourceCode": 901,
              "matchedAddress": "Eichenweg 3, 3052 Zollikofen",
              "note": "GWR building position (GKODE/GKODN), transformed LV95 to WGS84; not the entrance point."
            },
            "scope": "Publicly documented building/site. The matched AV parcel may include additional buildings; operational records and land cover are demonstration assumptions.",
            "publishedMeasurements": {
              "GF": 33000,
              "GV": 114000,
              "standard": "SIA 416:2003",
              "referenceYear": 2021,
              "page": 1,
              "sourceUrl": "https://www.bbl.admin.ch/dam/de/sd-web/rpE3newdRnYP/20210101_Zollikofen%20Eichenweg%203%2C%20Neubau%20Verwaltungsgeb%C3%A4ude_DE.pdf"
            },
            "cadastre": {
              "egid": "191688442",
              "egrid": "CH794682373511",
              "parcelNumber": "225",
              "municipality": "Zollikofen",
              "municipalityNumber": 361,
              "geometry": {
                "type": "Polygon",
                "coordinates": [
                  [
                    [
                      7.461843,
                      46.997813
                    ],
                    [
                      7.461854,
                      46.997755
                    ],
                    [
                      7.461867,
                      46.997756
                    ],
                    [
                      7.461874,
                      46.997719
                    ],
                    [
                      7.461861,
                      46.997717
                    ],
                    [
                      7.461906,
                      46.997527
                    ],
                    [
                      7.461903,
                      46.997526
                    ],
                    [
                      7.461921,
                      46.997459
                    ],
                    [
                      7.461942,
                      46.997391
                    ],
                    [
                      7.461963,
                      46.997325
                    ],
                    [
                      7.461987,
                      46.997256
                    ],
                    [
                      7.462034,
                      46.997133
                    ],
                    [
                      7.462041,
                      46.997116
                    ],
                    [
                      7.462049,
                      46.997099
                    ],
                    [
                      7.462056,
                      46.997082
                    ],
                    [
                      7.462064,
                      46.997065
                    ],
                    [
                      7.462072,
                      46.997048
                    ],
                    [
                      7.46208,
                      46.997031
                    ],
                    [
                      7.462087,
                      46.997014
                    ],
                    [
                      7.462096,
                      46.996997
                    ],
                    [
                      7.462104,
                      46.99698
                    ],
                    [
                      7.462112,
                      46.996964
                    ],
                    [
                      7.46212,
                      46.996947
                    ],
                    [
                      7.462129,
                      46.99693
                    ],
                    [
                      7.462137,
                      46.996913
                    ],
                    [
                      7.462146,
                      46.996896
                    ],
                    [
                      7.462154,
                      46.99688
                    ],
                    [
                      7.462163,
                      46.996863
                    ],
                    [
                      7.462172,
                      46.996846
                    ],
                    [
                      7.462181,
                      46.996829
                    ],
                    [
                      7.46219,
                      46.996813
                    ],
                    [
                      7.462199,
                      46.996796
                    ],
                    [
                      7.462208,
                      46.996779
                    ],
                    [
                      7.462218,
                      46.996763
                    ],
                    [
                      7.462227,
                      46.996746
                    ],
                    [
                      7.462237,
                      46.99673
                    ],
                    [
                      7.462246,
                      46.996713
                    ],
                    [
                      7.462256,
                      46.996697
                    ],
                    [
                      7.462266,
                      46.99668
                    ],
                    [
                      7.462276,
                      46.996664
                    ],
                    [
                      7.462286,
                      46.996647
                    ],
                    [
                      7.462296,
                      46.996631
                    ],
                    [
                      7.462338,
                      46.996553
                    ],
                    [
                      7.462372,
                      46.996497
                    ],
                    [
                      7.462586,
                      46.99658
                    ],
                    [
                      7.462846,
                      46.996684
                    ],
                    [
                      7.462881,
                      46.996695
                    ],
                    [
                      7.462917,
                      46.996707
                    ],
                    [
                      7.462952,
                      46.996719
                    ],
                    [
                      7.462988,
                      46.99673
                    ],
                    [
                      7.463023,
                      46.996742
                    ],
                    [
                      7.463059,
                      46.996753
                    ],
                    [
                      7.463094,
                      46.996765
                    ],
                    [
                      7.463131,
                      46.996776
                    ],
                    [
                      7.463167,
                      46.996788
                    ],
                    [
                      7.463204,
                      46.996799
                    ],
                    [
                      7.46324,
                      46.996811
                    ],
                    [
                      7.463277,
                      46.996822
                    ],
                    [
                      7.463313,
                      46.996834
                    ],
                    [
                      7.463486,
                      46.996889
                    ],
                    [
                      7.463656,
                      46.996947
                    ],
                    [
                      7.463319,
                      46.997686
                    ],
                    [
                      7.461957,
                      46.997803
                    ],
                    [
                      7.461843,
                      46.997813
                    ]
                  ]
                ]
              },
              "geometryAreaM2": 13051.83,
              "areaMethod": "WGS84 geodesic area of returned cadastral polygon; not a land-register area attribute",
              "gwrSourceUrl": "https://api3.geo.admin.ch/rest/services/ech/MapServer/ch.bfs.gebaeude_wohnungs_register/191688442_0?sr=4326&geometryFormat=geojson",
              "parcelSourceUrl": "https://api3.geo.admin.ch/rest/services/ech/MapServer/identify?geometry=7.462435%2C46.997411&geometryType=esriGeometryPoint&geometryFormat=geojson&sr=4326&layers=all%3Ach.kantone.cadastralwebmap-farbe&tolerance=0&returnGeometry=true&lang=de",
              "parcelFeatureId": 1742770,
              "registerDataDate": "19.09.2026",
              "retrievedAt": "2026-09-22",
              "matchMethod": "GWR EGRID equals exact-point cadastral EGRID; GWR building coordinate contained in polygon",
              "geoportalUrl": "https://www.topo.apps.be.ch/pub/map/?lang=de&gpk=MOPUBE_GPK",
              "officialGeometry": true,
              "note": "Parcel may contain additional buildings. Cadastral geometry is not evidence of ownership."
            },
            "syntheticFields": [
              "inventoryIds",
              "ownershipScenario",
              "statusScenario",
              "valuations",
              "SIA area breakdown",
              "RICS measurements",
              "storeySplit",
              "landcoverGeometry",
              "energySystems",
              "parking",
              "contacts",
              "costs",
              "contracts",
              "assets",
              "mockDocuments"
            ],
            "unknownFieldsLeftNull": [
              "zoning",
              "energyCertificate",
              "buildingPermitDate",
              "heritageRegisterNumber"
            ],
            "notice": "Standort öffentlich belegt. Publizierte GF/GV separat belegt; übrige Gebäudebemessungen und Betriebsdaten sind Demowerte. EGID, EGRID und Parzelle aus GWR/AV; Grundstücksfläche aus Polygon berechnet."
          },
          "yearPrecision": "year; January 1 is not a known completion date"
        },
        "legacyId": "9900/9004/AA"
      },
      "geometry": {
        "type": "Point",
        "coordinates": [
          7.46259581,
          46.99764581
        ]
      }
    },
    {
      "type": "Feature",
      "properties": {
        "buildingId": "9900/9005/AA",
        "siteId": "9900/9005",
        "name": "Landesmuseum Zürich – Erweiterungsbau",
        "primaryTypeOfBuilding": "Museumsgebäude",
        "secondaryTypeOfBuilding": "Museumserweiterung",
        "typeOfOwnership": "Eigentümer",
        "validFrom": null,
        "validUntil": null,
        "constructionYear": "2016-01-01T00:00:00Z",
        "buildingPermitDate": null,
        "yearOfLastRefurbishment": null,
        "parkingSpaces": 17,
        "electricVehicleChargingStations": 2,
        "monumentProtection": null,
        "status": "In Betrieb",
        "energyEfficiencyClass": null,
        "streetName": "Museumstrasse 6, 8001 Zürich",
        "houseNumber": "6",
        "postalCode": "8001",
        "city": "Zürich",
        "stateProvincePrefecture": "Kanton Zürich",
        "country": "CH",
        "extensionData": {
          "numberOfFloors": 4,
          "responsiblePerson": "Silvan Tanner (Demo)",
          "egid": "302030043",
          "egrid": "CH385599917023",
          "portfolio": "Kultur und Museen",
          "portfolioGroup": "Kultur und Denkmäler",
          "heatingGenerator": "Fernwärmeübergabe",
          "heatingSource": "Fernwärme (Demo)",
          "hotWater": "Zentrale Versorgung (Demo)",
          "plotName": "Parzelle AA8090 – Landesmuseum Zürich – Erweiterungsbau",
          "plotId": "AA8090",
          "netFloorArea": 5920,
          "grossFloorArea": 7400,
          "photos": [
            {
              "url": "../assets/portfolio/landesmuseum-1.jpg",
              "alt": "Landesmuseum Zürich – Erweiterungsbau – Aussenansicht",
              "credit": "© Walter Mair",
              "source": "https://www.bbl.admin.ch/de/mediendatenbank",
              "scene": "exterior",
              "mediaIndex": 4,
              "kind": "public-source-photo",
              "rights": "Copyright retained by credited photographer; publicly accessible BBL source, no open licence asserted. Not covered by repository MIT licence.",
              "originalUrl": "https://prod-bbladminch-hcms-sdweb.imgix.net/dam/de/sd-web/mq5GW90eUt4g/Z%C3%BCrich_Schweizerisches_Landesmuseum_04.jpg?w=1024&auto=format"
            },
            {
              "url": "../assets/portfolio/landesmuseum-2.jpg",
              "alt": "Landesmuseum Zürich – Erweiterungsbau – Innenansicht",
              "credit": "© Walter Mair",
              "source": "https://www.bbl.admin.ch/de/mediendatenbank",
              "scene": "interior",
              "mediaIndex": 2,
              "kind": "public-source-photo",
              "rights": "Copyright retained by credited photographer; publicly accessible BBL source, no open licence asserted. Not covered by repository MIT licence.",
              "originalUrl": "https://prod-bbladminch-hcms-sdweb.imgix.net/dam/de/sd-web/ZuHgOA-E-weO/Z%C3%BCrich_Schweizerisches_Landesmuseum_02.jpg?w=1024&auto=format"
            },
            {
              "url": "../assets/portfolio/landesmuseum-3.jpg",
              "alt": "Landesmuseum Zürich – Erweiterungsbau – Innenansicht",
              "credit": "© Walter Mair",
              "source": "https://www.bbl.admin.ch/de/mediendatenbank",
              "scene": "interior",
              "mediaIndex": 3,
              "kind": "public-source-photo",
              "rights": "Copyright retained by credited photographer; publicly accessible BBL source, no open licence asserted. Not covered by repository MIT licence.",
              "originalUrl": "https://prod-bbladminch-hcms-sdweb.imgix.net/dam/de/sd-web/WSo5F5sJ0GB0/Z%C3%BCrich_Schweizerisches_Landesmuseum_03.jpg?w=1024&auto=format"
            }
          ],
          "provenance": {
            "dataset": "bbl-public-portfolio-demo",
            "asOf": "2026-09-22",
            "notOfficialInventory": true,
            "factSources": {
              "identity": "https://www.bbl.admin.ch/de/mediendatenbank",
              "address": "https://api3.geo.admin.ch/rest/services/ech/MapServer/ch.bfs.gebaeude_wohnungs_register/302030043_0?sr=4326&geometryFormat=geojson",
              "coordinates": "https://api3.geo.admin.ch/rest/services/ech/MapServer/ch.bfs.gebaeude_wohnungs_register/302030043_0?sr=4326&geometryFormat=geojson",
              "constructionYear": "https://www.bbl.admin.ch/dam/de/sd-web/a74sKG5sCA0H/20160101_Z%C3%BCrich%20Museumstrasse%202%20Landesmuseum%20Z%C3%BCrich%20Erweiterung_DE.pdf",
              "EGID": "https://api3.geo.admin.ch/rest/services/ech/MapServer/ch.bfs.gebaeude_wohnungs_register/302030043_0?sr=4326&geometryFormat=geojson",
              "EGRID": "https://api3.geo.admin.ch/rest/services/ech/MapServer/identify?geometry=8.53997%2C47.379574&geometryType=esriGeometryPoint&geometryFormat=geojson&sr=4326&layers=all%3Ach.kantone.cadastralwebmap-farbe&tolerance=0&returnGeometry=true&lang=de",
              "parcelGeometry": "https://api3.geo.admin.ch/rest/services/ech/MapServer/identify?geometry=8.53997%2C47.379574&geometryType=esriGeometryPoint&geometryFormat=geojson&sr=4326&layers=all%3Ach.kantone.cadastralwebmap-farbe&tolerance=0&returnGeometry=true&lang=de"
            },
            "geocoding": {
              "provider": "swisstopo / BFS GWR",
              "sourceUrl": "https://api3.geo.admin.ch/rest/services/ech/MapServer/ch.bfs.gebaeude_wohnungs_register/302030043_0?sr=4326&geometryFormat=geojson",
              "retrievedAt": "2026-09-22",
              "reviewed": true,
              "precision": "gwr-building-coordinate",
              "coordinateSourceCode": 904,
              "matchedAddress": "Museumstrasse 6, 8001 Zürich",
              "note": "GWR building position (GKODE/GKODN), transformed LV95 to WGS84; not the entrance point."
            },
            "scope": "2016 extension only (7,400 m²); its own GWR EGID 302030043 is at Museumstrasse 6. Public visitor address: Museumstrasse 2. Parcel AA8090 also contains the historic museum; its full parcel area is not exclusive to the extension.",
            "publishedMeasurements": {
              "GF": 7400,
              "GV": 41800,
              "standard": "SIA 416:2003",
              "referenceYear": 2016,
              "page": 1,
              "sourceUrl": "https://www.bbl.admin.ch/dam/de/sd-web/a74sKG5sCA0H/20160101_Z%C3%BCrich%20Museumstrasse%202%20Landesmuseum%20Z%C3%BCrich%20Erweiterung_DE.pdf"
            },
            "cadastre": {
              "egid": "302030043",
              "egrid": "CH385599917023",
              "parcelNumber": "AA8090",
              "municipality": "Zürich",
              "municipalityNumber": 261,
              "geometry": {
                "type": "Polygon",
                "coordinates": [
                  [
                    [
                      8.538467,
                      47.379289
                    ],
                    [
                      8.538715,
                      47.379175
                    ],
                    [
                      8.538726,
                      47.37917
                    ],
                    [
                      8.538737,
                      47.379165
                    ],
                    [
                      8.538749,
                      47.379159
                    ],
                    [
                      8.53876,
                      47.379154
                    ],
                    [
                      8.538772,
                      47.379149
                    ],
                    [
                      8.538783,
                      47.379144
                    ],
                    [
                      8.538795,
                      47.379139
                    ],
                    [
                      8.538806,
                      47.379134
                    ],
                    [
                      8.538818,
                      47.37913
                    ],
                    [
                      8.53883,
                      47.379125
                    ],
                    [
                      8.538841,
                      47.37912
                    ],
                    [
                      8.538853,
                      47.379115
                    ],
                    [
                      8.538865,
                      47.379111
                    ],
                    [
                      8.538877,
                      47.379106
                    ],
                    [
                      8.538889,
                      47.379102
                    ],
                    [
                      8.538901,
                      47.379097
                    ],
                    [
                      8.538913,
                      47.379093
                    ],
                    [
                      8.538925,
                      47.379088
                    ],
                    [
                      8.538937,
                      47.379084
                    ],
                    [
                      8.538949,
                      47.37908
                    ],
                    [
                      8.538961,
                      47.379075
                    ],
                    [
                      8.538973,
                      47.379071
                    ],
                    [
                      8.538985,
                      47.379067
                    ],
                    [
                      8.538998,
                      47.379063
                    ],
                    [
                      8.53901,
                      47.379059
                    ],
                    [
                      8.539022,
                      47.379055
                    ],
                    [
                      8.540205,
                      47.378734
                    ],
                    [
                      8.540217,
                      47.378731
                    ],
                    [
                      8.540228,
                      47.378728
                    ],
                    [
                      8.54024,
                      47.378725
                    ],
                    [
                      8.540251,
                      47.378722
                    ],
                    [
                      8.540263,
                      47.378719
                    ],
                    [
                      8.540275,
                      47.378716
                    ],
                    [
                      8.540287,
                      47.378714
                    ],
                    [
                      8.540298,
                      47.378711
                    ],
                    [
                      8.54031,
                      47.378709
                    ],
                    [
                      8.540322,
                      47.378706
                    ],
                    [
                      8.540334,
                      47.378704
                    ],
                    [
                      8.540346,
                      47.378701
                    ],
                    [
                      8.540358,
                      47.378699
                    ],
                    [
                      8.54037,
                      47.378696
                    ],
                    [
                      8.540382,
                      47.378694
                    ],
                    [
                      8.540394,
                      47.378692
                    ],
                    [
                      8.540406,
                      47.37869
                    ],
                    [
                      8.540418,
                      47.378688
                    ],
                    [
                      8.54043,
                      47.378686
                    ],
                    [
                      8.540442,
                      47.378684
                    ],
                    [
                      8.540454,
                      47.378682
                    ],
                    [
                      8.540466,
                      47.37868
                    ],
                    [
                      8.540478,
                      47.378679
                    ],
                    [
                      8.54049,
                      47.378677
                    ],
                    [
                      8.540503,
                      47.378676
                    ],
                    [
                      8.540515,
                      47.378674
                    ],
                    [
                      8.540527,
                      47.378673
                    ],
                    [
                      8.540539,
                      47.378671
                    ],
                    [
                      8.540552,
                      47.37867
                    ],
                    [
                      8.540564,
                      47.378669
                    ],
                    [
                      8.540576,
                      47.378667
                    ],
                    [
                      8.540588,
                      47.378666
                    ],
                    [
                      8.540601,
                      47.378665
                    ],
                    [
                      8.540613,
                      47.378664
                    ],
                    [
                      8.540625,
                      47.378663
                    ],
                    [
                      8.540638,
                      47.378662
                    ],
                    [
                      8.54065,
                      47.378662
                    ],
                    [
                      8.540663,
                      47.378661
                    ],
                    [
                      8.540675,
                      47.37866
                    ],
                    [
                      8.540687,
                      47.37866
                    ],
                    [
                      8.5407,
                      47.378659
                    ],
                    [
                      8.540712,
                      47.378659
                    ],
                    [
                      8.540724,
                      47.378658
                    ],
                    [
                      8.540737,
                      47.378658
                    ],
                    [
                      8.540749,
                      47.378658
                    ],
                    [
                      8.540762,
                      47.378657
                    ],
                    [
                      8.540774,
                      47.378657
                    ],
                    [
                      8.540787,
                      47.378657
                    ],
                    [
                      8.540799,
                      47.378657
                    ],
                    [
                      8.540811,
                      47.378657
                    ],
                    [
                      8.540982,
                      47.378658
                    ],
                    [
                      8.540988,
                      47.378659
                    ],
                    [
                      8.540994,
                      47.378659
                    ],
                    [
                      8.541,
                      47.378659
                    ],
                    [
                      8.541005,
                      47.378659
                    ],
                    [
                      8.541011,
                      47.378659
                    ],
                    [
                      8.541017,
                      47.37866
                    ],
                    [
                      8.541023,
                      47.37866
                    ],
                    [
                      8.541028,
                      47.378661
                    ],
                    [
                      8.541034,
                      47.378661
                    ],
                    [
                      8.54104,
                      47.378662
                    ],
                    [
                      8.541046,
                      47.378662
                    ],
                    [
                      8.541051,
                      47.378663
                    ],
                    [
                      8.541057,
                      47.378664
                    ],
                    [
                      8.541063,
                      47.378665
                    ],
                    [
                      8.541068,
                      47.378666
                    ],
                    [
                      8.541074,
                      47.378666
                    ],
                    [
                      8.54108,
                      47.378667
                    ],
                    [
                      8.541085,
                      47.378669
                    ],
                    [
                      8.541091,
                      47.37867
                    ],
                    [
                      8.541096,
                      47.378671
                    ],
                    [
                      8.541102,
                      47.378672
                    ],
                    [
                      8.541107,
                      47.378673
                    ],
                    [
                      8.541113,
                      47.378675
                    ],
                    [
                      8.541118,
                      47.378676
                    ],
                    [
                      8.541123,
                      47.378678
                    ],
                    [
                      8.541129,
                      47.378679
                    ],
                    [
                      8.541188,
                      47.378696
                    ],
                    [
                      8.541254,
                      47.37876
                    ],
                    [
                      8.541252,
                      47.378769
                    ],
                    [
                      8.541278,
                      47.378788
                    ],
                    [
                      8.541281,
                      47.37881
                    ],
                    [
                      8.541184,
                      47.379042
                    ],
                    [
                      8.541179,
                      47.379054
                    ],
                    [
                      8.541173,
                      47.379067
                    ],
                    [
                      8.541168,
                      47.379079
                    ],
                    [
                      8.541162,
                      47.379092
                    ],
                    [
                      8.541157,
                      47.379104
                    ],
                    [
                      8.541151,
                      47.379116
                    ],
                    [
                      8.541145,
                      47.379129
                    ],
                    [
                      8.541139,
                      47.379141
                    ],
                    [
                      8.541133,
                      47.379153
                    ],
                    [
                      8.541127,
                      47.379165
                    ],
                    [
                      8.541121,
                      47.379178
                    ],
                    [
                      8.541115,
                      47.37919
                    ],
                    [
                      8.541108,
                      47.379202
                    ],
                    [
                      8.541102,
                      47.379215
                    ],
                    [
                      8.541095,
                      47.379227
                    ],
                    [
                      8.541088,
                      47.37924
                    ],
                    [
                      8.541081,
                      47.379252
                    ],
                    [
                      8.541074,
                      47.379264
                    ],
                    [
                      8.541067,
                      47.379277
                    ],
                    [
                      8.54106,
                      47.379289
                    ],
                    [
                      8.541053,
                      47.379301
                    ],
                    [
                      8.541046,
                      47.379314
                    ],
                    [
                      8.541038,
                      47.379326
                    ],
                    [
                      8.541125,
                      47.379425
                    ],
                    [
                      8.541018,
                      47.379681
                    ],
                    [
                      8.540977,
                      47.379736
                    ],
                    [
                      8.540884,
                      47.379782
                    ],
                    [
                      8.540825,
                      47.379794
                    ],
                    [
                      8.540794,
                      47.379792
                    ],
                    [
                      8.54033,
                      47.379649
                    ],
                    [
                      8.539775,
                      47.379799
                    ],
                    [
                      8.539658,
                      47.379847
                    ],
                    [
                      8.539654,
                      47.379848
                    ],
                    [
                      8.539651,
                      47.37985
                    ],
                    [
                      8.539647,
                      47.379851
                    ],
                    [
                      8.539644,
                      47.379852
                    ],
                    [
                      8.53964,
                      47.379853
                    ],
                    [
                      8.539636,
                      47.379854
                    ],
                    [
                      8.539633,
                      47.379855
                    ],
                    [
                      8.539629,
                      47.379856
                    ],
                    [
                      8.539625,
                      47.379857
                    ],
                    [
                      8.539621,
                      47.379857
                    ],
                    [
                      8.539618,
                      47.379858
                    ],
                    [
                      8.539614,
                      47.379859
                    ],
                    [
                      8.53961,
                      47.379859
                    ],
                    [
                      8.539606,
                      47.37986
                    ],
                    [
                      8.539602,
                      47.37986
                    ],
                    [
                      8.539598,
                      47.379861
                    ],
                    [
                      8.539594,
                      47.379861
                    ],
                    [
                      8.539591,
                      47.379861
                    ],
                    [
                      8.539587,
                      47.379861
                    ],
                    [
                      8.539583,
                      47.379861
                    ],
                    [
                      8.539579,
                      47.379861
                    ],
                    [
                      8.539575,
                      47.379861
                    ],
                    [
                      8.539571,
                      47.379861
                    ],
                    [
                      8.539567,
                      47.379861
                    ],
                    [
                      8.539563,
                      47.379861
                    ],
                    [
                      8.539559,
                      47.379861
                    ],
                    [
                      8.539555,
                      47.37986
                    ],
                    [
                      8.539551,
                      47.37986
                    ],
                    [
                      8.539547,
                      47.37986
                    ],
                    [
                      8.539544,
                      47.379859
                    ],
                    [
                      8.53954,
                      47.379858
                    ],
                    [
                      8.539536,
                      47.379858
                    ],
                    [
                      8.539532,
                      47.379857
                    ],
                    [
                      8.539529,
                      47.379856
                    ],
                    [
                      8.539525,
                      47.379856
                    ],
                    [
                      8.539521,
                      47.379855
                    ],
                    [
                      8.539518,
                      47.379854
                    ],
                    [
                      8.539514,
                      47.379853
                    ],
                    [
                      8.539511,
                      47.379852
                    ],
                    [
                      8.539507,
                      47.379851
                    ],
                    [
                      8.539504,
                      47.379849
                    ],
                    [
                      8.5395,
                      47.379848
                    ],
                    [
                      8.539497,
                      47.379847
                    ],
                    [
                      8.539494,
                      47.379846
                    ],
                    [
                      8.539491,
                      47.379844
                    ],
                    [
                      8.539487,
                      47.379843
                    ],
                    [
                      8.539484,
                      47.379841
                    ],
                    [
                      8.539481,
                      47.37984
                    ],
                    [
                      8.539478,
                      47.379838
                    ],
                    [
                      8.539475,
                      47.379836
                    ],
                    [
                      8.539472,
                      47.379835
                    ],
                    [
                      8.539469,
                      47.379833
                    ],
                    [
                      8.539467,
                      47.379831
                    ],
                    [
                      8.539464,
                      47.379829
                    ],
                    [
                      8.539461,
                      47.379827
                    ],
                    [
                      8.539459,
                      47.379825
                    ],
                    [
                      8.539456,
                      47.379824
                    ],
                    [
                      8.539454,
                      47.379821
                    ],
                    [
                      8.539451,
                      47.379819
                    ],
                    [
                      8.539449,
                      47.379817
                    ],
                    [
                      8.539447,
                      47.379815
                    ],
                    [
                      8.539444,
                      47.379813
                    ],
                    [
                      8.539442,
                      47.379811
                    ],
                    [
                      8.53944,
                      47.379809
                    ],
                    [
                      8.539439,
                      47.379806
                    ],
                    [
                      8.539437,
                      47.379804
                    ],
                    [
                      8.539435,
                      47.379802
                    ],
                    [
                      8.539433,
                      47.379799
                    ],
                    [
                      8.539432,
                      47.379797
                    ],
                    [
                      8.53943,
                      47.379795
                    ],
                    [
                      8.539343,
                      47.379646
                    ],
                    [
                      8.538804,
                      47.379792
                    ],
                    [
                      8.538732,
                      47.379638
                    ],
                    [
                      8.53868,
                      47.379655
                    ],
                    [
                      8.538467,
                      47.379289
                    ]
                  ]
                ]
              },
              "geometryAreaM2": 18938.89,
              "areaMethod": "WGS84 geodesic area of returned cadastral polygon; not a land-register area attribute",
              "gwrSourceUrl": "https://api3.geo.admin.ch/rest/services/ech/MapServer/ch.bfs.gebaeude_wohnungs_register/302030043_0?sr=4326&geometryFormat=geojson",
              "parcelSourceUrl": "https://api3.geo.admin.ch/rest/services/ech/MapServer/identify?geometry=8.53997%2C47.379574&geometryType=esriGeometryPoint&geometryFormat=geojson&sr=4326&layers=all%3Ach.kantone.cadastralwebmap-farbe&tolerance=0&returnGeometry=true&lang=de",
              "parcelFeatureId": 2183449,
              "registerDataDate": "19.09.2026",
              "retrievedAt": "2026-09-22",
              "matchMethod": "GWR EGRID equals exact-point cadastral EGRID; GWR building coordinate contained in polygon",
              "geoportalUrl": "https://maps.zh.ch?topic=AVfarbigZH&locate=gemeinden&locations=261",
              "officialGeometry": true,
              "note": "Parcel may contain additional buildings. Cadastral geometry is not evidence of ownership."
            },
            "syntheticFields": [
              "inventoryIds",
              "ownershipScenario",
              "statusScenario",
              "valuations",
              "SIA area breakdown",
              "RICS measurements",
              "storeySplit",
              "landcoverGeometry",
              "energySystems",
              "parking",
              "contacts",
              "costs",
              "contracts",
              "assets",
              "mockDocuments"
            ],
            "unknownFieldsLeftNull": [
              "zoning",
              "energyCertificate",
              "buildingPermitDate",
              "heritageRegisterNumber"
            ],
            "notice": "Standort öffentlich belegt. Publizierte GF/GV separat belegt; übrige Gebäudebemessungen und Betriebsdaten sind Demowerte. EGID, EGRID und Parzelle aus GWR/AV; Grundstücksfläche aus Polygon berechnet."
          },
          "yearPrecision": "year; January 1 is not a known completion date"
        },
        "legacyId": "9900/9005/AA"
      },
      "geometry": {
        "type": "Point",
        "coordinates": [
          8.54052008,
          47.37956593
        ]
      }
    },
    {
      "type": "Feature",
      "properties": {
        "buildingId": "9900/9006/AA",
        "siteId": "9900/9006",
        "name": "Schweizer Botschaft Canberra",
        "primaryTypeOfBuilding": "Bürogebäude",
        "secondaryTypeOfBuilding": "Botschaftsgebäude",
        "typeOfOwnership": "Eigentümer",
        "validFrom": null,
        "validUntil": null,
        "constructionYear": null,
        "buildingPermitDate": null,
        "yearOfLastRefurbishment": null,
        "parkingSpaces": 5,
        "electricVehicleChargingStations": 0,
        "monumentProtection": null,
        "status": "In Betrieb",
        "energyEfficiencyClass": null,
        "streetName": "7 Melbourne Avenue, Canberra 2603",
        "houseNumber": "7",
        "postalCode": "2603",
        "city": "Canberra",
        "stateProvincePrefecture": "Australian Capital Territory",
        "country": "AU",
        "extensionData": {
          "numberOfFloors": 2,
          "responsiblePerson": "Lina Moser (Demo)",
          "egid": null,
          "egrid": null,
          "portfolio": "Diplomatische Vertretung",
          "portfolioGroup": "EDA Auslandsvertretungen",
          "heatingGenerator": "Luft-Wasser-Wärmepumpe",
          "heatingSource": "Elektrizität (Demo)",
          "hotWater": "Zentrale Versorgung (Demo)",
          "plotName": "Demo-Perimeter – Schweizer Botschaft Canberra",
          "plotId": "DEMO-9006",
          "netFloorArea": 1239,
          "grossFloorArea": 1450,
          "photos": [
            {
              "url": "../assets/portfolio/canberra-1.jpg",
              "alt": "Schweizer Botschaft Canberra – Aussenansicht",
              "credit": "© Anthony Basheer",
              "source": "https://www.bbl.admin.ch/de/mediendatenbank",
              "scene": "exterior",
              "mediaIndex": 1,
              "kind": "public-source-photo",
              "rights": "Copyright retained by credited photographer; publicly accessible BBL source, no open licence asserted. Not covered by repository MIT licence.",
              "originalUrl": "https://prod-bbladminch-hcms-sdweb.imgix.net/dam/de/sd-web/zuozkhwGKhIp/Canberra_Australien_Botschaft_01.jpg?w=1024&auto=format"
            },
            {
              "url": "../assets/portfolio/canberra-2.jpg",
              "alt": "Schweizer Botschaft Canberra – Aussenansicht",
              "credit": "© Anthony Basheer",
              "source": "https://www.bbl.admin.ch/de/mediendatenbank",
              "scene": "exterior",
              "mediaIndex": 4,
              "kind": "public-source-photo",
              "rights": "Copyright retained by credited photographer; publicly accessible BBL source, no open licence asserted. Not covered by repository MIT licence.",
              "originalUrl": "https://prod-bbladminch-hcms-sdweb.imgix.net/dam/de/sd-web/bnb95jrQKrR1/Canberra_Australien_Botschaft_04.jpg?w=1024&auto=format"
            },
            {
              "url": "../assets/portfolio/canberra-3.jpg",
              "alt": "Schweizer Botschaft Canberra – Innenansicht",
              "credit": "© Anthony Basheer",
              "source": "https://www.bbl.admin.ch/de/mediendatenbank",
              "scene": "interior",
              "mediaIndex": 6,
              "kind": "public-source-photo",
              "rights": "Copyright retained by credited photographer; publicly accessible BBL source, no open licence asserted. Not covered by repository MIT licence.",
              "originalUrl": "https://prod-bbladminch-hcms-sdweb.imgix.net/dam/de/sd-web/PTb6Y0zqI0FG/Canberra_Australien_Botschaft_06.jpg?w=1024&auto=format"
            }
          ],
          "provenance": {
            "dataset": "bbl-public-portfolio-demo",
            "asOf": "2026-09-22",
            "notOfficialInventory": true,
            "factSources": {
              "identity": "https://www.bbl.admin.ch/de/mediendatenbank",
              "address": "https://protocol.dfat.gov.au/Public/Missions/191",
              "coordinates": "https://nominatim.openstreetmap.org/search?q=7+Melbourne+Avenue+Forrest+Australia&format=jsonv2&limit=3&addressdetails=1"
            },
            "geocoding": {
              "provider": "OpenStreetMap Nominatim",
              "sourceUrl": "https://nominatim.openstreetmap.org/search?q=7+Melbourne+Avenue+Forrest+Australia&format=jsonv2&limit=3&addressdetails=1",
              "retrievedAt": "2026-09-22",
              "reviewed": true,
              "precision": "building-or-site-centroid",
              "indicativeUncertaintyMetres": 50,
              "matchedAddress": "Embassy of Switzerland, 7, Melbourne Avenue, Forrest, Canberra, District of Canberra Central, Australian Capital Territory, 2603, Australia",
              "note": "Public address / site locator, not a cadastral or survey point.",
              "osmUrl": "https://www.openstreetmap.org/way/429089834"
            },
            "scope": "Publicly documented building/site; operational records and schematic parcel are demonstration assumptions.",
            "publishedMeasurements": {},
            "cadastre": null,
            "syntheticFields": [
              "inventoryIds",
              "ownershipScenario",
              "statusScenario",
              "valuations",
              "SIA area breakdown",
              "RICS measurements",
              "storeySplit",
              "landcoverGeometry",
              "energySystems",
              "parking",
              "contacts",
              "costs",
              "contracts",
              "assets",
              "mockDocuments",
              "parcelGeometry"
            ],
            "unknownFieldsLeftNull": [
              "zoning",
              "energyCertificate",
              "buildingPermitDate",
              "heritageRegisterNumber",
              "EGID",
              "EGRID"
            ],
            "notice": "Standort öffentlich belegt. Publizierte GF/GV separat belegt; übrige Gebäudebemessungen und Betriebsdaten sind Demowerte. Grundstück schematisch."
          },
          "yearPrecision": "year; January 1 is not a known completion date"
        },
        "legacyId": "9900/9006/AA"
      },
      "geometry": {
        "type": "Point",
        "coordinates": [
          149.1210857,
          -35.3134473
        ]
      }
    },
    {
      "type": "Feature",
      "properties": {
        "buildingId": "9900/9007/AA",
        "siteId": "9900/9007",
        "name": "Schweizer Botschaft Brasília",
        "primaryTypeOfBuilding": "Bürogebäude",
        "secondaryTypeOfBuilding": "Botschaftsgebäude",
        "typeOfOwnership": "Eigentümer",
        "validFrom": null,
        "validUntil": null,
        "constructionYear": null,
        "buildingPermitDate": null,
        "yearOfLastRefurbishment": null,
        "parkingSpaces": 9,
        "electricVehicleChargingStations": 1,
        "monumentProtection": null,
        "status": "In Betrieb",
        "energyEfficiencyClass": null,
        "streetName": "SES Avenida das Nações, Quadra 811 Lote 41, 70448-900 Brasília",
        "houseNumber": "Lote 41",
        "postalCode": "70448-900",
        "city": "Brasília",
        "stateProvincePrefecture": "Distrito Federal",
        "country": "BR",
        "extensionData": {
          "numberOfFloors": 3,
          "responsiblePerson": "Noé Auer (Demo)",
          "egid": null,
          "egrid": null,
          "portfolio": "Diplomatische Vertretung",
          "portfolioGroup": "EDA Auslandsvertretungen",
          "heatingGenerator": "Kälteanlage / reversible Wärmepumpe",
          "heatingSource": "Elektrizität (Demo)",
          "hotWater": "Zentrale Versorgung (Demo)",
          "plotName": "Demo-Perimeter – Schweizer Botschaft Brasília",
          "plotId": "DEMO-9007",
          "netFloorArea": 2380,
          "grossFloorArea": 2850,
          "photos": [
            {
              "url": "../assets/portfolio/brasilia-1.jpg",
              "alt": "Schweizer Botschaft Brasília – Aussenansicht",
              "credit": "© Laurence Bonvin",
              "source": "https://www.bbl.admin.ch/de/mediendatenbank",
              "scene": "exterior",
              "mediaIndex": 1,
              "kind": "public-source-photo",
              "rights": "Copyright retained by credited photographer; publicly accessible BBL source, no open licence asserted. Not covered by repository MIT licence.",
              "originalUrl": "https://prod-bbladminch-hcms-sdweb.imgix.net/dam/de/sd-web/aLUqaB8il2Xx/Brasilia_Brasilien_Botschaft_01.jpg?w=1024&auto=format"
            },
            {
              "url": "../assets/portfolio/brasilia-2.jpg",
              "alt": "Schweizer Botschaft Brasília – Aussenansicht",
              "credit": "© Laurence Bonvin",
              "source": "https://www.bbl.admin.ch/de/mediendatenbank",
              "scene": "exterior",
              "mediaIndex": 7,
              "kind": "public-source-photo",
              "rights": "Copyright retained by credited photographer; publicly accessible BBL source, no open licence asserted. Not covered by repository MIT licence.",
              "originalUrl": "https://prod-bbladminch-hcms-sdweb.imgix.net/dam/de/sd-web/UxtTCbbCAlmT/Brasilia_Brasilien_Botschaft_07.jpg?w=1024&auto=format"
            },
            {
              "url": "../assets/portfolio/brasilia-3.jpg",
              "alt": "Schweizer Botschaft Brasília – Innenansicht",
              "credit": "© Laurence Bonvin",
              "source": "https://www.bbl.admin.ch/de/mediendatenbank",
              "scene": "interior",
              "mediaIndex": 4,
              "kind": "public-source-photo",
              "rights": "Copyright retained by credited photographer; publicly accessible BBL source, no open licence asserted. Not covered by repository MIT licence.",
              "originalUrl": "https://prod-bbladminch-hcms-sdweb.imgix.net/dam/de/sd-web/EP0PJO2cU9cx/Brasilia_Brasilien_Botschaft_04.jpg?w=1024&auto=format"
            }
          ],
          "provenance": {
            "dataset": "bbl-public-portfolio-demo",
            "asOf": "2026-09-22",
            "notOfficialInventory": true,
            "factSources": {
              "identity": "https://www.bbl.admin.ch/de/mediendatenbank",
              "address": "https://www.eda.admin.ch/content/dam/countries/countries-content/brazil/en/business-travel-guide-2023_EN.pdf",
              "coordinates": "https://nominatim.openstreetmap.org/search?q=Embaixada+da+Su%C3%AD%C3%A7a+Bras%C3%ADlia+Brazil&format=jsonv2&limit=3&addressdetails=1"
            },
            "geocoding": {
              "provider": "OpenStreetMap Nominatim",
              "sourceUrl": "https://nominatim.openstreetmap.org/search?q=Embaixada+da+Su%C3%AD%C3%A7a+Bras%C3%ADlia+Brazil&format=jsonv2&limit=3&addressdetails=1",
              "retrievedAt": "2026-09-22",
              "reviewed": true,
              "precision": "building-or-site-centroid",
              "indicativeUncertaintyMetres": 150,
              "matchedAddress": "Embaixada da Suiça, Lote 41, SES Quadra 811, Asa Sul, Brasília, Plano Piloto, Distrito Federal, Região Centro-Oeste, 70448-900, Brasil",
              "note": "Public address / site locator, not a cadastral or survey point.",
              "osmUrl": "https://www.openstreetmap.org/way/141477118"
            },
            "scope": "Publicly documented building/site; operational records and schematic parcel are demonstration assumptions.",
            "publishedMeasurements": {},
            "cadastre": null,
            "syntheticFields": [
              "inventoryIds",
              "ownershipScenario",
              "statusScenario",
              "valuations",
              "SIA area breakdown",
              "RICS measurements",
              "storeySplit",
              "landcoverGeometry",
              "energySystems",
              "parking",
              "contacts",
              "costs",
              "contracts",
              "assets",
              "mockDocuments",
              "parcelGeometry"
            ],
            "unknownFieldsLeftNull": [
              "zoning",
              "energyCertificate",
              "buildingPermitDate",
              "heritageRegisterNumber",
              "EGID",
              "EGRID"
            ],
            "notice": "Standort öffentlich belegt. Publizierte GF/GV separat belegt; übrige Gebäudebemessungen und Betriebsdaten sind Demowerte. Grundstück schematisch."
          },
          "yearPrecision": "year; January 1 is not a known completion date"
        },
        "legacyId": "9900/9007/AA"
      },
      "geometry": {
        "type": "Point",
        "coordinates": [
          -47.8972753,
          -15.8316069
        ]
      }
    },
    {
      "type": "Feature",
      "properties": {
        "buildingId": "9900/9008/AA",
        "siteId": "9900/9008",
        "name": "Schweizer Botschaft Seoul",
        "primaryTypeOfBuilding": "Bürogebäude",
        "secondaryTypeOfBuilding": "Botschaftsgebäude",
        "typeOfOwnership": "Eigentümer",
        "validFrom": null,
        "validUntil": null,
        "constructionYear": "2019-01-01T00:00:00Z",
        "buildingPermitDate": null,
        "yearOfLastRefurbishment": null,
        "parkingSpaces": 10,
        "electricVehicleChargingStations": 1,
        "monumentProtection": null,
        "status": "In Betrieb",
        "energyEfficiencyClass": null,
        "streetName": "77 Songwol-gil, Jongno-gu, Seoul 03165",
        "houseNumber": "77",
        "postalCode": "03165",
        "city": "Seoul",
        "stateProvincePrefecture": "Seoul",
        "country": "KR",
        "extensionData": {
          "numberOfFloors": 3,
          "responsiblePerson": "Alina Keller (Demo)",
          "egid": null,
          "egrid": null,
          "portfolio": "Diplomatische Vertretung",
          "portfolioGroup": "EDA Auslandsvertretungen",
          "heatingGenerator": "Luft-Wasser-Wärmepumpe",
          "heatingSource": "Elektrizität (Demo)",
          "hotWater": "Zentrale Versorgung (Demo)",
          "plotName": "Demo-Perimeter – Schweizer Botschaft Seoul",
          "plotId": "DEMO-9008",
          "netFloorArea": 2779,
          "grossFloorArea": 3540,
          "photos": [
            {
              "url": "../assets/portfolio/seoul-1.jpg",
              "alt": "Schweizer Botschaft Seoul – Aussenansicht",
              "credit": "© Hélène Binet",
              "source": "https://www.bbl.admin.ch/de/mediendatenbank",
              "scene": "exterior",
              "mediaIndex": 3,
              "kind": "public-source-photo",
              "rights": "Copyright retained by credited photographer; publicly accessible BBL source, no open licence asserted. Not covered by repository MIT licence.",
              "originalUrl": "https://prod-bbladminch-hcms-sdweb.imgix.net/dam/de/sd-web/MRQtBBJC-Cq4/Seoul_S%C3%BCdkorea_Botschaft_03.jpg?w=1024&auto=format"
            },
            {
              "url": "../assets/portfolio/seoul-2.jpg",
              "alt": "Schweizer Botschaft Seoul – Aussenansicht",
              "credit": "© Hélène Binet",
              "source": "https://www.bbl.admin.ch/de/mediendatenbank",
              "scene": "exterior",
              "mediaIndex": 5,
              "kind": "public-source-photo",
              "rights": "Copyright retained by credited photographer; publicly accessible BBL source, no open licence asserted. Not covered by repository MIT licence.",
              "originalUrl": "https://prod-bbladminch-hcms-sdweb.imgix.net/dam/de/sd-web/kOcfEQevccUc/Seoul_S%C3%BCdkorea_Botschaft_05.jpg?w=1024&auto=format"
            },
            {
              "url": "../assets/portfolio/seoul-3.jpg",
              "alt": "Schweizer Botschaft Seoul – Innenansicht",
              "credit": "© Hélène Binet",
              "source": "https://www.bbl.admin.ch/de/mediendatenbank",
              "scene": "interior",
              "mediaIndex": 9,
              "kind": "public-source-photo",
              "rights": "Copyright retained by credited photographer; publicly accessible BBL source, no open licence asserted. Not covered by repository MIT licence.",
              "originalUrl": "https://prod-bbladminch-hcms-sdweb.imgix.net/dam/de/sd-web/wkTGfzFpLLIH/Seoul_S%C3%BCdkorea_Botschaft_09.jpg?w=1024&auto=format"
            }
          ],
          "provenance": {
            "dataset": "bbl-public-portfolio-demo",
            "asOf": "2026-09-22",
            "notOfficialInventory": true,
            "factSources": {
              "identity": "https://www.bbl.admin.ch/de/mediendatenbank",
              "address": "https://www.eda.admin.ch/countries/korea-republic/de/home/vertretungen/botschaft.html",
              "coordinates": "https://nominatim.openstreetmap.org/search?q=Embassy+of+Switzerland+Seoul+South+Korea&format=jsonv2&limit=3&addressdetails=1",
              "constructionYear": "https://www.bbl.admin.ch/dam/de/sd-web/vCKyrUqUx9JD/20190101_Seoul%20S%C3%BCdkorea%20Neubau%20der%20Schweizer%20Botschaft_DE.pdf"
            },
            "geocoding": {
              "provider": "OpenStreetMap Nominatim",
              "sourceUrl": "https://nominatim.openstreetmap.org/search?q=Embassy+of+Switzerland+Seoul+South+Korea&format=jsonv2&limit=3&addressdetails=1",
              "retrievedAt": "2026-09-22",
              "reviewed": true,
              "precision": "building-or-site-centroid",
              "indicativeUncertaintyMetres": 50,
              "matchedAddress": "스위스 대사관, 77, 송월길, 교북동, 교남동, 종로구, 서울특별시, 03165, 대한민국",
              "note": "Public address / site locator, not a cadastral or survey point.",
              "osmUrl": "https://www.openstreetmap.org/way/777430919"
            },
            "scope": "2019 project comprising chancery, residence and shared reception areas.",
            "publishedMeasurements": {
              "GF": 3540,
              "GV": 14042,
              "standard": "SIA 416:2003",
              "referenceYear": 2019,
              "page": 1,
              "sourceUrl": "https://www.bbl.admin.ch/dam/de/sd-web/vCKyrUqUx9JD/20190101_Seoul%20S%C3%BCdkorea%20Neubau%20der%20Schweizer%20Botschaft_DE.pdf"
            },
            "cadastre": null,
            "syntheticFields": [
              "inventoryIds",
              "ownershipScenario",
              "statusScenario",
              "valuations",
              "SIA area breakdown",
              "RICS measurements",
              "storeySplit",
              "landcoverGeometry",
              "energySystems",
              "parking",
              "contacts",
              "costs",
              "contracts",
              "assets",
              "mockDocuments",
              "parcelGeometry"
            ],
            "unknownFieldsLeftNull": [
              "zoning",
              "energyCertificate",
              "buildingPermitDate",
              "heritageRegisterNumber",
              "EGID",
              "EGRID"
            ],
            "notice": "Standort öffentlich belegt. Publizierte GF/GV separat belegt; übrige Gebäudebemessungen und Betriebsdaten sind Demowerte. Grundstück schematisch."
          },
          "yearPrecision": "year; January 1 is not a known completion date"
        },
        "legacyId": "9900/9008/AA"
      },
      "geometry": {
        "type": "Point",
        "coordinates": [
          126.9649301,
          37.5702322
        ]
      }
    },
    {
      "type": "Feature",
      "properties": {
        "buildingId": "9900/9009/AA",
        "siteId": "9900/9009",
        "name": "Schweizer Botschaft Nairobi",
        "primaryTypeOfBuilding": "Bürogebäude",
        "secondaryTypeOfBuilding": "Botschaftsgebäude",
        "typeOfOwnership": "Eigentümer",
        "validFrom": null,
        "validUntil": null,
        "constructionYear": "2016-01-01T00:00:00Z",
        "buildingPermitDate": null,
        "yearOfLastRefurbishment": null,
        "parkingSpaces": 5,
        "electricVehicleChargingStations": 1,
        "monumentProtection": null,
        "status": "In Betrieb",
        "energyEfficiencyClass": null,
        "streetName": "Rosslyn Green Drive, off Red Hill Road, Nairobi",
        "houseNumber": null,
        "postalCode": null,
        "city": "Nairobi",
        "stateProvincePrefecture": "Nairobi County",
        "country": "KE",
        "extensionData": {
          "numberOfFloors": 2,
          "responsiblePerson": "Milo Bachmann (Demo)",
          "egid": null,
          "egrid": null,
          "portfolio": "Diplomatische Vertretung",
          "portfolioGroup": "EDA Auslandsvertretungen",
          "heatingGenerator": "Luft-Wasser-Wärmepumpe",
          "heatingSource": "Elektrizität (Demo)",
          "hotWater": "Zentrale Versorgung (Demo)",
          "plotName": "Demo-Perimeter – Schweizer Botschaft Nairobi",
          "plotId": "DEMO-9009",
          "netFloorArea": 1369,
          "grossFloorArea": 1512,
          "photos": [
            {
              "url": "../assets/portfolio/nairobi-1.jpg",
              "alt": "Schweizer Botschaft Nairobi – Aussenansicht",
              "credit": "© Fabio Idini",
              "source": "https://www.bbl.admin.ch/de/mediendatenbank",
              "scene": "exterior",
              "mediaIndex": 1,
              "kind": "public-source-photo",
              "rights": "Copyright retained by credited photographer; publicly accessible BBL source, no open licence asserted. Not covered by repository MIT licence.",
              "originalUrl": "https://prod-bbladminch-hcms-sdweb.imgix.net/dam/de/sd-web/jXIeKtTlczW4/Nairobi_Kenia_Botschaft_01.jpg?w=1024&auto=format"
            },
            {
              "url": "../assets/portfolio/nairobi-2.jpg",
              "alt": "Schweizer Botschaft Nairobi – Innenansicht",
              "credit": "© Fabio Idini",
              "source": "https://www.bbl.admin.ch/de/mediendatenbank",
              "scene": "interior",
              "mediaIndex": 5,
              "kind": "public-source-photo",
              "rights": "Copyright retained by credited photographer; publicly accessible BBL source, no open licence asserted. Not covered by repository MIT licence.",
              "originalUrl": "https://prod-bbladminch-hcms-sdweb.imgix.net/dam/de/sd-web/R1tlD3VhGwiG/Nairobi_Kenia_Botschaft_05.jpg?w=1024&auto=format"
            },
            {
              "url": "../assets/portfolio/nairobi-3.jpg",
              "alt": "Schweizer Botschaft Nairobi – Innenansicht",
              "credit": "© Fabio Idini",
              "source": "https://www.bbl.admin.ch/de/mediendatenbank",
              "scene": "interior",
              "mediaIndex": 7,
              "kind": "public-source-photo",
              "rights": "Copyright retained by credited photographer; publicly accessible BBL source, no open licence asserted. Not covered by repository MIT licence.",
              "originalUrl": "https://prod-bbladminch-hcms-sdweb.imgix.net/dam/de/sd-web/NGSbbCQehATn/Nairobi_Kenia_Botschaft_07.jpg?w=1024&auto=format"
            }
          ],
          "provenance": {
            "dataset": "bbl-public-portfolio-demo",
            "asOf": "2026-09-22",
            "notOfficialInventory": true,
            "factSources": {
              "identity": "https://www.bbl.admin.ch/de/mediendatenbank",
              "address": "https://www.eda.admin.ch/countries/kenia/en/home/services/lost-and-found.html/content/contacts/en/EDAVis/N/180",
              "coordinates": "https://nominatim.openstreetmap.org/search?q=Embassy+of+Switzerland+Nairobi+Kenya&format=jsonv2&limit=3&addressdetails=1",
              "constructionYear": "https://www.bbl.admin.ch/dam/de/sd-web/yrVXj1ihTVNY/20160801_Nairobi%20Kenya%20Neubau%20Schweizer%20Botschaft_DE.pdf"
            },
            "geocoding": {
              "provider": "OpenStreetMap Nominatim",
              "sourceUrl": "https://nominatim.openstreetmap.org/search?q=Embassy+of+Switzerland+Nairobi+Kenya&format=jsonv2&limit=3&addressdetails=1",
              "retrievedAt": "2026-09-22",
              "reviewed": true,
              "precision": "building-or-site-centroid",
              "indicativeUncertaintyMetres": 50,
              "matchedAddress": "Switzerland Embassy, Nairobi, Rosslyn Green Estate Rosslyn Green Drive, off Red Hill Road Nairobi, Nairobi, Rosslyn Green Crescent, Karura sublocation, Highridge location, Highridge division, Westlands, Nairobi, 00601, Kenya",
              "note": "Public address / site locator, not a cadastral or survey point.",
              "osmUrl": "https://www.openstreetmap.org/way/554666964"
            },
            "scope": "Publicly documented building/site; operational records and schematic parcel are demonstration assumptions.",
            "publishedMeasurements": {
              "GF": 1512,
              "GV": 6120,
              "standard": "SIA 416:2003",
              "referenceYear": 2016,
              "page": 1,
              "sourceUrl": "https://www.bbl.admin.ch/dam/de/sd-web/yrVXj1ihTVNY/20160801_Nairobi%20Kenya%20Neubau%20Schweizer%20Botschaft_DE.pdf"
            },
            "cadastre": null,
            "syntheticFields": [
              "inventoryIds",
              "ownershipScenario",
              "statusScenario",
              "valuations",
              "SIA area breakdown",
              "RICS measurements",
              "storeySplit",
              "landcoverGeometry",
              "energySystems",
              "parking",
              "contacts",
              "costs",
              "contracts",
              "assets",
              "mockDocuments",
              "parcelGeometry"
            ],
            "unknownFieldsLeftNull": [
              "zoning",
              "energyCertificate",
              "buildingPermitDate",
              "heritageRegisterNumber",
              "EGID",
              "EGRID"
            ],
            "notice": "Standort öffentlich belegt. Publizierte GF/GV separat belegt; übrige Gebäudebemessungen und Betriebsdaten sind Demowerte. Grundstück schematisch."
          },
          "yearPrecision": "year; January 1 is not a known completion date"
        },
        "legacyId": "9900/9009/AA"
      },
      "geometry": {
        "type": "Point",
        "coordinates": [
          36.80086,
          -1.2286794
        ]
      }
    },
    {
      "type": "Feature",
      "properties": {
        "buildingId": "9900/9010/AA",
        "siteId": "9900/9010",
        "name": "Schweizer Botschaft Washington – Kanzlei",
        "primaryTypeOfBuilding": "Bürogebäude",
        "secondaryTypeOfBuilding": "Botschaftsgebäude",
        "typeOfOwnership": "Eigentümer",
        "validFrom": null,
        "validUntil": null,
        "constructionYear": "1959-01-01T00:00:00Z",
        "buildingPermitDate": null,
        "yearOfLastRefurbishment": "2022-01-01T00:00:00Z",
        "parkingSpaces": 9,
        "electricVehicleChargingStations": 1,
        "monumentProtection": null,
        "status": "In Betrieb",
        "energyEfficiencyClass": null,
        "streetName": "2900 Cathedral Avenue NW, Washington, D.C. 20008",
        "houseNumber": "2900",
        "postalCode": "20008",
        "city": "Washington, D.C.",
        "stateProvincePrefecture": "District of Columbia",
        "country": "US",
        "extensionData": {
          "numberOfFloors": 3,
          "responsiblePerson": "Lea Vogt (Demo)",
          "egid": null,
          "egrid": null,
          "portfolio": "Diplomatische Vertretung",
          "portfolioGroup": "EDA Auslandsvertretungen",
          "heatingGenerator": "Luft-Wasser-Wärmepumpe",
          "heatingSource": "Elektrizität (Demo)",
          "hotWater": "Zentrale Versorgung (Demo)",
          "plotName": "Demo-Perimeter – Schweizer Botschaft Washington – Kanzlei",
          "plotId": "DEMO-9010",
          "netFloorArea": 2415,
          "grossFloorArea": 2928,
          "photos": [
            {
              "url": "../assets/portfolio/washington-1.jpg",
              "alt": "Schweizer Botschaft Washington – Kanzlei – Aussenansicht",
              "credit": "© Paola Corsini",
              "source": "https://www.bbl.admin.ch/de/mediendatenbank",
              "scene": "exterior",
              "mediaIndex": 1,
              "kind": "public-source-photo",
              "rights": "Copyright retained by credited photographer; publicly accessible BBL source, no open licence asserted. Not covered by repository MIT licence.",
              "originalUrl": "https://prod-bbladminch-hcms-sdweb.imgix.net/dam/de/sd-web/7tGIMcCF5Mc-/Washington_USA_Botschaft_01.jpg?w=1024&auto=format"
            },
            {
              "url": "../assets/portfolio/washington-2.jpg",
              "alt": "Schweizer Botschaft Washington – Kanzlei – Aussenansicht",
              "credit": "© Paola Corsini",
              "source": "https://www.bbl.admin.ch/de/mediendatenbank",
              "scene": "exterior",
              "mediaIndex": 2,
              "kind": "public-source-photo",
              "rights": "Copyright retained by credited photographer; publicly accessible BBL source, no open licence asserted. Not covered by repository MIT licence.",
              "originalUrl": "https://prod-bbladminch-hcms-sdweb.imgix.net/dam/de/sd-web/lIsKQe-4YYEg/Washington_USA_Botschaft_02.jpg?w=1024&auto=format"
            },
            {
              "url": "../assets/portfolio/washington-3.jpg",
              "alt": "Schweizer Botschaft Washington – Kanzlei – Innenansicht",
              "credit": "© Paola Corsini",
              "source": "https://www.bbl.admin.ch/de/mediendatenbank",
              "scene": "interior",
              "mediaIndex": 7,
              "kind": "public-source-photo",
              "rights": "Copyright retained by credited photographer; publicly accessible BBL source, no open licence asserted. Not covered by repository MIT licence.",
              "originalUrl": "https://prod-bbladminch-hcms-sdweb.imgix.net/dam/de/sd-web/e5nsu4z5Dwwa/Washington_USA_Botschaft_07.jpg?w=1024&auto=format"
            }
          ],
          "provenance": {
            "dataset": "bbl-public-portfolio-demo",
            "asOf": "2026-09-22",
            "notOfficialInventory": true,
            "factSources": {
              "identity": "https://www.bbl.admin.ch/de/mediendatenbank",
              "address": "https://www.bbl.admin.ch/dam/de/sd-web/blTPOkHhPlZE/20220901_Washington%20DC%2C%20USA%2C%20Sanierung%20der%20Kanzlei_DE.pdf",
              "coordinates": "https://nominatim.openstreetmap.org/search?q=2900+Cathedral+Avenue+NW+Washington+USA&format=jsonv2&limit=3&addressdetails=1",
              "constructionYear": "https://www.bbl.admin.ch/dam/de/sd-web/blTPOkHhPlZE/20220901_Washington%20DC%2C%20USA%2C%20Sanierung%20der%20Kanzlei_DE.pdf",
              "lastRefurbishmentYear": "https://www.bbl.admin.ch/dam/de/sd-web/blTPOkHhPlZE/20220901_Washington%20DC%2C%20USA%2C%20Sanierung%20der%20Kanzlei_DE.pdf"
            },
            "geocoding": {
              "provider": "OpenStreetMap Nominatim",
              "sourceUrl": "https://nominatim.openstreetmap.org/search?q=2900+Cathedral+Avenue+NW+Washington+USA&format=jsonv2&limit=3&addressdetails=1",
              "retrievedAt": "2026-09-22",
              "reviewed": true,
              "precision": "building-or-site-centroid",
              "indicativeUncertaintyMetres": 50,
              "matchedAddress": "Embassy of Switzerland, 2900, Cathedral Avenue Northwest, Woodley Park, Ward 3, Washington, District of Columbia, 20008, United States",
              "note": "Public address / site locator, not a cadastral or survey point.",
              "osmUrl": "https://www.openstreetmap.org/node/819092453"
            },
            "scope": "Chancery only; excludes the ambassador residence and the rest of the campus.",
            "publishedMeasurements": {
              "GF": 2928,
              "GV": 10712,
              "standard": "SIA 416:2003",
              "referenceYear": 2022,
              "page": 1,
              "sourceUrl": "https://www.bbl.admin.ch/dam/de/sd-web/blTPOkHhPlZE/20220901_Washington%20DC%2C%20USA%2C%20Sanierung%20der%20Kanzlei_DE.pdf"
            },
            "cadastre": null,
            "syntheticFields": [
              "inventoryIds",
              "ownershipScenario",
              "statusScenario",
              "valuations",
              "SIA area breakdown",
              "RICS measurements",
              "storeySplit",
              "landcoverGeometry",
              "energySystems",
              "parking",
              "contacts",
              "costs",
              "contracts",
              "assets",
              "mockDocuments",
              "parcelGeometry"
            ],
            "unknownFieldsLeftNull": [
              "zoning",
              "energyCertificate",
              "buildingPermitDate",
              "heritageRegisterNumber",
              "EGID",
              "EGRID"
            ],
            "notice": "Standort öffentlich belegt. Publizierte GF/GV separat belegt; übrige Gebäudebemessungen und Betriebsdaten sind Demowerte. Grundstück schematisch."
          },
          "yearPrecision": "year; January 1 is not a known completion date"
        },
        "legacyId": "9900/9010/AA"
      },
      "geometry": {
        "type": "Point",
        "coordinates": [
          -77.0579432,
          38.9286131
        ]
      }
    },
    {
      "type": "Feature",
      "properties": {
        "buildingId": "9900/9011/AA",
        "siteId": "9900/9011",
        "name": "Schweizer Botschaft Singapur",
        "primaryTypeOfBuilding": "Bürogebäude",
        "secondaryTypeOfBuilding": "Botschaftsgebäude",
        "typeOfOwnership": "Eigentümer",
        "validFrom": null,
        "validUntil": null,
        "constructionYear": "1984-01-01T00:00:00Z",
        "buildingPermitDate": null,
        "yearOfLastRefurbishment": "2024-01-01T00:00:00Z",
        "parkingSpaces": 4,
        "electricVehicleChargingStations": 0,
        "monumentProtection": null,
        "status": "In Betrieb",
        "energyEfficiencyClass": null,
        "streetName": "1 Swiss Club Link, Singapore 288162",
        "houseNumber": "1",
        "postalCode": "288162",
        "city": "Singapore",
        "stateProvincePrefecture": "Singapore",
        "country": "SG",
        "extensionData": {
          "numberOfFloors": 2,
          "responsiblePerson": "Jonas Steiner (Demo)",
          "egid": null,
          "egrid": null,
          "portfolio": "Diplomatische Vertretung",
          "portfolioGroup": "EDA Auslandsvertretungen",
          "heatingGenerator": "Kälteanlage / reversible Wärmepumpe",
          "heatingSource": "Elektrizität (Demo)",
          "hotWater": "Zentrale Versorgung (Demo)",
          "plotName": "Demo-Perimeter – Schweizer Botschaft Singapur",
          "plotId": "DEMO-9011",
          "netFloorArea": 1109,
          "grossFloorArea": 1344,
          "photos": [
            {
              "url": "../assets/portfolio/singapore-1.jpg",
              "alt": "Schweizer Botschaft Singapur – Aussenansicht",
              "credit": "© Guo Jie Khoo, Singapur",
              "source": "https://www.bbl.admin.ch/de/mediendatenbank",
              "scene": "exterior",
              "mediaIndex": 1,
              "kind": "public-source-photo",
              "rights": "Copyright retained by credited photographer; publicly accessible BBL source, no open licence asserted. Not covered by repository MIT licence.",
              "originalUrl": "https://prod-bbladminch-hcms-sdweb.imgix.net/dam/de/sd-web/4302JWv4YxRl/01%20Fotos_SES_18.jpg?w=1024&auto=format"
            },
            {
              "url": "../assets/portfolio/singapore-2.jpg",
              "alt": "Schweizer Botschaft Singapur – Innenansicht",
              "credit": "© Guo Jie Khoo, Singapur",
              "source": "https://www.bbl.admin.ch/de/mediendatenbank",
              "scene": "interior",
              "mediaIndex": 6,
              "kind": "public-source-photo",
              "rights": "Copyright retained by credited photographer; publicly accessible BBL source, no open licence asserted. Not covered by repository MIT licence.",
              "originalUrl": "https://prod-bbladminch-hcms-sdweb.imgix.net/dam/de/sd-web/kYODdmeJJ0Kl/06%20Fotos_SES_20.jpg?w=1024&auto=format"
            },
            {
              "url": "../assets/portfolio/singapore-3.jpg",
              "alt": "Schweizer Botschaft Singapur – Innenansicht",
              "credit": "© Guo Jie Khoo, Singapur",
              "source": "https://www.bbl.admin.ch/de/mediendatenbank",
              "scene": "interior",
              "mediaIndex": 9,
              "kind": "public-source-photo",
              "rights": "Copyright retained by credited photographer; publicly accessible BBL source, no open licence asserted. Not covered by repository MIT licence.",
              "originalUrl": "https://prod-bbladminch-hcms-sdweb.imgix.net/dam/de/sd-web/UrEcHWDv9rn3/09%20Fotos_SES_08.jpg?w=1024&auto=format"
            }
          ],
          "provenance": {
            "dataset": "bbl-public-portfolio-demo",
            "asOf": "2026-09-22",
            "notOfficialInventory": true,
            "factSources": {
              "identity": "https://www.bbl.admin.ch/de/mediendatenbank",
              "address": "https://www.eda.admin.ch/countries/singapore/en/home/representations/embassy-singapore.html/content/contacts/en/EDAVis/S/106",
              "coordinates": "https://nominatim.openstreetmap.org/search?q=1+Swiss+Club+Link+Singapore&format=jsonv2&limit=3&addressdetails=1",
              "constructionYear": "https://www.bbl.admin.ch/dam/de/sd-web/0Ufbhz8I6Qgs/16_2024_Singapur%2C%20Gesamtsanierung%20und%20Erweiterung%20der%20Schweizer%20Botschaft.pdf",
              "lastRefurbishmentYear": "https://www.bbl.admin.ch/dam/de/sd-web/0Ufbhz8I6Qgs/16_2024_Singapur%2C%20Gesamtsanierung%20und%20Erweiterung%20der%20Schweizer%20Botschaft.pdf"
            },
            "geocoding": {
              "provider": "OpenStreetMap Nominatim",
              "sourceUrl": "https://nominatim.openstreetmap.org/search?q=1+Swiss+Club+Link+Singapore&format=jsonv2&limit=3&addressdetails=1",
              "retrievedAt": "2026-09-22",
              "reviewed": true,
              "precision": "building-or-site-centroid",
              "indicativeUncertaintyMetres": 50,
              "matchedAddress": "Embassy of Switzerland, 1, Swiss Club Link, Swiss Club, Bukit Timah, Central Region, Singapore, 288162, Singapore",
              "note": "Public address / site locator, not a cadastral or survey point.",
              "osmUrl": "https://www.openstreetmap.org/way/392814796"
            },
            "scope": "Publicly documented building/site; operational records and schematic parcel are demonstration assumptions.",
            "publishedMeasurements": {
              "GF": 1344,
              "GV": 6230,
              "standard": "SIA 416:2003",
              "referenceYear": 2024,
              "page": 1,
              "sourceUrl": "https://www.bbl.admin.ch/dam/de/sd-web/0Ufbhz8I6Qgs/16_2024_Singapur%2C%20Gesamtsanierung%20und%20Erweiterung%20der%20Schweizer%20Botschaft.pdf"
            },
            "cadastre": null,
            "syntheticFields": [
              "inventoryIds",
              "ownershipScenario",
              "statusScenario",
              "valuations",
              "SIA area breakdown",
              "RICS measurements",
              "storeySplit",
              "landcoverGeometry",
              "energySystems",
              "parking",
              "contacts",
              "costs",
              "contracts",
              "assets",
              "mockDocuments",
              "parcelGeometry"
            ],
            "unknownFieldsLeftNull": [
              "zoning",
              "energyCertificate",
              "buildingPermitDate",
              "heritageRegisterNumber",
              "EGID",
              "EGRID"
            ],
            "notice": "Standort öffentlich belegt. Publizierte GF/GV separat belegt; übrige Gebäudebemessungen und Betriebsdaten sind Demowerte. Grundstück schematisch."
          },
          "yearPrecision": "year; January 1 is not a known completion date"
        },
        "legacyId": "9900/9011/AA"
      },
      "geometry": {
        "type": "Point",
        "coordinates": [
          103.7896081,
          1.3425516
        ]
      }
    },
    {
      "type": "Feature",
      "properties": {
        "buildingId": "9900/9012/AA",
        "siteId": "9900/9012",
        "name": "Schweizer Botschaft Abidjan",
        "primaryTypeOfBuilding": "Bürogebäude",
        "secondaryTypeOfBuilding": "Botschaftsgebäude",
        "typeOfOwnership": "Eigentümer",
        "validFrom": null,
        "validUntil": null,
        "constructionYear": "2015-01-01T00:00:00Z",
        "buildingPermitDate": null,
        "yearOfLastRefurbishment": null,
        "parkingSpaces": 3,
        "electricVehicleChargingStations": 0,
        "monumentProtection": null,
        "status": "In Betrieb",
        "energyEfficiencyClass": null,
        "streetName": "Rue du Bélier, Cocody Ambassades, Abidjan",
        "houseNumber": null,
        "postalCode": null,
        "city": "Abidjan",
        "stateProvincePrefecture": "District autonome d’Abidjan",
        "country": "CI",
        "extensionData": {
          "numberOfFloors": 1,
          "responsiblePerson": "Sina Berger (Demo)",
          "egid": null,
          "egrid": null,
          "portfolio": "Diplomatische Vertretung",
          "portfolioGroup": "EDA Auslandsvertretungen",
          "heatingGenerator": "Kälteanlage / reversible Wärmepumpe",
          "heatingSource": "Elektrizität (Demo)",
          "hotWater": "Zentrale Versorgung (Demo)",
          "plotName": "Demo-Perimeter – Schweizer Botschaft Abidjan",
          "plotId": "DEMO-9012",
          "netFloorArea": 804,
          "grossFloorArea": 899,
          "photos": [
            {
              "url": "../assets/portfolio/abidjan-1.jpg",
              "alt": "Schweizer Botschaft Abidjan – Aussenansicht",
              "credit": "© Iwan Baan",
              "source": "https://www.bbl.admin.ch/de/mediendatenbank",
              "scene": "exterior",
              "mediaIndex": 2,
              "kind": "public-source-photo",
              "rights": "Copyright retained by credited photographer; publicly accessible BBL source, no open licence asserted. Not covered by repository MIT licence.",
              "originalUrl": "https://prod-bbladminch-hcms-sdweb.imgix.net/dam/de/sd-web/Kmy2rzJTllkK/Abidjan_Republik_C%C3%B4te_dIvoire_Botschaft_02.jpg?w=1024&auto=format"
            },
            {
              "url": "../assets/portfolio/abidjan-2.jpg",
              "alt": "Schweizer Botschaft Abidjan – Innenansicht",
              "credit": "© Iwan Baan",
              "source": "https://www.bbl.admin.ch/de/mediendatenbank",
              "scene": "interior",
              "mediaIndex": 5,
              "kind": "public-source-photo",
              "rights": "Copyright retained by credited photographer; publicly accessible BBL source, no open licence asserted. Not covered by repository MIT licence.",
              "originalUrl": "https://prod-bbladminch-hcms-sdweb.imgix.net/dam/de/sd-web/cqDzXLgsZHva/Abidjan_Republik_C%C3%B4te_dIvoire_Botschaft_05.jpg?w=1024&auto=format"
            },
            {
              "url": "../assets/portfolio/abidjan-3.jpg",
              "alt": "Schweizer Botschaft Abidjan – Innenansicht",
              "credit": "© Iwan Baan",
              "source": "https://www.bbl.admin.ch/de/mediendatenbank",
              "scene": "interior",
              "mediaIndex": 6,
              "kind": "public-source-photo",
              "rights": "Copyright retained by credited photographer; publicly accessible BBL source, no open licence asserted. Not covered by repository MIT licence.",
              "originalUrl": "https://prod-bbladminch-hcms-sdweb.imgix.net/dam/de/sd-web/yIA3Cb5ql8Tv/Abidjan_Republik_C%C3%B4te_dIvoire_Botschaft_06.jpg?w=1024&auto=format"
            }
          ],
          "provenance": {
            "dataset": "bbl-public-portfolio-demo",
            "asOf": "2026-09-22",
            "notOfficialInventory": true,
            "factSources": {
              "identity": "https://www.bbl.admin.ch/de/mediendatenbank",
              "address": "https://www.eda.admin.ch/deza/fr/home/projekte/projekte.html/content/contacts/fr/EDAVis/A/84",
              "coordinates": "https://nominatim.openstreetmap.org/search?q=Ambassade+de+Suisse+Abidjan+Ivory+Coast&format=jsonv2&limit=3&addressdetails=1",
              "constructionYear": "https://www.bbl.admin.ch/dam/de/sd-web/DMsBnTA-ZUVw/20150101_Abidjan%2C%20Republik%20C%C3%B4te%20d%E2%80%99Ivoire%2C%20Neubau%20der%20Schweizer%20Botschaft_DE.pdf"
            },
            "geocoding": {
              "provider": "OpenStreetMap Nominatim",
              "sourceUrl": "https://nominatim.openstreetmap.org/search?q=Ambassade+de+Suisse+Abidjan+Ivory+Coast&format=jsonv2&limit=3&addressdetails=1",
              "retrievedAt": "2026-09-22",
              "reviewed": true,
              "precision": "building-or-site-centroid",
              "indicativeUncertaintyMetres": 50,
              "matchedAddress": "Ambassade de Suisse, Rue des Ambassades, Ambassade, Cocody, Abidjan, Côte d’Ivoire",
              "note": "Public address / site locator, not a cadastral or survey point. OSM uses Rue des Ambassades; EDA gives Rue du Bélier in the same Cocody embassy site.",
              "osmUrl": "https://www.openstreetmap.org/node/4196615473"
            },
            "scope": "Publicly documented building/site; operational records and schematic parcel are demonstration assumptions.",
            "publishedMeasurements": {
              "GF": 899,
              "GV": 3467,
              "standard": "SIA 416:2003",
              "referenceYear": 2015,
              "page": 1,
              "sourceUrl": "https://www.bbl.admin.ch/dam/de/sd-web/DMsBnTA-ZUVw/20150101_Abidjan%2C%20Republik%20C%C3%B4te%20d%E2%80%99Ivoire%2C%20Neubau%20der%20Schweizer%20Botschaft_DE.pdf"
            },
            "cadastre": null,
            "syntheticFields": [
              "inventoryIds",
              "ownershipScenario",
              "statusScenario",
              "valuations",
              "SIA area breakdown",
              "RICS measurements",
              "storeySplit",
              "landcoverGeometry",
              "energySystems",
              "parking",
              "contacts",
              "costs",
              "contracts",
              "assets",
              "mockDocuments",
              "parcelGeometry"
            ],
            "unknownFieldsLeftNull": [
              "zoning",
              "energyCertificate",
              "buildingPermitDate",
              "heritageRegisterNumber",
              "EGID",
              "EGRID"
            ],
            "notice": "Standort öffentlich belegt. Publizierte GF/GV separat belegt; übrige Gebäudebemessungen und Betriebsdaten sind Demowerte. Grundstück schematisch."
          },
          "yearPrecision": "year; January 1 is not a known completion date"
        },
        "legacyId": "9900/9012/AA"
      },
      "geometry": {
        "type": "Point",
        "coordinates": [
          -3.9933619,
          5.3292355
        ]
      }
    },
    {
      "type": "Feature",
      "properties": {
        "buildingId": "9900/9013/AA",
        "siteId": "9900/9013",
        "name": "Generalkonsulat und Swissnex San Francisco",
        "primaryTypeOfBuilding": "Bürogebäude",
        "secondaryTypeOfBuilding": "Generalkonsulat / Swissnex",
        "typeOfOwnership": "Mieter",
        "validFrom": null,
        "validUntil": null,
        "constructionYear": null,
        "buildingPermitDate": null,
        "yearOfLastRefurbishment": "2016-01-01T00:00:00Z",
        "parkingSpaces": 6,
        "electricVehicleChargingStations": 1,
        "monumentProtection": null,
        "status": "In Betrieb",
        "energyEfficiencyClass": null,
        "streetName": "Pier 17, Suite 600 The Embarcadero, San Francisco 94111",
        "houseNumber": "Pier 17, Suite 600",
        "postalCode": "94111",
        "city": "San Francisco",
        "stateProvincePrefecture": "California",
        "country": "US",
        "extensionData": {
          "numberOfFloors": 2,
          "responsiblePerson": "Flurin Frei (Demo)",
          "egid": null,
          "egrid": null,
          "portfolio": "Diplomatische Vertretung",
          "portfolioGroup": "EDA Auslandsvertretungen",
          "heatingGenerator": "Luft-Wasser-Wärmepumpe",
          "heatingSource": "Elektrizität (Demo)",
          "hotWater": "Zentrale Versorgung (Demo)",
          "plotName": "Demo-Perimeter – Generalkonsulat und Swissnex San Francisco",
          "plotId": "DEMO-9013",
          "netFloorArea": 1549,
          "grossFloorArea": 1750,
          "photos": [
            {
              "url": "../assets/portfolio/san-francisco-1.jpg",
              "alt": "Generalkonsulat und Swissnex San Francisco – Aussenansicht",
              "credit": "© Bruce Damonte",
              "source": "https://www.bbl.admin.ch/de/mediendatenbank",
              "scene": "exterior",
              "mediaIndex": 1,
              "kind": "public-source-photo",
              "rights": "Copyright retained by credited photographer; publicly accessible BBL source, no open licence asserted. Not covered by repository MIT licence.",
              "originalUrl": "https://prod-bbladminch-hcms-sdweb.imgix.net/dam/de/sd-web/NFXTrNGEK8g5/San_Francisco_USA_Kanzlei_01.jpg?w=1024&auto=format"
            },
            {
              "url": "../assets/portfolio/san-francisco-2.jpg",
              "alt": "Generalkonsulat und Swissnex San Francisco – Innenansicht",
              "credit": "© Bruce Damonte",
              "source": "https://www.bbl.admin.ch/de/mediendatenbank",
              "scene": "interior",
              "mediaIndex": 4,
              "kind": "public-source-photo",
              "rights": "Copyright retained by credited photographer; publicly accessible BBL source, no open licence asserted. Not covered by repository MIT licence.",
              "originalUrl": "https://prod-bbladminch-hcms-sdweb.imgix.net/dam/de/sd-web/LxcTream7ARK/San_Francisco_USA_Kanzlei_04.jpg?w=1024&auto=format"
            },
            {
              "url": "../assets/portfolio/san-francisco-3.jpg",
              "alt": "Generalkonsulat und Swissnex San Francisco – Innenansicht",
              "credit": "© Bruce Damonte",
              "source": "https://www.bbl.admin.ch/de/mediendatenbank",
              "scene": "interior",
              "mediaIndex": 7,
              "kind": "public-source-photo",
              "rights": "Copyright retained by credited photographer; publicly accessible BBL source, no open licence asserted. Not covered by repository MIT licence.",
              "originalUrl": "https://prod-bbladminch-hcms-sdweb.imgix.net/dam/de/sd-web/sD9nD942Jpmm/San_Francisco_USA_Kanzlei_07.jpg?w=1024&auto=format"
            }
          ],
          "provenance": {
            "dataset": "bbl-public-portfolio-demo",
            "asOf": "2026-09-22",
            "notOfficialInventory": true,
            "factSources": {
              "identity": "https://www.bbl.admin.ch/de/mediendatenbank",
              "address": "https://www.bbl.admin.ch/dam/de/sd-web/IxObZNLfQ10q/20160601_San%20Francisco%20USA%20Generalkonsulat%20und%20Swissnex_DE.pdf",
              "coordinates": "https://nominatim.openstreetmap.org/search?q=Pier+17+San+Francisco+USA&format=jsonv2&limit=3&addressdetails=1",
              "lastRefurbishmentYear": "https://www.bbl.admin.ch/dam/de/sd-web/IxObZNLfQ10q/20160601_San%20Francisco%20USA%20Generalkonsulat%20und%20Swissnex_DE.pdf"
            },
            "geocoding": {
              "provider": "OpenStreetMap Nominatim",
              "sourceUrl": "https://nominatim.openstreetmap.org/search?q=Pier+17+San+Francisco+USA&format=jsonv2&limit=3&addressdetails=1",
              "retrievedAt": "2026-09-22",
              "reviewed": true,
              "precision": "building-or-site-centroid",
              "indicativeUncertaintyMetres": 150,
              "matchedAddress": "Pier 17, The Embarcadero, Telegraph Hill, Financial District, San Francisco, California, 94111, United States",
              "note": "Public address / site locator, not a cadastral or survey point.",
              "osmUrl": "https://www.openstreetmap.org/way/1390720126"
            },
            "scope": "Swiss tenant fit-out in Pier 17 (1,750 m²); not the entire pier or building. Schematic polygon is an illustrative tenant site.",
            "publishedMeasurements": {
              "GF": 1750,
              "GV": 7824,
              "standard": "SIA 416:2003",
              "referenceYear": 2016,
              "page": 1,
              "sourceUrl": "https://www.bbl.admin.ch/dam/de/sd-web/IxObZNLfQ10q/20160601_San%20Francisco%20USA%20Generalkonsulat%20und%20Swissnex_DE.pdf"
            },
            "cadastre": null,
            "syntheticFields": [
              "inventoryIds",
              "ownershipScenario",
              "statusScenario",
              "valuations",
              "SIA area breakdown",
              "RICS measurements",
              "storeySplit",
              "landcoverGeometry",
              "energySystems",
              "parking",
              "contacts",
              "costs",
              "contracts",
              "assets",
              "mockDocuments",
              "parcelGeometry"
            ],
            "unknownFieldsLeftNull": [
              "zoning",
              "energyCertificate",
              "buildingPermitDate",
              "heritageRegisterNumber",
              "EGID",
              "EGRID"
            ],
            "notice": "Standort öffentlich belegt. Publizierte GF/GV separat belegt; übrige Gebäudebemessungen und Betriebsdaten sind Demowerte. Grundstück schematisch."
          },
          "yearPrecision": "year; January 1 is not a known completion date"
        },
        "legacyId": "9900/9013/AA"
      },
      "geometry": {
        "type": "Point",
        "coordinates": [
          -122.3981182,
          37.8021916
        ]
      }
    }
  ]
}
