{
  "type": "FeatureCollection",
  "name": "BBL_Bodenbedeckung",
  "dataVersion": "2026-09-22",
  "description": "Publicly sourced identities and locations; clearly marked synthetic demonstration records. Not an official BBL inventory.",
  "features": [
    {
      "type": "Feature",
      "properties": {
        "landCoverId": 1,
        "parcelId": "1080/4840/01",
        "buildingId": null,
        "type": "Gartenanlage",
        "typeGroup": "humusiert",
        "area": 385.29,
        "egid": null,
        "egrid": "CH127620463518",
        "surveyStatus": "AV93",
        "canton": "BE",
        "municipalityNumber": 351,
        "provenance": {
          "dataStatus": "public-source",
          "buildingId": "1080/4840/AF",
          "notice": "Bodenbedeckung der amtlichen Vermessung (geodienste.ch WFS ms:LCSF), auf die AV-Parzelle zugeschnitten.",
          "geometryMethod": "AV land cover polygon (WFS, EPSG:4326) clipped to the AV parcel in a local azimuthal equidistant CRS; geodesic area",
          "sourceUrl": "https://geodienste.ch/db/av_0/deu?SERVICE=WFS&VERSION=2.0.0&REQUEST=GetFeature&TYPENAMES=ms%3ALCSF&SRSNAME=urn%3Aogc%3Adef%3Acrs%3AEPSG%3A%3A4326&BBOX=46.945841%2C7.441802%2C46.946762%2C7.443771%2Curn%3Aogc%3Adef%3Acrs%3AEPSG%3A%3A4326&OUTPUTFORMAT=geojson&COUNT=1000",
          "retrievedAt": "2026-09-23",
          "licence": "AV land cover © the cantons, distributed via geodienste.ch; see the geodienste.ch and geo.admin.ch terms of use",
          "quality": "AV93",
          "canton": "BE",
          "municipalityNumber": 351
        }
      },
      "geometry": {
        "type": "Polygon",
        "coordinates": [
          [
            [
              7.4427175919804816,
              46.946612697478514
            ],
            [
              7.442479501108148,
              46.94657229627615
            ],
            [
              7.442477842587226,
              46.946571856802
            ],
            [
              7.4424747820527575,
              46.94657045363144
            ],
            [
              7.4424722600304,
              46.94656860968348
            ],
            [
              7.442470407876079,
              46.946566432896994
            ],
            [
              7.442469317540722,
              46.94656403121177
            ],
            [
              7.442469028435006,
              46.94656151256903
            ],
            [
              7.442469566836655,
              46.946559020890945
            ],
            [
              7.442522505964866,
              46.946410841963846
            ],
            [
              7.442523779926147,
              46.946408440218335
            ],
            [
              7.442525815730208,
              46.946406299313445
            ],
            [
              7.442528508303129,
              46.946404527193984
            ],
            [
              7.442531726301073,
              46.94640323180538
            ],
            [
              7.4425352858374145,
              46.94640246712344
            ],
            [
              7.442539003025016,
              46.9464022781288
            ],
            [
              7.442542693974856,
              46.94640267382131
            ],
            [
              7.442779900873051,
              46.94644261503319
            ],
            [
              7.4427175919804816,
              46.946612697478514
            ]
          ]
        ]
      }
    },
    {
      "type": "Feature",
      "properties": {
        "landCoverId": 2,
        "parcelId": "1080/4840/01",
        "buildingId": null,
        "type": "Gartenanlage",
        "typeGroup": "humusiert",
        "area": 382.33,
        "egid": null,
        "egrid": "CH127620463518",
        "surveyStatus": "AV93",
        "canton": "BE",
        "municipalityNumber": 351,
        "provenance": {
          "dataStatus": "public-source",
          "buildingId": "1080/4840/AF",
          "notice": "Bodenbedeckung der amtlichen Vermessung (geodienste.ch WFS ms:LCSF), auf die AV-Parzelle zugeschnitten.",
          "geometryMethod": "AV land cover polygon (WFS, EPSG:4326) clipped to the AV parcel in a local azimuthal equidistant CRS; geodesic area",
          "sourceUrl": "https://geodienste.ch/db/av_0/deu?SERVICE=WFS&VERSION=2.0.0&REQUEST=GetFeature&TYPENAMES=ms%3ALCSF&SRSNAME=urn%3Aogc%3Adef%3Acrs%3AEPSG%3A%3A4326&BBOX=46.945841%2C7.441802%2C46.946762%2C7.443771%2Curn%3Aogc%3Adef%3Acrs%3AEPSG%3A%3A4326&OUTPUTFORMAT=geojson&COUNT=1000",
          "retrievedAt": "2026-09-23",
          "licence": "AV land cover © the cantons, distributed via geodienste.ch; see the geodienste.ch and geo.admin.ch terms of use",
          "quality": "AV93",
          "canton": "BE",
          "municipalityNumber": 351
        }
      },
      "geometry": {
        "type": "Polygon",
        "coordinates": [
          [
            [
              7.443275488919843,
              46.946707166317395
            ],
            [
              7.443040053721001,
              46.94666732502761
            ],
            [
              7.4431021581787595,
              46.946497242297774
            ],
            [
              7.4433368702807385,
              46.9465374882678
            ],
            [
              7.4433403379858705,
              46.94653838767196
            ],
            [
              7.443343411676158,
              46.94653979081888
            ],
            [
              7.443345959997105,
              46.9465416347468
            ],
            [
              7.44334782532169,
              46.94654382051391
            ],
            [
              7.443348941966588,
              46.946546231185074
            ],
            [
              7.4433492311141265,
              46.946548758820796
            ],
            [
              7.443348692754661,
              46.94655126849332
            ],
            [
              7.443295322258644,
              46.94669868322278
            ],
            [
              7.443294114000248,
              46.94670108497459
            ],
            [
              7.443292157027159,
              46.94670324388087
            ],
            [
              7.443289530141574,
              46.94670504300163
            ],
            [
              7.443286377822797,
              46.946706392380406
            ],
            [
              7.443282870821574,
              46.9467072200502
            ],
            [
              7.443279179890515,
              46.94670748102957
            ],
            [
              7.443275488919843,
              46.946707166317395
            ]
          ]
        ]
      }
    },
    {
      "type": "Feature",
      "properties": {
        "landCoverId": 3,
        "parcelId": "1080/4840/01",
        "buildingId": null,
        "type": "Gartenanlage",
        "typeGroup": "humusiert",
        "area": 0.73,
        "egid": null,
        "egrid": "CH127620463518",
        "surveyStatus": "AV93",
        "canton": "BE",
        "municipalityNumber": 351,
        "provenance": {
          "dataStatus": "public-source",
          "buildingId": "1080/4840/AF",
          "notice": "Bodenbedeckung der amtlichen Vermessung (geodienste.ch WFS ms:LCSF), auf die AV-Parzelle zugeschnitten.",
          "geometryMethod": "AV land cover polygon (WFS, EPSG:4326) clipped to the AV parcel in a local azimuthal equidistant CRS; geodesic area",
          "sourceUrl": "https://geodienste.ch/db/av_0/deu?SERVICE=WFS&VERSION=2.0.0&REQUEST=GetFeature&TYPENAMES=ms%3ALCSF&SRSNAME=urn%3Aogc%3Adef%3Acrs%3AEPSG%3A%3A4326&BBOX=46.945841%2C7.441802%2C46.946762%2C7.443771%2Curn%3Aogc%3Adef%3Acrs%3AEPSG%3A%3A4326&OUTPUTFORMAT=geojson&COUNT=1000",
          "retrievedAt": "2026-09-23",
          "licence": "AV land cover © the cantons, distributed via geodienste.ch; see the geodienste.ch and geo.admin.ch terms of use",
          "quality": "AV93",
          "canton": "BE",
          "municipalityNumber": 351
        }
      },
      "geometry": {
        "type": "Polygon",
        "coordinates": [
          [
            [
              7.443009000000001,
              46.945841
            ],
            [
              7.443122073801814,
              46.945860416815734
            ],
            [
              7.443009304416748,
              46.945841181712794
            ],
            [
              7.442748857690753,
              46.94594936124701
            ],
            [
              7.442748999999996,
              46.945949
            ],
            [
              7.443009000000001,
              46.945841
            ]
          ]
        ]
      }
    },
    {
      "type": "Feature",
      "properties": {
        "landCoverId": 4,
        "parcelId": "1080/4840/01",
        "buildingId": "1080/4840/AF",
        "type": "Gebaeude",
        "typeGroup": "gebaeude",
        "area": 3259.55,
        "egid": "1230654",
        "egrid": "CH127620463518",
        "surveyStatus": "AV93",
        "canton": "BE",
        "municipalityNumber": 351,
        "provenance": {
          "dataStatus": "public-source",
          "buildingId": "1080/4840/AF",
          "notice": "Bodenbedeckung der amtlichen Vermessung (geodienste.ch WFS ms:LCSF), auf die AV-Parzelle zugeschnitten.",
          "geometryMethod": "AV land cover polygon (WFS, EPSG:4326) clipped to the AV parcel in a local azimuthal equidistant CRS; geodesic area",
          "sourceUrl": "https://geodienste.ch/db/av_0/deu?SERVICE=WFS&VERSION=2.0.0&REQUEST=GetFeature&TYPENAMES=ms%3ALCSF&SRSNAME=urn%3Aogc%3Adef%3Acrs%3AEPSG%3A%3A4326&BBOX=46.945841%2C7.441802%2C46.946762%2C7.443771%2Curn%3Aogc%3Adef%3Acrs%3AEPSG%3A%3A4326&OUTPUTFORMAT=geojson&COUNT=1000",
          "retrievedAt": "2026-09-23",
          "licence": "AV land cover © the cantons, distributed via geodienste.ch; see the geodienste.ch and geo.admin.ch terms of use",
          "quality": "AV93",
          "canton": "BE",
          "municipalityNumber": 351
        }
      },
      "geometry": {
        "type": "Polygon",
        "coordinates": [
          [
            [
              7.443753999999999,
              46.94633600000001
            ],
            [
              7.443746498582379,
              46.94635667961615
            ],
            [
              7.443746261379968,
              46.946357228719236
            ],
            [
              7.443745226673117,
              46.94636018596447
            ],
            [
              7.443717000000006,
              46.946438000000015
            ],
            [
              7.443737905220605,
              46.94644198194678
            ],
            [
              7.443737139303679,
              46.94644414046944
            ],
            [
              7.443737100899231,
              46.946444247752446
            ],
            [
              7.443731999999997,
              46.946457
            ],
            [
              7.44373100000001,
              46.94645700000001
            ],
            [
              7.44372460708022,
              46.94647617876337
            ],
            [
              7.443720592549013,
              46.946487317927
            ],
            [
              7.443721000000009,
              46.94648742305295
            ],
            [
              7.443721000000001,
              46.94648800000001
            ],
            [
              7.443718875169513,
              46.94649490569989
            ],
            [
              7.443716700863838,
              46.946501
            ],
            [
              7.443715999999991,
              46.946501
            ],
            [
              7.443715980501525,
              46.946501053364365
            ],
            [
              7.443715628572798,
              46.946500990778006
            ],
            [
              7.443681880762145,
              46.94659437898589
            ],
            [
              7.4436779999999985,
              46.946605
            ],
            [
              7.443678866835674,
              46.946605000000005
            ],
            [
              7.443678976724961,
              46.946605021336666
            ],
            [
              7.443676324017041,
              46.94661246044425
            ],
            [
              7.44367407839694,
              46.94661862222187
            ],
            [
              7.443673528013925,
              46.946618528013936
            ],
            [
              7.443672999999988,
              46.946618
            ],
            [
              7.443661999999986,
              46.946649
            ],
            [
              7.44366299999999,
              46.946649
            ],
            [
              7.44366165126367,
              46.94665304620982
            ],
            [
              7.4436609986613025,
              46.946654864262904
            ],
            [
              7.443657711724089,
              46.94666396396555
            ],
            [
              7.443643296633721,
              46.946662162079846
            ],
            [
              7.443633599406296,
              46.94666059516426
            ],
            [
              7.443602751578722,
              46.94674578958663
            ],
            [
              7.443603052805273,
              46.9467458552116
            ],
            [
              7.44360300000001,
              46.946746000000005
            ],
            [
              7.443603610507794,
              46.946746
            ],
            [
              7.443597800847086,
              46.9467616482598
            ],
            [
              7.443574999999998,
              46.946757846141274
            ],
            [
              7.443574999999998,
              46.94675740202721
            ],
            [
              7.44357505058867,
              46.94675722342753
            ],
            [
              7.443575000000003,
              46.94675721485619
            ],
            [
              7.443574999999999,
              46.946757
            ],
            [
              7.4434030000000035,
              46.94672800000001
            ],
            [
              7.443402999999992,
              46.94672807692366
            ],
            [
              7.443402834713861,
              46.94672804894394
            ],
            [
              7.443402598327652,
              46.94672867861429
            ],
            [
              7.44337966424669,
              46.94672479346007
            ],
            [
              7.443385284937735,
              46.946709087691985
            ],
            [
              7.443386309483124,
              46.946709249571185
            ],
            [
              7.443419928518879,
              46.946615581655536
            ],
            [
              7.443429738752075,
              46.94659279653892
            ],
            [
              7.443432036924397,
              46.946586427875225
            ],
            [
              7.44343335043868,
              46.94658659873948
            ],
            [
              7.443441755198794,
              46.946563597784674
            ],
            [
              7.443440376002205,
              46.94656331898058
            ],
            [
              7.443442726708167,
              46.9465568963438
            ],
            [
              7.44344406649243,
              46.94655707620224
            ],
            [
              7.443452418694895,
              46.946533958310994
            ],
            [
              7.4434495946372,
              46.946533526637786
            ],
            [
              7.443483357944533,
              46.946439957642795
            ],
            [
              7.4433473041686495,
              46.94641704248098
            ],
            [
              7.443311524063987,
              46.94641096291084
            ],
            [
              7.443214573677194,
              46.94639442389297
            ],
            [
              7.443175168307702,
              46.94638770573739
            ],
            [
              7.44316878590142,
              46.94640552538692
            ],
            [
              7.443169744764888,
              46.94640567827494
            ],
            [
              7.443163585591765,
              46.94642263437998
            ],
            [
              7.44313874707074,
              46.94641850636693
            ],
            [
              7.443138904649988,
              46.946417894689894
            ],
            [
              7.443087165430304,
              46.9464096656964
            ],
            [
              7.443071771078217,
              46.946407219477884
            ],
            [
              7.443072454006391,
              46.94640582520431
            ],
            [
              7.443066293620305,
              46.94640455707167
            ],
            [
              7.443066661341865,
              46.946403666537755
            ],
            [
              7.443032930354658,
              46.946397910644635
            ],
            [
              7.443032496957723,
              46.94639880118038
            ],
            [
              7.443026047613781,
              46.94639768597233
            ],
            [
              7.443026336526674,
              46.9463968044361
            ],
            [
              7.442992618687082,
              46.946391111496915
            ],
            [
              7.442992264098222,
              46.94639198403985
            ],
            [
              7.442985788485418,
              46.94639085983511
            ],
            [
              7.442986011729212,
              46.94639005925756
            ],
            [
              7.442952293894176,
              46.946384303340224
            ],
            [
              7.442951939305838,
              46.946385193873375
            ],
            [
              7.442945411158751,
              46.946384132634144
            ],
            [
              7.44294575260997,
              46.9463832061207
            ],
            [
              7.442911982247028,
              46.9463775041641
            ],
            [
              7.4429117458699965,
              46.9463783497178
            ],
            [
              7.442905152055259,
              46.94637737842998
            ],
            [
              7.44290548036993,
              46.946376415936314
            ],
            [
              7.442871736288227,
              46.94637075894296
            ],
            [
              7.442871394831955,
              46.946371622489984
            ],
            [
              7.442865181933373,
              46.94637066018408
            ],
            [
              7.442864577816127,
              46.94637215340112
            ],
            [
              7.442849446169511,
              46.94636946427531
            ],
            [
              7.4427979171443,
              46.94636029964644
            ],
            [
              7.442797720156437,
              46.94636091132414
            ],
            [
              7.442772947371199,
              46.94635685519126
            ],
            [
              7.4427792117269735,
              46.94633968321987
            ],
            [
              7.442780104909604,
              46.9463397731467
            ],
            [
              7.4427871047847916,
              46.946322034457985
            ],
            [
              7.442747384284074,
              46.94631533415426
            ],
            [
              7.44265046052341,
              46.9462989655661
            ],
            [
              7.442614496686557,
              46.946292876787716
            ],
            [
              7.442478272883944,
              46.94626966375622
            ],
            [
              7.442444652425877,
              46.9463634033624
            ],
            [
              7.442441986004854,
              46.946362971660406
            ],
            [
              7.442433646527978,
              46.94638607148796
            ],
            [
              7.442435012577404,
              46.94638630532858
            ],
            [
              7.442432740567258,
              46.94639270995254
            ],
            [
              7.4424314139240195,
              46.94639250309646
            ],
            [
              7.442423074434673,
              46.946415539956774
            ],
            [
              7.442424414213418,
              46.9464157468127
            ],
            [
              7.4424221553367005,
              46.94642216942644
            ],
            [
              7.442420815555896,
              46.94642192658987
            ],
            [
              7.442412423519378,
              46.946444999431336
            ],
            [
              7.442415195024137,
              46.946445431131394
            ],
            [
              7.442381955184252,
              46.94653769549754
            ],
            [
              7.4423814298607915,
              46.946539170719696
            ],
            [
              7.442382428132251,
              46.94653937758441
            ],
            [
              7.442376842732022,
              46.946554876193446
            ],
            [
              7.4423539999999875,
              46.94655099999999
            ],
            [
              7.442353671505239,
              46.94655094270469
            ],
            [
              7.442353768121858,
              46.94655059526938
            ],
            [
              7.442258209590757,
              46.94653429240652
            ],
            [
              7.442182000000003,
              46.946521
            ],
            [
              7.442181751816426,
              46.946521248183586
            ],
            [
              7.442181645509335,
              46.94652123004682
            ],
            [
              7.442181557576456,
              46.946521442423546
            ],
            [
              7.442181200550483,
              46.94652179944951
            ],
            [
              7.44216062813824,
              46.94651829602531
            ],
            [
              7.442158999999989,
              46.946518
            ],
            [
              7.4421585346052455,
              46.946517919175974
            ],
            [
              7.442193895506925,
              46.9464191884597
            ],
            [
              7.4421450723881035,
              46.94641079706068
            ],
            [
              7.442159177452786,
              46.94637117298096
            ],
            [
              7.442159991829409,
              46.946371352866244
            ],
            [
              7.442211394946062,
              46.94622534195089
            ],
            [
              7.442209739927041,
              46.946224982181725
            ],
            [
              7.442225184493061,
              46.94618202085035
            ],
            [
              7.442274309514205,
              46.946190304266246
            ],
            [
              7.44230954550007,
              46.94609156334911
            ],
            [
              7.442532604438231,
              46.946129409534755
            ],
            [
              7.442530332458005,
              46.94613594908864
            ],
            [
              7.442831676662626,
              46.94618713250021
            ],
            [
              7.442844126490062,
              46.946152896493906
            ],
            [
              7.443239426284662,
              46.94621970973881
            ],
            [
              7.443227094905176,
              46.94625390080808
            ],
            [
              7.443528926414008,
              46.94630487547868
            ],
            [
              7.443531290223758,
              46.94629832690686
            ],
            [
              7.443746089535911,
              46.946334595298545
            ],
            [
              7.443746000000002,
              46.946335
            ],
            [
              7.443753999999999,
              46.94633600000001
            ]
          ]
        ]
      }
    },
    {
      "type": "Feature",
      "properties": {
        "landCoverId": 5,
        "parcelId": "1080/4840/01",
        "buildingId": null,
        "type": "Gebaeude",
        "typeGroup": "gebaeude",
        "area": 7.88,
        "egid": "504013062",
        "egrid": "CH127620463518",
        "surveyStatus": "AV93",
        "canton": "BE",
        "municipalityNumber": 351,
        "provenance": {
          "dataStatus": "public-source",
          "buildingId": "1080/4840/AF",
          "notice": "Bodenbedeckung der amtlichen Vermessung (geodienste.ch WFS ms:LCSF), auf die AV-Parzelle zugeschnitten.",
          "geometryMethod": "AV land cover polygon (WFS, EPSG:4326) clipped to the AV parcel in a local azimuthal equidistant CRS; geodesic area",
          "sourceUrl": "https://geodienste.ch/db/av_0/deu?SERVICE=WFS&VERSION=2.0.0&REQUEST=GetFeature&TYPENAMES=ms%3ALCSF&SRSNAME=urn%3Aogc%3Adef%3Acrs%3AEPSG%3A%3A4326&BBOX=46.945841%2C7.441802%2C46.946762%2C7.443771%2Curn%3Aogc%3Adef%3Acrs%3AEPSG%3A%3A4326&OUTPUTFORMAT=geojson&COUNT=1000",
          "retrievedAt": "2026-09-23",
          "licence": "AV land cover © the cantons, distributed via geodienste.ch; see the geodienste.ch and geo.admin.ch terms of use",
          "quality": "AV93",
          "canton": "BE",
          "municipalityNumber": 351
        }
      },
      "geometry": {
        "type": "Polygon",
        "coordinates": [
          [
            [
              7.442147680024591,
              46.94594410548876
            ],
            [
              7.442219439206546,
              46.94595774676569
            ],
            [
              7.442219131431827,
              46.94595800504116
            ],
            [
              7.4422081774025175,
              46.94596719836638
            ],
            [
              7.442133702154955,
              46.94595580315718
            ],
            [
              7.44214725679504,
              46.94594445993293
            ],
            [
              7.442147680024591,
              46.94594410548876
            ]
          ]
        ]
      }
    },
    {
      "type": "Feature",
      "properties": {
        "landCoverId": 6,
        "parcelId": "1080/4840/01",
        "buildingId": null,
        "type": "Gebaeude",
        "typeGroup": "gebaeude",
        "area": 0.54,
        "egid": "1230655",
        "egrid": "CH127620463518",
        "surveyStatus": "AV93",
        "canton": "BE",
        "municipalityNumber": 351,
        "provenance": {
          "dataStatus": "public-source",
          "buildingId": "1080/4840/AF",
          "notice": "Bodenbedeckung der amtlichen Vermessung (geodienste.ch WFS ms:LCSF), auf die AV-Parzelle zugeschnitten.",
          "geometryMethod": "AV land cover polygon (WFS, EPSG:4326) clipped to the AV parcel in a local azimuthal equidistant CRS; geodesic area",
          "sourceUrl": "https://geodienste.ch/db/av_0/deu?SERVICE=WFS&VERSION=2.0.0&REQUEST=GetFeature&TYPENAMES=ms%3ALCSF&SRSNAME=urn%3Aogc%3Adef%3Acrs%3AEPSG%3A%3A4326&BBOX=46.945841%2C7.441802%2C46.946762%2C7.443771%2Curn%3Aogc%3Adef%3Acrs%3AEPSG%3A%3A4326&OUTPUTFORMAT=geojson&COUNT=1000",
          "retrievedAt": "2026-09-23",
          "licence": "AV land cover © the cantons, distributed via geodienste.ch; see the geodienste.ch and geo.admin.ch terms of use",
          "quality": "AV93",
          "canton": "BE",
          "municipalityNumber": 351
        }
      },
      "geometry": {
        "type": "MultiPolygon",
        "coordinates": [
          [
            [
              [
                7.441814999999999,
                46.94642100000001
              ],
              [
                7.44181616283615,
                46.94642158141808
              ],
              [
                7.441815240413666,
                46.946421427272476
              ],
              [
                7.44180248830565,
                46.946456084804645
              ],
              [
                7.441802000000001,
                46.946456
              ],
              [
                7.441814999999999,
                46.94642100000001
              ]
            ]
          ],
          [
            [
              [
                7.441817096000448,
                46.94642173735875
              ],
              [
                7.44185962379823,
                46.946305388111945
              ],
              [
                7.441817447105635,
                46.94642179603177
              ],
              [
                7.441817096000448,
                46.94642173735875
              ]
            ]
          ],
          [
            [
              [
                7.441929295698322,
                46.94610162701656
              ],
              [
                7.441952978325369,
                46.946034061836585
              ],
              [
                7.44195346898141,
                46.94603414604928
              ],
              [
                7.4419513939250646,
                46.946039938987795
              ],
              [
                7.441929295698322,
                46.94610162701656
              ]
            ]
          ],
          [
            [
              [
                7.441947999999988,
                46.94603299999999
              ],
              [
                7.441959910664307,
                46.946000245680246
              ],
              [
                7.441949620267776,
                46.94602978346681
              ],
              [
                7.441948499970612,
                46.94603309999414
              ],
              [
                7.441947999999988,
                46.94603299999999
              ]
            ]
          ]
        ]
      }
    },
    {
      "type": "Feature",
      "properties": {
        "landCoverId": 7,
        "parcelId": "1080/4840/01",
        "buildingId": null,
        "type": "Trottoir",
        "typeGroup": "befestigt",
        "area": 0.75,
        "egid": null,
        "egrid": "CH127620463518",
        "surveyStatus": "AV93",
        "canton": "BE",
        "municipalityNumber": 351,
        "provenance": {
          "dataStatus": "public-source",
          "buildingId": "1080/4840/AF",
          "notice": "Bodenbedeckung der amtlichen Vermessung (geodienste.ch WFS ms:LCSF), auf die AV-Parzelle zugeschnitten.",
          "geometryMethod": "AV land cover polygon (WFS, EPSG:4326) clipped to the AV parcel in a local azimuthal equidistant CRS; geodesic area",
          "sourceUrl": "https://geodienste.ch/db/av_0/deu?SERVICE=WFS&VERSION=2.0.0&REQUEST=GetFeature&TYPENAMES=ms%3ALCSF&SRSNAME=urn%3Aogc%3Adef%3Acrs%3AEPSG%3A%3A4326&BBOX=46.945841%2C7.441802%2C46.946762%2C7.443771%2Curn%3Aogc%3Adef%3Acrs%3AEPSG%3A%3A4326&OUTPUTFORMAT=geojson&COUNT=1000",
          "retrievedAt": "2026-09-23",
          "licence": "AV land cover © the cantons, distributed via geodienste.ch; see the geodienste.ch and geo.admin.ch terms of use",
          "quality": "AV93",
          "canton": "BE",
          "municipalityNumber": 351
        }
      },
      "geometry": {
        "type": "MultiPolygon",
        "coordinates": [
          [
            [
              [
                7.44340299999999,
                46.94672899999999
              ],
              [
                7.4428436436404635,
                46.94663408672776
              ],
              [
                7.443040053721001,
                46.94666732502761
              ],
              [
                7.443275488919843,
                46.946707166317395
              ],
              [
                7.44337966424669,
                46.94672479346007
              ],
              [
                7.443402598327652,
                46.94672867861429
              ],
              [
                7.443402834713861,
                46.94672804894394
              ],
              [
                7.443402999999992,
                46.94672807692366
              ],
              [
                7.44340299999999,
                46.94672899999999
              ]
            ]
          ],
          [
            [
              [
                7.442353671505239,
                46.94655094270469
              ],
              [
                7.442258209590757,
                46.94653429240652
              ],
              [
                7.442353768121858,
                46.94655059526938
              ],
              [
                7.442353671505239,
                46.94655094270469
              ]
            ]
          ]
        ]
      }
    },
    {
      "type": "Feature",
      "properties": {
        "landCoverId": 8,
        "parcelId": "1080/4840/01",
        "buildingId": null,
        "type": "uebrige_befestigte",
        "typeGroup": "befestigt",
        "area": 2481.8,
        "egid": null,
        "egrid": "CH127620463518",
        "surveyStatus": "AV93",
        "canton": "BE",
        "municipalityNumber": 351,
        "provenance": {
          "dataStatus": "public-source",
          "buildingId": "1080/4840/AF",
          "notice": "Bodenbedeckung der amtlichen Vermessung (geodienste.ch WFS ms:LCSF), auf die AV-Parzelle zugeschnitten.",
          "geometryMethod": "AV land cover polygon (WFS, EPSG:4326) clipped to the AV parcel in a local azimuthal equidistant CRS; geodesic area",
          "sourceUrl": "https://geodienste.ch/db/av_0/deu?SERVICE=WFS&VERSION=2.0.0&REQUEST=GetFeature&TYPENAMES=ms%3ALCSF&SRSNAME=urn%3Aogc%3Adef%3Acrs%3AEPSG%3A%3A4326&BBOX=46.945841%2C7.441802%2C46.946762%2C7.443771%2Curn%3Aogc%3Adef%3Acrs%3AEPSG%3A%3A4326&OUTPUTFORMAT=geojson&COUNT=1000",
          "retrievedAt": "2026-09-23",
          "licence": "AV land cover © the cantons, distributed via geodienste.ch; see the geodienste.ch and geo.admin.ch terms of use",
          "quality": "AV93",
          "canton": "BE",
          "municipalityNumber": 351
        }
      },
      "geometry": {
        "type": "Polygon",
        "coordinates": [
          [
            [
              7.441918999999999,
              46.94613100000001
            ],
            [
              7.441929295698322,
              46.94610162701656
            ],
            [
              7.4419513939250646,
              46.946039938987795
            ],
            [
              7.44195346898141,
              46.94603414604928
            ],
            [
              7.441952978325369,
              46.946034061836585
            ],
            [
              7.44195300000001,
              46.946034
            ],
            [
              7.441948499970612,
              46.94603309999414
            ],
            [
              7.441949620267776,
              46.94602978346681
            ],
            [
              7.441959910664307,
              46.946000245680246
            ],
            [
              7.4419640000000085,
              46.945989
            ],
            [
              7.441963843325923,
              46.94598895727071
            ],
            [
              7.441964001135589,
              46.94598850428982
            ],
            [
              7.44195372683163,
              46.94598570039073
            ],
            [
              7.442010225472865,
              46.945962410905636
            ],
            [
              7.442083801713486,
              46.94593249774756
            ],
            [
              7.44214725679504,
              46.94594445993293
            ],
            [
              7.442133702154955,
              46.94595580315718
            ],
            [
              7.4422081774025175,
              46.94596719836638
            ],
            [
              7.442219131431827,
              46.94595800504116
            ],
            [
              7.442421539803567,
              46.94599616540575
            ],
            [
              7.44271,
              46.94605100000001
            ],
            [
              7.442710152635301,
              46.94605057731794
            ],
            [
              7.4427102626209845,
              46.94605059805328
            ],
            [
              7.442723001385814,
              46.94601506674561
            ],
            [
              7.44272544515269,
              46.94600879308113
            ],
            [
              7.442748857690753,
              46.94594936124701
            ],
            [
              7.443009304416748,
              46.945841181712794
            ],
            [
              7.443122073801814,
              46.945860416815734
            ],
            [
              7.443306000000006,
              46.945892
            ],
            [
              7.443420480902055,
              46.94602016115162
            ],
            [
              7.44346495204434,
              46.94607013090628
            ],
            [
              7.443428000000001,
              46.946171
            ],
            [
              7.443610000000008,
              46.946198
            ],
            [
              7.443762612579066,
              46.94622074970735
            ],
            [
              7.443770813215295,
              46.946221985305996
            ],
            [
              7.443770817260217,
              46.94622197275942
            ],
            [
              7.443771,
              46.946222
            ],
            [
              7.443746089535911,
              46.946334595298545
            ],
            [
              7.443531290223758,
              46.94629832690686
            ],
            [
              7.443528926414008,
              46.94630487547868
            ],
            [
              7.443227094905176,
              46.94625390080808
            ],
            [
              7.443239426284662,
              46.94621970973881
            ],
            [
              7.442844126490062,
              46.946152896493906
            ],
            [
              7.442831676662626,
              46.94618713250021
            ],
            [
              7.442530332458005,
              46.94613594908864
            ],
            [
              7.442532604438231,
              46.946129409534755
            ],
            [
              7.44230954550007,
              46.94609156334911
            ],
            [
              7.442274309514205,
              46.946190304266246
            ],
            [
              7.442225184493061,
              46.94618202085035
            ],
            [
              7.442132608778355,
              46.94616540885317
            ],
            [
              7.442010492530262,
              46.946145019435825
            ],
            [
              7.441922593111883,
              46.94613159146299
            ],
            [
              7.441919069712639,
              46.94613101742817
            ],
            [
              7.441918999999999,
              46.94613100000001
            ]
          ],
          [
            [
              7.442814816397651,
              46.946051566629166
            ],
            [
              7.442812938765858,
              46.94606249582518
            ],
            [
              7.443328804614166,
              46.94614985028742
            ],
            [
              7.443334596398341,
              46.946139649564394
            ],
            [
              7.443339416181344,
              46.94612922399353
            ],
            [
              7.44334326396559,
              46.94611860056037
            ],
            [
              7.443346100350671,
              46.946107833237484
            ],
            [
              7.44334792534033,
              46.94609696700079
            ],
            [
              7.443348738937725,
              46.94608603783101
            ],
            [
              7.443348514877407,
              46.94607509970022
            ],
            [
              7.443347279432348,
              46.94606418858821
            ],
            [
              7.4433450194720425,
              46.946053358466365
            ],
            [
              7.443341748134539,
              46.94604264531506
            ],
            [
              7.44333749169394,
              46.94603210310435
            ],
            [
              7.443332250153292,
              46.946021767814855
            ],
            [
              7.443326049786001,
              46.946011684421485
            ],
            [
              7.443318929999664,
              46.94600188890349
            ],
            [
              7.443310903932665,
              46.94599242623622
            ],
            [
              7.4433020109930625,
              46.94598334139408
            ],
            [
              7.443292277452719,
              46.94597466136148
            ],
            [
              7.443281768988636,
              46.94596642211695
            ],
            [
              7.4432704987388805,
              46.9459586686357
            ],
            [
              7.44325853237901,
              46.9459514189057
            ],
            [
              7.443245909316036,
              46.94594470890621
            ],
            [
              7.443232682091709,
              46.94593857461612
            ],
            [
              7.443218916380721,
              46.94593302502829
            ],
            [
              7.443204651589809,
              46.94592809612192
            ],
            [
              7.44318995339348,
              46.94592379689004
            ],
            [
              7.44317490060229,
              46.94592015431551
            ],
            [
              7.443159519486065,
              46.94591717739254
            ],
            [
              7.443123779149243,
              46.945911232689646
            ],
            [
              7.443108095975729,
              46.94590884945098
            ],
            [
              7.44309221582666,
              46.945907167840204
            ],
            [
              7.443076217509953,
              46.94590617885969
            ],
            [
              7.443060166700449,
              46.945905900497685
            ],
            [
              7.443044115936906,
              46.94590633275266
            ],
            [
              7.443028130892389,
              46.94590746662742
            ],
            [
              7.443012290375412,
              46.94590930211965
            ],
            [
              7.442996660059064,
              46.94591183023222
            ],
            [
              7.44298129248162,
              46.94591504196851
            ],
            [
              7.442966266450559,
              46.94591891933594
            ],
            [
              7.442951634504263,
              46.945923453337954
            ],
            [
              7.442937449180605,
              46.94592862598276
            ],
            [
              7.442923789286696,
              46.945934410282696
            ],
            [
              7.442910694225156,
              46.94594077925124
            ],
            [
              7.442898216534102,
              46.945947714896676
            ],
            [
              7.442886421885488,
              46.94595518123671
            ],
            [
              7.4428753628176185,
              46.94596316027956
            ],
            [
              7.442865065596955,
              46.94597159805369
            ],
            [
              7.44285558276253,
              46.94598048556258
            ],
            [
              7.4428469537153035,
              46.945989759839044
            ],
            [
              7.442839204724183,
              46.94599940289214
            ],
            [
              7.442832388325755,
              46.946009360749585
            ],
            [
              7.442826517653104,
              46.946019597430336
            ],
            [
              7.4428216189743015,
              46.94603007695312
            ],
            [
              7.442817705421468,
              46.94604074534664
            ],
            [
              7.442814816397651,
              46.946051566629166
            ]
          ]
        ]
      }
    },
    {
      "type": "Feature",
      "properties": {
        "landCoverId": 9,
        "parcelId": "1080/4840/01",
        "buildingId": null,
        "type": "uebrige_befestigte",
        "typeGroup": "befestigt",
        "area": 1690.07,
        "egid": null,
        "egrid": "CH127620463518",
        "surveyStatus": "AV93",
        "canton": "BE",
        "municipalityNumber": 351,
        "provenance": {
          "dataStatus": "public-source",
          "buildingId": "1080/4840/AF",
          "notice": "Bodenbedeckung der amtlichen Vermessung (geodienste.ch WFS ms:LCSF), auf die AV-Parzelle zugeschnitten.",
          "geometryMethod": "AV land cover polygon (WFS, EPSG:4326) clipped to the AV parcel in a local azimuthal equidistant CRS; geodesic area",
          "sourceUrl": "https://geodienste.ch/db/av_0/deu?SERVICE=WFS&VERSION=2.0.0&REQUEST=GetFeature&TYPENAMES=ms%3ALCSF&SRSNAME=urn%3Aogc%3Adef%3Acrs%3AEPSG%3A%3A4326&BBOX=46.945841%2C7.441802%2C46.946762%2C7.443771%2Curn%3Aogc%3Adef%3Acrs%3AEPSG%3A%3A4326&OUTPUTFORMAT=geojson&COUNT=1000",
          "retrievedAt": "2026-09-23",
          "licence": "AV land cover © the cantons, distributed via geodienste.ch; see the geodienste.ch and geo.admin.ch terms of use",
          "quality": "AV93",
          "canton": "BE",
          "municipalityNumber": 351
        }
      },
      "geometry": {
        "type": "Polygon",
        "coordinates": [
          [
            [
              7.4428436436404635,
              46.94663408672776
            ],
            [
              7.4427175919804816,
              46.946612697478514
            ],
            [
              7.442779900873051,
              46.94644261503319
            ],
            [
              7.442542693974856,
              46.94640267382131
            ],
            [
              7.442539003025016,
              46.9464022781288
            ],
            [
              7.4425352858374145,
              46.94640246712344
            ],
            [
              7.442531726301073,
              46.94640323180538
            ],
            [
              7.442528508303129,
              46.946404527193984
            ],
            [
              7.442525815730208,
              46.946406299313445
            ],
            [
              7.442523779926147,
              46.946408440218335
            ],
            [
              7.442522505964866,
              46.946410841963846
            ],
            [
              7.442469566836655,
              46.946559020890945
            ],
            [
              7.442469028435006,
              46.94656151256903
            ],
            [
              7.442469317540722,
              46.94656403121177
            ],
            [
              7.442470407876079,
              46.946566432896994
            ],
            [
              7.4424722600304,
              46.94656860968348
            ],
            [
              7.4424747820527575,
              46.94657045363144
            ],
            [
              7.442477842587226,
              46.946571856802
            ],
            [
              7.442479501108148,
              46.94657229627615
            ],
            [
              7.442376842732022,
              46.946554876193446
            ],
            [
              7.442382428132251,
              46.94653937758441
            ],
            [
              7.4423814298607915,
              46.946539170719696
            ],
            [
              7.442381955184252,
              46.94653769549754
            ],
            [
              7.442415195024137,
              46.946445431131394
            ],
            [
              7.442412423519378,
              46.946444999431336
            ],
            [
              7.442420815555896,
              46.94642192658987
            ],
            [
              7.4424221553367005,
              46.94642216942644
            ],
            [
              7.442424414213418,
              46.9464157468127
            ],
            [
              7.442423074434673,
              46.946415539956774
            ],
            [
              7.4424314139240195,
              46.94639250309646
            ],
            [
              7.442432740567258,
              46.94639270995254
            ],
            [
              7.442435012577404,
              46.94638630532858
            ],
            [
              7.442433646527978,
              46.94638607148796
            ],
            [
              7.442441986004854,
              46.946362971660406
            ],
            [
              7.442444652425877,
              46.9463634033624
            ],
            [
              7.442478272883944,
              46.94626966375622
            ],
            [
              7.442614496686557,
              46.946292876787716
            ],
            [
              7.44265046052341,
              46.9462989655661
            ],
            [
              7.442747384284074,
              46.94631533415426
            ],
            [
              7.4427871047847916,
              46.946322034457985
            ],
            [
              7.442780104909604,
              46.9463397731467
            ],
            [
              7.4427792117269735,
              46.94633968321987
            ],
            [
              7.442772947371199,
              46.94635685519126
            ],
            [
              7.442797720156437,
              46.94636091132414
            ],
            [
              7.4427979171443,
              46.94636029964644
            ],
            [
              7.442849446169511,
              46.94636946427531
            ],
            [
              7.442864577816127,
              46.94637215340112
            ],
            [
              7.442865181933373,
              46.94637066018408
            ],
            [
              7.442871394831955,
              46.946371622489984
            ],
            [
              7.442871736288227,
              46.94637075894296
            ],
            [
              7.44290548036993,
              46.946376415936314
            ],
            [
              7.442905152055259,
              46.94637737842998
            ],
            [
              7.4429117458699965,
              46.9463783497178
            ],
            [
              7.442911982247028,
              46.9463775041641
            ],
            [
              7.44294575260997,
              46.9463832061207
            ],
            [
              7.442945411158751,
              46.946384132634144
            ],
            [
              7.442951939305838,
              46.946385193873375
            ],
            [
              7.442952293894176,
              46.946384303340224
            ],
            [
              7.442986011729212,
              46.94639005925756
            ],
            [
              7.442985788485418,
              46.94639085983511
            ],
            [
              7.442992264098222,
              46.94639198403985
            ],
            [
              7.442992618687082,
              46.946391111496915
            ],
            [
              7.443026336526674,
              46.9463968044361
            ],
            [
              7.443026047613781,
              46.94639768597233
            ],
            [
              7.443032496957723,
              46.94639880118038
            ],
            [
              7.443032930354658,
              46.946397910644635
            ],
            [
              7.443066661341865,
              46.946403666537755
            ],
            [
              7.443066293620305,
              46.94640455707167
            ],
            [
              7.443072454006391,
              46.94640582520431
            ],
            [
              7.443071771078217,
              46.946407219477884
            ],
            [
              7.443087165430304,
              46.9464096656964
            ],
            [
              7.443138904649988,
              46.946417894689894
            ],
            [
              7.44313874707074,
              46.94641850636693
            ],
            [
              7.443163585591765,
              46.94642263437998
            ],
            [
              7.443169744764888,
              46.94640567827494
            ],
            [
              7.44316878590142,
              46.94640552538692
            ],
            [
              7.443175168307702,
              46.94638770573739
            ],
            [
              7.443214573677194,
              46.94639442389297
            ],
            [
              7.443311524063987,
              46.94641096291084
            ],
            [
              7.4433473041686495,
              46.94641704248098
            ],
            [
              7.443483357944533,
              46.946439957642795
            ],
            [
              7.4434495946372,
              46.946533526637786
            ],
            [
              7.443452418694895,
              46.946533958310994
            ],
            [
              7.44344406649243,
              46.94655707620224
            ],
            [
              7.443442726708167,
              46.9465568963438
            ],
            [
              7.443440376002205,
              46.94656331898058
            ],
            [
              7.443441755198794,
              46.946563597784674
            ],
            [
              7.44343335043868,
              46.94658659873948
            ],
            [
              7.443432036924397,
              46.946586427875225
            ],
            [
              7.443429738752075,
              46.94659279653892
            ],
            [
              7.443419928518879,
              46.946615581655536
            ],
            [
              7.443386309483124,
              46.946709249571185
            ],
            [
              7.443385284937735,
              46.946709087691985
            ],
            [
              7.44337966424669,
              46.94672479346007
            ],
            [
              7.443275488919843,
              46.946707166317395
            ],
            [
              7.443279179890515,
              46.94670748102957
            ],
            [
              7.443282870821574,
              46.9467072200502
            ],
            [
              7.443286377822797,
              46.946706392380406
            ],
            [
              7.443289530141574,
              46.94670504300163
            ],
            [
              7.443292157027159,
              46.94670324388087
            ],
            [
              7.443294114000248,
              46.94670108497459
            ],
            [
              7.443295322258644,
              46.94669868322278
            ],
            [
              7.443348692754661,
              46.94655126849332
            ],
            [
              7.4433492311141265,
              46.946548758820796
            ],
            [
              7.443348941966588,
              46.946546231185074
            ],
            [
              7.44334782532169,
              46.94654382051391
            ],
            [
              7.443345959997105,
              46.9465416347468
            ],
            [
              7.443343411676158,
              46.94653979081888
            ],
            [
              7.4433403379858705,
              46.94653838767196
            ],
            [
              7.4433368702807385,
              46.9465374882678
            ],
            [
              7.4431021581787595,
              46.946497242297774
            ],
            [
              7.443040053721001,
              46.94666732502761
            ],
            [
              7.4428436436404635,
              46.94663408672776
            ]
          ]
        ]
      }
    },
    {
      "type": "Feature",
      "properties": {
        "landCoverId": 10,
        "parcelId": "1080/4840/01",
        "buildingId": null,
        "type": "uebrige_befestigte",
        "typeGroup": "befestigt",
        "area": 745.18,
        "egid": null,
        "egrid": "CH127620463518",
        "surveyStatus": "AV93",
        "canton": "BE",
        "municipalityNumber": 351,
        "provenance": {
          "dataStatus": "public-source",
          "buildingId": "1080/4840/AF",
          "notice": "Bodenbedeckung der amtlichen Vermessung (geodienste.ch WFS ms:LCSF), auf die AV-Parzelle zugeschnitten.",
          "geometryMethod": "AV land cover polygon (WFS, EPSG:4326) clipped to the AV parcel in a local azimuthal equidistant CRS; geodesic area",
          "sourceUrl": "https://geodienste.ch/db/av_0/deu?SERVICE=WFS&VERSION=2.0.0&REQUEST=GetFeature&TYPENAMES=ms%3ALCSF&SRSNAME=urn%3Aogc%3Adef%3Acrs%3AEPSG%3A%3A4326&BBOX=46.945841%2C7.441802%2C46.946762%2C7.443771%2Curn%3Aogc%3Adef%3Acrs%3AEPSG%3A%3A4326&OUTPUTFORMAT=geojson&COUNT=1000",
          "retrievedAt": "2026-09-23",
          "licence": "AV land cover © the cantons, distributed via geodienste.ch; see the geodienste.ch and geo.admin.ch terms of use",
          "quality": "AV93",
          "canton": "BE",
          "municipalityNumber": 351
        }
      },
      "geometry": {
        "type": "Polygon",
        "coordinates": [
          [
            [
              7.443328804614166,
              46.94614985028742
            ],
            [
              7.442812938765858,
              46.94606249582518
            ],
            [
              7.442814816397651,
              46.946051566629166
            ],
            [
              7.442817705421468,
              46.94604074534664
            ],
            [
              7.4428216189743015,
              46.94603007695312
            ],
            [
              7.442826517653104,
              46.946019597430336
            ],
            [
              7.442832388325755,
              46.946009360749585
            ],
            [
              7.442839204724183,
              46.94599940289214
            ],
            [
              7.4428469537153035,
              46.945989759839044
            ],
            [
              7.44285558276253,
              46.94598048556258
            ],
            [
              7.442865065596955,
              46.94597159805369
            ],
            [
              7.4428753628176185,
              46.94596316027956
            ],
            [
              7.442886421885488,
              46.94595518123671
            ],
            [
              7.442898216534102,
              46.945947714896676
            ],
            [
              7.442910694225156,
              46.94594077925124
            ],
            [
              7.442923789286696,
              46.945934410282696
            ],
            [
              7.442937449180605,
              46.94592862598276
            ],
            [
              7.442951634504263,
              46.945923453337954
            ],
            [
              7.442966266450559,
              46.94591891933594
            ],
            [
              7.44298129248162,
              46.94591504196851
            ],
            [
              7.442996660059064,
              46.94591183023222
            ],
            [
              7.443012290375412,
              46.94590930211965
            ],
            [
              7.443028130892389,
              46.94590746662742
            ],
            [
              7.443044115936906,
              46.94590633275266
            ],
            [
              7.443060166700449,
              46.945905900497685
            ],
            [
              7.443076217509953,
              46.94590617885969
            ],
            [
              7.44309221582666,
              46.945907167840204
            ],
            [
              7.443108095975729,
              46.94590884945098
            ],
            [
              7.443123779149243,
              46.945911232689646
            ],
            [
              7.443159519486065,
              46.94591717739254
            ],
            [
              7.44317490060229,
              46.94592015431551
            ],
            [
              7.44318995339348,
              46.94592379689004
            ],
            [
              7.443204651589809,
              46.94592809612192
            ],
            [
              7.443218916380721,
              46.94593302502829
            ],
            [
              7.443232682091709,
              46.94593857461612
            ],
            [
              7.443245909316036,
              46.94594470890621
            ],
            [
              7.44325853237901,
              46.9459514189057
            ],
            [
              7.4432704987388805,
              46.9459586686357
            ],
            [
              7.443281768988636,
              46.94596642211695
            ],
            [
              7.443292277452719,
              46.94597466136148
            ],
            [
              7.4433020109930625,
              46.94598334139408
            ],
            [
              7.443310903932665,
              46.94599242623622
            ],
            [
              7.443318929999664,
              46.94600188890349
            ],
            [
              7.443326049786001,
              46.946011684421485
            ],
            [
              7.443332250153292,
              46.946021767814855
            ],
            [
              7.44333749169394,
              46.94603210310435
            ],
            [
              7.443341748134539,
              46.94604264531506
            ],
            [
              7.4433450194720425,
              46.946053358466365
            ],
            [
              7.443347279432348,
              46.94606418858821
            ],
            [
              7.443348514877407,
              46.94607509970022
            ],
            [
              7.443348738937725,
              46.94608603783101
            ],
            [
              7.44334792534033,
              46.94609696700079
            ],
            [
              7.443346100350671,
              46.946107833237484
            ],
            [
              7.44334326396559,
              46.94611860056037
            ],
            [
              7.443339416181344,
              46.94612922399353
            ],
            [
              7.443334596398341,
              46.946139649564394
            ],
            [
              7.443328804614166,
              46.94614985028742
            ]
          ]
        ]
      }
    },
    {
      "type": "Feature",
      "properties": {
        "landCoverId": 11,
        "parcelId": "1080/4840/01",
        "buildingId": null,
        "type": "uebrige_befestigte",
        "typeGroup": "befestigt",
        "area": 639.51,
        "egid": null,
        "egrid": "CH127620463518",
        "surveyStatus": "AV93",
        "canton": "BE",
        "municipalityNumber": 351,
        "provenance": {
          "dataStatus": "public-source",
          "buildingId": "1080/4840/AF",
          "notice": "Bodenbedeckung der amtlichen Vermessung (geodienste.ch WFS ms:LCSF), auf die AV-Parzelle zugeschnitten.",
          "geometryMethod": "AV land cover polygon (WFS, EPSG:4326) clipped to the AV parcel in a local azimuthal equidistant CRS; geodesic area",
          "sourceUrl": "https://geodienste.ch/db/av_0/deu?SERVICE=WFS&VERSION=2.0.0&REQUEST=GetFeature&TYPENAMES=ms%3ALCSF&SRSNAME=urn%3Aogc%3Adef%3Acrs%3AEPSG%3A%3A4326&BBOX=46.945841%2C7.441802%2C46.946762%2C7.443771%2Curn%3Aogc%3Adef%3Acrs%3AEPSG%3A%3A4326&OUTPUTFORMAT=geojson&COUNT=1000",
          "retrievedAt": "2026-09-23",
          "licence": "AV land cover © the cantons, distributed via geodienste.ch; see the geodienste.ch and geo.admin.ch terms of use",
          "quality": "AV93",
          "canton": "BE",
          "municipalityNumber": 351
        }
      },
      "geometry": {
        "type": "Polygon",
        "coordinates": [
          [
            [
              7.441817000000003,
              46.946422000000005
            ],
            [
              7.441817096000448,
              46.94642173735875
            ],
            [
              7.441817447105635,
              46.94642179603177
            ],
            [
              7.44185962379823,
              46.946305388111945
            ],
            [
              7.441923,
              46.94613199999999
            ],
            [
              7.441922491181023,
              46.94613187279526
            ],
            [
              7.441922593111883,
              46.94613159146299
            ],
            [
              7.442010492530262,
              46.946145019435825
            ],
            [
              7.442007077451437,
              46.94614498352748
            ],
            [
              7.4420037543441735,
              46.94614555029404
            ],
            [
              7.44200075963516,
              46.946146683749916
            ],
            [
              7.441998303479698,
              46.94614831192927
            ],
            [
              7.441996543491921,
              46.94615032688657
            ],
            [
              7.44199559787917,
              46.94615257570129
            ],
            [
              7.441920632858522,
              46.946360914600504
            ],
            [
              7.441920133833994,
              46.94636330732833
            ],
            [
              7.441920554257057,
              46.94636570003737
            ],
            [
              7.441921880986207,
              46.946367939809846
            ],
            [
              7.441924008934756,
              46.94636986473463
            ],
            [
              7.441926793612218,
              46.94637133988699
            ],
            [
              7.441930051124701,
              46.9463722663237
            ],
            [
              7.442051169618089,
              46.946393024649886
            ],
            [
              7.442054597855969,
              46.946393240460225
            ],
            [
              7.442057986660781,
              46.94639284459915
            ],
            [
              7.442061099603713,
              46.946391855062146
            ],
            [
              7.442063739663401,
              46.946390343814905
            ],
            [
              7.442065709820264,
              46.94638841880391
            ],
            [
              7.442066891865375,
              46.946386205964274
            ],
            [
              7.442142355413899,
              46.94617646371103
            ],
            [
              7.442142788760353,
              46.946174241892074
            ],
            [
              7.44214240774135,
              46.9461720110961
            ],
            [
              7.442141225498805,
              46.94616991524578
            ],
            [
              7.442139320848275,
              46.94616808027173
            ],
            [
              7.442136825144998,
              46.94616663210355
            ],
            [
              7.44213386974195,
              46.9461656516949
            ],
            [
              7.442132608778355,
              46.94616540885317
            ],
            [
              7.442225184493061,
              46.94618202085035
            ],
            [
              7.442209739927041,
              46.946224982181725
            ],
            [
              7.442211394946062,
              46.94622534195089
            ],
            [
              7.442159991829409,
              46.946371352866244
            ],
            [
              7.442159177452786,
              46.94637117298096
            ],
            [
              7.4421450723881035,
              46.94641079706068
            ],
            [
              7.442193895506925,
              46.9464191884597
            ],
            [
              7.4421585346052455,
              46.946517919175974
            ],
            [
              7.44180248830565,
              46.946456084804645
            ],
            [
              7.441815240413666,
              46.946421427272476
            ],
            [
              7.44181616283615,
              46.94642158141808
            ],
            [
              7.441817000000003,
              46.946422000000005
            ]
          ]
        ]
      }
    },
    {
      "type": "Feature",
      "properties": {
        "landCoverId": 12,
        "parcelId": "1080/4840/01",
        "buildingId": null,
        "type": "uebrige_befestigte",
        "typeGroup": "befestigt",
        "area": 297.97,
        "egid": null,
        "egrid": "CH127620463518",
        "surveyStatus": "AV93",
        "canton": "BE",
        "municipalityNumber": 351,
        "provenance": {
          "dataStatus": "public-source",
          "buildingId": "1080/4840/AF",
          "notice": "Bodenbedeckung der amtlichen Vermessung (geodienste.ch WFS ms:LCSF), auf die AV-Parzelle zugeschnitten.",
          "geometryMethod": "AV land cover polygon (WFS, EPSG:4326) clipped to the AV parcel in a local azimuthal equidistant CRS; geodesic area",
          "sourceUrl": "https://geodienste.ch/db/av_0/deu?SERVICE=WFS&VERSION=2.0.0&REQUEST=GetFeature&TYPENAMES=ms%3ALCSF&SRSNAME=urn%3Aogc%3Adef%3Acrs%3AEPSG%3A%3A4326&BBOX=46.945841%2C7.441802%2C46.946762%2C7.443771%2Curn%3Aogc%3Adef%3Acrs%3AEPSG%3A%3A4326&OUTPUTFORMAT=geojson&COUNT=1000",
          "retrievedAt": "2026-09-23",
          "licence": "AV land cover © the cantons, distributed via geodienste.ch; see the geodienste.ch and geo.admin.ch terms of use",
          "quality": "AV93",
          "canton": "BE",
          "municipalityNumber": 351
        }
      },
      "geometry": {
        "type": "Polygon",
        "coordinates": [
          [
            [
              7.441920133833994,
              46.94636330732833
            ],
            [
              7.441920632858522,
              46.946360914600504
            ],
            [
              7.44199559787917,
              46.94615257570129
            ],
            [
              7.441996543491921,
              46.94615032688657
            ],
            [
              7.441998303479698,
              46.94614831192927
            ],
            [
              7.44200075963516,
              46.946146683749916
            ],
            [
              7.4420037543441735,
              46.94614555029404
            ],
            [
              7.442007077451437,
              46.94614498352748
            ],
            [
              7.442010492530262,
              46.946145019435825
            ],
            [
              7.442132608778355,
              46.94616540885317
            ],
            [
              7.44213386974195,
              46.9461656516949
            ],
            [
              7.442136825144998,
              46.94616663210355
            ],
            [
              7.442139320848275,
              46.94616808027173
            ],
            [
              7.442141225498805,
              46.94616991524578
            ],
            [
              7.44214240774135,
              46.9461720110961
            ],
            [
              7.442142788760353,
              46.946174241892074
            ],
            [
              7.442142355413899,
              46.94617646371103
            ],
            [
              7.442066891865375,
              46.946386205964274
            ],
            [
              7.442065709820264,
              46.94638841880391
            ],
            [
              7.442063739663401,
              46.946390343814905
            ],
            [
              7.442061099603713,
              46.946391855062146
            ],
            [
              7.442057986660781,
              46.94639284459915
            ],
            [
              7.442054597855969,
              46.946393240460225
            ],
            [
              7.442051169618089,
              46.946393024649886
            ],
            [
              7.441930051124701,
              46.9463722663237
            ],
            [
              7.441926793612218,
              46.94637133988699
            ],
            [
              7.441924008934756,
              46.94636986473463
            ],
            [
              7.441921880986207,
              46.946367939809846
            ],
            [
              7.441920554257057,
              46.94636570003737
            ],
            [
              7.441920133833994,
              46.94636330732833
            ]
          ]
        ]
      }
    },
    {
      "type": "Feature",
      "properties": {
        "landCoverId": 13,
        "parcelId": "1080/5210/01",
        "buildingId": "1080/5210/AA",
        "type": "Gebaeude",
        "typeGroup": "gebaeude",
        "area": 1140,
        "egid": null,
        "egrid": null,
        "surveyStatus": "Demo",
        "canton": null,
        "municipalityNumber": null,
        "provenance": {
          "dataStatus": "synthetic-demo",
          "buildingId": "1080/5210/AA",
          "notice": "Schematische Bodenbedeckung; keine AV-Gebäudegrundrisse.",
          "geometryMethod": "metric rectangles"
        }
      },
      "geometry": {
        "type": "Polygon",
        "coordinates": [
          [
            [
              13.37103199,
              52.520956489
            ],
            [
              13.37152941,
              52.520956489
            ],
            [
              13.371529412,
              52.52125991
            ],
            [
              13.371031988,
              52.52125991
            ],
            [
              13.37103199,
              52.520956489
            ]
          ]
        ]
      }
    },
    {
      "type": "Feature",
      "properties": {
        "landCoverId": 14,
        "parcelId": "1080/5210/01",
        "buildingId": null,
        "type": "uebrige_befestigte",
        "typeGroup": "befestigt",
        "area": 203.63,
        "egid": null,
        "egrid": null,
        "surveyStatus": "Demo",
        "canton": null,
        "municipalityNumber": null,
        "provenance": {
          "dataStatus": "synthetic-demo",
          "buildingId": "1080/5210/AA",
          "notice": "Schematische Bodenbedeckung; keine AV-Gebäudegrundrisse.",
          "geometryMethod": "metric rectangles"
        }
      },
      "geometry": {
        "type": "Polygon",
        "coordinates": [
          [
            [
              13.37094314,
              52.520956489
            ],
            [
              13.37103199,
              52.520956489
            ],
            [
              13.371031988,
              52.52125991
            ],
            [
              13.370943138,
              52.52125991
            ],
            [
              13.37094314,
              52.520956489
            ]
          ]
        ]
      }
    },
    {
      "type": "Feature",
      "properties": {
        "landCoverId": 15,
        "parcelId": "1080/5210/01",
        "buildingId": null,
        "type": "uebrige_befestigte",
        "typeGroup": "befestigt",
        "area": 203.63,
        "egid": null,
        "egrid": null,
        "surveyStatus": "Demo",
        "canton": null,
        "municipalityNumber": null,
        "provenance": {
          "dataStatus": "synthetic-demo",
          "buildingId": "1080/5210/AA",
          "notice": "Schematische Bodenbedeckung; keine AV-Gebäudegrundrisse.",
          "geometryMethod": "metric rectangles"
        }
      },
      "geometry": {
        "type": "Polygon",
        "coordinates": [
          [
            [
              13.37152941,
              52.520956489
            ],
            [
              13.37161826,
              52.520956489
            ],
            [
              13.371618262,
              52.52125991
            ],
            [
              13.371529412,
              52.52125991
            ],
            [
              13.37152941,
              52.520956489
            ]
          ]
        ]
      }
    },
    {
      "type": "Feature",
      "properties": {
        "landCoverId": 16,
        "parcelId": "1080/5210/01",
        "buildingId": null,
        "type": "Gartenanlage",
        "typeGroup": "humusiert",
        "area": 276.37,
        "egid": null,
        "egrid": null,
        "surveyStatus": "Demo",
        "canton": null,
        "municipalityNumber": null,
        "provenance": {
          "dataStatus": "synthetic-demo",
          "buildingId": "1080/5210/AA",
          "notice": "Schematische Bodenbedeckung; keine AV-Gebäudegrundrisse.",
          "geometryMethod": "metric rectangles"
        }
      },
      "geometry": {
        "type": "Polygon",
        "coordinates": [
          [
            [
              13.370943138,
              52.52125991
            ],
            [
              13.371618262,
              52.52125991
            ],
            [
              13.371618263,
              52.521314108
            ],
            [
              13.370943137,
              52.521314108
            ],
            [
              13.370943138,
              52.52125991
            ]
          ]
        ]
      }
    },
    {
      "type": "Feature",
      "properties": {
        "landCoverId": 17,
        "parcelId": "1080/5210/01",
        "buildingId": null,
        "type": "Gartenanlage",
        "typeGroup": "humusiert",
        "area": 276.37,
        "egid": null,
        "egrid": null,
        "surveyStatus": "Demo",
        "canton": null,
        "municipalityNumber": null,
        "provenance": {
          "dataStatus": "synthetic-demo",
          "buildingId": "1080/5210/AA",
          "notice": "Schematische Bodenbedeckung; keine AV-Gebäudegrundrisse.",
          "geometryMethod": "metric rectangles"
        }
      },
      "geometry": {
        "type": "Polygon",
        "coordinates": [
          [
            [
              13.37094314,
              52.520902291
            ],
            [
              13.37161826,
              52.520902291
            ],
            [
              13.37161826,
              52.520956489
            ],
            [
              13.37094314,
              52.520956489
            ],
            [
              13.37094314,
              52.520902291
            ]
          ]
        ]
      }
    },
    {
      "type": "Feature",
      "properties": {
        "landCoverId": 18,
        "parcelId": "9900/9002/01",
        "buildingId": null,
        "type": "Bahn",
        "typeGroup": "befestigt",
        "area": 1.3,
        "egid": null,
        "egrid": "CH373589574684",
        "surveyStatus": "AV93",
        "canton": "BE",
        "municipalityNumber": 351,
        "provenance": {
          "dataStatus": "public-source",
          "buildingId": "9900/9002/AA",
          "notice": "Bodenbedeckung der amtlichen Vermessung (geodienste.ch WFS ms:LCSF), auf die AV-Parzelle zugeschnitten.",
          "geometryMethod": "AV land cover polygon (WFS, EPSG:4326) clipped to the AV parcel in a local azimuthal equidistant CRS; geodesic area",
          "sourceUrl": "https://geodienste.ch/db/av_0/deu?SERVICE=WFS&VERSION=2.0.0&REQUEST=GetFeature&TYPENAMES=ms%3ALCSF&SRSNAME=urn%3Aogc%3Adef%3Acrs%3AEPSG%3A%3A4326&BBOX=46.945796%2C7.38691%2C46.946648%2C7.388322%2Curn%3Aogc%3Adef%3Acrs%3AEPSG%3A%3A4326&OUTPUTFORMAT=geojson&COUNT=1000",
          "retrievedAt": "2026-09-23",
          "licence": "AV land cover © the cantons, distributed via geodienste.ch; see the geodienste.ch and geo.admin.ch terms of use",
          "quality": "AV93",
          "canton": "BE",
          "municipalityNumber": 351
        }
      },
      "geometry": {
        "type": "Polygon",
        "coordinates": [
          [
            [
              7.387564,
              46.945840000000004
            ],
            [
              7.38756497629846,
              46.945840249550784
            ],
            [
              7.387563564821983,
              46.94584010985405
            ],
            [
              7.3871888747496595,
              46.94580547844723
            ],
            [
              7.387117009541647,
              46.94579668422814
            ],
            [
              7.387117124305505,
              46.945796258362186
            ],
            [
              7.387189000000003,
              46.94580499999999
            ],
            [
              7.387564,
              46.945840000000004
            ]
          ]
        ]
      }
    },
    {
      "type": "Feature",
      "properties": {
        "landCoverId": 19,
        "parcelId": "9900/9002/01",
        "buildingId": null,
        "type": "Gartenanlage",
        "typeGroup": "humusiert",
        "area": 201.4,
        "egid": null,
        "egrid": "CH373589574684",
        "surveyStatus": "AV93",
        "canton": "BE",
        "municipalityNumber": 351,
        "provenance": {
          "dataStatus": "public-source",
          "buildingId": "9900/9002/AA",
          "notice": "Bodenbedeckung der amtlichen Vermessung (geodienste.ch WFS ms:LCSF), auf die AV-Parzelle zugeschnitten.",
          "geometryMethod": "AV land cover polygon (WFS, EPSG:4326) clipped to the AV parcel in a local azimuthal equidistant CRS; geodesic area",
          "sourceUrl": "https://geodienste.ch/db/av_0/deu?SERVICE=WFS&VERSION=2.0.0&REQUEST=GetFeature&TYPENAMES=ms%3ALCSF&SRSNAME=urn%3Aogc%3Adef%3Acrs%3AEPSG%3A%3A4326&BBOX=46.945796%2C7.38691%2C46.946648%2C7.388322%2Curn%3Aogc%3Adef%3Acrs%3AEPSG%3A%3A4326&OUTPUTFORMAT=geojson&COUNT=1000",
          "retrievedAt": "2026-09-23",
          "licence": "AV land cover © the cantons, distributed via geodienste.ch; see the geodienste.ch and geo.admin.ch terms of use",
          "quality": "AV93",
          "canton": "BE",
          "municipalityNumber": 351
        }
      },
      "geometry": {
        "type": "MultiPolygon",
        "coordinates": [
          [
            [
              [
                7.388070389799495,
                46.94596943641797
              ],
              [
                7.38821609717845,
                46.94600667960946
              ],
              [
                7.388022858681031,
                46.945982351544316
              ],
              [
                7.388023807881285,
                46.945978717918514
              ],
              [
                7.387929970303602,
                46.945967179777426
              ],
              [
                7.387933885627313,
                46.945952348489556
              ],
              [
                7.388070389799495,
                46.94596943641797
              ]
            ]
          ],
          [
            [
              [
                7.388245873270159,
                46.9460134589442
              ],
              [
                7.388313705111311,
                46.94602641558644
              ],
              [
                7.388317598954931,
                46.946030248319886
              ],
              [
                7.388320483750031,
                46.946033697490705
              ],
              [
                7.388255415838221,
                46.9462781967919
              ],
              [
                7.388178338115369,
                46.94626845922927
              ],
              [
                7.388245873270159,
                46.9460134589442
              ]
            ]
          ]
        ]
      }
    },
    {
      "type": "Feature",
      "properties": {
        "landCoverId": 20,
        "parcelId": "9900/9002/01",
        "buildingId": null,
        "type": "Gartenanlage",
        "typeGroup": "humusiert",
        "area": 107.54,
        "egid": null,
        "egrid": "CH373589574684",
        "surveyStatus": "AV93",
        "canton": "BE",
        "municipalityNumber": 351,
        "provenance": {
          "dataStatus": "public-source",
          "buildingId": "9900/9002/AA",
          "notice": "Bodenbedeckung der amtlichen Vermessung (geodienste.ch WFS ms:LCSF), auf die AV-Parzelle zugeschnitten.",
          "geometryMethod": "AV land cover polygon (WFS, EPSG:4326) clipped to the AV parcel in a local azimuthal equidistant CRS; geodesic area",
          "sourceUrl": "https://geodienste.ch/db/av_0/deu?SERVICE=WFS&VERSION=2.0.0&REQUEST=GetFeature&TYPENAMES=ms%3ALCSF&SRSNAME=urn%3Aogc%3Adef%3Acrs%3AEPSG%3A%3A4326&BBOX=46.945796%2C7.38691%2C46.946648%2C7.388322%2Curn%3Aogc%3Adef%3Acrs%3AEPSG%3A%3A4326&OUTPUTFORMAT=geojson&COUNT=1000",
          "retrievedAt": "2026-09-23",
          "licence": "AV land cover © the cantons, distributed via geodienste.ch; see the geodienste.ch and geo.admin.ch terms of use",
          "quality": "AV93",
          "canton": "BE",
          "municipalityNumber": 351
        }
      },
      "geometry": {
        "type": "Polygon",
        "coordinates": [
          [
            [
              7.388251135631307,
              46.9462942800253
            ],
            [
              7.388201775451597,
              46.94647975429416
            ],
            [
              7.388135809621041,
              46.946471515328284
            ],
            [
              7.388184626336252,
              46.94628575079036
            ],
            [
              7.388251135631307,
              46.9462942800253
            ]
          ]
        ]
      }
    },
    {
      "type": "Feature",
      "properties": {
        "landCoverId": 21,
        "parcelId": "9900/9002/01",
        "buildingId": null,
        "type": "Gartenanlage",
        "typeGroup": "humusiert",
        "area": 76.66,
        "egid": null,
        "egrid": "CH373589574684",
        "surveyStatus": "AV93",
        "canton": "BE",
        "municipalityNumber": 351,
        "provenance": {
          "dataStatus": "public-source",
          "buildingId": "9900/9002/AA",
          "notice": "Bodenbedeckung der amtlichen Vermessung (geodienste.ch WFS ms:LCSF), auf die AV-Parzelle zugeschnitten.",
          "geometryMethod": "AV land cover polygon (WFS, EPSG:4326) clipped to the AV parcel in a local azimuthal equidistant CRS; geodesic area",
          "sourceUrl": "https://geodienste.ch/db/av_0/deu?SERVICE=WFS&VERSION=2.0.0&REQUEST=GetFeature&TYPENAMES=ms%3ALCSF&SRSNAME=urn%3Aogc%3Adef%3Acrs%3AEPSG%3A%3A4326&BBOX=46.945796%2C7.38691%2C46.946648%2C7.388322%2Curn%3Aogc%3Adef%3Acrs%3AEPSG%3A%3A4326&OUTPUTFORMAT=geojson&COUNT=1000",
          "retrievedAt": "2026-09-23",
          "licence": "AV land cover © the cantons, distributed via geodienste.ch; see the geodienste.ch and geo.admin.ch terms of use",
          "quality": "AV93",
          "canton": "BE",
          "municipalityNumber": 351
        }
      },
      "geometry": {
        "type": "Polygon",
        "coordinates": [
          [
            [
              7.388105,
              46.946642000000004
            ],
            [
              7.38807993103249,
              46.946639107426925
            ],
            [
              7.388089803212533,
              46.946602761314885
            ],
            [
              7.388110513311214,
              46.946524557533266
            ],
            [
              7.388187305391982,
              46.94653412628993
            ],
            [
              7.388156999999998,
              46.946647999999996
            ],
            [
              7.388130999999993,
              46.946645
            ],
            [
              7.388105,
              46.946642000000004
            ]
          ]
        ]
      }
    },
    {
      "type": "Feature",
      "properties": {
        "landCoverId": 22,
        "parcelId": "9900/9002/01",
        "buildingId": "9900/9002/AA",
        "type": "Gebaeude",
        "typeGroup": "gebaeude",
        "area": 5292.03,
        "egid": "1243999",
        "egrid": "CH373589574684",
        "surveyStatus": "AV93",
        "canton": "BE",
        "municipalityNumber": 351,
        "provenance": {
          "dataStatus": "public-source",
          "buildingId": "9900/9002/AA",
          "notice": "Bodenbedeckung der amtlichen Vermessung (geodienste.ch WFS ms:LCSF), auf die AV-Parzelle zugeschnitten.",
          "geometryMethod": "AV land cover polygon (WFS, EPSG:4326) clipped to the AV parcel in a local azimuthal equidistant CRS; geodesic area",
          "sourceUrl": "https://geodienste.ch/db/av_0/deu?SERVICE=WFS&VERSION=2.0.0&REQUEST=GetFeature&TYPENAMES=ms%3ALCSF&SRSNAME=urn%3Aogc%3Adef%3Acrs%3AEPSG%3A%3A4326&BBOX=46.945796%2C7.38691%2C46.946648%2C7.388322%2Curn%3Aogc%3Adef%3Acrs%3AEPSG%3A%3A4326&OUTPUTFORMAT=geojson&COUNT=1000",
          "retrievedAt": "2026-09-23",
          "licence": "AV land cover © the cantons, distributed via geodienste.ch; see the geodienste.ch and geo.admin.ch terms of use",
          "quality": "AV93",
          "canton": "BE",
          "municipalityNumber": 351
        }
      },
      "geometry": {
        "type": "Polygon",
        "coordinates": [
          [
            [
              7.388233000000004,
              46.946011000000006
            ],
            [
              7.388245873270159,
              46.9460134589442
            ],
            [
              7.388178338115369,
              46.94626845922927
            ],
            [
              7.388174119673085,
              46.94628439679573
            ],
            [
              7.388173908764691,
              46.94628517928181
            ],
            [
              7.388110513311214,
              46.946524557533266
            ],
            [
              7.388089803212533,
              46.946602761314885
            ],
            [
              7.387572424937196,
              46.94653774414965
            ],
            [
              7.387597301278116,
              46.94644419657395
            ],
            [
              7.387088251438312,
              46.9463804673102
            ],
            [
              7.387147245956516,
              46.946159788583074
            ],
            [
              7.3871008592031755,
              46.94615387548409
            ],
            [
              7.387189519123443,
              46.945818152953244
            ],
            [
              7.387750283101473,
              46.945887779054104
            ],
            [
              7.387733935964919,
              46.945949829409415
            ],
            [
              7.387925367033909,
              46.94597348332261
            ],
            [
              7.3879271203752,
              46.945966827679435
            ],
            [
              7.387929970303602,
              46.945967179777426
            ],
            [
              7.388023807881285,
              46.945978717918514
            ],
            [
              7.388022858681031,
              46.945982351544316
            ],
            [
              7.38821609717845,
              46.94600667960946
            ],
            [
              7.388233000000004,
              46.946011000000006
            ]
          ]
        ]
      }
    },
    {
      "type": "Feature",
      "properties": {
        "landCoverId": 23,
        "parcelId": "9900/9002/01",
        "buildingId": null,
        "type": "Gebaeude",
        "typeGroup": "gebaeude",
        "area": 4.44,
        "egid": "2242988",
        "egrid": "CH373589574684",
        "surveyStatus": "AV93",
        "canton": "BE",
        "municipalityNumber": 351,
        "provenance": {
          "dataStatus": "public-source",
          "buildingId": "9900/9002/AA",
          "notice": "Bodenbedeckung der amtlichen Vermessung (geodienste.ch WFS ms:LCSF), auf die AV-Parzelle zugeschnitten.",
          "geometryMethod": "AV land cover polygon (WFS, EPSG:4326) clipped to the AV parcel in a local azimuthal equidistant CRS; geodesic area",
          "sourceUrl": "https://geodienste.ch/db/av_0/deu?SERVICE=WFS&VERSION=2.0.0&REQUEST=GetFeature&TYPENAMES=ms%3ALCSF&SRSNAME=urn%3Aogc%3Adef%3Acrs%3AEPSG%3A%3A4326&BBOX=46.945796%2C7.38691%2C46.946648%2C7.388322%2Curn%3Aogc%3Adef%3Acrs%3AEPSG%3A%3A4326&OUTPUTFORMAT=geojson&COUNT=1000",
          "retrievedAt": "2026-09-23",
          "licence": "AV land cover © the cantons, distributed via geodienste.ch; see the geodienste.ch and geo.admin.ch terms of use",
          "quality": "AV93",
          "canton": "BE",
          "municipalityNumber": 351
        }
      },
      "geometry": {
        "type": "Polygon",
        "coordinates": [
          [
            [
              7.387114999999996,
              46.945796
            ],
            [
              7.387117124305505,
              46.945796258362186
            ],
            [
              7.387117009541647,
              46.94579668422814
            ],
            [
              7.387018772167055,
              46.946160962007845
            ],
            [
              7.387018109332443,
              46.94616087890011
            ],
            [
              7.387114999999996,
              46.945796
            ]
          ]
        ]
      }
    },
    {
      "type": "Feature",
      "properties": {
        "landCoverId": 24,
        "parcelId": "9900/9002/01",
        "buildingId": null,
        "type": "uebrige_befestigte",
        "typeGroup": "befestigt",
        "area": 1867.29,
        "egid": null,
        "egrid": "CH373589574684",
        "surveyStatus": "AV93",
        "canton": "BE",
        "municipalityNumber": 351,
        "provenance": {
          "dataStatus": "public-source",
          "buildingId": "9900/9002/AA",
          "notice": "Bodenbedeckung der amtlichen Vermessung (geodienste.ch WFS ms:LCSF), auf die AV-Parzelle zugeschnitten.",
          "geometryMethod": "AV land cover polygon (WFS, EPSG:4326) clipped to the AV parcel in a local azimuthal equidistant CRS; geodesic area",
          "sourceUrl": "https://geodienste.ch/db/av_0/deu?SERVICE=WFS&VERSION=2.0.0&REQUEST=GetFeature&TYPENAMES=ms%3ALCSF&SRSNAME=urn%3Aogc%3Adef%3Acrs%3AEPSG%3A%3A4326&BBOX=46.945796%2C7.38691%2C46.946648%2C7.388322%2Curn%3Aogc%3Adef%3Acrs%3AEPSG%3A%3A4326&OUTPUTFORMAT=geojson&COUNT=1000",
          "retrievedAt": "2026-09-23",
          "licence": "AV land cover © the cantons, distributed via geodienste.ch; see the geodienste.ch and geo.admin.ch terms of use",
          "quality": "AV93",
          "canton": "BE",
          "municipalityNumber": 351
        }
      },
      "geometry": {
        "type": "MultiPolygon",
        "coordinates": [
          [
            [
              [
                7.3869100000000065,
                46.94656800000001
              ],
              [
                7.387018109332443,
                46.94616087890011
              ],
              [
                7.387018772167055,
                46.946160962007845
              ],
              [
                7.387117009541647,
                46.94579668422814
              ],
              [
                7.3871888747496595,
                46.94580547844723
              ],
              [
                7.387563564821983,
                46.94584010985405
              ],
              [
                7.38756497629846,
                46.945840249550784
              ],
              [
                7.388070389799495,
                46.94596943641797
              ],
              [
                7.387933885627313,
                46.945952348489556
              ],
              [
                7.387929970303602,
                46.945967179777426
              ],
              [
                7.3879271203752,
                46.945966827679435
              ],
              [
                7.387925367033909,
                46.94597348332261
              ],
              [
                7.387733935964919,
                46.945949829409415
              ],
              [
                7.387750283101473,
                46.945887779054104
              ],
              [
                7.387189519123443,
                46.945818152953244
              ],
              [
                7.3871008592031755,
                46.94615387548409
              ],
              [
                7.387147245956516,
                46.946159788583074
              ],
              [
                7.387088251438312,
                46.9463804673102
              ],
              [
                7.387597301278116,
                46.94644419657395
              ],
              [
                7.387572424937196,
                46.94653774414965
              ],
              [
                7.388089803212533,
                46.946602761314885
              ],
              [
                7.38807993103249,
                46.946639107426925
              ],
              [
                7.388078999999995,
                46.946639
              ],
              [
                7.388053000000003,
                46.946636000000005
              ],
              [
                7.388027000000002,
                46.946633000000006
              ],
              [
                7.388001000000009,
                46.946631
              ],
              [
                7.387974000000004,
                46.946628
              ],
              [
                7.387947999999998,
                46.946625
              ],
              [
                7.387922000000003,
                46.946623
              ],
              [
                7.387896000000001,
                46.94662
              ],
              [
                7.38787,
                46.946617999999994
              ],
              [
                7.387843999999998,
                46.94661500000001
              ],
              [
                7.387818000000003,
                46.94661299999999
              ],
              [
                7.387811630025467,
                46.946612528150624
              ],
              [
                7.387807049756514,
                46.94661195279622
              ],
              [
                7.3877762169755865,
                46.94660929426717
              ],
              [
                7.387765000000002,
                46.94660800000002
              ],
              [
                7.387738999999999,
                46.946606
              ],
              [
                7.387713,
                46.946604
              ],
              [
                7.387687,
                46.946601999999984
              ],
              [
                7.387660999999999,
                46.94659999999998
              ],
              [
                7.387635000000001,
                46.946598
              ],
              [
                7.387609000000002,
                46.946596
              ],
              [
                7.387583000000002,
                46.94659399999999
              ],
              [
                7.38756545857741,
                46.946593325330554
              ],
              [
                7.387533153925892,
                46.946591233624474
              ],
              [
                7.387529999999998,
                46.946591000000005
              ],
              [
                7.387504000000002,
                46.946589
              ],
              [
                7.387487188126544,
                46.94658835339016
              ],
              [
                7.387469727229154,
                46.946587363633675
              ],
              [
                7.387452000000002,
                46.946585999999996
              ],
              [
                7.38743231180453,
                46.94658524276226
              ],
              [
                7.387420316728281,
                46.94658456282576
              ],
              [
                7.3874,
                46.946583
              ],
              [
                7.387373999999999,
                46.946582
              ],
              [
                7.3873558447816405,
                46.94658132758521
              ],
              [
                7.387321137674268,
                46.94657962821268
              ],
              [
                7.387309339397738,
                46.94657913625249
              ],
              [
                7.387294000000002,
                46.946578
              ],
              [
                7.387266000000002,
                46.946577000000005
              ],
              [
                7.387238999999996,
                46.94657600000001
              ],
              [
                7.387212000000004,
                46.946575
              ],
              [
                7.387183999999998,
                46.946574000000005
              ],
              [
                7.387157000000002,
                46.94657300000001
              ],
              [
                7.387142112150989,
                46.94657300000085
              ],
              [
                7.387087345875887,
                46.94657147663929
              ],
              [
                7.387073999999998,
                46.946571000000006
              ],
              [
                7.387065794647135,
                46.94657100000068
              ],
              [
                7.387022707328497,
                46.94657010027172
              ],
              [
                7.387020000000006,
                46.94657
              ],
              [
                7.3870179054537175,
                46.94657000000024
              ],
              [
                7.387004225584132,
                46.946569714339724
              ],
              [
                7.387004134237994,
                46.94657000000085
              ],
              [
                7.386991999999995,
                46.94657000000001
              ],
              [
                7.38696499999999,
                46.946569
              ],
              [
                7.386936999999986,
                46.946569
              ],
              [
                7.3869100000000065,
                46.94656800000001
              ]
            ]
          ],
          [
            [
              [
                7.388322000000005,
                46.946028
              ],
              [
                7.388320483750031,
                46.946033697490705
              ],
              [
                7.388317598954931,
                46.946030248319886
              ],
              [
                7.388313705111311,
                46.94602641558644
              ],
              [
                7.388322000000005,
                46.946028
              ]
            ]
          ],
          [
            [
              [
                7.388255415838221,
                46.9462781967919
              ],
              [
                7.388251135631307,
                46.9462942800253
              ],
              [
                7.388184626336252,
                46.94628575079036
              ],
              [
                7.388135809621041,
                46.946471515328284
              ],
              [
                7.388201775451597,
                46.94647975429416
              ],
              [
                7.388187305391982,
                46.94653412628993
              ],
              [
                7.388110513311214,
                46.946524557533266
              ],
              [
                7.388173908764691,
                46.94628517928181
              ],
              [
                7.388174119673085,
                46.94628439679573
              ],
              [
                7.388178338115369,
                46.94626845922927
              ],
              [
                7.388255415838221,
                46.9462781967919
              ]
            ]
          ]
        ]
      }
    },
    {
      "type": "Feature",
      "properties": {
        "landCoverId": 25,
        "parcelId": "9900/9003/01",
        "buildingId": null,
        "type": "Acker_Wiese_Weide",
        "typeGroup": "humusiert",
        "area": 7845.91,
        "egid": null,
        "egrid": "CH208035154682",
        "surveyStatus": "AV93",
        "canton": "BE",
        "municipalityNumber": 355,
        "provenance": {
          "dataStatus": "public-source",
          "buildingId": "9900/9003/AA",
          "notice": "Bodenbedeckung der amtlichen Vermessung (geodienste.ch WFS ms:LCSF), auf die AV-Parzelle zugeschnitten.",
          "geometryMethod": "AV land cover polygon (WFS, EPSG:4326) clipped to the AV parcel in a local azimuthal equidistant CRS; geodesic area",
          "sourceUrl": "https://geodienste.ch/db/av_0/deu?SERVICE=WFS&VERSION=2.0.0&REQUEST=GetFeature&TYPENAMES=ms%3ALCSF&SRSNAME=urn%3Aogc%3Adef%3Acrs%3AEPSG%3A%3A4326&BBOX=46.928664%2C7.420198%2C46.931278%2C7.425165%2Curn%3Aogc%3Adef%3Acrs%3AEPSG%3A%3A4326&OUTPUTFORMAT=geojson&COUNT=1000",
          "retrievedAt": "2026-09-23",
          "licence": "AV land cover © the cantons, distributed via geodienste.ch; see the geodienste.ch and geo.admin.ch terms of use",
          "quality": "AV93",
          "canton": "BE",
          "municipalityNumber": 355
        }
      },
      "geometry": {
        "type": "Polygon",
        "coordinates": [
          [
            [
              7.424416000000005,
              46.92895
            ],
            [
              7.424384944554379,
              46.92898912988152
            ],
            [
              7.424366123834537,
              46.92901269834132
            ],
            [
              7.424124934157959,
              46.929302284653666
            ],
            [
              7.42478804990809,
              46.92954954254424
            ],
            [
              7.424788308456561,
              46.92954963888239
            ],
            [
              7.42478799999999,
              46.92955
            ],
            [
              7.425165000000003,
              46.92969
            ],
            [
              7.425108409282701,
              46.92975165865911
            ],
            [
              7.425030591117121,
              46.92983587301803
            ],
            [
              7.424994543284434,
              46.929852480443984
            ],
            [
              7.424958,
              46.929869
            ],
            [
              7.424930307399715,
              46.929882077063226
            ],
            [
              7.4249217351976124,
              46.929886025380746
            ],
            [
              7.424649614017086,
              46.93001208497321
            ],
            [
              7.424576071080828,
              46.93004615818275
            ],
            [
              7.424459619362501,
              46.929928377639
            ],
            [
              7.424491715739669,
              46.92991291911932
            ],
            [
              7.424334438539769,
              46.929755734058645
            ],
            [
              7.424290404559051,
              46.92977701083761
            ],
            [
              7.42421757534874,
              46.92970333935177
            ],
            [
              7.424121772333265,
              46.929749058070556
            ],
            [
              7.424179753643429,
              46.929811429642506
            ],
            [
              7.42402931925838,
              46.929879520986375
            ],
            [
              7.424013383011,
              46.9298632824754
            ],
            [
              7.423837313069795,
              46.929943621544474
            ],
            [
              7.4237912241293005,
              46.92989659726076
            ],
            [
              7.423529567331589,
              46.9300169436789
            ],
            [
              7.423504628190432,
              46.9300284090636
            ],
            [
              7.423157132179804,
              46.929678356309125
            ],
            [
              7.423171512747204,
              46.92967100029454
            ],
            [
              7.423451907497843,
              46.92954696929661
            ],
            [
              7.4234720926650395,
              46.92953681655333
            ],
            [
              7.423491660844511,
              46.929526097021814
            ],
            [
              7.423510559504586,
              46.929514837680635
            ],
            [
              7.423527186356984,
              46.92950412672514
            ],
            [
              7.423543209307708,
              46.92949300190312
            ],
            [
              7.423558615225908,
              46.92948146321303
            ],
            [
              7.423931214428623,
              46.92917099129138
            ],
            [
              7.423941682183474,
              46.92916227636822
            ],
            [
              7.423944939282156,
              46.92915997404069
            ],
            [
              7.423948314528551,
              46.92915777067644
            ],
            [
              7.423955498270068,
              46.92915358888694
            ],
            [
              7.42396311521552,
              46.92914978495482
            ],
            [
              7.424069987673551,
              46.92910005600354
            ],
            [
              7.424085352935434,
              46.92909211531856
            ],
            [
              7.424100088075451,
              46.92908362583876
            ],
            [
              7.424114153693455,
              46.92907461454458
            ],
            [
              7.424127497258663,
              46.92906510841485
            ],
            [
              7.424139540881788,
              46.92905558411774
            ],
            [
              7.424150875560061,
              46.9290456459443
            ],
            [
              7.424161475019285,
              46.92903533886719
            ],
            [
              7.4241712998623175,
              46.929024680871755
            ],
            [
              7.424256494877155,
              46.92892260572103
            ],
            [
              7.424260041190163,
              46.92891901710867
            ],
            [
              7.424263994495342,
              46.928915635440475
            ],
            [
              7.42426832852356,
              46.928912487698376
            ],
            [
              7.424274592943209,
              46.92890871055001
            ],
            [
              7.424281421848627,
              46.92890540122742
            ],
            [
              7.42428871017898,
              46.92890261368777
            ],
            [
              7.424336526931881,
              46.928921078230395
            ],
            [
              7.4243762037582295,
              46.928935736699664
            ],
            [
              7.424414701795071,
              46.92894952344445
            ],
            [
              7.424416000000005,
              46.92895
            ]
          ]
        ]
      }
    },
    {
      "type": "Feature",
      "properties": {
        "landCoverId": 26,
        "parcelId": "9900/9003/01",
        "buildingId": null,
        "type": "Gartenanlage",
        "typeGroup": "humusiert",
        "area": 4285.02,
        "egid": null,
        "egrid": "CH208035154682",
        "surveyStatus": "AV93",
        "canton": "BE",
        "municipalityNumber": 355,
        "provenance": {
          "dataStatus": "public-source",
          "buildingId": "9900/9003/AA",
          "notice": "Bodenbedeckung der amtlichen Vermessung (geodienste.ch WFS ms:LCSF), auf die AV-Parzelle zugeschnitten.",
          "geometryMethod": "AV land cover polygon (WFS, EPSG:4326) clipped to the AV parcel in a local azimuthal equidistant CRS; geodesic area",
          "sourceUrl": "https://geodienste.ch/db/av_0/deu?SERVICE=WFS&VERSION=2.0.0&REQUEST=GetFeature&TYPENAMES=ms%3ALCSF&SRSNAME=urn%3Aogc%3Adef%3Acrs%3AEPSG%3A%3A4326&BBOX=46.928664%2C7.420198%2C46.931278%2C7.425165%2Curn%3Aogc%3Adef%3Acrs%3AEPSG%3A%3A4326&OUTPUTFORMAT=geojson&COUNT=1000",
          "retrievedAt": "2026-09-23",
          "licence": "AV land cover © the cantons, distributed via geodienste.ch; see the geodienste.ch and geo.admin.ch terms of use",
          "quality": "AV93",
          "canton": "BE",
          "municipalityNumber": 355
        }
      },
      "geometry": {
        "type": "Polygon",
        "coordinates": [
          [
            [
              7.421714962752998,
              46.93024374970211
            ],
            [
              7.421689405335773,
              46.93021767760796
            ],
            [
              7.421718193054492,
              46.93020406336617
            ],
            [
              7.421761755317861,
              46.93018390291004
            ],
            [
              7.4219017532137155,
              46.93011908719213
            ],
            [
              7.421877560853947,
              46.9300946344871
            ],
            [
              7.421871680132637,
              46.930088687747215
            ],
            [
              7.421770776066717,
              46.92998670245157
            ],
            [
              7.422166418818995,
              46.92980345906481
            ],
            [
              7.42239973231769,
              46.93003915069875
            ],
            [
              7.42261142179192,
              46.92994007312363
            ],
            [
              7.422961186789587,
              46.930292772439294
            ],
            [
              7.4230167925637565,
              46.93034883861189
            ],
            [
              7.423370960430963,
              46.93018410618698
            ],
            [
              7.422965470009283,
              46.92977540489104
            ],
            [
              7.422942710864296,
              46.92978598894017
            ],
            [
              7.422933246455388,
              46.929776380685105
            ],
            [
              7.42309202071226,
              46.92970616011904
            ],
            [
              7.423121450724061,
              46.929694146762195
            ],
            [
              7.423282215584282,
              46.92985606546626
            ],
            [
              7.423595662272613,
              46.93017062699905
            ],
            [
              7.4230497417720205,
              46.93042308978823
            ],
            [
              7.422692012414721,
              46.93058908901097
            ],
            [
              7.422537980705592,
              46.93043559001157
            ],
            [
              7.422516977641757,
              46.93041466403789
            ],
            [
              7.4225187374702495,
              46.93041382774634
            ],
            [
              7.422448456044422,
              46.93034393350785
            ],
            [
              7.422402871295296,
              46.93036544320181
            ],
            [
              7.422403448880352,
              46.93036600998635
            ],
            [
              7.422381845082992,
              46.930376045388925
            ],
            [
              7.422339254716284,
              46.93039582842831
            ],
            [
              7.422246075763386,
              46.93043943209454
            ],
            [
              7.422259241913201,
              46.93045280995602
            ],
            [
              7.422313652437106,
              46.93050811169558
            ],
            [
              7.422385036612703,
              46.93057895067697
            ],
            [
              7.422221241006293,
              46.93065460259363
            ],
            [
              7.4221934647170915,
              46.93062628147645
            ],
            [
              7.422033265869861,
              46.93046313800307
            ],
            [
              7.421833177148029,
              46.93025649631029
            ],
            [
              7.421831062734668,
              46.93025745846918
            ],
            [
              7.421792031334771,
              46.93027553276849
            ],
            [
              7.421810749895473,
              46.93029454254263
            ],
            [
              7.421780307464917,
              46.930308687267214
            ],
            [
              7.421752085003623,
              46.93028075276556
            ],
            [
              7.421727393657198,
              46.93025630894693
            ],
            [
              7.421714962752998,
              46.93024374970211
            ]
          ],
          [
            [
              7.422117072952245,
              46.92984348020554
            ],
            [
              7.42180347136285,
              46.92998910925497
            ],
            [
              7.421806674171089,
              46.929992572906144
            ],
            [
              7.422003691603379,
              46.930191721177934
            ],
            [
              7.422005240550366,
              46.93019328658136
            ],
            [
              7.422208337130816,
              46.9303986331228
            ],
            [
              7.4225630067448565,
              46.930234029208115
            ],
            [
              7.42237948132023,
              46.93004862860184
            ],
            [
              7.422157719291796,
              46.929824605466756
            ],
            [
              7.422117072952245,
              46.92984348020554
            ]
          ],
          [
            [
              7.42259813292543,
              46.93027334346766
            ],
            [
              7.422492163106702,
              46.930322144664
            ],
            [
              7.4225634416691335,
              46.93039472859008
            ],
            [
              7.422668925830826,
              46.93034556744843
            ],
            [
              7.42259813292543,
              46.93027334346766
            ]
          ]
        ]
      }
    },
    {
      "type": "Feature",
      "properties": {
        "landCoverId": 27,
        "parcelId": "9900/9003/01",
        "buildingId": null,
        "type": "Gartenanlage",
        "typeGroup": "humusiert",
        "area": 3288.11,
        "egid": null,
        "egrid": "CH208035154682",
        "surveyStatus": "AV93",
        "canton": "BE",
        "municipalityNumber": 355,
        "provenance": {
          "dataStatus": "public-source",
          "buildingId": "9900/9003/AA",
          "notice": "Bodenbedeckung der amtlichen Vermessung (geodienste.ch WFS ms:LCSF), auf die AV-Parzelle zugeschnitten.",
          "geometryMethod": "AV land cover polygon (WFS, EPSG:4326) clipped to the AV parcel in a local azimuthal equidistant CRS; geodesic area",
          "sourceUrl": "https://geodienste.ch/db/av_0/deu?SERVICE=WFS&VERSION=2.0.0&REQUEST=GetFeature&TYPENAMES=ms%3ALCSF&SRSNAME=urn%3Aogc%3Adef%3Acrs%3AEPSG%3A%3A4326&BBOX=46.928664%2C7.420198%2C46.931278%2C7.425165%2Curn%3Aogc%3Adef%3Acrs%3AEPSG%3A%3A4326&OUTPUTFORMAT=geojson&COUNT=1000",
          "retrievedAt": "2026-09-23",
          "licence": "AV land cover © the cantons, distributed via geodienste.ch; see the geodienste.ch and geo.admin.ch terms of use",
          "quality": "AV93",
          "canton": "BE",
          "municipalityNumber": 355
        }
      },
      "geometry": {
        "type": "Polygon",
        "coordinates": [
          [
            [
              7.422703000000007,
              46.92902
            ],
            [
              7.422703095143125,
              46.92901995626534
            ],
            [
              7.422703233643618,
              46.92902009310031
            ],
            [
              7.422981583873151,
              46.9288919420753
            ],
            [
              7.4233229999999955,
              46.92873500000001
            ],
            [
              7.423395113519768,
              46.92870178982875
            ],
            [
              7.423398969616254,
              46.92870002722874
            ],
            [
              7.423399324502646,
              46.92869987019895
            ],
            [
              7.423404000000005,
              46.92869799999999
            ],
            [
              7.423407452850799,
              46.92869627357463
            ],
            [
              7.423408740891128,
              46.928695703643584
            ],
            [
              7.423413000000007,
              46.928694
            ],
            [
              7.423414781452319,
              46.92869310927388
            ],
            [
              7.423428136427699,
              46.92868790581134
            ],
            [
              7.4234290871386674,
              46.928687582572294
            ],
            [
              7.423432000000006,
              46.928687
            ],
            [
              7.423437000000003,
              46.928685
            ],
            [
              7.42343879623056,
              46.92868428150782
            ],
            [
              7.423443373131257,
              46.92868272537377
            ],
            [
              7.423447,
              46.928682
            ],
            [
              7.423450159515426,
              46.928680736193876
            ],
            [
              7.423454127233284,
              46.92867957455338
            ],
            [
              7.423456999999994,
              46.92867900000001
            ],
            [
              7.423462000000007,
              46.928678
            ],
            [
              7.4234659728107415,
              46.92867641087574
            ],
            [
              7.423470218236944,
              46.92867535635264
            ],
            [
              7.423471999999998,
              46.928675
            ],
            [
              7.4234770000000045,
              46.928673999999994
            ],
            [
              7.423481999999994,
              46.92867300000002
            ],
            [
              7.423488000000005,
              46.928672000000006
            ],
            [
              7.423492999999988,
              46.928671
            ],
            [
              7.423497999999999,
              46.928670000000004
            ],
            [
              7.423502999999996,
              46.928669
            ],
            [
              7.423509000000004,
              46.928668
            ],
            [
              7.423509735509398,
              46.92866785289814
            ],
            [
              7.423516636948239,
              46.92866700000004
            ],
            [
              7.423519999999995,
              46.92866700000001
            ],
            [
              7.423524999999995,
              46.92866600000001
            ],
            [
              7.423525254084632,
              46.928665949183085
            ],
            [
              7.42353643825811,
              46.92866500000003
            ],
            [
              7.423540000000013,
              46.928664999999995
            ],
            [
              7.4235422733807,
              46.9286645453239
            ],
            [
              7.42355372604964,
              46.92866400000004
            ],
            [
              7.4235560000000085,
              46.928664000000005
            ],
            [
              7.423561000000006,
              46.928664000000005
            ],
            [
              7.423566000000006,
              46.928664000000005
            ],
            [
              7.423571000000005,
              46.928664
            ],
            [
              7.423576000000013,
              46.92866400000001
            ],
            [
              7.423581,
              46.92866400000001
            ],
            [
              7.423586000000001,
              46.92866400000001
            ],
            [
              7.42358675722967,
              46.92866400000002
            ],
            [
              7.423590398876487,
              46.92866410029887
            ],
            [
              7.423600883959662,
              46.928664776791955
            ],
            [
              7.4236020000000105,
              46.928664999999995
            ],
            [
              7.423604343503507,
              46.92866500000003
            ],
            [
              7.423606746206547,
              46.928665155021186
            ],
            [
              7.423608856925256,
              46.92866537138509
            ],
            [
              7.423611999999994,
              46.92866600000001
            ],
            [
              7.4236149893246575,
              46.928666000000035
            ],
            [
              7.423619114088498,
              46.92866642281774
            ],
            [
              7.423622000000003,
              46.928667000000004
            ],
            [
              7.423624204047906,
              46.928667000000026
            ],
            [
              7.423633576149753,
              46.92866831522998
            ],
            [
              7.423637000000004,
              46.928669
            ],
            [
              7.423638455705336,
              46.92866900000003
            ],
            [
              7.423638586856428,
              46.928669018405046
            ],
            [
              7.423654237744886,
              46.9286718270888
            ],
            [
              7.42366963898227,
              46.92867521142889
            ],
            [
              7.423670757068798,
              46.92867550282755
            ],
            [
              7.4236720000000025,
              46.92867600000001
            ],
            [
              7.423674857621995,
              46.928676571524434
            ],
            [
              7.423684764313052,
              46.92867915343132
            ],
            [
              7.423698885893392,
              46.92868344294672
            ],
            [
              7.423700000000002,
              46.92868399999998
            ],
            [
              7.423701330841171,
              46.928684266168254
            ],
            [
              7.423708617717749,
              46.92868680885888
            ],
            [
              7.423708999999994,
              46.928687000000004
            ],
            [
              7.423714000000007,
              46.928689000000006
            ],
            [
              7.423892933569208,
              46.92875861149469
            ],
            [
              7.424096902381469,
              46.928838317147715
            ],
            [
              7.424099259237002,
              46.92883912961854
            ],
            [
              7.4241010000000145,
              46.92883999999999
            ],
            [
              7.424103853415413,
              46.92884071335388
            ],
            [
              7.424105699488183,
              46.928841349744125
            ],
            [
              7.424108999999994,
              46.92884300000001
            ],
            [
              7.424113751624756,
              46.92884395032495
            ],
            [
              7.424119007091252,
              46.92884550354566
            ],
            [
              7.4241220000000085,
              46.92884699999999
            ],
            [
              7.424127000000001,
              46.928848
            ],
            [
              7.424130999999998,
              46.92884899999999
            ],
            [
              7.424135999999995,
              46.92885000000001
            ],
            [
              7.424140000000007,
              46.928850999999995
            ],
            [
              7.424145000000003,
              46.92885199999999
            ],
            [
              7.424149000000008,
              46.92885299999999
            ],
            [
              7.424152223746111,
              46.928853644749246
            ],
            [
              7.424154435322117,
              46.92885815934746
            ],
            [
              7.42415611461839,
              46.92886314291798
            ],
            [
              7.424157097962739,
              46.92886821634673
            ],
            [
              7.42415737223976,
              46.92887332566071
            ],
            [
              7.424156924328915,
              46.928878434877426
            ],
            [
              7.42415571480953,
              46.92888364293862
            ],
            [
              7.424153769999566,
              46.92888875195345
            ],
            [
              7.42415110304761,
              46.928893698957175
            ],
            [
              7.424147727097159,
              46.928898438975494
            ],
            [
              7.424144312095288,
              46.92890199162125
            ],
            [
              7.424140109372786,
              46.92890512138592
            ],
            [
              7.424135237123941,
              46.92890776531897
            ],
            [
              7.424129826676516,
              46.92890985147631
            ],
            [
              7.424123996224975,
              46.92891131690751
            ],
            [
              7.424118126572696,
              46.92891211668781
            ],
            [
              7.424112152056007,
              46.92891228678932
            ],
            [
              7.424106203979553,
              46.92891183622477
            ],
            [
              7.424100426778552,
              46.92891077400909
            ],
            [
              7.424094951757634,
              46.928909109155214
            ],
            [
              7.423941064345008,
              46.928849045226286
            ],
            [
              7.4239734821492664,
              46.928810235337984
            ],
            [
              7.4236304565227345,
              46.92867732884273
            ],
            [
              7.423426568530924,
              46.92892394879453
            ],
            [
              7.423849460425929,
              46.92908776543419
            ],
            [
              7.423816681658646,
              46.92910288186409
            ],
            [
              7.423815946556122,
              46.92910213516077
            ],
            [
              7.423814568279585,
              46.92910059679071
            ],
            [
              7.423579416673364,
              46.92920966699946
            ],
            [
              7.423569925958363,
              46.92920016673496
            ],
            [
              7.423571318012858,
              46.92919951927491
            ],
            [
              7.423569257136707,
              46.92919732415643
            ],
            [
              7.423567813189487,
              46.92919585773586
            ],
            [
              7.423381159426441,
              46.929282590221575
            ],
            [
              7.423127275526304,
              46.929025767864225
            ],
            [
              7.422505575342347,
              46.92931390116423
            ],
            [
              7.422490112208702,
              46.92929836413612
            ],
            [
              7.422437107070064,
              46.929245104591196
            ],
            [
              7.422427537838053,
              46.92923537934009
            ],
            [
              7.422413335007597,
              46.92922076899643
            ],
            [
              7.422404002140961,
              46.92921103478358
            ],
            [
              7.422394052203574,
              46.929201075597035
            ],
            [
              7.422382632131093,
              46.92918953303253
            ],
            [
              7.422378037772236,
              46.929185133686474
            ],
            [
              7.422355775283828,
              46.92916240844821
            ],
            [
              7.422691222762555,
              46.92900822665171
            ],
            [
              7.4226915461758445,
              46.92900854617601
            ],
            [
              7.422703000000007,
              46.92902
            ]
          ]
        ]
      }
    },
    {
      "type": "Feature",
      "properties": {
        "landCoverId": 28,
        "parcelId": "9900/9003/01",
        "buildingId": null,
        "type": "Gartenanlage",
        "typeGroup": "humusiert",
        "area": 2382.65,
        "egid": null,
        "egrid": "CH208035154682",
        "surveyStatus": "AV93",
        "canton": "BE",
        "municipalityNumber": 355,
        "provenance": {
          "dataStatus": "public-source",
          "buildingId": "9900/9003/AA",
          "notice": "Bodenbedeckung der amtlichen Vermessung (geodienste.ch WFS ms:LCSF), auf die AV-Parzelle zugeschnitten.",
          "geometryMethod": "AV land cover polygon (WFS, EPSG:4326) clipped to the AV parcel in a local azimuthal equidistant CRS; geodesic area",
          "sourceUrl": "https://geodienste.ch/db/av_0/deu?SERVICE=WFS&VERSION=2.0.0&REQUEST=GetFeature&TYPENAMES=ms%3ALCSF&SRSNAME=urn%3Aogc%3Adef%3Acrs%3AEPSG%3A%3A4326&BBOX=46.928664%2C7.420198%2C46.931278%2C7.425165%2Curn%3Aogc%3Adef%3Acrs%3AEPSG%3A%3A4326&OUTPUTFORMAT=geojson&COUNT=1000",
          "retrievedAt": "2026-09-23",
          "licence": "AV land cover © the cantons, distributed via geodienste.ch; see the geodienste.ch and geo.admin.ch terms of use",
          "quality": "AV93",
          "canton": "BE",
          "municipalityNumber": 355
        }
      },
      "geometry": {
        "type": "Polygon",
        "coordinates": [
          [
            [
              7.421197420113279,
              46.93061701366454
            ],
            [
              7.421191106234284,
              46.930610626055625
            ],
            [
              7.421428383458292,
              46.930499995949916
            ],
            [
              7.421759902770365,
              46.93034542050412
            ],
            [
              7.4218290614993645,
              46.930313273399165
            ],
            [
              7.421845639818128,
              46.930332003984184
            ],
            [
              7.4217680496502245,
              46.93036803571494
            ],
            [
              7.421743622120062,
              46.93037938385725
            ],
            [
              7.421772973267832,
              46.930409225519384
            ],
            [
              7.421800053690679,
              46.93039663644494
            ],
            [
              7.421875109211759,
              46.930361737696174
            ],
            [
              7.4218909004803875,
              46.930378093418845
            ],
            [
              7.4218125222457045,
              46.93041462878905
            ],
            [
              7.421789053405805,
              46.9304255723057
            ],
            [
              7.421818352094645,
              46.93045536897172
            ],
            [
              7.421840389434837,
              46.9304450908723
            ],
            [
              7.42192040934122,
              46.93040775516342
            ],
            [
              7.4219363712996875,
              46.93042423683887
            ],
            [
              7.421834524145092,
              46.93047181471303
            ],
            [
              7.421863954219001,
              46.93050153942591
            ],
            [
              7.421965893327302,
              46.93045394354959
            ],
            [
              7.421981934091073,
              46.93047045221627
            ],
            [
              7.421893522263921,
              46.930511141881986
            ],
            [
              7.42187953553167,
              46.93051758028514
            ],
            [
              7.421908978739301,
              46.93054744891147
            ],
            [
              7.422011167267743,
              46.9305002128418
            ],
            [
              7.422027221231505,
              46.93051659557119
            ],
            [
              7.42192501956082,
              46.930563813662644
            ],
            [
              7.421954331522756,
              46.93059363728082
            ],
            [
              7.421957325870156,
              46.930592252480665
            ],
            [
              7.422056585772299,
              46.93054634720984
            ],
            [
              7.422072771027803,
              46.93056287387608
            ],
            [
              7.421970490537168,
              46.930610047019705
            ],
            [
              7.4219997762932355,
              46.930639852631586
            ],
            [
              7.422007669288495,
              46.93063621078653
            ],
            [
              7.422102043677942,
              46.93059269745039
            ],
            [
              7.422125987168379,
              46.93061624155238
            ],
            [
              7.422154420083778,
              46.93064422096823
            ],
            [
              7.422182393322764,
              46.930672560115156
            ],
            [
              7.422155851299761,
              46.930684924481376
            ],
            [
              7.422119148667016,
              46.9306479845819
            ],
            [
              7.422064698840509,
              46.930673099863654
            ],
            [
              7.422101112494731,
              46.93071026461636
            ],
            [
              7.422083212046524,
              46.93071857344859
            ],
            [
              7.422046680198322,
              46.93068147163859
            ],
            [
              7.421992112091326,
              46.93070668581476
            ],
            [
              7.422028657047194,
              46.93074379663923
            ],
            [
              7.4220108616375535,
              46.930752069495405
            ],
            [
              7.421974277306733,
              46.930714922678426
            ],
            [
              7.4219201031252675,
              46.93073995697669
            ],
            [
              7.421957041858744,
              46.930777463673536
            ],
            [
              7.421938156597143,
              46.93078556544162
            ],
            [
              7.421901322727969,
              46.930748643443145
            ],
            [
              7.4218470433995565,
              46.93077376764246
            ],
            [
              7.421873205019199,
              46.93080036151419
            ],
            [
              7.421883509528685,
              46.93081083352466
            ],
            [
              7.421865648400839,
              46.93081916031924
            ],
            [
              7.421829077255919,
              46.930782013458284
            ],
            [
              7.421774640274127,
              46.930807173579474
            ],
            [
              7.42180105129192,
              46.93083399238641
            ],
            [
              7.421811145766498,
              46.93084424848587
            ],
            [
              7.421793021969053,
              46.93085264718989
            ],
            [
              7.421756503358297,
              46.93081555428534
            ],
            [
              7.421702092573851,
              46.930840705380795
            ],
            [
              7.421738440458805,
              46.93087779827592
            ],
            [
              7.421720500511099,
              46.930886089054646
            ],
            [
              7.421684139504745,
              46.93084898715664
            ],
            [
              7.421618762443649,
              46.9308791468249
            ],
            [
              7.42165508400768,
              46.930916320698955
            ],
            [
              7.4216371046466785,
              46.93092459346798
            ],
            [
              7.421600783077451,
              46.93088745556911
            ],
            [
              7.421535524115509,
              46.930917579227376
            ],
            [
              7.421571819385526,
              46.930954753123494
            ],
            [
              7.421544318381042,
              46.93096748599972
            ],
            [
              7.421470887358735,
              46.930893605796044
            ],
            [
              7.421197420113279,
              46.93061701366454
            ]
          ]
        ]
      }
    },
    {
      "type": "Feature",
      "properties": {
        "landCoverId": 29,
        "parcelId": "9900/9003/01",
        "buildingId": null,
        "type": "Gartenanlage",
        "typeGroup": "humusiert",
        "area": 2017.38,
        "egid": null,
        "egrid": "CH208035154682",
        "surveyStatus": "AV93",
        "canton": "BE",
        "municipalityNumber": 355,
        "provenance": {
          "dataStatus": "public-source",
          "buildingId": "9900/9003/AA",
          "notice": "Bodenbedeckung der amtlichen Vermessung (geodienste.ch WFS ms:LCSF), auf die AV-Parzelle zugeschnitten.",
          "geometryMethod": "AV land cover polygon (WFS, EPSG:4326) clipped to the AV parcel in a local azimuthal equidistant CRS; geodesic area",
          "sourceUrl": "https://geodienste.ch/db/av_0/deu?SERVICE=WFS&VERSION=2.0.0&REQUEST=GetFeature&TYPENAMES=ms%3ALCSF&SRSNAME=urn%3Aogc%3Adef%3Acrs%3AEPSG%3A%3A4326&BBOX=46.928664%2C7.420198%2C46.931278%2C7.425165%2Curn%3Aogc%3Adef%3Acrs%3AEPSG%3A%3A4326&OUTPUTFORMAT=geojson&COUNT=1000",
          "retrievedAt": "2026-09-23",
          "licence": "AV land cover © the cantons, distributed via geodienste.ch; see the geodienste.ch and geo.admin.ch terms of use",
          "quality": "AV93",
          "canton": "BE",
          "municipalityNumber": 355
        }
      },
      "geometry": {
        "type": "Polygon",
        "coordinates": [
          [
            [
              7.423121999999998,
              46.93072
            ],
            [
              7.4229223864314,
              46.93081282031003
            ],
            [
              7.422922275813141,
              46.93081271653004
            ],
            [
              7.422899173965963,
              46.93079082614449
            ],
            [
              7.4228869999999985,
              46.930779
            ],
            [
              7.422857388789523,
              46.93075088677576
            ],
            [
              7.422828350321143,
              46.930723029638294
            ],
            [
              7.422842455181807,
              46.9307165641511
            ],
            [
              7.423184608721736,
              46.93055946748249
            ],
            [
              7.423775076311545,
              46.93028712182145
            ],
            [
              7.424171437055945,
              46.930102432379975
            ],
            [
              7.42410108867019,
              46.930031018954395
            ],
            [
              7.424119605641985,
              46.930023024721095
            ],
            [
              7.424231095022717,
              46.93013478715188
            ],
            [
              7.424238276336352,
              46.93013948361146
            ],
            [
              7.424246061810755,
              46.93014371240095
            ],
            [
              7.42425439893728,
              46.930147419541974
            ],
            [
              7.424263182672923,
              46.93015058702988
            ],
            [
              7.424272373634753,
              46.93015317887852
            ],
            [
              7.424281866779651,
              46.93015517708341
            ],
            [
              7.424291084486656,
              46.93015607783577
            ],
            [
              7.424300394300393,
              46.93015631295459
            ],
            [
              7.424309691172501,
              46.93015588242584
            ],
            [
              7.42431887005207,
              46.93015479523066
            ],
            [
              7.424327839021755,
              46.93015305135691
            ],
            [
              7.424336493023043,
              46.930150686771384
            ],
            [
              7.4243447270051135,
              46.93014771045545
            ],
            [
              7.424352475300005,
              46.93014416737642
            ],
            [
              7.424556767525913,
              46.93004980770287
            ],
            [
              7.424455739784674,
              46.929949497866225
            ],
            [
              7.424445614497825,
              46.92995419202424
            ],
            [
              7.424313174628314,
              46.92981942626767
            ],
            [
              7.424126625032179,
              46.92990587212748
            ],
            [
              7.424259051515788,
              46.9300406380962
            ],
            [
              7.424266261371999,
              46.93003730184057
            ],
            [
              7.42433191062877,
              46.93010329942554
            ],
            [
              7.4243330263082035,
              46.9301049007205
            ],
            [
              7.424333485394798,
              46.930106654846526
            ],
            [
              7.424333169678932,
              46.93010866973019
            ],
            [
              7.424332000492075,
              46.930110531581654
            ],
            [
              7.424328047075131,
              46.93011401219878
            ],
            [
              7.424323410966182,
              46.93011706995013
            ],
            [
              7.4243181841026304,
              46.93011963288632
            ],
            [
              7.424313482721281,
              46.93012134134797
            ],
            [
              7.42430853196329,
              46.93012265398714
            ],
            [
              7.424303384355323,
              46.930123561815684
            ],
            [
              7.4242970027255835,
              46.93012344402586
            ],
            [
              7.424290673750454,
              46.930122867487356
            ],
            [
              7.424284883258963,
              46.93012189523143
            ],
            [
              7.42427926357309,
              46.930120563189945
            ],
            [
              7.424273827818841,
              46.93011888935498
            ],
            [
              7.424267867017608,
              46.93011654080923
            ],
            [
              7.424262313398234,
              46.930113769543055
            ],
            [
              7.424257206343496,
              46.93011061154265
            ],
            [
              7.424252611498094,
              46.93010710279764
            ],
            [
              7.42402931925838,
              46.929879520986375
            ],
            [
              7.424179753643429,
              46.929811429642506
            ],
            [
              7.424121772333265,
              46.929749058070556
            ],
            [
              7.42421757534874,
              46.92970333935177
            ],
            [
              7.424290404559051,
              46.92977701083761
            ],
            [
              7.424334438539769,
              46.929755734058645
            ],
            [
              7.424491715739669,
              46.92991291911932
            ],
            [
              7.424459619362501,
              46.929928377639
            ],
            [
              7.424576071080828,
              46.93004615818275
            ],
            [
              7.424649614017086,
              46.93001208497321
            ],
            [
              7.4249217351976124,
              46.929886025380746
            ],
            [
              7.424930307399715,
              46.929882077063226
            ],
            [
              7.424922,
              46.92988600000002
            ],
            [
              7.424650000000001,
              46.930012
            ],
            [
              7.424396999999999,
              46.930129
            ],
            [
              7.424144000000005,
              46.930246
            ],
            [
              7.423748999999999,
              46.930429
            ],
            [
              7.4234629999999955,
              46.930562
            ],
            [
              7.423121999999998,
              46.93072
            ]
          ],
          [
            [
              7.424208415055507,
              46.92973150210765
            ],
            [
              7.42418178206573,
              46.929743803966865
            ],
            [
              7.424226217254483,
              46.92978896586524
            ],
            [
              7.424252850256476,
              46.92977666399575
            ],
            [
              7.424208415055507,
              46.92973150210765
            ]
          ]
        ]
      }
    },
    {
      "type": "Feature",
      "properties": {
        "landCoverId": 30,
        "parcelId": "9900/9003/01",
        "buildingId": null,
        "type": "Gartenanlage",
        "typeGroup": "humusiert",
        "area": 1505.02,
        "egid": null,
        "egrid": "CH208035154682",
        "surveyStatus": "AV93",
        "canton": "BE",
        "municipalityNumber": 355,
        "provenance": {
          "dataStatus": "public-source",
          "buildingId": "9900/9003/AA",
          "notice": "Bodenbedeckung der amtlichen Vermessung (geodienste.ch WFS ms:LCSF), auf die AV-Parzelle zugeschnitten.",
          "geometryMethod": "AV land cover polygon (WFS, EPSG:4326) clipped to the AV parcel in a local azimuthal equidistant CRS; geodesic area",
          "sourceUrl": "https://geodienste.ch/db/av_0/deu?SERVICE=WFS&VERSION=2.0.0&REQUEST=GetFeature&TYPENAMES=ms%3ALCSF&SRSNAME=urn%3Aogc%3Adef%3Acrs%3AEPSG%3A%3A4326&BBOX=46.928664%2C7.420198%2C46.931278%2C7.425165%2Curn%3Aogc%3Adef%3Acrs%3AEPSG%3A%3A4326&OUTPUTFORMAT=geojson&COUNT=1000",
          "retrievedAt": "2026-09-23",
          "licence": "AV land cover © the cantons, distributed via geodienste.ch; see the geodienste.ch and geo.admin.ch terms of use",
          "quality": "AV93",
          "canton": "BE",
          "municipalityNumber": 355
        }
      },
      "geometry": {
        "type": "Polygon",
        "coordinates": [
          [
            [
              7.4203449999999975,
              46.930087
            ],
            [
              7.42084366617403,
              46.92985783713176
            ],
            [
              7.420844405222329,
              46.92985853477837
            ],
            [
              7.420898433162314,
              46.92991305455113
            ],
            [
              7.4209022266749525,
              46.929916878132325
            ],
            [
              7.420290603678998,
              46.93020029651304
            ],
            [
              7.4203164492558145,
              46.930226467915496
            ],
            [
              7.420392424099936,
              46.930303425654905
            ],
            [
              7.420468372906085,
              46.930380365348086
            ],
            [
              7.420484255765186,
              46.930396451423995
            ],
            [
              7.421080041499986,
              46.9301202795929
            ],
            [
              7.421081656051268,
              46.93012190798586
            ],
            [
              7.421164864563877,
              46.93020606254614
            ],
            [
              7.420594137216043,
              46.93046866521273
            ],
            [
              7.420421041182134,
              46.930548306881775
            ],
            [
              7.420418318710055,
              46.930544478065485
            ],
            [
              7.420415999999997,
              46.930541
            ],
            [
              7.420414200833594,
              46.93053868678638
            ],
            [
              7.420402522503355,
              46.93052226266538
            ],
            [
              7.420401894471595,
              46.930521341707625
            ],
            [
              7.420396999999993,
              46.93051400000001
            ],
            [
              7.420390999999995,
              46.930505000000004
            ],
            [
              7.42038825111007,
              46.930501334813755
            ],
            [
              7.420384621077488,
              46.93049601165974
            ],
            [
              7.4203673500284575,
              46.93046957185773
            ],
            [
              7.420233094221624,
              46.93026103141758
            ],
            [
              7.420229766684673,
              46.93025541671171
            ],
            [
              7.420228000000001,
              46.930251
            ],
            [
              7.420224999999992,
              46.930247
            ],
            [
              7.420223504472078,
              46.93024450745359
            ],
            [
              7.420221408464849,
              46.93024052116223
            ],
            [
              7.420219999999992,
              46.93023699999999
            ],
            [
              7.420217217626253,
              46.930232362710456
            ],
            [
              7.4202166540567225,
              46.930231135141895
            ],
            [
              7.420214999999988,
              46.93022700000001
            ],
            [
              7.420213000000002,
              46.930222
            ],
            [
              7.420211000000002,
              46.930217
            ],
            [
              7.420209000000005,
              46.930212
            ],
            [
              7.420206999999986,
              46.930207
            ],
            [
              7.420205000000004,
              46.930202
            ],
            [
              7.420203000000007,
              46.93019700000001
            ],
            [
              7.420202983116176,
              46.93019695779043
            ],
            [
              7.420201237101641,
              46.93019170898458
            ],
            [
              7.420200000000005,
              46.930187146376966
            ],
            [
              7.420200000000005,
              46.93018699999999
            ],
            [
              7.420199787287119,
              46.93018636186135
            ],
            [
              7.420199007797144,
              46.930183486990444
            ],
            [
              7.420199000000007,
              46.93018343540046
            ],
            [
              7.420199000000001,
              46.930181
            ],
            [
              7.420198472461044,
              46.9301799449221
            ],
            [
              7.420197999999996,
              46.93017681886817
            ],
            [
              7.420197999999994,
              46.93017600000001
            ],
            [
              7.420198000000002,
              46.930173999999994
            ],
            [
              7.420197999999994,
              46.930171
            ],
            [
              7.420198000000002,
              46.930168
            ],
            [
              7.420198000000004,
              46.93016599999999
            ],
            [
              7.420198,
              46.930163
            ],
            [
              7.420198999999996,
              46.93016
            ],
            [
              7.4201990000000055,
              46.930158000000006
            ],
            [
              7.420199000000018,
              46.93015499999999
            ],
            [
              7.4202030000000025,
              46.93015199999999
            ],
            [
              7.4203449999999975,
              46.930087
            ]
          ]
        ]
      }
    },
    {
      "type": "Feature",
      "properties": {
        "landCoverId": 31,
        "parcelId": "9900/9003/01",
        "buildingId": null,
        "type": "Gartenanlage",
        "typeGroup": "humusiert",
        "area": 1400.86,
        "egid": null,
        "egrid": "CH208035154682",
        "surveyStatus": "AV93",
        "canton": "BE",
        "municipalityNumber": 355,
        "provenance": {
          "dataStatus": "public-source",
          "buildingId": "9900/9003/AA",
          "notice": "Bodenbedeckung der amtlichen Vermessung (geodienste.ch WFS ms:LCSF), auf die AV-Parzelle zugeschnitten.",
          "geometryMethod": "AV land cover polygon (WFS, EPSG:4326) clipped to the AV parcel in a local azimuthal equidistant CRS; geodesic area",
          "sourceUrl": "https://geodienste.ch/db/av_0/deu?SERVICE=WFS&VERSION=2.0.0&REQUEST=GetFeature&TYPENAMES=ms%3ALCSF&SRSNAME=urn%3Aogc%3Adef%3Acrs%3AEPSG%3A%3A4326&BBOX=46.928664%2C7.420198%2C46.931278%2C7.425165%2Curn%3Aogc%3Adef%3Acrs%3AEPSG%3A%3A4326&OUTPUTFORMAT=geojson&COUNT=1000",
          "retrievedAt": "2026-09-23",
          "licence": "AV land cover © the cantons, distributed via geodienste.ch; see the geodienste.ch and geo.admin.ch terms of use",
          "quality": "AV93",
          "canton": "BE",
          "municipalityNumber": 355
        }
      },
      "geometry": {
        "type": "Polygon",
        "coordinates": [
          [
            [
              7.4228605485399894,
              46.92970873514177
            ],
            [
              7.4227387063922645,
              46.92958501521675
            ],
            [
              7.422742580535303,
              46.92958329770272
            ],
            [
              7.422741149745252,
              46.92958178629777
            ],
            [
              7.422882799658731,
              46.92951606110099
            ],
            [
              7.4231955156333775,
              46.92937095967365
            ],
            [
              7.4232706139030125,
              46.92944700687188
            ],
            [
              7.423877340686611,
              46.929164930137645
            ],
            [
              7.423877918229607,
              46.92916564983334
            ],
            [
              7.423523404410815,
              46.92946109313321
            ],
            [
              7.423510887888238,
              46.92947058131761
            ],
            [
              7.423497885611901,
              46.929479763595445
            ],
            [
              7.423484423846109,
              46.92948863097491
            ],
            [
              7.423470528857991,
              46.92949716546922
            ],
            [
              7.423455859188935,
              46.92950555592939
            ],
            [
              7.423440756308281,
              46.9295135775232
            ],
            [
              7.423425246480494,
              46.92952122125891
            ],
            [
              7.423409355967471,
              46.929528487140075
            ],
            [
              7.422957566767542,
              46.929727927052724
            ],
            [
              7.422936410232603,
              46.9297365054028
            ],
            [
              7.4228941683202025,
              46.92969362810501
            ],
            [
              7.4228605485399894,
              46.92970873514177
            ]
          ]
        ]
      }
    },
    {
      "type": "Feature",
      "properties": {
        "landCoverId": 32,
        "parcelId": "9900/9003/01",
        "buildingId": null,
        "type": "Gartenanlage",
        "typeGroup": "humusiert",
        "area": 950.36,
        "egid": null,
        "egrid": "CH208035154682",
        "surveyStatus": "AV93",
        "canton": "BE",
        "municipalityNumber": 355,
        "provenance": {
          "dataStatus": "public-source",
          "buildingId": "9900/9003/AA",
          "notice": "Bodenbedeckung der amtlichen Vermessung (geodienste.ch WFS ms:LCSF), auf die AV-Parzelle zugeschnitten.",
          "geometryMethod": "AV land cover polygon (WFS, EPSG:4326) clipped to the AV parcel in a local azimuthal equidistant CRS; geodesic area",
          "sourceUrl": "https://geodienste.ch/db/av_0/deu?SERVICE=WFS&VERSION=2.0.0&REQUEST=GetFeature&TYPENAMES=ms%3ALCSF&SRSNAME=urn%3Aogc%3Adef%3Acrs%3AEPSG%3A%3A4326&BBOX=46.928664%2C7.420198%2C46.931278%2C7.425165%2Curn%3Aogc%3Adef%3Acrs%3AEPSG%3A%3A4326&OUTPUTFORMAT=geojson&COUNT=1000",
          "retrievedAt": "2026-09-23",
          "licence": "AV land cover © the cantons, distributed via geodienste.ch; see the geodienste.ch and geo.admin.ch terms of use",
          "quality": "AV93",
          "canton": "BE",
          "municipalityNumber": 355
        }
      },
      "geometry": {
        "type": "Polygon",
        "coordinates": [
          [
            [
              7.420984967069286,
              46.93121795163307
            ],
            [
              7.4209661658469885,
              46.931190337348845
            ],
            [
              7.420952989340158,
              46.93117061988996
            ],
            [
              7.420939137208229,
              46.93115087660299
            ],
            [
              7.420922,
              46.931126
            ],
            [
              7.420898100172456,
              46.93109507082004
            ],
            [
              7.420888243679442,
              46.93108214151425
            ],
            [
              7.420854104496466,
              46.931038716089
            ],
            [
              7.420824225082595,
              46.93100389496148
            ],
            [
              7.420839000000002,
              46.93099699999999
            ],
            [
              7.4208389547777776,
              46.93099694965835
            ],
            [
              7.420839333380848,
              46.930996778035215
            ],
            [
              7.4207990829528505,
              46.93095256405625
            ],
            [
              7.420786000000001,
              46.930938
            ],
            [
              7.420785874492332,
              46.93093805490961
            ],
            [
              7.420785778641669,
              46.93093794962015
            ],
            [
              7.420770137056213,
              46.93094461249557
            ],
            [
              7.420731833167854,
              46.93090290426013
            ],
            [
              7.420703228280786,
              46.930871354723685
            ],
            [
              7.420734192747749,
              46.93084440901495
            ],
            [
              7.420875388089201,
              46.93078089006577
            ],
            [
              7.420909674254815,
              46.93081658863108
            ],
            [
              7.420993740351782,
              46.930777536148504
            ],
            [
              7.421013860311413,
              46.93076876909144
            ],
            [
              7.421172180178454,
              46.93092909818286
            ],
            [
              7.421241760242453,
              46.930896852556344
            ],
            [
              7.421273224822733,
              46.93092872759853
            ],
            [
              7.420942331251701,
              46.93108202440333
            ],
            [
              7.4210047483762285,
              46.93114524384146
            ],
            [
              7.421042835077965,
              46.93112759243461
            ],
            [
              7.421057846482763,
              46.93112064157363
            ],
            [
              7.4210682743536465,
              46.93111580384196
            ],
            [
              7.42110502900614,
              46.93115304092559
            ],
            [
              7.421107090939689,
              46.93115208776696
            ],
            [
              7.421115072747919,
              46.93115787297051
            ],
            [
              7.421351945203633,
              46.931048052536006
            ],
            [
              7.4213472072827615,
              46.93104083762855
            ],
            [
              7.421355034719021,
              46.9310372138087
            ],
            [
              7.421353301993732,
              46.9310354594682
            ],
            [
              7.421408987161497,
              46.931009436207006
            ],
            [
              7.421428440758677,
              46.93102972347681
            ],
            [
              7.421071897700247,
              46.93119453943673
            ],
            [
              7.4210229507527385,
              46.931214087080164
            ],
            [
              7.42101998265575,
              46.931215336931984
            ],
            [
              7.421014981486468,
              46.93121001096083
            ],
            [
              7.420984967069286,
              46.93121795163307
            ]
          ]
        ]
      }
    },
    {
      "type": "Feature",
      "properties": {
        "landCoverId": 33,
        "parcelId": "9900/9003/01",
        "buildingId": null,
        "type": "Gartenanlage",
        "typeGroup": "humusiert",
        "area": 614.56,
        "egid": null,
        "egrid": "CH208035154682",
        "surveyStatus": "AV93",
        "canton": "BE",
        "municipalityNumber": 355,
        "provenance": {
          "dataStatus": "public-source",
          "buildingId": "9900/9003/AA",
          "notice": "Bodenbedeckung der amtlichen Vermessung (geodienste.ch WFS ms:LCSF), auf die AV-Parzelle zugeschnitten.",
          "geometryMethod": "AV land cover polygon (WFS, EPSG:4326) clipped to the AV parcel in a local azimuthal equidistant CRS; geodesic area",
          "sourceUrl": "https://geodienste.ch/db/av_0/deu?SERVICE=WFS&VERSION=2.0.0&REQUEST=GetFeature&TYPENAMES=ms%3ALCSF&SRSNAME=urn%3Aogc%3Adef%3Acrs%3AEPSG%3A%3A4326&BBOX=46.928664%2C7.420198%2C46.931278%2C7.425165%2Curn%3Aogc%3Adef%3Acrs%3AEPSG%3A%3A4326&OUTPUTFORMAT=geojson&COUNT=1000",
          "retrievedAt": "2026-09-23",
          "licence": "AV land cover © the cantons, distributed via geodienste.ch; see the geodienste.ch and geo.admin.ch terms of use",
          "quality": "AV93",
          "canton": "BE",
          "municipalityNumber": 355
        }
      },
      "geometry": {
        "type": "Polygon",
        "coordinates": [
          [
            [
              7.420539,
              46.930693000000005
            ],
            [
              7.42051392338489,
              46.93066497320108
            ],
            [
              7.4205048323761655,
              46.93065454523782
            ],
            [
              7.42048951924421,
              46.93063623545617
            ],
            [
              7.4204719999999975,
              46.93061499999999
            ],
            [
              7.420467788582638,
              46.93060953654461
            ],
            [
              7.420488910680403,
              46.93059972581284
            ],
            [
              7.42066745734151,
              46.93051679269828
            ],
            [
              7.4207337147423,
              46.930485311421585
            ],
            [
              7.420892584450835,
              46.93064562300782
            ],
            [
              7.420872267447287,
              46.930654686853195
            ],
            [
              7.420789935053428,
              46.93069291197334
            ],
            [
              7.420823472709544,
              46.93072838556206
            ],
            [
              7.42068433881168,
              46.93079254344758
            ],
            [
              7.420639728437774,
              46.93080340227816
            ],
            [
              7.420626685920477,
              46.930789199152734
            ],
            [
              7.420539,
              46.930693000000005
            ]
          ]
        ]
      }
    },
    {
      "type": "Feature",
      "properties": {
        "landCoverId": 34,
        "parcelId": "9900/9003/01",
        "buildingId": null,
        "type": "Gartenanlage",
        "typeGroup": "humusiert",
        "area": 558.77,
        "egid": null,
        "egrid": "CH208035154682",
        "surveyStatus": "AV93",
        "canton": "BE",
        "municipalityNumber": 355,
        "provenance": {
          "dataStatus": "public-source",
          "buildingId": "9900/9003/AA",
          "notice": "Bodenbedeckung der amtlichen Vermessung (geodienste.ch WFS ms:LCSF), auf die AV-Parzelle zugeschnitten.",
          "geometryMethod": "AV land cover polygon (WFS, EPSG:4326) clipped to the AV parcel in a local azimuthal equidistant CRS; geodesic area",
          "sourceUrl": "https://geodienste.ch/db/av_0/deu?SERVICE=WFS&VERSION=2.0.0&REQUEST=GetFeature&TYPENAMES=ms%3ALCSF&SRSNAME=urn%3Aogc%3Adef%3Acrs%3AEPSG%3A%3A4326&BBOX=46.928664%2C7.420198%2C46.931278%2C7.425165%2Curn%3Aogc%3Adef%3Acrs%3AEPSG%3A%3A4326&OUTPUTFORMAT=geojson&COUNT=1000",
          "retrievedAt": "2026-09-23",
          "licence": "AV land cover © the cantons, distributed via geodienste.ch; see the geodienste.ch and geo.admin.ch terms of use",
          "quality": "AV93",
          "canton": "BE",
          "municipalityNumber": 355
        }
      },
      "geometry": {
        "type": "Polygon",
        "coordinates": [
          [
            [
              7.420994786894156,
              46.930409542543494
            ],
            [
              7.420963138212525,
              46.930379790260034
            ],
            [
              7.421225603751659,
              46.93025877520497
            ],
            [
              7.421322295268947,
              46.93035181007677
            ],
            [
              7.421318972636221,
              46.930353212798394
            ],
            [
              7.421342994233828,
              46.930377431717915
            ],
            [
              7.421431506779909,
              46.93046669620139
            ],
            [
              7.421434565278438,
              46.9304697820413
            ],
            [
              7.4214048055570725,
              46.9304836569177
            ],
            [
              7.421172663434263,
              46.93059191306728
            ],
            [
              7.421143208258913,
              46.93055977745843
            ],
            [
              7.421256337390969,
              46.93050753349647
            ],
            [
              7.421226986445775,
              46.93047778165438
            ],
            [
              7.421113857350935,
              46.93053001659244
            ],
            [
              7.421083810720026,
              46.93049969790366
            ],
            [
              7.421196861058453,
              46.93044727408315
            ],
            [
              7.421167391984124,
              46.930417567182516
            ],
            [
              7.421054354813649,
              46.930469981981155
            ],
            [
              7.421024111392639,
              46.930439348412406
            ],
            [
              7.421137371675825,
              46.93038716755463
            ],
            [
              7.421108060274027,
              46.93035736171664
            ],
            [
              7.420994786894156,
              46.930409542543494
            ]
          ]
        ]
      }
    },
    {
      "type": "Feature",
      "properties": {
        "landCoverId": 35,
        "parcelId": "9900/9003/01",
        "buildingId": null,
        "type": "Gartenanlage",
        "typeGroup": "humusiert",
        "area": 355.69,
        "egid": null,
        "egrid": "CH208035154682",
        "surveyStatus": "AV93",
        "canton": "BE",
        "municipalityNumber": 355,
        "provenance": {
          "dataStatus": "public-source",
          "buildingId": "9900/9003/AA",
          "notice": "Bodenbedeckung der amtlichen Vermessung (geodienste.ch WFS ms:LCSF), auf die AV-Parzelle zugeschnitten.",
          "geometryMethod": "AV land cover polygon (WFS, EPSG:4326) clipped to the AV parcel in a local azimuthal equidistant CRS; geodesic area",
          "sourceUrl": "https://geodienste.ch/db/av_0/deu?SERVICE=WFS&VERSION=2.0.0&REQUEST=GetFeature&TYPENAMES=ms%3ALCSF&SRSNAME=urn%3Aogc%3Adef%3Acrs%3AEPSG%3A%3A4326&BBOX=46.928664%2C7.420198%2C46.931278%2C7.425165%2Curn%3Aogc%3Adef%3Acrs%3AEPSG%3A%3A4326&OUTPUTFORMAT=geojson&COUNT=1000",
          "retrievedAt": "2026-09-23",
          "licence": "AV land cover © the cantons, distributed via geodienste.ch; see the geodienste.ch and geo.admin.ch terms of use",
          "quality": "AV93",
          "canton": "BE",
          "municipalityNumber": 355
        }
      },
      "geometry": {
        "type": "Polygon",
        "coordinates": [
          [
            [
              7.421386622646344,
              46.93039540208463
            ],
            [
              7.421360710799267,
              46.930369266895006
            ],
            [
              7.421674801341658,
              46.93022458364051
            ],
            [
              7.421700805299766,
              46.930250385951496
            ],
            [
              7.421713393759577,
              46.930262990198486
            ],
            [
              7.4217379406762625,
              46.93028738902159
            ],
            [
              7.421766031826252,
              46.93031531451102
            ],
            [
              7.421741932646539,
              46.93032650978575
            ],
            [
              7.421452216226291,
              46.930461554227435
            ],
            [
              7.421423482105533,
              46.930432549135176
            ],
            [
              7.421399197923165,
              46.93040804234454
            ],
            [
              7.421386622646344,
              46.93039540208463
            ]
          ]
        ]
      }
    },
    {
      "type": "Feature",
      "properties": {
        "landCoverId": 36,
        "parcelId": "9900/9003/01",
        "buildingId": null,
        "type": "Gartenanlage",
        "typeGroup": "humusiert",
        "area": 314.76,
        "egid": null,
        "egrid": "CH208035154682",
        "surveyStatus": "AV93",
        "canton": "BE",
        "municipalityNumber": 355,
        "provenance": {
          "dataStatus": "public-source",
          "buildingId": "9900/9003/AA",
          "notice": "Bodenbedeckung der amtlichen Vermessung (geodienste.ch WFS ms:LCSF), auf die AV-Parzelle zugeschnitten.",
          "geometryMethod": "AV land cover polygon (WFS, EPSG:4326) clipped to the AV parcel in a local azimuthal equidistant CRS; geodesic area",
          "sourceUrl": "https://geodienste.ch/db/av_0/deu?SERVICE=WFS&VERSION=2.0.0&REQUEST=GetFeature&TYPENAMES=ms%3ALCSF&SRSNAME=urn%3Aogc%3Adef%3Acrs%3AEPSG%3A%3A4326&BBOX=46.928664%2C7.420198%2C46.931278%2C7.425165%2Curn%3Aogc%3Adef%3Acrs%3AEPSG%3A%3A4326&OUTPUTFORMAT=geojson&COUNT=1000",
          "retrievedAt": "2026-09-23",
          "licence": "AV land cover © the cantons, distributed via geodienste.ch; see the geodienste.ch and geo.admin.ch terms of use",
          "quality": "AV93",
          "canton": "BE",
          "municipalityNumber": 355
        }
      },
      "geometry": {
        "type": "Polygon",
        "coordinates": [
          [
            [
              7.422144302344214,
              46.929370957245816
            ],
            [
              7.422094828712235,
              46.92932061252763
            ],
            [
              7.422354095434437,
              46.92920057485271
            ],
            [
              7.422412508347296,
              46.929260032944505
            ],
            [
              7.42245145490153,
              46.92929915892943
            ],
            [
              7.42243698264062,
              46.929305822209415
            ],
            [
              7.422322071178791,
              46.92935875071529
            ],
            [
              7.422199726319817,
              46.92941515912096
            ],
            [
              7.422191465801573,
              46.929418962837836
            ],
            [
              7.422144302344214,
              46.929370957245816
            ]
          ]
        ]
      }
    },
    {
      "type": "Feature",
      "properties": {
        "landCoverId": 37,
        "parcelId": "9900/9003/01",
        "buildingId": null,
        "type": "Gartenanlage",
        "typeGroup": "humusiert",
        "area": 191.19,
        "egid": null,
        "egrid": "CH208035154682",
        "surveyStatus": "AV93",
        "canton": "BE",
        "municipalityNumber": 355,
        "provenance": {
          "dataStatus": "public-source",
          "buildingId": "9900/9003/AA",
          "notice": "Bodenbedeckung der amtlichen Vermessung (geodienste.ch WFS ms:LCSF), auf die AV-Parzelle zugeschnitten.",
          "geometryMethod": "AV land cover polygon (WFS, EPSG:4326) clipped to the AV parcel in a local azimuthal equidistant CRS; geodesic area",
          "sourceUrl": "https://geodienste.ch/db/av_0/deu?SERVICE=WFS&VERSION=2.0.0&REQUEST=GetFeature&TYPENAMES=ms%3ALCSF&SRSNAME=urn%3Aogc%3Adef%3Acrs%3AEPSG%3A%3A4326&BBOX=46.928664%2C7.420198%2C46.931278%2C7.425165%2Curn%3Aogc%3Adef%3Acrs%3AEPSG%3A%3A4326&OUTPUTFORMAT=geojson&COUNT=1000",
          "retrievedAt": "2026-09-23",
          "licence": "AV land cover © the cantons, distributed via geodienste.ch; see the geodienste.ch and geo.admin.ch terms of use",
          "quality": "AV93",
          "canton": "BE",
          "municipalityNumber": 355
        }
      },
      "geometry": {
        "type": "Polygon",
        "coordinates": [
          [
            [
              7.420912642287577,
              46.92982613871864
            ],
            [
              7.421177818006058,
              46.929704274788214
            ],
            [
              7.421178429935286,
              46.92970489691192
            ],
            [
              7.421235332670862,
              46.92976251133976
            ],
            [
              7.420971030739811,
              46.92988499234663
            ],
            [
              7.420913117295929,
              46.92982674795936
            ],
            [
              7.420912642287577,
              46.92982613871864
            ]
          ]
        ]
      }
    },
    {
      "type": "Feature",
      "properties": {
        "landCoverId": 38,
        "parcelId": "9900/9003/01",
        "buildingId": null,
        "type": "Gartenanlage",
        "typeGroup": "humusiert",
        "area": 164.42,
        "egid": null,
        "egrid": "CH208035154682",
        "surveyStatus": "AV93",
        "canton": "BE",
        "municipalityNumber": 355,
        "provenance": {
          "dataStatus": "public-source",
          "buildingId": "9900/9003/AA",
          "notice": "Bodenbedeckung der amtlichen Vermessung (geodienste.ch WFS ms:LCSF), auf die AV-Parzelle zugeschnitten.",
          "geometryMethod": "AV land cover polygon (WFS, EPSG:4326) clipped to the AV parcel in a local azimuthal equidistant CRS; geodesic area",
          "sourceUrl": "https://geodienste.ch/db/av_0/deu?SERVICE=WFS&VERSION=2.0.0&REQUEST=GetFeature&TYPENAMES=ms%3ALCSF&SRSNAME=urn%3Aogc%3Adef%3Acrs%3AEPSG%3A%3A4326&BBOX=46.928664%2C7.420198%2C46.931278%2C7.425165%2Curn%3Aogc%3Adef%3Acrs%3AEPSG%3A%3A4326&OUTPUTFORMAT=geojson&COUNT=1000",
          "retrievedAt": "2026-09-23",
          "licence": "AV land cover © the cantons, distributed via geodienste.ch; see the geodienste.ch and geo.admin.ch terms of use",
          "quality": "AV93",
          "canton": "BE",
          "municipalityNumber": 355
        }
      },
      "geometry": {
        "type": "Polygon",
        "coordinates": [
          [
            [
              7.423998271512022,
              46.92904114565308
            ],
            [
              7.423869441747204,
              46.92910029850087
            ],
            [
              7.42390498617723,
              46.92905700945037
            ],
            [
              7.423919366802678,
              46.92900350793539
            ],
            [
              7.4239014716955705,
              46.928996435253005
            ],
            [
              7.423933653356363,
              46.92895731051244
            ],
            [
              7.423876160461869,
              46.92893514744437
            ],
            [
              7.42390888037618,
              46.928896319626
            ],
            [
              7.424055888216137,
              46.9289535491747
            ],
            [
              7.424061100400073,
              46.928955996577734
            ],
            [
              7.424065669028987,
              46.92895896561519
            ],
            [
              7.424069515334265,
              46.92896240230531
            ],
            [
              7.424072508037342,
              46.92896620768301
            ],
            [
              7.424074502793743,
              46.928970057901466
            ],
            [
              7.424075630876638,
              46.92897406991612
            ],
            [
              7.4240758660529815,
              46.92897814477629
            ],
            [
              7.424075208343361,
              46.92898221052017
            ],
            [
              7.424073684040163,
              46.92898615920899
            ],
            [
              7.424071306299894,
              46.928989900892404
            ],
            [
              7.424062873972841,
              46.92899822930982
            ],
            [
              7.42405378520076,
              46.92900623381017
            ],
            [
              7.424044079386117,
              46.92901387841773
            ],
            [
              7.424033480731534,
              46.929021342999064
            ],
            [
              7.42402229131119,
              46.929028393719605
            ],
            [
              7.42401053739442,
              46.92903500359718
            ],
            [
              7.423998271512022,
              46.92904114565308
            ]
          ]
        ]
      }
    },
    {
      "type": "Feature",
      "properties": {
        "landCoverId": 39,
        "parcelId": "9900/9003/01",
        "buildingId": null,
        "type": "Gartenanlage",
        "typeGroup": "humusiert",
        "area": 159.92,
        "egid": null,
        "egrid": "CH208035154682",
        "surveyStatus": "AV93",
        "canton": "BE",
        "municipalityNumber": 355,
        "provenance": {
          "dataStatus": "public-source",
          "buildingId": "9900/9003/AA",
          "notice": "Bodenbedeckung der amtlichen Vermessung (geodienste.ch WFS ms:LCSF), auf die AV-Parzelle zugeschnitten.",
          "geometryMethod": "AV land cover polygon (WFS, EPSG:4326) clipped to the AV parcel in a local azimuthal equidistant CRS; geodesic area",
          "sourceUrl": "https://geodienste.ch/db/av_0/deu?SERVICE=WFS&VERSION=2.0.0&REQUEST=GetFeature&TYPENAMES=ms%3ALCSF&SRSNAME=urn%3Aogc%3Adef%3Acrs%3AEPSG%3A%3A4326&BBOX=46.928664%2C7.420198%2C46.931278%2C7.425165%2Curn%3Aogc%3Adef%3Acrs%3AEPSG%3A%3A4326&OUTPUTFORMAT=geojson&COUNT=1000",
          "retrievedAt": "2026-09-23",
          "licence": "AV land cover © the cantons, distributed via geodienste.ch; see the geodienste.ch and geo.admin.ch terms of use",
          "quality": "AV93",
          "canton": "BE",
          "municipalityNumber": 355
        }
      },
      "geometry": {
        "type": "Polygon",
        "coordinates": [
          [
            [
              7.421186168502986,
              46.930688559704386
            ],
            [
              7.421137823355979,
              46.930639600026424
            ],
            [
              7.42115037875031,
              46.93063364722451
            ],
            [
              7.421423740809996,
              46.9309101764845
            ],
            [
              7.421426851699957,
              46.93091373008327
            ],
            [
              7.421429266555281,
              46.930917526441974
            ],
            [
              7.421430946003571,
              46.930921502588085
            ],
            [
              7.421431863803585,
              46.930925595550974
            ],
            [
              7.421432006848275,
              46.93092973336706
            ],
            [
              7.421431362027552,
              46.930933853067756
            ],
            [
              7.4214298767830265,
              46.930938053591966
            ],
            [
              7.421427564330823,
              46.93094208307608
            ],
            [
              7.421424490354129,
              46.93094586057366
            ],
            [
              7.421420707401941,
              46.930949314131325
            ],
            [
              7.421416268017227,
              46.930952389786185
            ],
            [
              7.4214112772678185,
              46.93095503358359
            ],
            [
              7.421360845624695,
              46.93097815223208
            ],
            [
              7.421312696964447,
              46.930929372565785
            ],
            [
              7.42129987221278,
              46.930916381444725
            ],
            [
              7.421297915356517,
              46.93091728964761
            ],
            [
              7.421266437637108,
              46.93088541461005
            ],
            [
              7.421279662826061,
              46.93087928199734
            ],
            [
              7.421331709884855,
              46.93085516517428
            ],
            [
              7.421173127217024,
              46.93069460238404
            ],
            [
              7.421186168502986,
              46.930688559704386
            ]
          ]
        ]
      }
    },
    {
      "type": "Feature",
      "properties": {
        "landCoverId": 40,
        "parcelId": "9900/9003/01",
        "buildingId": null,
        "type": "Gartenanlage",
        "typeGroup": "humusiert",
        "area": 58.58,
        "egid": null,
        "egrid": "CH208035154682",
        "surveyStatus": "AV93",
        "canton": "BE",
        "municipalityNumber": 355,
        "provenance": {
          "dataStatus": "public-source",
          "buildingId": "9900/9003/AA",
          "notice": "Bodenbedeckung der amtlichen Vermessung (geodienste.ch WFS ms:LCSF), auf die AV-Parzelle zugeschnitten.",
          "geometryMethod": "AV land cover polygon (WFS, EPSG:4326) clipped to the AV parcel in a local azimuthal equidistant CRS; geodesic area",
          "sourceUrl": "https://geodienste.ch/db/av_0/deu?SERVICE=WFS&VERSION=2.0.0&REQUEST=GetFeature&TYPENAMES=ms%3ALCSF&SRSNAME=urn%3Aogc%3Adef%3Acrs%3AEPSG%3A%3A4326&BBOX=46.928664%2C7.420198%2C46.931278%2C7.425165%2Curn%3Aogc%3Adef%3Acrs%3AEPSG%3A%3A4326&OUTPUTFORMAT=geojson&COUNT=1000",
          "retrievedAt": "2026-09-23",
          "licence": "AV land cover © the cantons, distributed via geodienste.ch; see the geodienste.ch and geo.admin.ch terms of use",
          "quality": "AV93",
          "canton": "BE",
          "municipalityNumber": 355
        }
      },
      "geometry": {
        "type": "Polygon",
        "coordinates": [
          [
            [
              7.421051864137765,
              46.93057189723472
            ],
            [
              7.420893296277118,
              46.93041132505602
            ],
            [
              7.420919588715328,
              46.93039968055763
            ],
            [
              7.421123731749558,
              46.93060696315644
            ],
            [
              7.421125713858107,
              46.930608969406485
            ],
            [
              7.421113132297392,
              46.930614652345376
            ],
            [
              7.421064931672883,
              46.93056584557778
            ],
            [
              7.421051864137765,
              46.93057189723472
            ]
          ]
        ]
      }
    },
    {
      "type": "Feature",
      "properties": {
        "landCoverId": 41,
        "parcelId": "9900/9003/01",
        "buildingId": "9900/9003/AA",
        "type": "Gebaeude",
        "typeGroup": "gebaeude",
        "area": 4142.73,
        "egid": "191458950",
        "egrid": "CH208035154682",
        "surveyStatus": "AV93",
        "canton": "BE",
        "municipalityNumber": 355,
        "provenance": {
          "dataStatus": "public-source",
          "buildingId": "9900/9003/AA",
          "notice": "Bodenbedeckung der amtlichen Vermessung (geodienste.ch WFS ms:LCSF), auf die AV-Parzelle zugeschnitten.",
          "geometryMethod": "AV land cover polygon (WFS, EPSG:4326) clipped to the AV parcel in a local azimuthal equidistant CRS; geodesic area",
          "sourceUrl": "https://geodienste.ch/db/av_0/deu?SERVICE=WFS&VERSION=2.0.0&REQUEST=GetFeature&TYPENAMES=ms%3ALCSF&SRSNAME=urn%3Aogc%3Adef%3Acrs%3AEPSG%3A%3A4326&BBOX=46.928664%2C7.420198%2C46.931278%2C7.425165%2Curn%3Aogc%3Adef%3Acrs%3AEPSG%3A%3A4326&OUTPUTFORMAT=geojson&COUNT=1000",
          "retrievedAt": "2026-09-23",
          "licence": "AV land cover © the cantons, distributed via geodienste.ch; see the geodienste.ch and geo.admin.ch terms of use",
          "quality": "AV93",
          "canton": "BE",
          "municipalityNumber": 355
        }
      },
      "geometry": {
        "type": "Polygon",
        "coordinates": [
          [
            [
              7.4203164492558145,
              46.930226467915496
            ],
            [
              7.420290603678998,
              46.93020029651304
            ],
            [
              7.4209022266749525,
              46.929916878132325
            ],
            [
              7.420971030739811,
              46.92988499234663
            ],
            [
              7.421235332670862,
              46.92976251133976
            ],
            [
              7.422002911173451,
              46.92940680849335
            ],
            [
              7.422196487939914,
              46.92960273564124
            ],
            [
              7.421080041499986,
              46.9301202795929
            ],
            [
              7.420484255765186,
              46.930396451423995
            ],
            [
              7.420468372906085,
              46.930380365348086
            ],
            [
              7.420392424099936,
              46.930303425654905
            ],
            [
              7.4203164492558145,
              46.930226467915496
            ]
          ]
        ]
      }
    },
    {
      "type": "Feature",
      "properties": {
        "landCoverId": 42,
        "parcelId": "9900/9003/01",
        "buildingId": null,
        "type": "Gebaeude",
        "typeGroup": "gebaeude",
        "area": 2013.69,
        "egid": "9062132",
        "egrid": "CH208035154682",
        "surveyStatus": "AV93",
        "canton": "BE",
        "municipalityNumber": 355,
        "provenance": {
          "dataStatus": "public-source",
          "buildingId": "9900/9003/AA",
          "notice": "Bodenbedeckung der amtlichen Vermessung (geodienste.ch WFS ms:LCSF), auf die AV-Parzelle zugeschnitten.",
          "geometryMethod": "AV land cover polygon (WFS, EPSG:4326) clipped to the AV parcel in a local azimuthal equidistant CRS; geodesic area",
          "sourceUrl": "https://geodienste.ch/db/av_0/deu?SERVICE=WFS&VERSION=2.0.0&REQUEST=GetFeature&TYPENAMES=ms%3ALCSF&SRSNAME=urn%3Aogc%3Adef%3Acrs%3AEPSG%3A%3A4326&BBOX=46.928664%2C7.420198%2C46.931278%2C7.425165%2Curn%3Aogc%3Adef%3Acrs%3AEPSG%3A%3A4326&OUTPUTFORMAT=geojson&COUNT=1000",
          "retrievedAt": "2026-09-23",
          "licence": "AV land cover © the cantons, distributed via geodienste.ch; see the geodienste.ch and geo.admin.ch terms of use",
          "quality": "AV93",
          "canton": "BE",
          "municipalityNumber": 355
        }
      },
      "geometry": {
        "type": "Polygon",
        "coordinates": [
          [
            [
              7.422564000437065,
              46.929377272093625
            ],
            [
              7.422502778070907,
              46.92931519605637
            ],
            [
              7.422505575342347,
              46.92931390116423
            ],
            [
              7.423127275526304,
              46.929025767864225
            ],
            [
              7.423381159426441,
              46.929282590221575
            ],
            [
              7.423384336108679,
              46.929285801959566
            ],
            [
              7.423289689269493,
              46.92932944225624
            ],
            [
              7.423288219072934,
              46.92932794884283
            ],
            [
              7.4232118658056985,
              46.92936337006032
            ],
            [
              7.4231955156333775,
              46.92937095967365
            ],
            [
              7.422882799658731,
              46.92951606110099
            ],
            [
              7.422741149745252,
              46.92958178629777
            ],
            [
              7.422742580535303,
              46.92958329770272
            ],
            [
              7.4227387063922645,
              46.92958501521675
            ],
            [
              7.422620907718659,
              46.92946567642361
            ],
            [
              7.422625202165608,
              46.92946357218196
            ],
            [
              7.422627039894318,
              46.929465434461726
            ],
            [
              7.422653817566808,
              46.92945305202825
            ],
            [
              7.422616354192434,
              46.92941501475295
            ],
            [
              7.422612613107964,
              46.929411218221674
            ],
            [
              7.422614793139469,
              46.92941022007712
            ],
            [
              7.42257668662368,
              46.929371517048004
            ],
            [
              7.422564000437065,
              46.929377272093625
            ]
          ]
        ]
      }
    },
    {
      "type": "Feature",
      "properties": {
        "landCoverId": 43,
        "parcelId": "9900/9003/01",
        "buildingId": null,
        "type": "Gebaeude",
        "typeGroup": "gebaeude",
        "area": 1793.46,
        "egid": "1273941",
        "egrid": "CH208035154682",
        "surveyStatus": "AV93",
        "canton": "BE",
        "municipalityNumber": 355,
        "provenance": {
          "dataStatus": "public-source",
          "buildingId": "9900/9003/AA",
          "notice": "Bodenbedeckung der amtlichen Vermessung (geodienste.ch WFS ms:LCSF), auf die AV-Parzelle zugeschnitten.",
          "geometryMethod": "AV land cover polygon (WFS, EPSG:4326) clipped to the AV parcel in a local azimuthal equidistant CRS; geodesic area",
          "sourceUrl": "https://geodienste.ch/db/av_0/deu?SERVICE=WFS&VERSION=2.0.0&REQUEST=GetFeature&TYPENAMES=ms%3ALCSF&SRSNAME=urn%3Aogc%3Adef%3Acrs%3AEPSG%3A%3A4326&BBOX=46.928664%2C7.420198%2C46.931278%2C7.425165%2Curn%3Aogc%3Adef%3Acrs%3AEPSG%3A%3A4326&OUTPUTFORMAT=geojson&COUNT=1000",
          "retrievedAt": "2026-09-23",
          "licence": "AV land cover © the cantons, distributed via geodienste.ch; see the geodienste.ch and geo.admin.ch terms of use",
          "quality": "AV93",
          "canton": "BE",
          "municipalityNumber": 355
        }
      },
      "geometry": {
        "type": "Polygon",
        "coordinates": [
          [
            [
              7.421806674171089,
              46.929992572906144
            ],
            [
              7.42180347136285,
              46.92998910925497
            ],
            [
              7.422117072952245,
              46.92984348020554
            ],
            [
              7.422157719291796,
              46.929824605466756
            ],
            [
              7.42237948132023,
              46.93004862860184
            ],
            [
              7.4225630067448565,
              46.930234029208115
            ],
            [
              7.422208337130816,
              46.9303986331228
            ],
            [
              7.422005240550366,
              46.93019328658136
            ],
            [
              7.422003691603379,
              46.930191721177934
            ],
            [
              7.421806674171089,
              46.929992572906144
            ]
          ]
        ]
      }
    },
    {
      "type": "Feature",
      "properties": {
        "landCoverId": 44,
        "parcelId": "9900/9003/01",
        "buildingId": null,
        "type": "Gebaeude",
        "typeGroup": "gebaeude",
        "area": 1790.69,
        "egid": "1277322",
        "egrid": "CH208035154682",
        "surveyStatus": "AV93",
        "canton": "BE",
        "municipalityNumber": 355,
        "provenance": {
          "dataStatus": "public-source",
          "buildingId": "9900/9003/AA",
          "notice": "Bodenbedeckung der amtlichen Vermessung (geodienste.ch WFS ms:LCSF), auf die AV-Parzelle zugeschnitten.",
          "geometryMethod": "AV land cover polygon (WFS, EPSG:4326) clipped to the AV parcel in a local azimuthal equidistant CRS; geodesic area",
          "sourceUrl": "https://geodienste.ch/db/av_0/deu?SERVICE=WFS&VERSION=2.0.0&REQUEST=GetFeature&TYPENAMES=ms%3ALCSF&SRSNAME=urn%3Aogc%3Adef%3Acrs%3AEPSG%3A%3A4326&BBOX=46.928664%2C7.420198%2C46.931278%2C7.425165%2Curn%3Aogc%3Adef%3Acrs%3AEPSG%3A%3A4326&OUTPUTFORMAT=geojson&COUNT=1000",
          "retrievedAt": "2026-09-23",
          "licence": "AV land cover © the cantons, distributed via geodienste.ch; see the geodienste.ch and geo.admin.ch terms of use",
          "quality": "AV93",
          "canton": "BE",
          "municipalityNumber": 355
        }
      },
      "geometry": {
        "type": "Polygon",
        "coordinates": [
          [
            [
              7.422961186789587,
              46.930292772439294
            ],
            [
              7.42261142179192,
              46.92994007312363
            ],
            [
              7.422938547766083,
              46.92978792230385
            ],
            [
              7.422942710864296,
              46.92978598894017
            ],
            [
              7.422965470009283,
              46.92977540489104
            ],
            [
              7.423370960430963,
              46.93018410618698
            ],
            [
              7.4230167925637565,
              46.93034883861189
            ],
            [
              7.422961186789587,
              46.930292772439294
            ]
          ]
        ]
      }
    },
    {
      "type": "Feature",
      "properties": {
        "landCoverId": 45,
        "parcelId": "9900/9003/01",
        "buildingId": null,
        "type": "Gebaeude",
        "typeGroup": "gebaeude",
        "area": 923.37,
        "egid": "1273940",
        "egrid": "CH208035154682",
        "surveyStatus": "AV93",
        "canton": "BE",
        "municipalityNumber": 355,
        "provenance": {
          "dataStatus": "public-source",
          "buildingId": "9900/9003/AA",
          "notice": "Bodenbedeckung der amtlichen Vermessung (geodienste.ch WFS ms:LCSF), auf die AV-Parzelle zugeschnitten.",
          "geometryMethod": "AV land cover polygon (WFS, EPSG:4326) clipped to the AV parcel in a local azimuthal equidistant CRS; geodesic area",
          "sourceUrl": "https://geodienste.ch/db/av_0/deu?SERVICE=WFS&VERSION=2.0.0&REQUEST=GetFeature&TYPENAMES=ms%3ALCSF&SRSNAME=urn%3Aogc%3Adef%3Acrs%3AEPSG%3A%3A4326&BBOX=46.928664%2C7.420198%2C46.931278%2C7.425165%2Curn%3Aogc%3Adef%3Acrs%3AEPSG%3A%3A4326&OUTPUTFORMAT=geojson&COUNT=1000",
          "retrievedAt": "2026-09-23",
          "licence": "AV land cover © the cantons, distributed via geodienste.ch; see the geodienste.ch and geo.admin.ch terms of use",
          "quality": "AV93",
          "canton": "BE",
          "municipalityNumber": 355
        }
      },
      "geometry": {
        "type": "Polygon",
        "coordinates": [
          [
            [
              7.420892584450835,
              46.93064562300782
            ],
            [
              7.4207337147423,
              46.930485311421585
            ],
            [
              7.420893296277118,
              46.93041132505602
            ],
            [
              7.421051864137765,
              46.93057189723472
            ],
            [
              7.421064931672883,
              46.93056584557778
            ],
            [
              7.421113132297392,
              46.930614652345376
            ],
            [
              7.421137823355979,
              46.930639600026424
            ],
            [
              7.421186168502986,
              46.930688559704386
            ],
            [
              7.421173127217024,
              46.93069460238404
            ],
            [
              7.421331709884855,
              46.93085516517428
            ],
            [
              7.421279662826061,
              46.93087928199734
            ],
            [
              7.421266437637108,
              46.93088541461005
            ],
            [
              7.421241760242453,
              46.930896852556344
            ],
            [
              7.421172180178454,
              46.93092909818286
            ],
            [
              7.421013860311413,
              46.93076876909144
            ],
            [
              7.420993740351782,
              46.930777536148504
            ],
            [
              7.420945198326732,
              46.93072859434829
            ],
            [
              7.420921478717557,
              46.93070451931923
            ],
            [
              7.420872267447287,
              46.930654686853195
            ],
            [
              7.420892584450835,
              46.93064562300782
            ]
          ]
        ]
      }
    },
    {
      "type": "Feature",
      "properties": {
        "landCoverId": 46,
        "parcelId": "9900/9003/01",
        "buildingId": null,
        "type": "Gebaeude",
        "typeGroup": "gebaeude",
        "area": 637.01,
        "egid": "502110862",
        "egrid": "CH208035154682",
        "surveyStatus": "AV93",
        "canton": "BE",
        "municipalityNumber": 355,
        "provenance": {
          "dataStatus": "public-source",
          "buildingId": "9900/9003/AA",
          "notice": "Bodenbedeckung der amtlichen Vermessung (geodienste.ch WFS ms:LCSF), auf die AV-Parzelle zugeschnitten.",
          "geometryMethod": "AV land cover polygon (WFS, EPSG:4326) clipped to the AV parcel in a local azimuthal equidistant CRS; geodesic area",
          "sourceUrl": "https://geodienste.ch/db/av_0/deu?SERVICE=WFS&VERSION=2.0.0&REQUEST=GetFeature&TYPENAMES=ms%3ALCSF&SRSNAME=urn%3Aogc%3Adef%3Acrs%3AEPSG%3A%3A4326&BBOX=46.928664%2C7.420198%2C46.931278%2C7.425165%2Curn%3Aogc%3Adef%3Acrs%3AEPSG%3A%3A4326&OUTPUTFORMAT=geojson&COUNT=1000",
          "retrievedAt": "2026-09-23",
          "licence": "AV land cover © the cantons, distributed via geodienste.ch; see the geodienste.ch and geo.admin.ch terms of use",
          "quality": "AV93",
          "canton": "BE",
          "municipalityNumber": 355
        }
      },
      "geometry": {
        "type": "Polygon",
        "coordinates": [
          [
            [
              7.424377384424143,
              46.92921789846941
            ],
            [
              7.424311645713165,
              46.929193035963664
            ],
            [
              7.4244052615168235,
              46.929076866341006
            ],
            [
              7.424791803334307,
              46.92922303506962
            ],
            [
              7.424699015644144,
              46.929338152674205
            ],
            [
              7.424634615838082,
              46.92931379426016
            ],
            [
              7.424593436528671,
              46.92936489963083
            ],
            [
              7.424337058745804,
              46.92926794242784
            ],
            [
              7.424377384424143,
              46.92921789846941
            ]
          ]
        ]
      }
    },
    {
      "type": "Feature",
      "properties": {
        "landCoverId": 47,
        "parcelId": "9900/9003/01",
        "buildingId": null,
        "type": "Gebaeude",
        "typeGroup": "gebaeude",
        "area": 422.47,
        "egid": "1277321",
        "egrid": "CH208035154682",
        "surveyStatus": "AV93",
        "canton": "BE",
        "municipalityNumber": 355,
        "provenance": {
          "dataStatus": "public-source",
          "buildingId": "9900/9003/AA",
          "notice": "Bodenbedeckung der amtlichen Vermessung (geodienste.ch WFS ms:LCSF), auf die AV-Parzelle zugeschnitten.",
          "geometryMethod": "AV land cover polygon (WFS, EPSG:4326) clipped to the AV parcel in a local azimuthal equidistant CRS; geodesic area",
          "sourceUrl": "https://geodienste.ch/db/av_0/deu?SERVICE=WFS&VERSION=2.0.0&REQUEST=GetFeature&TYPENAMES=ms%3ALCSF&SRSNAME=urn%3Aogc%3Adef%3Acrs%3AEPSG%3A%3A4326&BBOX=46.928664%2C7.420198%2C46.931278%2C7.425165%2Curn%3Aogc%3Adef%3Acrs%3AEPSG%3A%3A4326&OUTPUTFORMAT=geojson&COUNT=1000",
          "retrievedAt": "2026-09-23",
          "licence": "AV land cover © the cantons, distributed via geodienste.ch; see the geodienste.ch and geo.admin.ch terms of use",
          "quality": "AV93",
          "canton": "BE",
          "municipalityNumber": 355
        }
      },
      "geometry": {
        "type": "Polygon",
        "coordinates": [
          [
            [
              7.4210047483762285,
              46.93114524384146
            ],
            [
              7.420942331251701,
              46.93108202440333
            ],
            [
              7.421273224822733,
              46.93092872759853
            ],
            [
              7.421241760242453,
              46.930896852556344
            ],
            [
              7.421266437637108,
              46.93088541461005
            ],
            [
              7.421297915356517,
              46.93091728964761
            ],
            [
              7.42129987221278,
              46.930916381444725
            ],
            [
              7.421312696964447,
              46.930929372565785
            ],
            [
              7.421360845624695,
              46.93097815223208
            ],
            [
              7.421362289559569,
              46.93097961868005
            ],
            [
              7.421318161794646,
              46.93099996779057
            ],
            [
              7.421353301993732,
              46.9310354594682
            ],
            [
              7.421355034719021,
              46.9310372138087
            ],
            [
              7.4213472072827615,
              46.93104083762855
            ],
            [
              7.421351945203633,
              46.931048052536006
            ],
            [
              7.421115072747919,
              46.93115787297051
            ],
            [
              7.421107090939689,
              46.93115208776696
            ],
            [
              7.42110502900614,
              46.93115304092559
            ],
            [
              7.4210682743536465,
              46.93111580384196
            ],
            [
              7.421057846482763,
              46.93112064157363
            ],
            [
              7.421042835077965,
              46.93112759243461
            ],
            [
              7.4210047483762285,
              46.93114524384146
            ]
          ]
        ]
      }
    },
    {
      "type": "Feature",
      "properties": {
        "landCoverId": 48,
        "parcelId": "9900/9003/01",
        "buildingId": null,
        "type": "Gebaeude",
        "typeGroup": "gebaeude",
        "area": 349.8,
        "egid": "502110947",
        "egrid": "CH208035154682",
        "surveyStatus": "AV93",
        "canton": "BE",
        "municipalityNumber": 355,
        "provenance": {
          "dataStatus": "public-source",
          "buildingId": "9900/9003/AA",
          "notice": "Bodenbedeckung der amtlichen Vermessung (geodienste.ch WFS ms:LCSF), auf die AV-Parzelle zugeschnitten.",
          "geometryMethod": "AV land cover polygon (WFS, EPSG:4326) clipped to the AV parcel in a local azimuthal equidistant CRS; geodesic area",
          "sourceUrl": "https://geodienste.ch/db/av_0/deu?SERVICE=WFS&VERSION=2.0.0&REQUEST=GetFeature&TYPENAMES=ms%3ALCSF&SRSNAME=urn%3Aogc%3Adef%3Acrs%3AEPSG%3A%3A4326&BBOX=46.928664%2C7.420198%2C46.931278%2C7.425165%2Curn%3Aogc%3Adef%3Acrs%3AEPSG%3A%3A4326&OUTPUTFORMAT=geojson&COUNT=1000",
          "retrievedAt": "2026-09-23",
          "licence": "AV land cover © the cantons, distributed via geodienste.ch; see the geodienste.ch and geo.admin.ch terms of use",
          "quality": "AV93",
          "canton": "BE",
          "municipalityNumber": 355
        }
      },
      "geometry": {
        "type": "Polygon",
        "coordinates": [
          [
            [
              7.423775076311545,
              46.93028712182145
            ],
            [
              7.4237043342245785,
              46.930215896999066
            ],
            [
              7.42410108867019,
              46.930031018954395
            ],
            [
              7.424171437055945,
              46.930102432379975
            ],
            [
              7.423775076311545,
              46.93028712182145
            ]
          ]
        ]
      }
    },
    {
      "type": "Feature",
      "properties": {
        "landCoverId": 49,
        "parcelId": "9900/9003/01",
        "buildingId": null,
        "type": "Gebaeude",
        "typeGroup": "gebaeude",
        "area": 281.75,
        "egid": "502110946",
        "egrid": "CH208035154682",
        "surveyStatus": "AV93",
        "canton": "BE",
        "municipalityNumber": 355,
        "provenance": {
          "dataStatus": "public-source",
          "buildingId": "9900/9003/AA",
          "notice": "Bodenbedeckung der amtlichen Vermessung (geodienste.ch WFS ms:LCSF), auf die AV-Parzelle zugeschnitten.",
          "geometryMethod": "AV land cover polygon (WFS, EPSG:4326) clipped to the AV parcel in a local azimuthal equidistant CRS; geodesic area",
          "sourceUrl": "https://geodienste.ch/db/av_0/deu?SERVICE=WFS&VERSION=2.0.0&REQUEST=GetFeature&TYPENAMES=ms%3ALCSF&SRSNAME=urn%3Aogc%3Adef%3Acrs%3AEPSG%3A%3A4326&BBOX=46.928664%2C7.420198%2C46.931278%2C7.425165%2Curn%3Aogc%3Adef%3Acrs%3AEPSG%3A%3A4326&OUTPUTFORMAT=geojson&COUNT=1000",
          "retrievedAt": "2026-09-23",
          "licence": "AV land cover © the cantons, distributed via geodienste.ch; see the geodienste.ch and geo.admin.ch terms of use",
          "quality": "AV93",
          "canton": "BE",
          "municipalityNumber": 355
        }
      },
      "geometry": {
        "type": "Polygon",
        "coordinates": [
          [
            [
              7.424259051515788,
              46.9300406380962
            ],
            [
              7.424126625032179,
              46.92990587212748
            ],
            [
              7.424313174628314,
              46.92981942626767
            ],
            [
              7.424445614497825,
              46.92995419202424
            ],
            [
              7.424387423617662,
              46.92998115193568
            ],
            [
              7.4243567453744195,
              46.92995007842257
            ],
            [
              7.424283661979798,
              46.92998394461597
            ],
            [
              7.424314340200099,
              46.930015018148566
            ],
            [
              7.424266261371999,
              46.93003730184057
            ],
            [
              7.424259051515788,
              46.9300406380962
            ]
          ]
        ]
      }
    },
    {
      "type": "Feature",
      "properties": {
        "landCoverId": 50,
        "parcelId": "9900/9003/01",
        "buildingId": null,
        "type": "Gebaeude",
        "typeGroup": "gebaeude",
        "area": 275.34,
        "egid": "191459550",
        "egrid": "CH208035154682",
        "surveyStatus": "AV93",
        "canton": "BE",
        "municipalityNumber": 355,
        "provenance": {
          "dataStatus": "public-source",
          "buildingId": "9900/9003/AA",
          "notice": "Bodenbedeckung der amtlichen Vermessung (geodienste.ch WFS ms:LCSF), auf die AV-Parzelle zugeschnitten.",
          "geometryMethod": "AV land cover polygon (WFS, EPSG:4326) clipped to the AV parcel in a local azimuthal equidistant CRS; geodesic area",
          "sourceUrl": "https://geodienste.ch/db/av_0/deu?SERVICE=WFS&VERSION=2.0.0&REQUEST=GetFeature&TYPENAMES=ms%3ALCSF&SRSNAME=urn%3Aogc%3Adef%3Acrs%3AEPSG%3A%3A4326&BBOX=46.928664%2C7.420198%2C46.931278%2C7.425165%2Curn%3Aogc%3Adef%3Acrs%3AEPSG%3A%3A4326&OUTPUTFORMAT=geojson&COUNT=1000",
          "retrievedAt": "2026-09-23",
          "licence": "AV land cover © the cantons, distributed via geodienste.ch; see the geodienste.ch and geo.admin.ch terms of use",
          "quality": "AV93",
          "canton": "BE",
          "municipalityNumber": 355
        }
      },
      "geometry": {
        "type": "Polygon",
        "coordinates": [
          [
            [
              7.421365945777872,
              46.93022712551575
            ],
            [
              7.421274257334372,
              46.93013404650332
            ],
            [
              7.421357796730242,
              46.93009537146333
            ],
            [
              7.4215087346889375,
              46.93002548467151
            ],
            [
              7.4215143950175255,
              46.93002286796078
            ],
            [
              7.421606031241724,
              46.93011571289907
            ],
            [
              7.421365945777872,
              46.93022712551575
            ]
          ]
        ]
      }
    },
    {
      "type": "Feature",
      "properties": {
        "landCoverId": 51,
        "parcelId": "9900/9003/01",
        "buildingId": null,
        "type": "Gebaeude",
        "typeGroup": "gebaeude",
        "area": 148.67,
        "egid": "190830950",
        "egrid": "CH208035154682",
        "surveyStatus": "AV93",
        "canton": "BE",
        "municipalityNumber": 355,
        "provenance": {
          "dataStatus": "public-source",
          "buildingId": "9900/9003/AA",
          "notice": "Bodenbedeckung der amtlichen Vermessung (geodienste.ch WFS ms:LCSF), auf die AV-Parzelle zugeschnitten.",
          "geometryMethod": "AV land cover polygon (WFS, EPSG:4326) clipped to the AV parcel in a local azimuthal equidistant CRS; geodesic area",
          "sourceUrl": "https://geodienste.ch/db/av_0/deu?SERVICE=WFS&VERSION=2.0.0&REQUEST=GetFeature&TYPENAMES=ms%3ALCSF&SRSNAME=urn%3Aogc%3Adef%3Acrs%3AEPSG%3A%3A4326&BBOX=46.928664%2C7.420198%2C46.931278%2C7.425165%2Curn%3Aogc%3Adef%3Acrs%3AEPSG%3A%3A4326&OUTPUTFORMAT=geojson&COUNT=1000",
          "retrievedAt": "2026-09-23",
          "licence": "AV land cover © the cantons, distributed via geodienste.ch; see the geodienste.ch and geo.admin.ch terms of use",
          "quality": "AV93",
          "canton": "BE",
          "municipalityNumber": 355
        }
      },
      "geometry": {
        "type": "Polygon",
        "coordinates": [
          [
            [
              7.423573385146436,
              46.93006175492916
            ],
            [
              7.423529567331589,
              46.9300169436789
            ],
            [
              7.4237912241293005,
              46.92989659726076
            ],
            [
              7.423837313069795,
              46.929943621544474
            ],
            [
              7.423662319298685,
              46.93002410441466
            ],
            [
              7.423660153422078,
              46.93002163043215
            ],
            [
              7.423573385146436,
              46.93006175492916
            ]
          ]
        ]
      }
    },
    {
      "type": "Feature",
      "properties": {
        "landCoverId": 52,
        "parcelId": "9900/9003/01",
        "buildingId": null,
        "type": "Gebaeude",
        "typeGroup": "gebaeude",
        "area": 94.27,
        "egid": "502110948",
        "egrid": "CH208035154682",
        "surveyStatus": "AV93",
        "canton": "BE",
        "municipalityNumber": 355,
        "provenance": {
          "dataStatus": "public-source",
          "buildingId": "9900/9003/AA",
          "notice": "Bodenbedeckung der amtlichen Vermessung (geodienste.ch WFS ms:LCSF), auf die AV-Parzelle zugeschnitten.",
          "geometryMethod": "AV land cover polygon (WFS, EPSG:4326) clipped to the AV parcel in a local azimuthal equidistant CRS; geodesic area",
          "sourceUrl": "https://geodienste.ch/db/av_0/deu?SERVICE=WFS&VERSION=2.0.0&REQUEST=GetFeature&TYPENAMES=ms%3ALCSF&SRSNAME=urn%3Aogc%3Adef%3Acrs%3AEPSG%3A%3A4326&BBOX=46.928664%2C7.420198%2C46.931278%2C7.425165%2Curn%3Aogc%3Adef%3Acrs%3AEPSG%3A%3A4326&OUTPUTFORMAT=geojson&COUNT=1000",
          "retrievedAt": "2026-09-23",
          "licence": "AV land cover © the cantons, distributed via geodienste.ch; see the geodienste.ch and geo.admin.ch terms of use",
          "quality": "AV93",
          "canton": "BE",
          "municipalityNumber": 355
        }
      },
      "geometry": {
        "type": "Polygon",
        "coordinates": [
          [
            [
              7.4225634416691335,
              46.93039472859008
            ],
            [
              7.422492163106702,
              46.930322144664
            ],
            [
              7.42259813292543,
              46.93027334346766
            ],
            [
              7.422668925830826,
              46.93034556744843
            ],
            [
              7.4225634416691335,
              46.93039472859008
            ]
          ]
        ]
      }
    },
    {
      "type": "Feature",
      "properties": {
        "landCoverId": 53,
        "parcelId": "9900/9003/01",
        "buildingId": null,
        "type": "Gebaeude",
        "typeGroup": "gebaeude",
        "area": 39.82,
        "egid": "502110949",
        "egrid": "CH208035154682",
        "surveyStatus": "AV93",
        "canton": "BE",
        "municipalityNumber": 355,
        "provenance": {
          "dataStatus": "public-source",
          "buildingId": "9900/9003/AA",
          "notice": "Bodenbedeckung der amtlichen Vermessung (geodienste.ch WFS ms:LCSF), auf die AV-Parzelle zugeschnitten.",
          "geometryMethod": "AV land cover polygon (WFS, EPSG:4326) clipped to the AV parcel in a local azimuthal equidistant CRS; geodesic area",
          "sourceUrl": "https://geodienste.ch/db/av_0/deu?SERVICE=WFS&VERSION=2.0.0&REQUEST=GetFeature&TYPENAMES=ms%3ALCSF&SRSNAME=urn%3Aogc%3Adef%3Acrs%3AEPSG%3A%3A4326&BBOX=46.928664%2C7.420198%2C46.931278%2C7.425165%2Curn%3Aogc%3Adef%3Acrs%3AEPSG%3A%3A4326&OUTPUTFORMAT=geojson&COUNT=1000",
          "retrievedAt": "2026-09-23",
          "licence": "AV land cover © the cantons, distributed via geodienste.ch; see the geodienste.ch and geo.admin.ch terms of use",
          "quality": "AV93",
          "canton": "BE",
          "municipalityNumber": 355
        }
      },
      "geometry": {
        "type": "Polygon",
        "coordinates": [
          [
            [
              7.422403448880352,
              46.93036600998635
            ],
            [
              7.422402871295296,
              46.93036544320181
            ],
            [
              7.422448456044422,
              46.93034393350785
            ],
            [
              7.4225187374702495,
              46.93041382774634
            ],
            [
              7.422516977641757,
              46.93041466403789
            ],
            [
              7.422473336467614,
              46.93043551739956
            ],
            [
              7.422403448880352,
              46.93036600998635
            ]
          ]
        ]
      }
    },
    {
      "type": "Feature",
      "properties": {
        "landCoverId": 54,
        "parcelId": "9900/9003/01",
        "buildingId": null,
        "type": "Gebaeude",
        "typeGroup": "gebaeude",
        "area": 17.61,
        "egid": "502110944",
        "egrid": "CH208035154682",
        "surveyStatus": "AV93",
        "canton": "BE",
        "municipalityNumber": 355,
        "provenance": {
          "dataStatus": "public-source",
          "buildingId": "9900/9003/AA",
          "notice": "Bodenbedeckung der amtlichen Vermessung (geodienste.ch WFS ms:LCSF), auf die AV-Parzelle zugeschnitten.",
          "geometryMethod": "AV land cover polygon (WFS, EPSG:4326) clipped to the AV parcel in a local azimuthal equidistant CRS; geodesic area",
          "sourceUrl": "https://geodienste.ch/db/av_0/deu?SERVICE=WFS&VERSION=2.0.0&REQUEST=GetFeature&TYPENAMES=ms%3ALCSF&SRSNAME=urn%3Aogc%3Adef%3Acrs%3AEPSG%3A%3A4326&BBOX=46.928664%2C7.420198%2C46.931278%2C7.425165%2Curn%3Aogc%3Adef%3Acrs%3AEPSG%3A%3A4326&OUTPUTFORMAT=geojson&COUNT=1000",
          "retrievedAt": "2026-09-23",
          "licence": "AV land cover © the cantons, distributed via geodienste.ch; see the geodienste.ch and geo.admin.ch terms of use",
          "quality": "AV93",
          "canton": "BE",
          "municipalityNumber": 355
        }
      },
      "geometry": {
        "type": "Polygon",
        "coordinates": [
          [
            [
              7.422902790437434,
              46.92975161245188
            ],
            [
              7.4228605485399894,
              46.92970873514177
            ],
            [
              7.4228941683202025,
              46.92969362810501
            ],
            [
              7.422936410232603,
              46.9297365054028
            ],
            [
              7.422906992912873,
              46.92974972407129
            ],
            [
              7.422902790437434,
              46.92975161245188
            ]
          ]
        ]
      }
    },
    {
      "type": "Feature",
      "properties": {
        "landCoverId": 55,
        "parcelId": "9900/9003/01",
        "buildingId": null,
        "type": "Gebaeude",
        "typeGroup": "gebaeude",
        "area": 14.81,
        "egid": "502110945",
        "egrid": "CH208035154682",
        "surveyStatus": "AV93",
        "canton": "BE",
        "municipalityNumber": 355,
        "provenance": {
          "dataStatus": "public-source",
          "buildingId": "9900/9003/AA",
          "notice": "Bodenbedeckung der amtlichen Vermessung (geodienste.ch WFS ms:LCSF), auf die AV-Parzelle zugeschnitten.",
          "geometryMethod": "AV land cover polygon (WFS, EPSG:4326) clipped to the AV parcel in a local azimuthal equidistant CRS; geodesic area",
          "sourceUrl": "https://geodienste.ch/db/av_0/deu?SERVICE=WFS&VERSION=2.0.0&REQUEST=GetFeature&TYPENAMES=ms%3ALCSF&SRSNAME=urn%3Aogc%3Adef%3Acrs%3AEPSG%3A%3A4326&BBOX=46.928664%2C7.420198%2C46.931278%2C7.425165%2Curn%3Aogc%3Adef%3Acrs%3AEPSG%3A%3A4326&OUTPUTFORMAT=geojson&COUNT=1000",
          "retrievedAt": "2026-09-23",
          "licence": "AV land cover © the cantons, distributed via geodienste.ch; see the geodienste.ch and geo.admin.ch terms of use",
          "quality": "AV93",
          "canton": "BE",
          "municipalityNumber": 355
        }
      },
      "geometry": {
        "type": "Polygon",
        "coordinates": [
          [
            [
              7.424226217254483,
              46.92978896586524
            ],
            [
              7.42418178206573,
              46.929743803966865
            ],
            [
              7.424208415055507,
              46.92973150210765
            ],
            [
              7.424252850256476,
              46.92977666399575
            ],
            [
              7.424226217254483,
              46.92978896586524
            ]
          ]
        ]
      }
    },
    {
      "type": "Feature",
      "properties": {
        "landCoverId": 56,
        "parcelId": "9900/9003/01",
        "buildingId": null,
        "type": "Trottoir",
        "typeGroup": "befestigt",
        "area": 92.54,
        "egid": null,
        "egrid": "CH208035154682",
        "surveyStatus": "AV93",
        "canton": "BE",
        "municipalityNumber": 355,
        "provenance": {
          "dataStatus": "public-source",
          "buildingId": "9900/9003/AA",
          "notice": "Bodenbedeckung der amtlichen Vermessung (geodienste.ch WFS ms:LCSF), auf die AV-Parzelle zugeschnitten.",
          "geometryMethod": "AV land cover polygon (WFS, EPSG:4326) clipped to the AV parcel in a local azimuthal equidistant CRS; geodesic area",
          "sourceUrl": "https://geodienste.ch/db/av_0/deu?SERVICE=WFS&VERSION=2.0.0&REQUEST=GetFeature&TYPENAMES=ms%3ALCSF&SRSNAME=urn%3Aogc%3Adef%3Acrs%3AEPSG%3A%3A4326&BBOX=46.928664%2C7.420198%2C46.931278%2C7.425165%2Curn%3Aogc%3Adef%3Acrs%3AEPSG%3A%3A4326&OUTPUTFORMAT=geojson&COUNT=1000",
          "retrievedAt": "2026-09-23",
          "licence": "AV land cover © the cantons, distributed via geodienste.ch; see the geodienste.ch and geo.admin.ch terms of use",
          "quality": "AV93",
          "canton": "BE",
          "municipalityNumber": 355
        }
      },
      "geometry": {
        "type": "Polygon",
        "coordinates": [
          [
            [
              7.424256321409474,
              46.92889015235478
            ],
            [
              7.424268751159768,
              46.928894904904524
            ],
            [
              7.42428871017898,
              46.92890261368777
            ],
            [
              7.424281421848627,
              46.92890540122742
            ],
            [
              7.424274592943209,
              46.92890871055001
            ],
            [
              7.42426832852356,
              46.928912487698376
            ],
            [
              7.424263994495342,
              46.928915635440475
            ],
            [
              7.424260041190163,
              46.92891901710867
            ],
            [
              7.424256494877155,
              46.92892260572103
            ],
            [
              7.4241712998623175,
              46.929024680871755
            ],
            [
              7.424161475019285,
              46.92903533886719
            ],
            [
              7.424150875560061,
              46.9290456459443
            ],
            [
              7.424139540881788,
              46.92905558411774
            ],
            [
              7.424127497258663,
              46.92906510841485
            ],
            [
              7.424114153693455,
              46.92907461454458
            ],
            [
              7.424100088075451,
              46.92908362583876
            ],
            [
              7.424085352935434,
              46.92909211531856
            ],
            [
              7.424069987673551,
              46.92910005600354
            ],
            [
              7.42396311521552,
              46.92914978495482
            ],
            [
              7.423944409383426,
              46.92913091045891
            ],
            [
              7.424042889956873,
              46.929085749950296
            ],
            [
              7.424057913660888,
              46.92907835793013
            ],
            [
              7.4240723203771894,
              46.929070408121675
            ],
            [
              7.424086070703039,
              46.92906193650057
            ],
            [
              7.42409913836911,
              46.92905297004911
            ],
            [
              7.424109461381712,
              46.92904513662105
            ],
            [
              7.4241192461195284,
              46.929036997282275
            ],
            [
              7.4241284925800155,
              46.92902856102823
            ],
            [
              7.424137174496635,
              46.929019845845815
            ],
            [
              7.424145265602927,
              46.92901086972211
            ],
            [
              7.424227833652195,
              46.92891178064645
            ],
            [
              7.42423187916169,
              46.92890739152862
            ],
            [
              7.424236371049902,
              46.928903227350695
            ],
            [
              7.424241296186121,
              46.92889928811078
            ],
            [
              7.424248506316534,
              46.928894458651456
            ],
            [
              7.424256321409474,
              46.92889015235478
            ]
          ]
        ]
      }
    },
    {
      "type": "Feature",
      "properties": {
        "landCoverId": 57,
        "parcelId": "9900/9003/01",
        "buildingId": null,
        "type": "Trottoir",
        "typeGroup": "befestigt",
        "area": 2.65,
        "egid": null,
        "egrid": "CH208035154682",
        "surveyStatus": "AV93",
        "canton": "BE",
        "municipalityNumber": 355,
        "provenance": {
          "dataStatus": "public-source",
          "buildingId": "9900/9003/AA",
          "notice": "Bodenbedeckung der amtlichen Vermessung (geodienste.ch WFS ms:LCSF), auf die AV-Parzelle zugeschnitten.",
          "geometryMethod": "AV land cover polygon (WFS, EPSG:4326) clipped to the AV parcel in a local azimuthal equidistant CRS; geodesic area",
          "sourceUrl": "https://geodienste.ch/db/av_0/deu?SERVICE=WFS&VERSION=2.0.0&REQUEST=GetFeature&TYPENAMES=ms%3ALCSF&SRSNAME=urn%3Aogc%3Adef%3Acrs%3AEPSG%3A%3A4326&BBOX=46.928664%2C7.420198%2C46.931278%2C7.425165%2Curn%3Aogc%3Adef%3Acrs%3AEPSG%3A%3A4326&OUTPUTFORMAT=geojson&COUNT=1000",
          "retrievedAt": "2026-09-23",
          "licence": "AV land cover © the cantons, distributed via geodienste.ch; see the geodienste.ch and geo.admin.ch terms of use",
          "quality": "AV93",
          "canton": "BE",
          "municipalityNumber": 355
        }
      },
      "geometry": {
        "type": "MultiPolygon",
        "coordinates": [
          [
            [
              [
                7.422691000000001,
                46.929007999999996
              ],
              [
                7.4226915461758445,
                46.92900854617601
              ],
              [
                7.422691222762555,
                46.92900822665171
              ],
              [
                7.422355775283828,
                46.92916240844821
              ],
              [
                7.4222905173069655,
                46.92919240270686
              ],
              [
                7.422691000000001,
                46.929007999999996
              ]
            ]
          ],
          [
            [
              [
                7.422703095143125,
                46.92901995626534
              ],
              [
                7.422981583873151,
                46.9288919420753
              ],
              [
                7.422703233643618,
                46.92902009310031
              ],
              [
                7.422703095143125,
                46.92901995626534
              ]
            ]
          ],
          [
            [
              [
                7.423667,
                46.928673999999994
              ],
              [
                7.423670757068798,
                46.92867550282755
              ],
              [
                7.42366963898227,
                46.92867521142889
              ],
              [
                7.423654237744886,
                46.9286718270888
              ],
              [
                7.423638586856428,
                46.928669018405046
              ],
              [
                7.423638455705336,
                46.92866900000003
              ],
              [
                7.423641999999998,
                46.928669
              ],
              [
                7.42364699999999,
                46.928670000000004
              ],
              [
                7.423651999999992,
                46.928671
              ],
              [
                7.423657000000008,
                46.928672000000006
              ],
              [
                7.423662000000001,
                46.928673
              ],
              [
                7.423667,
                46.928673999999994
              ]
            ]
          ],
          [
            [
              [
                7.423696000000002,
                46.92868200000001
              ],
              [
                7.423698885893392,
                46.92868344294672
              ],
              [
                7.423684764313052,
                46.92867915343132
              ],
              [
                7.423674857621995,
                46.928676571524434
              ],
              [
                7.423677000000001,
                46.928676999999986
              ],
              [
                7.423681,
                46.928678
              ],
              [
                7.423686000000003,
                46.92867900000001
              ],
              [
                7.423691000000003,
                46.92868099999999
              ],
              [
                7.423696000000002,
                46.92868200000001
              ]
            ]
          ],
          [
            [
              [
                7.424097000000007,
                46.92883799999999
              ],
              [
                7.424099259237002,
                46.92883912961854
              ],
              [
                7.424096902381469,
                46.928838317147715
              ],
              [
                7.423892933569208,
                46.92875861149469
              ],
              [
                7.424097000000007,
                46.92883799999999
              ]
            ]
          ],
          [
            [
              [
                7.424337,
                46.928921
              ],
              [
                7.424414701795071,
                46.92894952344445
              ],
              [
                7.4243762037582295,
                46.928935736699664
              ],
              [
                7.424336526931881,
                46.928921078230395
              ],
              [
                7.42428871017898,
                46.92890261368777
              ],
              [
                7.424268751159768,
                46.928894904904524
              ],
              [
                7.424337,
                46.928921
              ]
            ]
          ],
          [
            [
              [
                7.420823999999994,
                46.931004
              ],
              [
                7.420824225082595,
                46.93100389496148
              ],
              [
                7.420854104496466,
                46.931038716089
              ],
              [
                7.420888243679442,
                46.93108214151425
              ],
              [
                7.420898100172456,
                46.93109507082004
              ],
              [
                7.420887999999998,
                46.931082
              ],
              [
                7.420854000000002,
                46.931039
              ],
              [
                7.420823999999994,
                46.931004
              ]
            ]
          ],
          [
            [
              [
                7.4208389547777776,
                46.93099694965835
              ],
              [
                7.4207990829528505,
                46.93095256405625
              ],
              [
                7.420839333380848,
                46.930996778035215
              ],
              [
                7.4208389547777776,
                46.93099694965835
              ]
            ]
          ],
          [
            [
              [
                7.420770000000002,
                46.930945
              ],
              [
                7.420731833167854,
                46.93090290426013
              ],
              [
                7.420770137056213,
                46.93094461249557
              ],
              [
                7.420785778641669,
                46.93093794962015
              ],
              [
                7.420785874492332,
                46.93093805490961
              ],
              [
                7.420770000000002,
                46.930945
              ]
            ]
          ],
          [
            [
              [
                7.420230000000003,
                46.930256
              ],
              [
                7.420229766684673,
                46.93025541671171
              ],
              [
                7.420233094221624,
                46.93026103141758
              ],
              [
                7.4203673500284575,
                46.93046957185773
              ],
              [
                7.420384621077488,
                46.93049601165974
              ],
              [
                7.42038825111007,
                46.930501334813755
              ],
              [
                7.420384999999997,
                46.93049700000001
              ],
              [
                7.420378999999991,
                46.93048799999999
              ],
              [
                7.4203730000000006,
                46.930479
              ],
              [
                7.42036700000001,
                46.93047
              ],
              [
                7.420232999999995,
                46.93026100000001
              ],
              [
                7.420230000000003,
                46.930256
              ]
            ]
          ]
        ]
      }
    },
    {
      "type": "Feature",
      "properties": {
        "landCoverId": 58,
        "parcelId": "9900/9003/01",
        "buildingId": null,
        "type": "uebrige_befestigte",
        "typeGroup": "befestigt",
        "area": 13173.8,
        "egid": null,
        "egrid": "CH208035154682",
        "surveyStatus": "AV93",
        "canton": "BE",
        "municipalityNumber": 355,
        "provenance": {
          "dataStatus": "public-source",
          "buildingId": "9900/9003/AA",
          "notice": "Bodenbedeckung der amtlichen Vermessung (geodienste.ch WFS ms:LCSF), auf die AV-Parzelle zugeschnitten.",
          "geometryMethod": "AV land cover polygon (WFS, EPSG:4326) clipped to the AV parcel in a local azimuthal equidistant CRS; geodesic area",
          "sourceUrl": "https://geodienste.ch/db/av_0/deu?SERVICE=WFS&VERSION=2.0.0&REQUEST=GetFeature&TYPENAMES=ms%3ALCSF&SRSNAME=urn%3Aogc%3Adef%3Acrs%3AEPSG%3A%3A4326&BBOX=46.928664%2C7.420198%2C46.931278%2C7.425165%2Curn%3Aogc%3Adef%3Acrs%3AEPSG%3A%3A4326&OUTPUTFORMAT=geojson&COUNT=1000",
          "retrievedAt": "2026-09-23",
          "licence": "AV land cover © the cantons, distributed via geodienste.ch; see the geodienste.ch and geo.admin.ch terms of use",
          "quality": "AV93",
          "canton": "BE",
          "municipalityNumber": 355
        }
      },
      "geometry": {
        "type": "Polygon",
        "coordinates": [
          [
            [
              7.421705000000003,
              46.929461999999994
            ],
            [
              7.4222905173069655,
              46.92919240270686
            ],
            [
              7.422355775283828,
              46.92916240844821
            ],
            [
              7.422378037772236,
              46.929185133686474
            ],
            [
              7.422382632131093,
              46.92918953303253
            ],
            [
              7.422394052203574,
              46.929201075597035
            ],
            [
              7.422404002140961,
              46.92921103478358
            ],
            [
              7.422413335007597,
              46.92922076899643
            ],
            [
              7.422427537838053,
              46.92923537934009
            ],
            [
              7.422437107070064,
              46.929245104591196
            ],
            [
              7.422490112208702,
              46.92929836413612
            ],
            [
              7.422505575342347,
              46.92931390116423
            ],
            [
              7.422502778070907,
              46.92931519605637
            ],
            [
              7.422564000437065,
              46.929377272093625
            ],
            [
              7.42257668662368,
              46.929371517048004
            ],
            [
              7.422614793139469,
              46.92941022007712
            ],
            [
              7.422612613107964,
              46.929411218221674
            ],
            [
              7.422616354192434,
              46.92941501475295
            ],
            [
              7.422653817566808,
              46.92945305202825
            ],
            [
              7.422627039894318,
              46.929465434461726
            ],
            [
              7.422625202165608,
              46.92946357218196
            ],
            [
              7.422620907718659,
              46.92946567642361
            ],
            [
              7.4227387063922645,
              46.92958501521675
            ],
            [
              7.4228605485399894,
              46.92970873514177
            ],
            [
              7.422902790437434,
              46.92975161245188
            ],
            [
              7.422906992912873,
              46.92974972407129
            ],
            [
              7.422936410232603,
              46.9297365054028
            ],
            [
              7.422957566767542,
              46.929727927052724
            ],
            [
              7.423409355967471,
              46.929528487140075
            ],
            [
              7.423425246480494,
              46.92952122125891
            ],
            [
              7.423440756308281,
              46.9295135775232
            ],
            [
              7.423455859188935,
              46.92950555592939
            ],
            [
              7.423470528857991,
              46.92949716546922
            ],
            [
              7.423484423846109,
              46.92948863097491
            ],
            [
              7.423497885611901,
              46.929479763595445
            ],
            [
              7.423510887888238,
              46.92947058131761
            ],
            [
              7.423523404410815,
              46.92946109313321
            ],
            [
              7.423877918229607,
              46.92916564983334
            ],
            [
              7.423877340686611,
              46.929164930137645
            ],
            [
              7.4232706139030125,
              46.92944700687188
            ],
            [
              7.4231955156333775,
              46.92937095967365
            ],
            [
              7.4232118658056985,
              46.92936337006032
            ],
            [
              7.423288219072934,
              46.92932794884283
            ],
            [
              7.423289689269493,
              46.92932944225624
            ],
            [
              7.423384336108679,
              46.929285801959566
            ],
            [
              7.423381159426441,
              46.929282590221575
            ],
            [
              7.423567813189487,
              46.92919585773586
            ],
            [
              7.423569257136707,
              46.92919732415643
            ],
            [
              7.423571318012858,
              46.92919951927491
            ],
            [
              7.423569925958363,
              46.92920016673496
            ],
            [
              7.423579416673364,
              46.92920966699946
            ],
            [
              7.423814568279585,
              46.92910059679071
            ],
            [
              7.423815946556122,
              46.92910213516077
            ],
            [
              7.423816681658646,
              46.92910288186409
            ],
            [
              7.423849460425929,
              46.92908776543419
            ],
            [
              7.423426568530924,
              46.92892394879453
            ],
            [
              7.4236304565227345,
              46.92867732884273
            ],
            [
              7.4239734821492664,
              46.928810235337984
            ],
            [
              7.423941064345008,
              46.928849045226286
            ],
            [
              7.424094951757634,
              46.928909109155214
            ],
            [
              7.424100426778552,
              46.92891077400909
            ],
            [
              7.424106203979553,
              46.92891183622477
            ],
            [
              7.424112152056007,
              46.92891228678932
            ],
            [
              7.424118126572696,
              46.92891211668781
            ],
            [
              7.424123996224975,
              46.92891131690751
            ],
            [
              7.424129826676516,
              46.92890985147631
            ],
            [
              7.424135237123941,
              46.92890776531897
            ],
            [
              7.424140109372786,
              46.92890512138592
            ],
            [
              7.424144312095288,
              46.92890199162125
            ],
            [
              7.424147727097159,
              46.928898438975494
            ],
            [
              7.42415110304761,
              46.928893698957175
            ],
            [
              7.424153769999566,
              46.92888875195345
            ],
            [
              7.42415571480953,
              46.92888364293862
            ],
            [
              7.424156924328915,
              46.928878434877426
            ],
            [
              7.42415737223976,
              46.92887332566071
            ],
            [
              7.424157097962739,
              46.92886821634673
            ],
            [
              7.42415611461839,
              46.92886314291798
            ],
            [
              7.424154435322117,
              46.92885815934746
            ],
            [
              7.424152223746111,
              46.928853644749246
            ],
            [
              7.424154000000007,
              46.92885400000001
            ],
            [
              7.424156109927311,
              46.928854000000015
            ],
            [
              7.424159675485527,
              46.92885460694736
            ],
            [
              7.424163957365355,
              46.92885523934135
            ],
            [
              7.424167000000012,
              46.928856
            ],
            [
              7.424256321409474,
              46.92889015235478
            ],
            [
              7.424248506316534,
              46.928894458651456
            ],
            [
              7.424241296186121,
              46.92889928811078
            ],
            [
              7.424236371049902,
              46.928903227350695
            ],
            [
              7.42423187916169,
              46.92890739152862
            ],
            [
              7.424227833652195,
              46.92891178064645
            ],
            [
              7.424145265602927,
              46.92901086972211
            ],
            [
              7.424137174496635,
              46.929019845845815
            ],
            [
              7.4241284925800155,
              46.92902856102823
            ],
            [
              7.4241192461195284,
              46.929036997282275
            ],
            [
              7.424109461381712,
              46.92904513662105
            ],
            [
              7.42409913836911,
              46.92905297004911
            ],
            [
              7.424086070703039,
              46.92906193650057
            ],
            [
              7.4240723203771894,
              46.929070408121675
            ],
            [
              7.424057913660888,
              46.92907835793013
            ],
            [
              7.424042889956873,
              46.929085749950296
            ],
            [
              7.423944409383426,
              46.92913091045891
            ],
            [
              7.42396311521552,
              46.92914978495482
            ],
            [
              7.423955498270068,
              46.92915358888694
            ],
            [
              7.423948314528551,
              46.92915777067644
            ],
            [
              7.423944939282156,
              46.92915997404069
            ],
            [
              7.423941682183474,
              46.92916227636822
            ],
            [
              7.423931214428623,
              46.92917099129138
            ],
            [
              7.423558615225908,
              46.92948146321303
            ],
            [
              7.423543209307708,
              46.92949300190312
            ],
            [
              7.423527186356984,
              46.92950412672514
            ],
            [
              7.423510559504586,
              46.929514837680635
            ],
            [
              7.423491660844511,
              46.929526097021814
            ],
            [
              7.4234720926650395,
              46.92953681655333
            ],
            [
              7.423451907497843,
              46.92954696929661
            ],
            [
              7.423171512747204,
              46.92967100029454
            ],
            [
              7.423157132179804,
              46.929678356309125
            ],
            [
              7.423504628190432,
              46.9300284090636
            ],
            [
              7.423529567331589,
              46.9300169436789
            ],
            [
              7.423573385146436,
              46.93006175492916
            ],
            [
              7.423660153422078,
              46.93002163043215
            ],
            [
              7.423662319298685,
              46.93002410441466
            ],
            [
              7.423837313069795,
              46.929943621544474
            ],
            [
              7.424013383011,
              46.9298632824754
            ],
            [
              7.42402931925838,
              46.929879520986375
            ],
            [
              7.424252611498094,
              46.93010710279764
            ],
            [
              7.424257206343496,
              46.93011061154265
            ],
            [
              7.424262313398234,
              46.930113769543055
            ],
            [
              7.424267867017608,
              46.93011654080923
            ],
            [
              7.424273827818841,
              46.93011888935498
            ],
            [
              7.42427926357309,
              46.930120563189945
            ],
            [
              7.424284883258963,
              46.93012189523143
            ],
            [
              7.424290673750454,
              46.930122867487356
            ],
            [
              7.4242970027255835,
              46.93012344402586
            ],
            [
              7.424303384355323,
              46.930123561815684
            ],
            [
              7.42430853196329,
              46.93012265398714
            ],
            [
              7.424313482721281,
              46.93012134134797
            ],
            [
              7.4243181841026304,
              46.93011963288632
            ],
            [
              7.424323410966182,
              46.93011706995013
            ],
            [
              7.424328047075131,
              46.93011401219878
            ],
            [
              7.424332000492075,
              46.930110531581654
            ],
            [
              7.424333169678932,
              46.93010866973019
            ],
            [
              7.424333485394798,
              46.930106654846526
            ],
            [
              7.4243330263082035,
              46.9301049007205
            ],
            [
              7.42433191062877,
              46.93010329942554
            ],
            [
              7.424266261371999,
              46.93003730184057
            ],
            [
              7.424314340200099,
              46.930015018148566
            ],
            [
              7.424283661979798,
              46.92998394461597
            ],
            [
              7.4243567453744195,
              46.92995007842257
            ],
            [
              7.424387423617662,
              46.92998115193568
            ],
            [
              7.424445614497825,
              46.92995419202424
            ],
            [
              7.424455739784674,
              46.929949497866225
            ],
            [
              7.424556767525913,
              46.93004980770287
            ],
            [
              7.424352475300005,
              46.93014416737642
            ],
            [
              7.4243447270051135,
              46.93014771045545
            ],
            [
              7.424336493023043,
              46.930150686771384
            ],
            [
              7.424327839021755,
              46.93015305135691
            ],
            [
              7.42431887005207,
              46.93015479523066
            ],
            [
              7.424309691172501,
              46.93015588242584
            ],
            [
              7.424300394300393,
              46.93015631295459
            ],
            [
              7.424291084486656,
              46.93015607783577
            ],
            [
              7.424281866779651,
              46.93015517708341
            ],
            [
              7.424272373634753,
              46.93015317887852
            ],
            [
              7.424263182672923,
              46.93015058702988
            ],
            [
              7.42425439893728,
              46.930147419541974
            ],
            [
              7.424246061810755,
              46.93014371240095
            ],
            [
              7.424238276336352,
              46.93013948361146
            ],
            [
              7.424231095022717,
              46.93013478715188
            ],
            [
              7.424119605641985,
              46.930023024721095
            ],
            [
              7.42410108867019,
              46.930031018954395
            ],
            [
              7.4237043342245785,
              46.930215896999066
            ],
            [
              7.4231121992460505,
              46.93048878177067
            ],
            [
              7.42275735906911,
              46.930652937594914
            ],
            [
              7.422828350321143,
              46.930723029638294
            ],
            [
              7.422857388789523,
              46.93075088677576
            ],
            [
              7.422629999999996,
              46.930535
            ],
            [
              7.422544250897838,
              46.930574647439535
            ],
            [
              7.422543097209298,
              46.93057429681283
            ],
            [
              7.422541626614127,
              46.930574017742565
            ],
            [
              7.422538908512732,
              46.93057390040018
            ],
            [
              7.4225362427815735,
              46.9305742688065
            ],
            [
              7.422533813261774,
              46.930575104998525
            ],
            [
              7.422536914757607,
              46.930578039518885
            ],
            [
              7.422015000000008,
              46.93082
            ],
            [
              7.421813999999997,
              46.930913
            ],
            [
              7.421692033647557,
              46.93097009070123
            ],
            [
              7.421625641873352,
              46.93100087998603
            ],
            [
              7.4214767373946735,
              46.93106993439726
            ],
            [
              7.4213640000000005,
              46.93112200000001
            ],
            [
              7.421211,
              46.93119300000001
            ],
            [
              7.421028,
              46.931278
            ],
            [
              7.421024,
              46.931274
            ],
            [
              7.420985,
              46.931217999999994
            ],
            [
              7.420984967069286,
              46.93121795163307
            ],
            [
              7.421014981486468,
              46.93121001096083
            ],
            [
              7.42101998265575,
              46.931215336931984
            ],
            [
              7.4210229507527385,
              46.931214087080164
            ],
            [
              7.421071897700247,
              46.93119453943673
            ],
            [
              7.421428440758677,
              46.93102972347681
            ],
            [
              7.421408987161497,
              46.931009436207006
            ],
            [
              7.421353301993732,
              46.9310354594682
            ],
            [
              7.421318161794646,
              46.93099996779057
            ],
            [
              7.421362289559569,
              46.93097961868005
            ],
            [
              7.421360845624695,
              46.93097815223208
            ],
            [
              7.4214112772678185,
              46.93095503358359
            ],
            [
              7.421416268017227,
              46.930952389786185
            ],
            [
              7.421420707401941,
              46.930949314131325
            ],
            [
              7.421424490354129,
              46.93094586057366
            ],
            [
              7.421427564330823,
              46.93094208307608
            ],
            [
              7.4214298767830265,
              46.930938053591966
            ],
            [
              7.421431362027552,
              46.930933853067756
            ],
            [
              7.421432006848275,
              46.93092973336706
            ],
            [
              7.421431863803585,
              46.930925595550974
            ],
            [
              7.421430946003571,
              46.930921502588085
            ],
            [
              7.421429266555281,
              46.930917526441974
            ],
            [
              7.421426851699957,
              46.93091373008327
            ],
            [
              7.421423740809996,
              46.9309101764845
            ],
            [
              7.42115037875031,
              46.93063364722451
            ],
            [
              7.421137823355979,
              46.930639600026424
            ],
            [
              7.421113132297392,
              46.930614652345376
            ],
            [
              7.421125713858107,
              46.930608969406485
            ],
            [
              7.421123731749558,
              46.93060696315644
            ],
            [
              7.420919588715328,
              46.93039968055763
            ],
            [
              7.420893296277118,
              46.93041132505602
            ],
            [
              7.4207337147423,
              46.930485311421585
            ],
            [
              7.42066745734151,
              46.93051679269828
            ],
            [
              7.420488910680403,
              46.93059972581284
            ],
            [
              7.420467788582638,
              46.93060953654461
            ],
            [
              7.420434999999996,
              46.930567
            ],
            [
              7.420428999999998,
              46.930559
            ],
            [
              7.4204275799692105,
              46.930557174246395
            ],
            [
              7.420421041182134,
              46.930548306881775
            ],
            [
              7.420594137216043,
              46.93046866521273
            ],
            [
              7.421164864563877,
              46.93020606254614
            ],
            [
              7.421081656051268,
              46.93012190798586
            ],
            [
              7.421080041499986,
              46.9301202795929
            ],
            [
              7.422196487939914,
              46.92960273564124
            ],
            [
              7.422002911173451,
              46.92940680849335
            ],
            [
              7.421235332670862,
              46.92976251133976
            ],
            [
              7.421178429935286,
              46.92970489691192
            ],
            [
              7.421177818006058,
              46.929704274788214
            ],
            [
              7.421705000000003,
              46.929461999999994
            ]
          ],
          [
            [
              7.421225603751659,
              46.93025877520497
            ],
            [
              7.420963138212525,
              46.930379790260034
            ],
            [
              7.420994786894156,
              46.930409542543494
            ],
            [
              7.421108060274027,
              46.93035736171664
            ],
            [
              7.421137371675825,
              46.93038716755463
            ],
            [
              7.421024111392639,
              46.930439348412406
            ],
            [
              7.421054354813649,
              46.930469981981155
            ],
            [
              7.421167391984124,
              46.930417567182516
            ],
            [
              7.421196861058453,
              46.93044727408315
            ],
            [
              7.421083810720026,
              46.93049969790366
            ],
            [
              7.421113857350935,
              46.93053001659244
            ],
            [
              7.421226986445775,
              46.93047778165438
            ],
            [
              7.421256337390969,
              46.93050753349647
            ],
            [
              7.421143208258913,
              46.93055977745843
            ],
            [
              7.421172663434263,
              46.93059191306728
            ],
            [
              7.4214048055570725,
              46.9304836569177
            ],
            [
              7.421434565278438,
              46.9304697820413
            ],
            [
              7.421431506779909,
              46.93046669620139
            ],
            [
              7.421342994233828,
              46.930377431717915
            ],
            [
              7.421318972636221,
              46.930353212798394
            ],
            [
              7.421322295268947,
              46.93035181007677
            ],
            [
              7.421225603751659,
              46.93025877520497
            ]
          ],
          [
            [
              7.421428383458292,
              46.930499995949916
            ],
            [
              7.421191106234284,
              46.930610626055625
            ],
            [
              7.421197420113279,
              46.93061701366454
            ],
            [
              7.421470887358735,
              46.930893605796044
            ],
            [
              7.421544318381042,
              46.93096748599972
            ],
            [
              7.421571819385526,
              46.930954753123494
            ],
            [
              7.421535524115509,
              46.930917579227376
            ],
            [
              7.421600783077451,
              46.93088745556911
            ],
            [
              7.4216371046466785,
              46.93092459346798
            ],
            [
              7.42165508400768,
              46.930916320698955
            ],
            [
              7.421618762443649,
              46.9308791468249
            ],
            [
              7.421684139504745,
              46.93084898715664
            ],
            [
              7.421720500511099,
              46.930886089054646
            ],
            [
              7.421738440458805,
              46.93087779827592
            ],
            [
              7.421702092573851,
              46.930840705380795
            ],
            [
              7.421756503358297,
              46.93081555428534
            ],
            [
              7.421793021969053,
              46.93085264718989
            ],
            [
              7.421811145766498,
              46.93084424848587
            ],
            [
              7.42180105129192,
              46.93083399238641
            ],
            [
              7.421774640274127,
              46.930807173579474
            ],
            [
              7.421829077255919,
              46.930782013458284
            ],
            [
              7.421865648400839,
              46.93081916031924
            ],
            [
              7.421883509528685,
              46.93081083352466
            ],
            [
              7.421873205019199,
              46.93080036151419
            ],
            [
              7.4218470433995565,
              46.93077376764246
            ],
            [
              7.421901322727969,
              46.930748643443145
            ],
            [
              7.421938156597143,
              46.93078556544162
            ],
            [
              7.421957041858744,
              46.930777463673536
            ],
            [
              7.4219201031252675,
              46.93073995697669
            ],
            [
              7.421974277306733,
              46.930714922678426
            ],
            [
              7.4220108616375535,
              46.930752069495405
            ],
            [
              7.422028657047194,
              46.93074379663923
            ],
            [
              7.421992112091326,
              46.93070668581476
            ],
            [
              7.422046680198322,
              46.93068147163859
            ],
            [
              7.422083212046524,
              46.93071857344859
            ],
            [
              7.422101112494731,
              46.93071026461636
            ],
            [
              7.422064698840509,
              46.930673099863654
            ],
            [
              7.422119148667016,
              46.9306479845819
            ],
            [
              7.422155851299761,
              46.930684924481376
            ],
            [
              7.422182393322764,
              46.930672560115156
            ],
            [
              7.422154420083778,
              46.93064422096823
            ],
            [
              7.422125987168379,
              46.93061624155238
            ],
            [
              7.422102043677942,
              46.93059269745039
            ],
            [
              7.422007669288495,
              46.93063621078653
            ],
            [
              7.4219997762932355,
              46.930639852631586
            ],
            [
              7.421970490537168,
              46.930610047019705
            ],
            [
              7.422072771027803,
              46.93056287387608
            ],
            [
              7.422056585772299,
              46.93054634720984
            ],
            [
              7.421957325870156,
              46.930592252480665
            ],
            [
              7.421954331522756,
              46.93059363728082
            ],
            [
              7.42192501956082,
              46.930563813662644
            ],
            [
              7.422027221231505,
              46.93051659557119
            ],
            [
              7.422011167267743,
              46.9305002128418
            ],
            [
              7.421908978739301,
              46.93054744891147
            ],
            [
              7.42187953553167,
              46.93051758028514
            ],
            [
              7.421893522263921,
              46.930511141881986
            ],
            [
              7.421981934091073,
              46.93047045221627
            ],
            [
              7.421965893327302,
              46.93045394354959
            ],
            [
              7.421863954219001,
              46.93050153942591
            ],
            [
              7.421834524145092,
              46.93047181471303
            ],
            [
              7.4219363712996875,
              46.93042423683887
            ],
            [
              7.42192040934122,
              46.93040775516342
            ],
            [
              7.421840389434837,
              46.9304450908723
            ],
            [
              7.421818352094645,
              46.93045536897172
            ],
            [
              7.421789053405805,
              46.9304255723057
            ],
            [
              7.4218125222457045,
              46.93041462878905
            ],
            [
              7.4218909004803875,
              46.930378093418845
            ],
            [
              7.421875109211759,
              46.930361737696174
            ],
            [
              7.421800053690679,
              46.93039663644494
            ],
            [
              7.421772973267832,
              46.930409225519384
            ],
            [
              7.421743622120062,
              46.93037938385725
            ],
            [
              7.4217680496502245,
              46.93036803571494
            ],
            [
              7.421845639818128,
              46.930332003984184
            ],
            [
              7.4218290614993645,
              46.930313273399165
            ],
            [
              7.421759902770365,
              46.93034542050412
            ],
            [
              7.421428383458292,
              46.930499995949916
            ]
          ],
          [
            [
              7.421357796730242,
              46.93009537146333
            ],
            [
              7.421274257334372,
              46.93013404650332
            ],
            [
              7.421365945777872,
              46.93022712551575
            ],
            [
              7.421606031241724,
              46.93011571289907
            ],
            [
              7.4215143950175255,
              46.93002286796078
            ],
            [
              7.4215087346889375,
              46.93002548467151
            ],
            [
              7.4215013969812516,
              46.93001804447851
            ],
            [
              7.421483374306771,
              46.9299998083505
            ],
            [
              7.421332672802947,
              46.93006952423796
            ],
            [
              7.421354830146864,
              46.93009236659267
            ],
            [
              7.421357796730242,
              46.93009537146333
            ]
          ],
          [
            [
              7.421674801341658,
              46.93022458364051
            ],
            [
              7.421360710799267,
              46.930369266895006
            ],
            [
              7.421386622646344,
              46.93039540208463
            ],
            [
              7.421399197923165,
              46.93040804234454
            ],
            [
              7.421423482105533,
              46.930432549135176
            ],
            [
              7.421452216226291,
              46.930461554227435
            ],
            [
              7.421741932646539,
              46.93032650978575
            ],
            [
              7.421766031826252,
              46.93031531451102
            ],
            [
              7.4217379406762625,
              46.93028738902159
            ],
            [
              7.421713393759577,
              46.930262990198486
            ],
            [
              7.421700805299766,
              46.930250385951496
            ],
            [
              7.421674801341658,
              46.93022458364051
            ]
          ],
          [
            [
              7.421718193054492,
              46.93020406336617
            ],
            [
              7.421689405335773,
              46.93021767760796
            ],
            [
              7.421714962752998,
              46.93024374970211
            ],
            [
              7.421727393657198,
              46.93025630894693
            ],
            [
              7.421752085003623,
              46.93028075276556
            ],
            [
              7.421780307464917,
              46.930308687267214
            ],
            [
              7.421810749895473,
              46.93029454254263
            ],
            [
              7.421792031334771,
              46.93027553276849
            ],
            [
              7.421831062734668,
              46.93025745846918
            ],
            [
              7.421833177148029,
              46.93025649631029
            ],
            [
              7.422033265869861,
              46.93046313800307
            ],
            [
              7.4221934647170915,
              46.93062628147645
            ],
            [
              7.422221241006293,
              46.93065460259363
            ],
            [
              7.422385036612703,
              46.93057895067697
            ],
            [
              7.422313652437106,
              46.93050811169558
            ],
            [
              7.422259241913201,
              46.93045280995602
            ],
            [
              7.422246075763386,
              46.93043943209454
            ],
            [
              7.422339254716284,
              46.93039582842831
            ],
            [
              7.422381845082992,
              46.930376045388925
            ],
            [
              7.422403448880352,
              46.93036600998635
            ],
            [
              7.422473336467614,
              46.93043551739956
            ],
            [
              7.422516977641757,
              46.93041466403789
            ],
            [
              7.422537980705592,
              46.93043559001157
            ],
            [
              7.422692012414721,
              46.93058908901097
            ],
            [
              7.422694073365011,
              46.9305911042407
            ],
            [
              7.422727206113267,
              46.93062350984784
            ],
            [
              7.4230839504896045,
              46.930458391904025
            ],
            [
              7.423630501599779,
              46.93020551526165
            ],
            [
              7.4235991278246996,
              46.93017409963188
            ],
            [
              7.423595662272613,
              46.93017062699905
            ],
            [
              7.423282215584282,
              46.92985606546626
            ],
            [
              7.423121450724061,
              46.929694146762195
            ],
            [
              7.42309202071226,
              46.92970616011904
            ],
            [
              7.422933246455388,
              46.929776380685105
            ],
            [
              7.422942710864296,
              46.92978598894017
            ],
            [
              7.422938547766083,
              46.92978792230385
            ],
            [
              7.42261142179192,
              46.92994007312363
            ],
            [
              7.42239973231769,
              46.93003915069875
            ],
            [
              7.422166418818995,
              46.92980345906481
            ],
            [
              7.421770776066717,
              46.92998670245157
            ],
            [
              7.421871680132637,
              46.930088687747215
            ],
            [
              7.421877560853947,
              46.9300946344871
            ],
            [
              7.4219017532137155,
              46.93011908719213
            ],
            [
              7.421761755317861,
              46.93018390291004
            ],
            [
              7.421718193054492,
              46.93020406336617
            ]
          ],
          [
            [
              7.42188789279089,
              46.92982217134262
            ],
            [
              7.421737363066553,
              46.92989172587781
            ],
            [
              7.421762736572461,
              46.929917636020356
            ],
            [
              7.421913345136912,
              46.92984803648826
            ],
            [
              7.42188789279089,
              46.92982217134262
            ]
          ],
          [
            [
              7.422354095434437,
              46.92920057485271
            ],
            [
              7.422094828712235,
              46.92932061252763
            ],
            [
              7.422144302344214,
              46.929370957245816
            ],
            [
              7.422191465801573,
              46.929418962837836
            ],
            [
              7.422199726319817,
              46.92941515912096
            ],
            [
              7.422322071178791,
              46.92935875071529
            ],
            [
              7.42243698264062,
              46.929305822209415
            ],
            [
              7.42245145490153,
              46.92929915892943
            ],
            [
              7.422412508347296,
              46.929260032944505
            ],
            [
              7.422354095434437,
              46.92920057485271
            ]
          ],
          [
            [
              7.42390498617723,
              46.92905700945037
            ],
            [
              7.423869441747204,
              46.92910029850087
            ],
            [
              7.423998271512022,
              46.92904114565308
            ],
            [
              7.42401053739442,
              46.92903500359718
            ],
            [
              7.42402229131119,
              46.929028393719605
            ],
            [
              7.424033480731534,
              46.929021342999064
            ],
            [
              7.424044079386117,
              46.92901387841773
            ],
            [
              7.42405378520076,
              46.92900623381017
            ],
            [
              7.424062873972841,
              46.92899822930982
            ],
            [
              7.424071306299894,
              46.928989900892404
            ],
            [
              7.424073684040163,
              46.92898615920899
            ],
            [
              7.424075208343361,
              46.92898221052017
            ],
            [
              7.4240758660529815,
              46.92897814477629
            ],
            [
              7.424075630876638,
              46.92897406991612
            ],
            [
              7.424074502793743,
              46.928970057901466
            ],
            [
              7.424072508037342,
              46.92896620768301
            ],
            [
              7.424069515334265,
              46.92896240230531
            ],
            [
              7.424065669028987,
              46.92895896561519
            ],
            [
              7.424061100400073,
              46.928955996577734
            ],
            [
              7.424055888216137,
              46.9289535491747
            ],
            [
              7.42390888037618,
              46.928896319626
            ],
            [
              7.423876160461869,
              46.92893514744437
            ],
            [
              7.423933653356363,
              46.92895731051244
            ],
            [
              7.4239014716955705,
              46.928996435253005
            ],
            [
              7.423919366802678,
              46.92900350793539
            ],
            [
              7.42390498617723,
              46.92905700945037
            ]
          ]
        ]
      }
    },
    {
      "type": "Feature",
      "properties": {
        "landCoverId": 59,
        "parcelId": "9900/9003/01",
        "buildingId": null,
        "type": "uebrige_befestigte",
        "typeGroup": "befestigt",
        "area": 1500.0,
        "egid": null,
        "egrid": "CH208035154682",
        "surveyStatus": "AV93",
        "canton": "BE",
        "municipalityNumber": 355,
        "provenance": {
          "dataStatus": "public-source",
          "buildingId": "9900/9003/AA",
          "notice": "Bodenbedeckung der amtlichen Vermessung (geodienste.ch WFS ms:LCSF), auf die AV-Parzelle zugeschnitten.",
          "geometryMethod": "AV land cover polygon (WFS, EPSG:4326) clipped to the AV parcel in a local azimuthal equidistant CRS; geodesic area",
          "sourceUrl": "https://geodienste.ch/db/av_0/deu?SERVICE=WFS&VERSION=2.0.0&REQUEST=GetFeature&TYPENAMES=ms%3ALCSF&SRSNAME=urn%3Aogc%3Adef%3Acrs%3AEPSG%3A%3A4326&BBOX=46.928664%2C7.420198%2C46.931278%2C7.425165%2Curn%3Aogc%3Adef%3Acrs%3AEPSG%3A%3A4326&OUTPUTFORMAT=geojson&COUNT=1000",
          "retrievedAt": "2026-09-23",
          "licence": "AV land cover © the cantons, distributed via geodienste.ch; see the geodienste.ch and geo.admin.ch terms of use",
          "quality": "AV93",
          "canton": "BE",
          "municipalityNumber": 355
        }
      },
      "geometry": {
        "type": "Polygon",
        "coordinates": [
          [
            [
              7.425033999999998,
              46.929261999999994
            ],
            [
              7.4249414981805195,
              46.92937029523895
            ],
            [
              7.42478804990809,
              46.92954954254424
            ],
            [
              7.424124934157959,
              46.929302284653666
            ],
            [
              7.424366123834537,
              46.92901269834132
            ],
            [
              7.424384944554379,
              46.92898912988152
            ],
            [
              7.42436600000001,
              46.929013
            ],
            [
              7.425033999999998,
              46.929261999999994
            ]
          ],
          [
            [
              7.4244052615168235,
              46.929076866341006
            ],
            [
              7.424311645713165,
              46.929193035963664
            ],
            [
              7.424377384424143,
              46.92921789846941
            ],
            [
              7.424337058745804,
              46.92926794242784
            ],
            [
              7.424593436528671,
              46.92936489963083
            ],
            [
              7.424634615838082,
              46.92931379426016
            ],
            [
              7.424699015644144,
              46.929338152674205
            ],
            [
              7.424791803334307,
              46.92922303506962
            ],
            [
              7.4244052615168235,
              46.929076866341006
            ]
          ]
        ]
      }
    },
    {
      "type": "Feature",
      "properties": {
        "landCoverId": 60,
        "parcelId": "9900/9003/01",
        "buildingId": null,
        "type": "uebrige_befestigte",
        "typeGroup": "befestigt",
        "area": 244.09,
        "egid": null,
        "egrid": "CH208035154682",
        "surveyStatus": "AV93",
        "canton": "BE",
        "municipalityNumber": 355,
        "provenance": {
          "dataStatus": "public-source",
          "buildingId": "9900/9003/AA",
          "notice": "Bodenbedeckung der amtlichen Vermessung (geodienste.ch WFS ms:LCSF), auf die AV-Parzelle zugeschnitten.",
          "geometryMethod": "AV land cover polygon (WFS, EPSG:4326) clipped to the AV parcel in a local azimuthal equidistant CRS; geodesic area",
          "sourceUrl": "https://geodienste.ch/db/av_0/deu?SERVICE=WFS&VERSION=2.0.0&REQUEST=GetFeature&TYPENAMES=ms%3ALCSF&SRSNAME=urn%3Aogc%3Adef%3Acrs%3AEPSG%3A%3A4326&BBOX=46.928664%2C7.420198%2C46.931278%2C7.425165%2Curn%3Aogc%3Adef%3Acrs%3AEPSG%3A%3A4326&OUTPUTFORMAT=geojson&COUNT=1000",
          "retrievedAt": "2026-09-23",
          "licence": "AV land cover © the cantons, distributed via geodienste.ch; see the geodienste.ch and geo.admin.ch terms of use",
          "quality": "AV93",
          "canton": "BE",
          "municipalityNumber": 355
        }
      },
      "geometry": {
        "type": "Polygon",
        "coordinates": [
          [
            [
              7.420702000000002,
              46.93086999999999
            ],
            [
              7.420654747668277,
              46.93081959752827
            ],
            [
              7.420642366785804,
              46.93080628117983
            ],
            [
              7.420639728437774,
              46.93080340227816
            ],
            [
              7.42068433881168,
              46.93079254344758
            ],
            [
              7.420823472709544,
              46.93072838556206
            ],
            [
              7.420789935053428,
              46.93069291197334
            ],
            [
              7.420872267447287,
              46.930654686853195
            ],
            [
              7.420921478717557,
              46.93070451931923
            ],
            [
              7.420945198326732,
              46.93072859434829
            ],
            [
              7.420993740351782,
              46.930777536148504
            ],
            [
              7.420909674254815,
              46.93081658863108
            ],
            [
              7.420875388089201,
              46.93078089006577
            ],
            [
              7.420734192747749,
              46.93084440901495
            ],
            [
              7.420703228280786,
              46.930871354723685
            ],
            [
              7.420702000000002,
              46.93086999999999
            ]
          ]
        ]
      }
    },
    {
      "type": "Feature",
      "properties": {
        "landCoverId": 61,
        "parcelId": "9900/9003/01",
        "buildingId": null,
        "type": "uebrige_befestigte",
        "typeGroup": "befestigt",
        "area": 50.08,
        "egid": null,
        "egrid": "CH208035154682",
        "surveyStatus": "AV93",
        "canton": "BE",
        "municipalityNumber": 355,
        "provenance": {
          "dataStatus": "public-source",
          "buildingId": "9900/9003/AA",
          "notice": "Bodenbedeckung der amtlichen Vermessung (geodienste.ch WFS ms:LCSF), auf die AV-Parzelle zugeschnitten.",
          "geometryMethod": "AV land cover polygon (WFS, EPSG:4326) clipped to the AV parcel in a local azimuthal equidistant CRS; geodesic area",
          "sourceUrl": "https://geodienste.ch/db/av_0/deu?SERVICE=WFS&VERSION=2.0.0&REQUEST=GetFeature&TYPENAMES=ms%3ALCSF&SRSNAME=urn%3Aogc%3Adef%3Acrs%3AEPSG%3A%3A4326&BBOX=46.928664%2C7.420198%2C46.931278%2C7.425165%2Curn%3Aogc%3Adef%3Acrs%3AEPSG%3A%3A4326&OUTPUTFORMAT=geojson&COUNT=1000",
          "retrievedAt": "2026-09-23",
          "licence": "AV land cover © the cantons, distributed via geodienste.ch; see the geodienste.ch and geo.admin.ch terms of use",
          "quality": "AV93",
          "canton": "BE",
          "municipalityNumber": 355
        }
      },
      "geometry": {
        "type": "Polygon",
        "coordinates": [
          [
            [
              7.42084366617403,
              46.92985783713176
            ],
            [
              7.420912642287577,
              46.92982613871864
            ],
            [
              7.420913117295929,
              46.92982674795936
            ],
            [
              7.420971030739811,
              46.92988499234663
            ],
            [
              7.4209022266749525,
              46.929916878132325
            ],
            [
              7.420898433162314,
              46.92991305455113
            ],
            [
              7.420844405222329,
              46.92985853477837
            ],
            [
              7.42084366617403,
              46.92985783713176
            ]
          ]
        ]
      }
    },
    {
      "type": "Feature",
      "properties": {
        "landCoverId": 62,
        "parcelId": "9900/9003/01",
        "buildingId": null,
        "type": "uebrige_humusierte",
        "typeGroup": "humusiert",
        "area": 831.76,
        "egid": null,
        "egrid": "CH208035154682",
        "surveyStatus": "AV93",
        "canton": "BE",
        "municipalityNumber": 355,
        "provenance": {
          "dataStatus": "public-source",
          "buildingId": "9900/9003/AA",
          "notice": "Bodenbedeckung der amtlichen Vermessung (geodienste.ch WFS ms:LCSF), auf die AV-Parzelle zugeschnitten.",
          "geometryMethod": "AV land cover polygon (WFS, EPSG:4326) clipped to the AV parcel in a local azimuthal equidistant CRS; geodesic area",
          "sourceUrl": "https://geodienste.ch/db/av_0/deu?SERVICE=WFS&VERSION=2.0.0&REQUEST=GetFeature&TYPENAMES=ms%3ALCSF&SRSNAME=urn%3Aogc%3Adef%3Acrs%3AEPSG%3A%3A4326&BBOX=46.928664%2C7.420198%2C46.931278%2C7.425165%2Curn%3Aogc%3Adef%3Acrs%3AEPSG%3A%3A4326&OUTPUTFORMAT=geojson&COUNT=1000",
          "retrievedAt": "2026-09-23",
          "licence": "AV land cover © the cantons, distributed via geodienste.ch; see the geodienste.ch and geo.admin.ch terms of use",
          "quality": "AV93",
          "canton": "BE",
          "municipalityNumber": 355
        }
      },
      "geometry": {
        "type": "Polygon",
        "coordinates": [
          [
            [
              7.422828350321143,
              46.930723029638294
            ],
            [
              7.42275735906911,
              46.930652937594914
            ],
            [
              7.4231121992460505,
              46.93048878177067
            ],
            [
              7.4237043342245785,
              46.930215896999066
            ],
            [
              7.423775076311545,
              46.93028712182145
            ],
            [
              7.423184608721736,
              46.93055946748249
            ],
            [
              7.422842455181807,
              46.9307165641511
            ],
            [
              7.422828350321143,
              46.930723029638294
            ]
          ]
        ]
      }
    },
    {
      "type": "Feature",
      "properties": {
        "landCoverId": 63,
        "parcelId": "9900/9003/01",
        "buildingId": null,
        "type": "uebrige_humusierte",
        "typeGroup": "humusiert",
        "area": 390.22,
        "egid": null,
        "egrid": "CH208035154682",
        "surveyStatus": "AV93",
        "canton": "BE",
        "municipalityNumber": 355,
        "provenance": {
          "dataStatus": "public-source",
          "buildingId": "9900/9003/AA",
          "notice": "Bodenbedeckung der amtlichen Vermessung (geodienste.ch WFS ms:LCSF), auf die AV-Parzelle zugeschnitten.",
          "geometryMethod": "AV land cover polygon (WFS, EPSG:4326) clipped to the AV parcel in a local azimuthal equidistant CRS; geodesic area",
          "sourceUrl": "https://geodienste.ch/db/av_0/deu?SERVICE=WFS&VERSION=2.0.0&REQUEST=GetFeature&TYPENAMES=ms%3ALCSF&SRSNAME=urn%3Aogc%3Adef%3Acrs%3AEPSG%3A%3A4326&BBOX=46.928664%2C7.420198%2C46.931278%2C7.425165%2Curn%3Aogc%3Adef%3Acrs%3AEPSG%3A%3A4326&OUTPUTFORMAT=geojson&COUNT=1000",
          "retrievedAt": "2026-09-23",
          "licence": "AV land cover © the cantons, distributed via geodienste.ch; see the geodienste.ch and geo.admin.ch terms of use",
          "quality": "AV93",
          "canton": "BE",
          "municipalityNumber": 355
        }
      },
      "geometry": {
        "type": "Polygon",
        "coordinates": [
          [
            [
              7.422694073365011,
              46.9305911042407
            ],
            [
              7.422692012414721,
              46.93058908901097
            ],
            [
              7.4230497417720205,
              46.93042308978823
            ],
            [
              7.423595662272613,
              46.93017062699905
            ],
            [
              7.4235991278246996,
              46.93017409963188
            ],
            [
              7.423630501599779,
              46.93020551526165
            ],
            [
              7.4230839504896045,
              46.930458391904025
            ],
            [
              7.422727206113267,
              46.93062350984784
            ],
            [
              7.422694073365011,
              46.9305911042407
            ]
          ]
        ]
      }
    },
    {
      "type": "Feature",
      "properties": {
        "landCoverId": 64,
        "parcelId": "9900/9003/01",
        "buildingId": null,
        "type": "uebrige_humusierte",
        "typeGroup": "humusiert",
        "area": 47.97,
        "egid": null,
        "egrid": "CH208035154682",
        "surveyStatus": "AV93",
        "canton": "BE",
        "municipalityNumber": 355,
        "provenance": {
          "dataStatus": "public-source",
          "buildingId": "9900/9003/AA",
          "notice": "Bodenbedeckung der amtlichen Vermessung (geodienste.ch WFS ms:LCSF), auf die AV-Parzelle zugeschnitten.",
          "geometryMethod": "AV land cover polygon (WFS, EPSG:4326) clipped to the AV parcel in a local azimuthal equidistant CRS; geodesic area",
          "sourceUrl": "https://geodienste.ch/db/av_0/deu?SERVICE=WFS&VERSION=2.0.0&REQUEST=GetFeature&TYPENAMES=ms%3ALCSF&SRSNAME=urn%3Aogc%3Adef%3Acrs%3AEPSG%3A%3A4326&BBOX=46.928664%2C7.420198%2C46.931278%2C7.425165%2Curn%3Aogc%3Adef%3Acrs%3AEPSG%3A%3A4326&OUTPUTFORMAT=geojson&COUNT=1000",
          "retrievedAt": "2026-09-23",
          "licence": "AV land cover © the cantons, distributed via geodienste.ch; see the geodienste.ch and geo.admin.ch terms of use",
          "quality": "AV93",
          "canton": "BE",
          "municipalityNumber": 355
        }
      },
      "geometry": {
        "type": "Polygon",
        "coordinates": [
          [
            [
              7.421762736572461,
              46.929917636020356
            ],
            [
              7.421737363066553,
              46.92989172587781
            ],
            [
              7.42188789279089,
              46.92982217134262
            ],
            [
              7.421913345136912,
              46.92984803648826
            ],
            [
              7.421762736572461,
              46.929917636020356
            ]
          ]
        ]
      }
    },
    {
      "type": "Feature",
      "properties": {
        "landCoverId": 65,
        "parcelId": "9900/9003/01",
        "buildingId": null,
        "type": "uebrige_humusierte",
        "typeGroup": "humusiert",
        "area": 47.82,
        "egid": null,
        "egrid": "CH208035154682",
        "surveyStatus": "AV93",
        "canton": "BE",
        "municipalityNumber": 355,
        "provenance": {
          "dataStatus": "public-source",
          "buildingId": "9900/9003/AA",
          "notice": "Bodenbedeckung der amtlichen Vermessung (geodienste.ch WFS ms:LCSF), auf die AV-Parzelle zugeschnitten.",
          "geometryMethod": "AV land cover polygon (WFS, EPSG:4326) clipped to the AV parcel in a local azimuthal equidistant CRS; geodesic area",
          "sourceUrl": "https://geodienste.ch/db/av_0/deu?SERVICE=WFS&VERSION=2.0.0&REQUEST=GetFeature&TYPENAMES=ms%3ALCSF&SRSNAME=urn%3Aogc%3Adef%3Acrs%3AEPSG%3A%3A4326&BBOX=46.928664%2C7.420198%2C46.931278%2C7.425165%2Curn%3Aogc%3Adef%3Acrs%3AEPSG%3A%3A4326&OUTPUTFORMAT=geojson&COUNT=1000",
          "retrievedAt": "2026-09-23",
          "licence": "AV land cover © the cantons, distributed via geodienste.ch; see the geodienste.ch and geo.admin.ch terms of use",
          "quality": "AV93",
          "canton": "BE",
          "municipalityNumber": 355
        }
      },
      "geometry": {
        "type": "Polygon",
        "coordinates": [
          [
            [
              7.421354830146864,
              46.93009236659267
            ],
            [
              7.421332672802947,
              46.93006952423796
            ],
            [
              7.421483374306771,
              46.9299998083505
            ],
            [
              7.4215013969812516,
              46.93001804447851
            ],
            [
              7.4215087346889375,
              46.93002548467151
            ],
            [
              7.421357796730242,
              46.93009537146333
            ],
            [
              7.421354830146864,
              46.93009236659267
            ]
          ]
        ]
      }
    },
    {
      "type": "Feature",
      "properties": {
        "landCoverId": 66,
        "parcelId": "9900/9004/01",
        "buildingId": null,
        "type": "Bahn",
        "typeGroup": "befestigt",
        "area": 1.5,
        "egid": null,
        "egrid": "CH794682373511",
        "surveyStatus": "AV93",
        "canton": "BE",
        "municipalityNumber": 361,
        "provenance": {
          "dataStatus": "public-source",
          "buildingId": "9900/9004/AA",
          "notice": "Bodenbedeckung der amtlichen Vermessung (geodienste.ch WFS ms:LCSF), auf die AV-Parzelle zugeschnitten.",
          "geometryMethod": "AV land cover polygon (WFS, EPSG:4326) clipped to the AV parcel in a local azimuthal equidistant CRS; geodesic area",
          "sourceUrl": "https://geodienste.ch/db/av_0/deu?SERVICE=WFS&VERSION=2.0.0&REQUEST=GetFeature&TYPENAMES=ms%3ALCSF&SRSNAME=urn%3Aogc%3Adef%3Acrs%3AEPSG%3A%3A4326&BBOX=46.996497%2C7.461843%2C46.997813%2C7.463656%2Curn%3Aogc%3Adef%3Acrs%3AEPSG%3A%3A4326&OUTPUTFORMAT=geojson&COUNT=1000",
          "retrievedAt": "2026-09-23",
          "licence": "AV land cover © the cantons, distributed via geodienste.ch; see the geodienste.ch and geo.admin.ch terms of use",
          "quality": "AV93",
          "canton": "BE",
          "municipalityNumber": 361
        }
      },
      "geometry": {
        "type": "MultiPolygon",
        "coordinates": [
          [
            [
              [
                7.461842999999991,
                46.997813
              ],
              [
                7.46184959277862,
                46.997778238091634
              ],
              [
                7.461843459086388,
                46.99781254675173
              ],
              [
                7.46195733922261,
                46.99780279188167
              ],
              [
                7.4619852110568266,
                46.997800402736424
              ],
              [
                7.461985218497969,
                46.99780057611354
              ],
              [
                7.461957000000006,
                46.997803
              ],
              [
                7.461842999999991,
                46.997813
              ]
            ]
          ],
          [
            [
              [
                7.461873999999999,
                46.997719
              ],
              [
                7.4618688266994795,
                46.9977182041078
              ],
              [
                7.461874487841043,
                46.99771883881095
              ],
              [
                7.46186922024544,
                46.99774426442259
              ],
              [
                7.461873999999999,
                46.997719
              ]
            ]
          ],
          [
            [
              [
                7.461905999999997,
                46.997527
              ],
              [
                7.461903555106036,
                46.997526185035355
              ],
              [
                7.461906487830906,
                46.99752657140629
              ],
              [
                7.461861424025615,
                46.99771706523474
              ],
              [
                7.461861000000001,
                46.997717
              ],
              [
                7.461905999999997,
                46.997527
              ]
            ]
          ],
          [
            [
              [
                7.462087000000005,
                46.997014
              ],
              [
                7.462094022821578,
                46.99700073467134
              ],
              [
                7.462082547719091,
                46.997024812683534
              ],
              [
                7.462087000000005,
                46.997014
              ]
            ]
          ],
          [
            [
              [
                7.462208000000002,
                46.996779000000004
              ],
              [
                7.462215623740597,
                46.996766802016
              ],
              [
                7.462212414284763,
                46.996772425478284
              ],
              [
                7.462184313645781,
                46.99682335226856
              ],
              [
                7.462157067624757,
                46.99687450376053
              ],
              [
                7.462133938929576,
                46.99691950477598
              ],
              [
                7.462136999999998,
                46.996912999999985
              ],
              [
                7.4621460000000015,
                46.996896
              ],
              [
                7.462154000000003,
                46.996880000000004
              ],
              [
                7.462163,
                46.996863
              ],
              [
                7.4621720000000025,
                46.996846000000005
              ],
              [
                7.462180999999994,
                46.99682899999999
              ],
              [
                7.462190000000002,
                46.99681300000001
              ],
              [
                7.462199000000001,
                46.99679600000001
              ],
              [
                7.462208000000002,
                46.996779000000004
              ]
            ]
          ]
        ]
      }
    },
    {
      "type": "Feature",
      "properties": {
        "landCoverId": 67,
        "parcelId": "9900/9004/01",
        "buildingId": null,
        "type": "Gartenanlage",
        "typeGroup": "humusiert",
        "area": 1034.22,
        "egid": null,
        "egrid": "CH794682373511",
        "surveyStatus": "AV93",
        "canton": "BE",
        "municipalityNumber": 361,
        "provenance": {
          "dataStatus": "public-source",
          "buildingId": "9900/9004/AA",
          "notice": "Bodenbedeckung der amtlichen Vermessung (geodienste.ch WFS ms:LCSF), auf die AV-Parzelle zugeschnitten.",
          "geometryMethod": "AV land cover polygon (WFS, EPSG:4326) clipped to the AV parcel in a local azimuthal equidistant CRS; geodesic area",
          "sourceUrl": "https://geodienste.ch/db/av_0/deu?SERVICE=WFS&VERSION=2.0.0&REQUEST=GetFeature&TYPENAMES=ms%3ALCSF&SRSNAME=urn%3Aogc%3Adef%3Acrs%3AEPSG%3A%3A4326&BBOX=46.996497%2C7.461843%2C46.997813%2C7.463656%2Curn%3Aogc%3Adef%3Acrs%3AEPSG%3A%3A4326&OUTPUTFORMAT=geojson&COUNT=1000",
          "retrievedAt": "2026-09-23",
          "licence": "AV land cover © the cantons, distributed via geodienste.ch; see the geodienste.ch and geo.admin.ch terms of use",
          "quality": "AV93",
          "canton": "BE",
          "municipalityNumber": 361
        }
      },
      "geometry": {
        "type": "Polygon",
        "coordinates": [
          [
            [
              7.462402243013433,
              46.997038183956256
            ],
            [
              7.462318736734341,
              46.997020956953236
            ],
            [
              7.462466738109159,
              46.99668527544921
            ],
            [
              7.463095800960274,
              46.996815621993555
            ],
            [
              7.463072893943395,
              46.99686565742122
            ],
            [
              7.462769597326238,
              46.996802969390465
            ],
            [
              7.462719672513258,
              46.99679265310922
            ],
            [
              7.46259394855745,
              46.99707739123025
            ],
            [
              7.462546824111344,
              46.99706753306175
            ],
            [
              7.462544747914789,
              46.99707007909015
            ],
            [
              7.462542158873878,
              46.997072400343804
            ],
            [
              7.4625391227062545,
              46.99707445183411
            ],
            [
              7.462535705129578,
              46.9970761885723
            ],
            [
              7.462529552966179,
              46.99707808776971
            ],
            [
              7.462523190294174,
              46.99707963620016
            ],
            [
              7.462516314816135,
              46.997081049806454
            ],
            [
              7.46250924185786,
              46.997081833795036
            ],
            [
              7.462502076602513,
              46.99708199714002
            ],
            [
              7.462494937365266,
              46.99708151283233
            ],
            [
              7.46248794248437,
              46.997080407833735
            ],
            [
              7.462484878844332,
              46.997079706828465
            ],
            [
              7.462482143693145,
              46.99707854700758
            ],
            [
              7.4624798685277165,
              46.997076982315384
            ],
            [
              7.462478184856444,
              46.997075093681424
            ],
            [
              7.462477184760875,
              46.997072998023704
            ],
            [
              7.462476934020077,
              46.99707079427513
            ],
            [
              7.462478023452226,
              46.99706657535712
            ],
            [
              7.462480046417272,
              46.997062518164334
            ],
            [
              7.4624829766663465,
              46.99705873064313
            ],
            [
              7.462486722202207,
              46.99705529376771
            ],
            [
              7.46245926806424,
              46.99704964133551
            ],
            [
              7.462455365157353,
              46.997054013731535
            ],
            [
              7.462450686389601,
              46.997057999493094
            ],
            [
              7.462445284331265,
              46.9970615536341
            ],
            [
              7.46243926412688,
              46.99706459517764
            ],
            [
              7.462434873308063,
              46.99706554953352
            ],
            [
              7.462430298203547,
              46.99706598221036
            ],
            [
              7.462425696582046,
              46.9970658931767
            ],
            [
              7.462421173618903,
              46.997065273416474
            ],
            [
              7.4624168607995305,
              46.99706414988879
            ],
            [
              7.462412297759026,
              46.997062036950176
            ],
            [
              7.462408339280164,
              46.99705941117044
            ],
            [
              7.462405103727637,
              46.99705636247704
            ],
            [
              7.462402683167461,
              46.99705297180759
            ],
            [
              7.462401156533552,
              46.99704935608271
            ],
            [
              7.462400563306126,
              46.997045605245496
            ],
            [
              7.462400929833308,
              46.99704184522209
            ],
            [
              7.462402243013433,
              46.997038183956256
            ]
          ]
        ]
      }
    },
    {
      "type": "Feature",
      "properties": {
        "landCoverId": 68,
        "parcelId": "9900/9004/01",
        "buildingId": null,
        "type": "Gartenanlage",
        "typeGroup": "humusiert",
        "area": 899.81,
        "egid": null,
        "egrid": "CH794682373511",
        "surveyStatus": "AV93",
        "canton": "BE",
        "municipalityNumber": 361,
        "provenance": {
          "dataStatus": "public-source",
          "buildingId": "9900/9004/AA",
          "notice": "Bodenbedeckung der amtlichen Vermessung (geodienste.ch WFS ms:LCSF), auf die AV-Parzelle zugeschnitten.",
          "geometryMethod": "AV land cover polygon (WFS, EPSG:4326) clipped to the AV parcel in a local azimuthal equidistant CRS; geodesic area",
          "sourceUrl": "https://geodienste.ch/db/av_0/deu?SERVICE=WFS&VERSION=2.0.0&REQUEST=GetFeature&TYPENAMES=ms%3ALCSF&SRSNAME=urn%3Aogc%3Adef%3Acrs%3AEPSG%3A%3A4326&BBOX=46.996497%2C7.461843%2C46.997813%2C7.463656%2Curn%3Aogc%3Adef%3Acrs%3AEPSG%3A%3A4326&OUTPUTFORMAT=geojson&COUNT=1000",
          "retrievedAt": "2026-09-23",
          "licence": "AV land cover © the cantons, distributed via geodienste.ch; see the geodienste.ch and geo.admin.ch terms of use",
          "quality": "AV93",
          "canton": "BE",
          "municipalityNumber": 361
        }
      },
      "geometry": {
        "type": "Polygon",
        "coordinates": [
          [
            [
              7.463227915331908,
              46.99769382497532
            ],
            [
              7.463155509609777,
              46.99770004521134
            ],
            [
              7.463064731470637,
              46.997681217494666
            ],
            [
              7.463135881130356,
              46.99752059545866
            ],
            [
              7.462492819864468,
              46.99738755342033
            ],
            [
              7.462513651675214,
              46.99734062183718
            ],
            [
              7.462485092883816,
              46.99733469078454
            ],
            [
              7.462497780959824,
              46.99730576001866
            ],
            [
              7.462526589434718,
              46.997311448150626
            ],
            [
              7.462533235636039,
              46.99729647897961
            ],
            [
              7.463328991483198,
              46.99746113400364
            ],
            [
              7.463227915331908,
              46.99769382497532
            ]
          ]
        ]
      }
    },
    {
      "type": "Feature",
      "properties": {
        "landCoverId": 69,
        "parcelId": "9900/9004/01",
        "buildingId": null,
        "type": "Gartenanlage",
        "typeGroup": "humusiert",
        "area": 80.53,
        "egid": null,
        "egrid": "CH794682373511",
        "surveyStatus": "AV93",
        "canton": "BE",
        "municipalityNumber": 361,
        "provenance": {
          "dataStatus": "public-source",
          "buildingId": "9900/9004/AA",
          "notice": "Bodenbedeckung der amtlichen Vermessung (geodienste.ch WFS ms:LCSF), auf die AV-Parzelle zugeschnitten.",
          "geometryMethod": "AV land cover polygon (WFS, EPSG:4326) clipped to the AV parcel in a local azimuthal equidistant CRS; geodesic area",
          "sourceUrl": "https://geodienste.ch/db/av_0/deu?SERVICE=WFS&VERSION=2.0.0&REQUEST=GetFeature&TYPENAMES=ms%3ALCSF&SRSNAME=urn%3Aogc%3Adef%3Acrs%3AEPSG%3A%3A4326&BBOX=46.996497%2C7.461843%2C46.997813%2C7.463656%2Curn%3Aogc%3Adef%3Acrs%3AEPSG%3A%3A4326&OUTPUTFORMAT=geojson&COUNT=1000",
          "retrievedAt": "2026-09-23",
          "licence": "AV land cover © the cantons, distributed via geodienste.ch; see the geodienste.ch and geo.admin.ch terms of use",
          "quality": "AV93",
          "canton": "BE",
          "municipalityNumber": 361
        }
      },
      "geometry": {
        "type": "Polygon",
        "coordinates": [
          [
            [
              7.463319000000002,
              46.997686
            ],
            [
              7.4633117019866155,
              46.9976866269664
            ],
            [
              7.463322703600366,
              46.99766143810115
            ],
            [
              7.46335795580876,
              46.997580762774355
            ],
            [
              7.463425584178334,
              46.997427436308605
            ],
            [
              7.463556098549175,
              46.997131974136146
            ],
            [
              7.4636404192897094,
              46.996941684244014
            ],
            [
              7.463655999999994,
              46.99694699999999
            ],
            [
              7.463319000000002,
              46.997686
            ]
          ]
        ]
      }
    },
    {
      "type": "Feature",
      "properties": {
        "landCoverId": 70,
        "parcelId": "9900/9004/01",
        "buildingId": null,
        "type": "Gartenanlage",
        "typeGroup": "humusiert",
        "area": 19.4,
        "egid": null,
        "egrid": "CH794682373511",
        "surveyStatus": "AV93",
        "canton": "BE",
        "municipalityNumber": 361,
        "provenance": {
          "dataStatus": "public-source",
          "buildingId": "9900/9004/AA",
          "notice": "Bodenbedeckung der amtlichen Vermessung (geodienste.ch WFS ms:LCSF), auf die AV-Parzelle zugeschnitten.",
          "geometryMethod": "AV land cover polygon (WFS, EPSG:4326) clipped to the AV parcel in a local azimuthal equidistant CRS; geodesic area",
          "sourceUrl": "https://geodienste.ch/db/av_0/deu?SERVICE=WFS&VERSION=2.0.0&REQUEST=GetFeature&TYPENAMES=ms%3ALCSF&SRSNAME=urn%3Aogc%3Adef%3Acrs%3AEPSG%3A%3A4326&BBOX=46.996497%2C7.461843%2C46.997813%2C7.463656%2Curn%3Aogc%3Adef%3Acrs%3AEPSG%3A%3A4326&OUTPUTFORMAT=geojson&COUNT=1000",
          "retrievedAt": "2026-09-23",
          "licence": "AV land cover © the cantons, distributed via geodienste.ch; see the geodienste.ch and geo.admin.ch terms of use",
          "quality": "AV93",
          "canton": "BE",
          "municipalityNumber": 361
        }
      },
      "geometry": {
        "type": "Polygon",
        "coordinates": [
          [
            [
              7.462331524960815,
              46.99713514716744
            ],
            [
              7.462333627285495,
              46.99713217836824
            ],
            [
              7.462338805699992,
              46.99712826447311
            ],
            [
              7.462344667988171,
              46.997124845172195
            ],
            [
              7.462351135288628,
              46.9971219744517
            ],
            [
              7.462358089294002,
              46.997119697310445
            ],
            [
              7.462365424844431,
              46.99711805874483
            ],
            [
              7.4623723925501855,
              46.997117085889016
            ],
            [
              7.462379491970447,
              46.99711667969765
            ],
            [
              7.46238287094985,
              46.997116912897965
            ],
            [
              7.46238607925024,
              46.997117703828074
            ],
            [
              7.462388893343074,
              46.99711899856205
            ],
            [
              7.462391168580299,
              46.997120734162905
            ],
            [
              7.462392747143446,
              46.997122793725815
            ],
            [
              7.462393536951001,
              46.997125060332955
            ],
            [
              7.4623947616095565,
              46.99712964758841
            ],
            [
              7.462395184307694,
              46.99713430696427
            ],
            [
              7.462394778715972,
              46.997138957509975
            ],
            [
              7.462393557962459,
              46.997143554247295
            ],
            [
              7.462391535156101,
              46.99714800722272
            ],
            [
              7.462388329347106,
              46.99715308109515
            ],
            [
              7.462384216232871,
              46.99715784031964
            ],
            [
              7.462380969791483,
              46.997160116724906
            ],
            [
              7.462377092048907,
              46.99716186254502
            ],
            [
              7.462372767034468,
              46.99716299678734
            ],
            [
              7.4623681656454455,
              46.997163474442424
            ],
            [
              7.462363537667393,
              46.997163259480125
            ],
            [
              7.462359080323021,
              46.99716237884664
            ],
            [
              7.462352492549542,
              46.99716020334234
            ],
            [
              7.462346351563109,
              46.997157497038295
            ],
            [
              7.462340736259687,
              46.997154286904085
            ],
            [
              7.46233575184526,
              46.99715063588458
            ],
            [
              7.462333002890128,
              46.997147928906294
            ],
            [
              7.462331134669951,
              46.9971448889345
            ],
            [
              7.462330252417188,
              46.99714164187978
            ],
            [
              7.46233038249513,
              46.997138349648615
            ],
            [
              7.462331524960815,
              46.99713514716744
            ]
          ]
        ]
      }
    },
    {
      "type": "Feature",
      "properties": {
        "landCoverId": 71,
        "parcelId": "9900/9004/01",
        "buildingId": null,
        "type": "Gartenanlage",
        "typeGroup": "humusiert",
        "area": 18.96,
        "egid": null,
        "egrid": "CH794682373511",
        "surveyStatus": "AV93",
        "canton": "BE",
        "municipalityNumber": 361,
        "provenance": {
          "dataStatus": "public-source",
          "buildingId": "9900/9004/AA",
          "notice": "Bodenbedeckung der amtlichen Vermessung (geodienste.ch WFS ms:LCSF), auf die AV-Parzelle zugeschnitten.",
          "geometryMethod": "AV land cover polygon (WFS, EPSG:4326) clipped to the AV parcel in a local azimuthal equidistant CRS; geodesic area",
          "sourceUrl": "https://geodienste.ch/db/av_0/deu?SERVICE=WFS&VERSION=2.0.0&REQUEST=GetFeature&TYPENAMES=ms%3ALCSF&SRSNAME=urn%3Aogc%3Adef%3Acrs%3AEPSG%3A%3A4326&BBOX=46.996497%2C7.461843%2C46.997813%2C7.463656%2Curn%3Aogc%3Adef%3Acrs%3AEPSG%3A%3A4326&OUTPUTFORMAT=geojson&COUNT=1000",
          "retrievedAt": "2026-09-23",
          "licence": "AV land cover © the cantons, distributed via geodienste.ch; see the geodienste.ch and geo.admin.ch terms of use",
          "quality": "AV93",
          "canton": "BE",
          "municipalityNumber": 361
        }
      },
      "geometry": {
        "type": "Polygon",
        "coordinates": [
          [
            [
              7.462327161537552,
              46.9970766978958
            ],
            [
              7.462326489777749,
              46.9970737656276
            ],
            [
              7.462326711570889,
              46.99706972678517
            ],
            [
              7.4623278142651825,
              46.99706575073362
            ],
            [
              7.462329784755028,
              46.9970619364215
            ],
            [
              7.462332570488879,
              46.997058373810226
            ],
            [
              7.462336118903806,
              46.99705512587588
            ],
            [
              7.4623403248627005,
              46.99705229158524
            ],
            [
              7.462344123718097,
              46.99705055477716
            ],
            [
              7.462348356665726,
              46.99704935758851
            ],
            [
              7.462352839665296,
              46.997048754026366
            ],
            [
              7.4623574149560845,
              46.99704876211236
            ],
            [
              7.462361885327603,
              46.9970493818855
            ],
            [
              7.4623661061512,
              46.997050595384515
            ],
            [
              7.462372444482267,
              46.99705364346204
            ],
            [
              7.462378414825069,
              46.997057015435885
            ],
            [
              7.46238446429377,
              46.997060954084766
            ],
            [
              7.462389922295693,
              46.99706527964016
            ],
            [
              7.462394736222156,
              46.99706994713723
            ],
            [
              7.462398866611817,
              46.99707491160834
            ],
            [
              7.4623997878851105,
              46.99707716019907
            ],
            [
              7.4623998809115495,
              46.99707949890568
            ],
            [
              7.462399132478609,
              46.997081774814134
            ],
            [
              7.462397581974787,
              46.99708386198523
            ],
            [
              7.462395347665262,
              46.99708561647389
            ],
            [
              7.46239253469086,
              46.997086948308116
            ],
            [
              7.462385435668465,
              46.997088280995136
            ],
            [
              7.462378178674492,
              46.99708913697305
            ],
            [
              7.462367200733054,
              46.997089435994354
            ],
            [
              7.462356235652472,
              46.99708906037975
            ],
            [
              7.462345362321312,
              46.99708801910879
            ],
            [
              7.462341167988448,
              46.99708727334879
            ],
            [
              7.462337262669244,
              46.997085987825436
            ],
            [
              7.462333791007944,
              46.99708421648067
            ],
            [
              7.462330884501316,
              46.99708201325899
            ],
            [
              7.462328648370396,
              46.99707947708558
            ],
            [
              7.462327161537552,
              46.9970766978958
            ]
          ]
        ]
      }
    },
    {
      "type": "Feature",
      "properties": {
        "landCoverId": 72,
        "parcelId": "9900/9004/01",
        "buildingId": null,
        "type": "Gartenanlage",
        "typeGroup": "humusiert",
        "area": 17.57,
        "egid": null,
        "egrid": "CH794682373511",
        "surveyStatus": "AV93",
        "canton": "BE",
        "municipalityNumber": 361,
        "provenance": {
          "dataStatus": "public-source",
          "buildingId": "9900/9004/AA",
          "notice": "Bodenbedeckung der amtlichen Vermessung (geodienste.ch WFS ms:LCSF), auf die AV-Parzelle zugeschnitten.",
          "geometryMethod": "AV land cover polygon (WFS, EPSG:4326) clipped to the AV parcel in a local azimuthal equidistant CRS; geodesic area",
          "sourceUrl": "https://geodienste.ch/db/av_0/deu?SERVICE=WFS&VERSION=2.0.0&REQUEST=GetFeature&TYPENAMES=ms%3ALCSF&SRSNAME=urn%3Aogc%3Adef%3Acrs%3AEPSG%3A%3A4326&BBOX=46.996497%2C7.461843%2C46.997813%2C7.463656%2Curn%3Aogc%3Adef%3Acrs%3AEPSG%3A%3A4326&OUTPUTFORMAT=geojson&COUNT=1000",
          "retrievedAt": "2026-09-23",
          "licence": "AV land cover © the cantons, distributed via geodienste.ch; see the geodienste.ch and geo.admin.ch terms of use",
          "quality": "AV93",
          "canton": "BE",
          "municipalityNumber": 361
        }
      },
      "geometry": {
        "type": "Polygon",
        "coordinates": [
          [
            [
              7.462429951749044,
              46.997116867541116
            ],
            [
              7.462429752791209,
              46.99711276581669
            ],
            [
              7.462430039961243,
              46.9971078994122
            ],
            [
              7.462430997663408,
              46.99710306885438
            ],
            [
              7.462432625920535,
              46.99709832811382
            ],
            [
              7.462434911596554,
              46.99709370417837
            ],
            [
              7.462437815275978,
              46.99708926002162
            ],
            [
              7.462439287097211,
              46.99708764960581
            ],
            [
              7.462441324397742,
              46.99708637189574
            ],
            [
              7.462443795738228,
              46.99708550787348
            ],
            [
              7.462446517082139,
              46.997085120541435
            ],
            [
              7.462449278086721,
              46.99708524592189
            ],
            [
              7.462451894684823,
              46.99708587505657
            ],
            [
              7.462458627277747,
              46.99708852726635
            ],
            [
              7.462464952494193,
              46.99709162931194
            ],
            [
              7.462470778287178,
              46.99709514523132
            ],
            [
              7.462476052055677,
              46.9970990480499
            ],
            [
              7.462481681315141,
              46.99710414714499
            ],
            [
              7.462486469307787,
              46.997109633197084
            ],
            [
              7.462487706456887,
              46.99711266429741
            ],
            [
              7.462487997043779,
              46.99711581252311
            ],
            [
              7.462487327855617,
              46.99711892496032
            ],
            [
              7.462485725133254,
              46.99712187567233
            ],
            [
              7.462483254555921,
              46.99712452971951
            ],
            [
              7.462480021256632,
              46.99712677913972
            ],
            [
              7.46247375097768,
              46.99712919107822
            ],
            [
              7.462467112356166,
              46.99713109936456
            ],
            [
              7.462460210556081,
              46.99713246799722
            ],
            [
              7.462453111310751,
              46.99713328796795
            ],
            [
              7.462449232824784,
              46.99713327974682
            ],
            [
              7.4624454330046825,
              46.99713275878933
            ],
            [
              7.462441856483418,
              46.99713175205196
            ],
            [
              7.462438621599137,
              46.99713028649645
            ],
            [
              7.462435872996241,
              46.99712841606447
            ],
            [
              7.462433452913659,
              46.9971261587778
            ],
            [
              7.462431676942525,
              46.99712364050486
            ],
            [
              7.462430584559418,
              46.99712094219369
            ],
            [
              7.462429951749044,
              46.997116867541116
            ]
          ]
        ]
      }
    },
    {
      "type": "Feature",
      "properties": {
        "landCoverId": 73,
        "parcelId": "9900/9004/01",
        "buildingId": null,
        "type": "Gebaeude",
        "typeGroup": "gebaeude",
        "area": 3254.78,
        "egid": "191359998",
        "egrid": "CH794682373511",
        "surveyStatus": "AV93",
        "canton": "BE",
        "municipalityNumber": 361,
        "provenance": {
          "dataStatus": "public-source",
          "buildingId": "9900/9004/AA",
          "notice": "Bodenbedeckung der amtlichen Vermessung (geodienste.ch WFS ms:LCSF), auf die AV-Parzelle zugeschnitten.",
          "geometryMethod": "AV land cover polygon (WFS, EPSG:4326) clipped to the AV parcel in a local azimuthal equidistant CRS; geodesic area",
          "sourceUrl": "https://geodienste.ch/db/av_0/deu?SERVICE=WFS&VERSION=2.0.0&REQUEST=GetFeature&TYPENAMES=ms%3ALCSF&SRSNAME=urn%3Aogc%3Adef%3Acrs%3AEPSG%3A%3A4326&BBOX=46.996497%2C7.461843%2C46.997813%2C7.463656%2Curn%3Aogc%3Adef%3Acrs%3AEPSG%3A%3A4326&OUTPUTFORMAT=geojson&COUNT=1000",
          "retrievedAt": "2026-09-23",
          "licence": "AV land cover © the cantons, distributed via geodienste.ch; see the geodienste.ch and geo.admin.ch terms of use",
          "quality": "AV93",
          "canton": "BE",
          "municipalityNumber": 361
        }
      },
      "geometry": {
        "type": "Polygon",
        "coordinates": [
          [
            [
              7.4633270967465375,
              46.99739833963041
            ],
            [
              7.462525398752034,
              46.997232633354905
            ],
            [
              7.46259394855745,
              46.99707739123025
            ],
            [
              7.462719672513258,
              46.99679265310922
            ],
            [
              7.462769597326238,
              46.996802969390465
            ],
            [
              7.463072893943395,
              46.99686565742122
            ],
            [
              7.463521364536181,
              46.99695836703443
            ],
            [
              7.4633270967465375,
              46.99739833963041
            ]
          ]
        ]
      }
    },
    {
      "type": "Feature",
      "properties": {
        "landCoverId": 74,
        "parcelId": "9900/9004/01",
        "buildingId": "9900/9004/AA",
        "type": "Gebaeude",
        "typeGroup": "gebaeude",
        "area": 2641.28,
        "egid": "191688442",
        "egrid": "CH794682373511",
        "surveyStatus": "AV93",
        "canton": "BE",
        "municipalityNumber": 361,
        "provenance": {
          "dataStatus": "public-source",
          "buildingId": "9900/9004/AA",
          "notice": "Bodenbedeckung der amtlichen Vermessung (geodienste.ch WFS ms:LCSF), auf die AV-Parzelle zugeschnitten.",
          "geometryMethod": "AV land cover polygon (WFS, EPSG:4326) clipped to the AV parcel in a local azimuthal equidistant CRS; geodesic area",
          "sourceUrl": "https://geodienste.ch/db/av_0/deu?SERVICE=WFS&VERSION=2.0.0&REQUEST=GetFeature&TYPENAMES=ms%3ALCSF&SRSNAME=urn%3Aogc%3Adef%3Acrs%3AEPSG%3A%3A4326&BBOX=46.996497%2C7.461843%2C46.997813%2C7.463656%2Curn%3Aogc%3Adef%3Acrs%3AEPSG%3A%3A4326&OUTPUTFORMAT=geojson&COUNT=1000",
          "retrievedAt": "2026-09-23",
          "licence": "AV land cover © the cantons, distributed via geodienste.ch; see the geodienste.ch and geo.admin.ch terms of use",
          "quality": "AV93",
          "canton": "BE",
          "municipalityNumber": 361
        }
      },
      "geometry": {
        "type": "Polygon",
        "coordinates": [
          [
            [
              7.463052470488547,
              46.99770889702219
            ],
            [
              7.462135438512045,
              46.997787672532915
            ],
            [
              7.462056051062626,
              46.99777127174285
            ],
            [
              7.462247756092824,
              46.997336896791865
            ],
            [
              7.4624913077721855,
              46.99738723889419
            ],
            [
              7.462492819864468,
              46.99738755342033
            ],
            [
              7.463135881130356,
              46.99752059545866
            ],
            [
              7.463064731470637,
              46.997681217494666
            ],
            [
              7.463052470488547,
              46.99770889702219
            ]
          ]
        ]
      }
    },
    {
      "type": "Feature",
      "properties": {
        "landCoverId": 75,
        "parcelId": "9900/9004/01",
        "buildingId": null,
        "type": "Trottoir",
        "typeGroup": "befestigt",
        "area": 0.91,
        "egid": null,
        "egrid": "CH794682373511",
        "surveyStatus": "AV93",
        "canton": "BE",
        "municipalityNumber": 361,
        "provenance": {
          "dataStatus": "public-source",
          "buildingId": "9900/9004/AA",
          "notice": "Bodenbedeckung der amtlichen Vermessung (geodienste.ch WFS ms:LCSF), auf die AV-Parzelle zugeschnitten.",
          "geometryMethod": "AV land cover polygon (WFS, EPSG:4326) clipped to the AV parcel in a local azimuthal equidistant CRS; geodesic area",
          "sourceUrl": "https://geodienste.ch/db/av_0/deu?SERVICE=WFS&VERSION=2.0.0&REQUEST=GetFeature&TYPENAMES=ms%3ALCSF&SRSNAME=urn%3Aogc%3Adef%3Acrs%3AEPSG%3A%3A4326&BBOX=46.996497%2C7.461843%2C46.997813%2C7.463656%2Curn%3Aogc%3Adef%3Acrs%3AEPSG%3A%3A4326&OUTPUTFORMAT=geojson&COUNT=1000",
          "retrievedAt": "2026-09-23",
          "licence": "AV land cover © the cantons, distributed via geodienste.ch; see the geodienste.ch and geo.admin.ch terms of use",
          "quality": "AV93",
          "canton": "BE",
          "municipalityNumber": 361
        }
      },
      "geometry": {
        "type": "MultiPolygon",
        "coordinates": [
          [
            [
              [
                7.462371999999999,
                46.996497
              ],
              [
                7.462538533637966,
                46.9965615902061
              ],
              [
                7.462371933915996,
                46.99649710884437
              ],
              [
                7.462371999999999,
                46.996497
              ]
            ]
          ],
          [
            [
              [
                7.4629169999999965,
                46.99670700000001
              ],
              [
                7.462928740010777,
                46.99671102514835
              ],
              [
                7.462890954322076,
                46.99669863762489
              ],
              [
                7.462868456075047,
                46.99669119425795
              ],
              [
                7.462860670795851,
                46.996688610823405
              ],
              [
                7.462881000000004,
                46.996695
              ],
              [
                7.4629169999999965,
                46.99670700000001
              ]
            ]
          ],
          [
            [
              [
                7.4629879999999975,
                46.99673
              ],
              [
                7.463011520968398,
                46.99673806433381
              ],
              [
                7.462992465936375,
                46.996731916783915
              ],
              [
                7.4629676817335895,
                46.99672379164278
              ],
              [
                7.4629879999999975,
                46.99673
              ]
            ]
          ],
          [
            [
              [
                7.463058999999997,
                46.996753000000005
              ],
              [
                7.46307787791077,
                46.99675947242855
              ],
              [
                7.463036612488018,
                46.99674615937321
              ],
              [
                7.463058999999997,
                46.996753000000005
              ]
            ]
          ],
          [
            [
              [
                7.4631310000000015,
                46.996776
              ],
              [
                7.463158078652242,
                46.996785026218966
              ],
              [
                7.463110004426478,
                46.996769758074755
              ],
              [
                7.4631310000000015,
                46.996776
              ]
            ]
          ],
          [
            [
              [
                7.463203999999993,
                46.99679900000001
              ],
              [
                7.463232743229933,
                46.996808581077985
              ],
              [
                7.4632035624338915,
                46.9967994716239
              ],
              [
                7.463173917517926,
                46.99679005656065
              ],
              [
                7.463203999999993,
                46.99679900000001
              ]
            ]
          ],
          [
            [
              [
                7.4632770000000015,
                46.996822
              ],
              [
                7.463295752213866,
                46.99682825074004
              ],
              [
                7.463250323049529,
                46.99681406901638
              ],
              [
                7.4632770000000015,
                46.996822
              ]
            ]
          ],
          [
            [
              [
                7.463486000000001,
                46.996888999999996
              ],
              [
                7.4635743939440395,
                46.99691915798108
              ],
              [
                7.4634857306911515,
                46.99688922916202
              ],
              [
                7.463477341488016,
                46.99688653238238
              ],
              [
                7.463405439994297,
                46.996863388484115
              ],
              [
                7.463486000000001,
                46.996888999999996
              ]
            ]
          ]
        ]
      }
    },
    {
      "type": "Feature",
      "properties": {
        "landCoverId": 76,
        "parcelId": "9900/9004/01",
        "buildingId": null,
        "type": "uebrige_befestigte",
        "typeGroup": "befestigt",
        "area": 4070.97,
        "egid": null,
        "egrid": "CH794682373511",
        "surveyStatus": "AV93",
        "canton": "BE",
        "municipalityNumber": 361,
        "provenance": {
          "dataStatus": "public-source",
          "buildingId": "9900/9004/AA",
          "notice": "Bodenbedeckung der amtlichen Vermessung (geodienste.ch WFS ms:LCSF), auf die AV-Parzelle zugeschnitten.",
          "geometryMethod": "AV land cover polygon (WFS, EPSG:4326) clipped to the AV parcel in a local azimuthal equidistant CRS; geodesic area",
          "sourceUrl": "https://geodienste.ch/db/av_0/deu?SERVICE=WFS&VERSION=2.0.0&REQUEST=GetFeature&TYPENAMES=ms%3ALCSF&SRSNAME=urn%3Aogc%3Adef%3Acrs%3AEPSG%3A%3A4326&BBOX=46.996497%2C7.461843%2C46.997813%2C7.463656%2Curn%3Aogc%3Adef%3Acrs%3AEPSG%3A%3A4326&OUTPUTFORMAT=geojson&COUNT=1000",
          "retrievedAt": "2026-09-23",
          "licence": "AV land cover © the cantons, distributed via geodienste.ch; see the geodienste.ch and geo.admin.ch terms of use",
          "quality": "AV93",
          "canton": "BE",
          "municipalityNumber": 361
        }
      },
      "geometry": {
        "type": "MultiPolygon",
        "coordinates": [
          [
            [
              [
                7.462008581735068,
                46.99719952021293
              ],
              [
                7.462033348492815,
                46.99713470501218
              ],
              [
                7.462181191537109,
                46.997151952765584
              ],
              [
                7.462187299287223,
                46.997138207053524
              ],
              [
                7.46214871904267,
                46.99712447914433
              ],
              [
                7.462184288435782,
                46.99704436180426
              ],
              [
                7.462279384512641,
                46.99682945014528
              ],
              [
                7.462330495272437,
                46.9968152187629
              ],
              [
                7.462343774338798,
                46.9967848756637
              ],
              [
                7.462241379086162,
                46.996721728394235
              ],
              [
                7.462241653192544,
                46.99672121063774
              ],
              [
                7.462254561968741,
                46.996699300850665
              ],
              [
                7.462256000000003,
                46.99669699999999
              ],
              [
                7.4622660000000005,
                46.99668
              ],
              [
                7.462276000000002,
                46.996663999999996
              ],
              [
                7.462285999999999,
                46.996646999999996
              ],
              [
                7.462296,
                46.996631
              ],
              [
                7.462337999999999,
                46.99655299999999
              ],
              [
                7.462371933915996,
                46.99649710884437
              ],
              [
                7.462538533637966,
                46.9965615902061
              ],
              [
                7.462586,
                46.996579999999994
              ],
              [
                7.462845999999999,
                46.99668400000001
              ],
              [
                7.462860670795851,
                46.996688610823405
              ],
              [
                7.462868456075047,
                46.99669119425795
              ],
              [
                7.462890954322076,
                46.99669863762489
              ],
              [
                7.462928740010777,
                46.99671102514835
              ],
              [
                7.462951999999999,
                46.99671900000001
              ],
              [
                7.4629676817335895,
                46.99672379164278
              ],
              [
                7.462992465936375,
                46.996731916783915
              ],
              [
                7.463011520968398,
                46.99673806433381
              ],
              [
                7.463022999999994,
                46.99674200000002
              ],
              [
                7.463036612488018,
                46.99674615937321
              ],
              [
                7.46307787791077,
                46.99675947242855
              ],
              [
                7.463094,
                46.996765
              ],
              [
                7.463110004426478,
                46.996769758074755
              ],
              [
                7.463158078652242,
                46.996785026218966
              ],
              [
                7.463166999999999,
                46.996788
              ],
              [
                7.463173917517926,
                46.99679005656065
              ],
              [
                7.4632035624338915,
                46.9967994716239
              ],
              [
                7.463232743229933,
                46.996808581077985
              ],
              [
                7.463239999999998,
                46.996811
              ],
              [
                7.463250323049529,
                46.99681406901638
              ],
              [
                7.463295752213866,
                46.99682825074004
              ],
              [
                7.463312999999999,
                46.996834
              ],
              [
                7.463405439994297,
                46.996863388484115
              ],
              [
                7.463477341488016,
                46.99688653238238
              ],
              [
                7.4634857306911515,
                46.99688922916202
              ],
              [
                7.4635743939440395,
                46.99691915798108
              ],
              [
                7.4636404192897094,
                46.996941684244014
              ],
              [
                7.463556098549175,
                46.997131974136146
              ],
              [
                7.463425584178334,
                46.997427436308605
              ],
              [
                7.46335795580876,
                46.997580762774355
              ],
              [
                7.463322703600366,
                46.99766143810115
              ],
              [
                7.4633117019866155,
                46.9976866269664
              ],
              [
                7.463227915331908,
                46.99769382497532
              ],
              [
                7.463328991483198,
                46.99746113400364
              ],
              [
                7.462533235636039,
                46.99729647897961
              ],
              [
                7.462526589434718,
                46.997311448150626
              ],
              [
                7.462497780959824,
                46.99730576001866
              ],
              [
                7.462485092883816,
                46.99733469078454
              ],
              [
                7.462513651675214,
                46.99734062183718
              ],
              [
                7.462492819864468,
                46.99738755342033
              ],
              [
                7.4624913077721855,
                46.99738723889419
              ],
              [
                7.462247756092824,
                46.997336896791865
              ],
              [
                7.462056051062626,
                46.99777127174285
              ],
              [
                7.462135438512045,
                46.997787672532915
              ],
              [
                7.461985218497969,
                46.99780057611354
              ],
              [
                7.4619852110568266,
                46.997800402736424
              ],
              [
                7.461983338954398,
                46.99775658799241
              ],
              [
                7.461982999099772,
                46.997698362805394
              ],
              [
                7.462062796134236,
                46.997521179774786
              ],
              [
                7.462128073427458,
                46.9973334572871
              ],
              [
                7.46198773085155,
                46.99725439992394
              ],
              [
                7.461988164239503,
                46.99725325746196
              ],
              [
                7.46200107397656,
                46.997219316438674
              ],
              [
                7.462008581735068,
                46.99719952021293
              ]
            ],
            [
              [
                7.462466738109159,
                46.99668527544921
              ],
              [
                7.462318736734341,
                46.997020956953236
              ],
              [
                7.462402243013433,
                46.997038183956256
              ],
              [
                7.462400929833308,
                46.99704184522209
              ],
              [
                7.462400563306126,
                46.997045605245496
              ],
              [
                7.462401156533552,
                46.99704935608271
              ],
              [
                7.462402683167461,
                46.99705297180759
              ],
              [
                7.462405103727637,
                46.99705636247704
              ],
              [
                7.462408339280164,
                46.99705941117044
              ],
              [
                7.462412297759026,
                46.997062036950176
              ],
              [
                7.4624168607995305,
                46.99706414988879
              ],
              [
                7.462421173618903,
                46.997065273416474
              ],
              [
                7.462425696582046,
                46.9970658931767
              ],
              [
                7.462430298203547,
                46.99706598221036
              ],
              [
                7.462434873308063,
                46.99706554953352
              ],
              [
                7.46243926412688,
                46.99706459517764
              ],
              [
                7.462445284331265,
                46.9970615536341
              ],
              [
                7.462450686389601,
                46.997057999493094
              ],
              [
                7.462455365157353,
                46.997054013731535
              ],
              [
                7.46245926806424,
                46.99704964133551
              ],
              [
                7.462486722202207,
                46.99705529376771
              ],
              [
                7.4624829766663465,
                46.99705873064313
              ],
              [
                7.462480046417272,
                46.997062518164334
              ],
              [
                7.462478023452226,
                46.99706657535712
              ],
              [
                7.462476934020077,
                46.99707079427513
              ],
              [
                7.462477184760875,
                46.997072998023704
              ],
              [
                7.462478184856444,
                46.997075093681424
              ],
              [
                7.4624798685277165,
                46.997076982315384
              ],
              [
                7.462482143693145,
                46.99707854700758
              ],
              [
                7.462484878844332,
                46.997079706828465
              ],
              [
                7.46248794248437,
                46.997080407833735
              ],
              [
                7.462494937365266,
                46.99708151283233
              ],
              [
                7.462502076602513,
                46.99708199714002
              ],
              [
                7.46250924185786,
                46.997081833795036
              ],
              [
                7.462516314816135,
                46.997081049806454
              ],
              [
                7.462523190294174,
                46.99707963620016
              ],
              [
                7.462529552966179,
                46.99707808776971
              ],
              [
                7.462535705129578,
                46.9970761885723
              ],
              [
                7.4625391227062545,
                46.99707445183411
              ],
              [
                7.462542158873878,
                46.997072400343804
              ],
              [
                7.462544747914789,
                46.99707007909015
              ],
              [
                7.462546824111344,
                46.99706753306175
              ],
              [
                7.46259394855745,
                46.99707739123025
              ],
              [
                7.462525398752034,
                46.997232633354905
              ],
              [
                7.4633270967465375,
                46.99739833963041
              ],
              [
                7.463521364536181,
                46.99695836703443
              ],
              [
                7.463072893943395,
                46.99686565742122
              ],
              [
                7.463095800960274,
                46.996815621993555
              ],
              [
                7.462466738109159,
                46.99668527544921
              ]
            ],
            [
              [
                7.462326711570889,
                46.99706972678517
              ],
              [
                7.462326489777749,
                46.9970737656276
              ],
              [
                7.462327161537552,
                46.9970766978958
              ],
              [
                7.462328648370396,
                46.99707947708558
              ],
              [
                7.462330884501316,
                46.99708201325899
              ],
              [
                7.462333791007944,
                46.99708421648067
              ],
              [
                7.462337262669244,
                46.997085987825436
              ],
              [
                7.462341167988448,
                46.99708727334879
              ],
              [
                7.462345362321312,
                46.99708801910879
              ],
              [
                7.462356235652472,
                46.99708906037975
              ],
              [
                7.462367200733054,
                46.997089435994354
              ],
              [
                7.462378178674492,
                46.99708913697305
              ],
              [
                7.462385435668465,
                46.997088280995136
              ],
              [
                7.46239253469086,
                46.997086948308116
              ],
              [
                7.462395347665262,
                46.99708561647389
              ],
              [
                7.462397581974787,
                46.99708386198523
              ],
              [
                7.462399132478609,
                46.997081774814134
              ],
              [
                7.4623998809115495,
                46.99707949890568
              ],
              [
                7.4623997878851105,
                46.99707716019907
              ],
              [
                7.462398866611817,
                46.99707491160834
              ],
              [
                7.462394736222156,
                46.99706994713723
              ],
              [
                7.462389922295693,
                46.99706527964016
              ],
              [
                7.46238446429377,
                46.997060954084766
              ],
              [
                7.462378414825069,
                46.997057015435885
              ],
              [
                7.462372444482267,
                46.99705364346204
              ],
              [
                7.4623661061512,
                46.997050595384515
              ],
              [
                7.462361885327603,
                46.9970493818855
              ],
              [
                7.4623574149560845,
                46.99704876211236
              ],
              [
                7.462352839665296,
                46.997048754026366
              ],
              [
                7.462348356665726,
                46.99704935758851
              ],
              [
                7.462344123718097,
                46.99705055477716
              ],
              [
                7.4623403248627005,
                46.99705229158524
              ],
              [
                7.462336118903806,
                46.99705512587588
              ],
              [
                7.462332570488879,
                46.997058373810226
              ],
              [
                7.462329784755028,
                46.9970619364215
              ],
              [
                7.4623278142651825,
                46.99706575073362
              ],
              [
                7.462326711570889,
                46.99706972678517
              ]
            ],
            [
              [
                7.462338805699992,
                46.99712826447311
              ],
              [
                7.462333627285495,
                46.99713217836824
              ],
              [
                7.462331524960815,
                46.99713514716744
              ],
              [
                7.46233038249513,
                46.997138349648615
              ],
              [
                7.462330252417188,
                46.99714164187978
              ],
              [
                7.462331134669951,
                46.9971448889345
              ],
              [
                7.462333002890128,
                46.997147928906294
              ],
              [
                7.46233575184526,
                46.99715063588458
              ],
              [
                7.462340736259687,
                46.997154286904085
              ],
              [
                7.462346351563109,
                46.997157497038295
              ],
              [
                7.462352492549542,
                46.99716020334234
              ],
              [
                7.462359080323021,
                46.99716237884664
              ],
              [
                7.462363537667393,
                46.997163259480125
              ],
              [
                7.4623681656454455,
                46.997163474442424
              ],
              [
                7.462372767034468,
                46.99716299678734
              ],
              [
                7.462377092048907,
                46.99716186254502
              ],
              [
                7.462380969791483,
                46.997160116724906
              ],
              [
                7.462384216232871,
                46.99715784031964
              ],
              [
                7.462388329347106,
                46.99715308109515
              ],
              [
                7.462391535156101,
                46.99714800722272
              ],
              [
                7.462393557962459,
                46.997143554247295
              ],
              [
                7.462394778715972,
                46.997138957509975
              ],
              [
                7.462395184307694,
                46.99713430696427
              ],
              [
                7.4623947616095565,
                46.99712964758841
              ],
              [
                7.462393536951001,
                46.997125060332955
              ],
              [
                7.462392747143446,
                46.997122793725815
              ],
              [
                7.462391168580299,
                46.997120734162905
              ],
              [
                7.462388893343074,
                46.99711899856205
              ],
              [
                7.46238607925024,
                46.997117703828074
              ],
              [
                7.46238287094985,
                46.997116912897965
              ],
              [
                7.462379491970447,
                46.99711667969765
              ],
              [
                7.4623723925501855,
                46.997117085889016
              ],
              [
                7.462365424844431,
                46.99711805874483
              ],
              [
                7.462358089294002,
                46.997119697310445
              ],
              [
                7.462351135288628,
                46.9971219744517
              ],
              [
                7.462344667988171,
                46.997124845172195
              ],
              [
                7.462338805699992,
                46.99712826447311
              ]
            ],
            [
              [
                7.462430039961243,
                46.9971078994122
              ],
              [
                7.462429752791209,
                46.99711276581669
              ],
              [
                7.462429951749044,
                46.997116867541116
              ],
              [
                7.462430584559418,
                46.99712094219369
              ],
              [
                7.462431676942525,
                46.99712364050486
              ],
              [
                7.462433452913659,
                46.9971261587778
              ],
              [
                7.462435872996241,
                46.99712841606447
              ],
              [
                7.462438621599137,
                46.99713028649645
              ],
              [
                7.462441856483418,
                46.99713175205196
              ],
              [
                7.4624454330046825,
                46.99713275878933
              ],
              [
                7.462449232824784,
                46.99713327974682
              ],
              [
                7.462453111310751,
                46.99713328796795
              ],
              [
                7.462460210556081,
                46.99713246799722
              ],
              [
                7.462467112356166,
                46.99713109936456
              ],
              [
                7.46247375097768,
                46.99712919107822
              ],
              [
                7.462480021256632,
                46.99712677913972
              ],
              [
                7.462483254555921,
                46.99712452971951
              ],
              [
                7.462485725133254,
                46.99712187567233
              ],
              [
                7.462487327855617,
                46.99711892496032
              ],
              [
                7.462487997043779,
                46.99711581252311
              ],
              [
                7.462487706456887,
                46.99711266429741
              ],
              [
                7.462486469307787,
                46.997109633197084
              ],
              [
                7.462481681315141,
                46.99710414714499
              ],
              [
                7.462476052055677,
                46.9970990480499
              ],
              [
                7.462470778287178,
                46.99709514523132
              ],
              [
                7.462464952494193,
                46.99709162931194
              ],
              [
                7.462458627277747,
                46.99708852726635
              ],
              [
                7.462451894684823,
                46.99708587505657
              ],
              [
                7.462449278086721,
                46.99708524592189
              ],
              [
                7.462446517082139,
                46.997085120541435
              ],
              [
                7.462443795738228,
                46.99708550787348
              ],
              [
                7.462441324397742,
                46.99708637189574
              ],
              [
                7.462439287097211,
                46.99708764960581
              ],
              [
                7.462437815275978,
                46.99708926002162
              ],
              [
                7.462434911596554,
                46.99709370417837
              ],
              [
                7.462432625920535,
                46.99709832811382
              ],
              [
                7.462430997663408,
                46.99710306885438
              ],
              [
                7.462430039961243,
                46.9971078994122
              ]
            ]
          ],
          [
            [
              [
                7.463155509609777,
                46.99770004521134
              ],
              [
                7.463052470488547,
                46.99770889702219
              ],
              [
                7.463064731470637,
                46.997681217494666
              ],
              [
                7.463155509609777,
                46.99770004521134
              ]
            ]
          ]
        ]
      }
    },
    {
      "type": "Feature",
      "properties": {
        "landCoverId": 77,
        "parcelId": "9900/9004/01",
        "buildingId": null,
        "type": "uebrige_humusierte",
        "typeGroup": "humusiert",
        "area": 634.51,
        "egid": null,
        "egrid": "CH794682373511",
        "surveyStatus": "AV93",
        "canton": "BE",
        "municipalityNumber": 361,
        "provenance": {
          "dataStatus": "public-source",
          "buildingId": "9900/9004/AA",
          "notice": "Bodenbedeckung der amtlichen Vermessung (geodienste.ch WFS ms:LCSF), auf die AV-Parzelle zugeschnitten.",
          "geometryMethod": "AV land cover polygon (WFS, EPSG:4326) clipped to the AV parcel in a local azimuthal equidistant CRS; geodesic area",
          "sourceUrl": "https://geodienste.ch/db/av_0/deu?SERVICE=WFS&VERSION=2.0.0&REQUEST=GetFeature&TYPENAMES=ms%3ALCSF&SRSNAME=urn%3Aogc%3Adef%3Acrs%3AEPSG%3A%3A4326&BBOX=46.996497%2C7.461843%2C46.997813%2C7.463656%2Curn%3Aogc%3Adef%3Acrs%3AEPSG%3A%3A4326&OUTPUTFORMAT=geojson&COUNT=1000",
          "retrievedAt": "2026-09-23",
          "licence": "AV land cover © the cantons, distributed via geodienste.ch; see the geodienste.ch and geo.admin.ch terms of use",
          "quality": "AV93",
          "canton": "BE",
          "municipalityNumber": 361
        }
      },
      "geometry": {
        "type": "Polygon",
        "coordinates": [
          [
            [
              7.46184959277862,
              46.997778238091634
            ],
            [
              7.461853936296228,
              46.99775533589298
            ],
            [
              7.461866733192668,
              46.9977562689115
            ],
            [
              7.461866792216311,
              46.997755984016656
            ],
            [
              7.461867000000005,
              46.99775600000001
            ],
            [
              7.46186922024544,
              46.99774426442259
            ],
            [
              7.461874487841043,
              46.99771883881095
            ],
            [
              7.4618688266994795,
              46.9977182041078
            ],
            [
              7.461861424025615,
              46.99771706523474
            ],
            [
              7.461906487830906,
              46.99752657140629
            ],
            [
              7.461903555106036,
              46.997526185035355
            ],
            [
              7.461902999999998,
              46.997526
            ],
            [
              7.461915129154358,
              46.9974808526109
            ],
            [
              7.461921132213231,
              46.99745879949994
            ],
            [
              7.461924372272186,
              46.997448080273415
            ],
            [
              7.461942000000001,
              46.99739100000001
            ],
            [
              7.461962999999992,
              46.99732499999999
            ],
            [
              7.461980585707392,
              46.997274441109205
            ],
            [
              7.46198392253392,
              46.99726502387721
            ],
            [
              7.461987166124555,
              46.99725586623505
            ],
            [
              7.46198773085155,
              46.99725439992394
            ],
            [
              7.462128073427458,
              46.9973334572871
            ],
            [
              7.462062796134236,
              46.997521179774786
            ],
            [
              7.461982999099772,
              46.997698362805394
            ],
            [
              7.461983338954398,
              46.99775658799241
            ],
            [
              7.4619852110568266,
              46.997800402736424
            ],
            [
              7.46195733922261,
              46.99780279188167
            ],
            [
              7.461843459086388,
              46.99781254675173
            ],
            [
              7.46184959277862,
              46.997778238091634
            ]
          ]
        ]
      }
    },
    {
      "type": "Feature",
      "properties": {
        "landCoverId": 78,
        "parcelId": "9900/9004/01",
        "buildingId": null,
        "type": "uebrige_humusierte",
        "typeGroup": "humusiert",
        "area": 377.14,
        "egid": null,
        "egrid": "CH794682373511",
        "surveyStatus": "AV93",
        "canton": "BE",
        "municipalityNumber": 361,
        "provenance": {
          "dataStatus": "public-source",
          "buildingId": "9900/9004/AA",
          "notice": "Bodenbedeckung der amtlichen Vermessung (geodienste.ch WFS ms:LCSF), auf die AV-Parzelle zugeschnitten.",
          "geometryMethod": "AV land cover polygon (WFS, EPSG:4326) clipped to the AV parcel in a local azimuthal equidistant CRS; geodesic area",
          "sourceUrl": "https://geodienste.ch/db/av_0/deu?SERVICE=WFS&VERSION=2.0.0&REQUEST=GetFeature&TYPENAMES=ms%3ALCSF&SRSNAME=urn%3Aogc%3Adef%3Acrs%3AEPSG%3A%3A4326&BBOX=46.996497%2C7.461843%2C46.997813%2C7.463656%2Curn%3Aogc%3Adef%3Acrs%3AEPSG%3A%3A4326&OUTPUTFORMAT=geojson&COUNT=1000",
          "retrievedAt": "2026-09-23",
          "licence": "AV land cover © the cantons, distributed via geodienste.ch; see the geodienste.ch and geo.admin.ch terms of use",
          "quality": "AV93",
          "canton": "BE",
          "municipalityNumber": 361
        }
      },
      "geometry": {
        "type": "Polygon",
        "coordinates": [
          [
            [
              7.462033999999999,
              46.997133000000005
            ],
            [
              7.462036510716226,
              46.99712690254762
            ],
            [
              7.462045816796536,
              46.99710576430875
            ],
            [
              7.462048999999998,
              46.99709899999999
            ],
            [
              7.462051966826012,
              46.9970917948525
            ],
            [
              7.4620566691030135,
              46.99708111388182
            ],
            [
              7.462066013117012,
              46.997060722127415
            ],
            [
              7.4620719999999965,
              46.99704799999999
            ],
            [
              7.4620800000000065,
              46.997031000000014
            ],
            [
              7.462082547719091,
              46.997024812683534
            ],
            [
              7.462094022821578,
              46.99700073467134
            ],
            [
              7.462096,
              46.99699699999999
            ],
            [
              7.462104000000001,
              46.99698
            ],
            [
              7.462111999999999,
              46.996964
            ],
            [
              7.462116163948948,
              46.99695515160992
            ],
            [
              7.462123131195719,
              46.99694108552051
            ],
            [
              7.462129000000003,
              46.99693
            ],
            [
              7.462133938929576,
              46.99691950477598
            ],
            [
              7.462157067624757,
              46.99687450376053
            ],
            [
              7.462184313645781,
              46.99682335226856
            ],
            [
              7.462212414284763,
              46.996772425478284
            ],
            [
              7.462215623740597,
              46.996766802016
            ],
            [
              7.462217999999998,
              46.996763
            ],
            [
              7.462220644258503,
              46.99675800529071
            ],
            [
              7.462232711498238,
              46.9967368616041
            ],
            [
              7.462236999999997,
              46.996729999999985
            ],
            [
              7.462241379086162,
              46.996721728394235
            ],
            [
              7.462343774338798,
              46.9967848756637
            ],
            [
              7.462330495272437,
              46.9968152187629
            ],
            [
              7.462279384512641,
              46.99682945014528
            ],
            [
              7.462184288435782,
              46.99704436180426
            ],
            [
              7.46214871904267,
              46.99712447914433
            ],
            [
              7.462187299287223,
              46.997138207053524
            ],
            [
              7.462181191537109,
              46.997151952765584
            ],
            [
              7.462033348492815,
              46.99713470501218
            ],
            [
              7.462033999999999,
              46.997133000000005
            ]
          ]
        ]
      }
    },
    {
      "type": "Feature",
      "properties": {
        "landCoverId": 79,
        "parcelId": "9900/9005/01",
        "buildingId": null,
        "type": "Gartenanlage",
        "typeGroup": "humusiert",
        "area": 1100.03,
        "egid": null,
        "egrid": "CH385599917023",
        "surveyStatus": "AV93",
        "canton": "ZH",
        "municipalityNumber": 261,
        "provenance": {
          "dataStatus": "public-source",
          "buildingId": "9900/9005/AA",
          "notice": "Bodenbedeckung der amtlichen Vermessung (geodienste.ch WFS ms:LCSF), auf die AV-Parzelle zugeschnitten.",
          "geometryMethod": "AV land cover polygon (WFS, EPSG:4326) clipped to the AV parcel in a local azimuthal equidistant CRS; geodesic area",
          "sourceUrl": "https://geodienste.ch/db/av_0/deu?SERVICE=WFS&VERSION=2.0.0&REQUEST=GetFeature&TYPENAMES=ms%3ALCSF&SRSNAME=urn%3Aogc%3Adef%3Acrs%3AEPSG%3A%3A4326&BBOX=47.378657%2C8.538467%2C47.379861%2C8.541281%2Curn%3Aogc%3Adef%3Acrs%3AEPSG%3A%3A4326&OUTPUTFORMAT=geojson&COUNT=1000",
          "retrievedAt": "2026-09-23",
          "licence": "AV land cover © the cantons, distributed via geodienste.ch; see the geodienste.ch and geo.admin.ch terms of use",
          "quality": "AV93",
          "canton": "ZH",
          "municipalityNumber": 261
        }
      },
      "geometry": {
        "type": "Polygon",
        "coordinates": [
          [
            [
              8.53868,
              47.379655
            ],
            [
              8.538480015579974,
              47.379311364956756
            ],
            [
              8.538623571948538,
              47.37927309107907
            ],
            [
              8.538668114492468,
              47.37928365898193
            ],
            [
              8.53866741194421,
              47.379282343388326
            ],
            [
              8.538677777033632,
              47.379279573135314
            ],
            [
              8.538681881265255,
              47.37928657723686
            ],
            [
              8.538676468590324,
              47.37928804101358
            ],
            [
              8.538704825077652,
              47.37932733155282
            ],
            [
              8.538730656768209,
              47.379368768978104
            ],
            [
              8.538739626152559,
              47.37938242811612
            ],
            [
              8.538749292830635,
              47.37939586473
            ],
            [
              8.538759643191066,
              47.37940906095901
            ],
            [
              8.53876956552667,
              47.379420768072336
            ],
            [
              8.538780039696594,
              47.37943226304162
            ],
            [
              8.538791038663168,
              47.37944351913885
            ],
            [
              8.538802562426595,
              47.37945453636386
            ],
            [
              8.538827612369335,
              47.379475418354154
            ],
            [
              8.539006364677268,
              47.379608058040134
            ],
            [
              8.53905202002253,
              47.379641076026914
            ],
            [
              8.539074814135063,
              47.37966301389176
            ],
            [
              8.539088186141239,
              47.3796775935426
            ],
            [
              8.539093641621875,
              47.37968589804593
            ],
            [
              8.5391054140005,
              47.37970638474009
            ],
            [
              8.539107529234629,
              47.37970941393788
            ],
            [
              8.539067862468118,
              47.379720145189765
            ],
            [
              8.538803809006597,
              47.37979159148756
            ],
            [
              8.538732,
              47.379637999999986
            ],
            [
              8.53868,
              47.379655
            ]
          ]
        ]
      }
    },
    {
      "type": "Feature",
      "properties": {
        "landCoverId": 80,
        "parcelId": "9900/9005/01",
        "buildingId": null,
        "type": "Gartenanlage",
        "typeGroup": "humusiert",
        "area": 460.77,
        "egid": null,
        "egrid": "CH385599917023",
        "surveyStatus": "AV93",
        "canton": "ZH",
        "municipalityNumber": 261,
        "provenance": {
          "dataStatus": "public-source",
          "buildingId": "9900/9005/AA",
          "notice": "Bodenbedeckung der amtlichen Vermessung (geodienste.ch WFS ms:LCSF), auf die AV-Parzelle zugeschnitten.",
          "geometryMethod": "AV land cover polygon (WFS, EPSG:4326) clipped to the AV parcel in a local azimuthal equidistant CRS; geodesic area",
          "sourceUrl": "https://geodienste.ch/db/av_0/deu?SERVICE=WFS&VERSION=2.0.0&REQUEST=GetFeature&TYPENAMES=ms%3ALCSF&SRSNAME=urn%3Aogc%3Adef%3Acrs%3AEPSG%3A%3A4326&BBOX=47.378657%2C8.538467%2C47.379861%2C8.541281%2Curn%3Aogc%3Adef%3Acrs%3AEPSG%3A%3A4326&OUTPUTFORMAT=geojson&COUNT=1000",
          "retrievedAt": "2026-09-23",
          "licence": "AV land cover © the cantons, distributed via geodienste.ch; see the geodienste.ch and geo.admin.ch terms of use",
          "quality": "AV93",
          "canton": "ZH",
          "municipalityNumber": 261
        }
      },
      "geometry": {
        "type": "Polygon",
        "coordinates": [
          [
            [
              8.539514,
              47.37985299999999
            ],
            [
              8.539512325696062,
              47.379852441898706
            ],
            [
              8.539505277610594,
              47.37984616411967
            ],
            [
              8.539491487219678,
              47.37983313566509
            ],
            [
              8.539478300328653,
              47.379819831604145
            ],
            [
              8.539460217132907,
              47.37980093425524
            ],
            [
              8.539442632818703,
              47.37978182526178
            ],
            [
              8.539426470218839,
              47.379763584240756
            ],
            [
              8.539410754093595,
              47.379745159060576
            ],
            [
              8.539409810962141,
              47.37974373782235
            ],
            [
              8.5394094481857,
              47.379742203112556
            ],
            [
              8.53940970752906,
              47.37974065347962
            ],
            [
              8.539410758890261,
              47.37973897936317
            ],
            [
              8.539412504889295,
              47.379737595466906
            ],
            [
              8.53941478961159,
              47.379736647198385
            ],
            [
              8.539707425499893,
              47.37965148999905
            ],
            [
              8.539709970515647,
              47.37965096201458
            ],
            [
              8.53971263334661,
              47.37965100859527
            ],
            [
              8.53971514862508,
              47.37965160528505
            ],
            [
              8.539717183294302,
              47.37965265631199
            ],
            [
              8.539718669479495,
              47.37965408136687
            ],
            [
              8.539738258041073,
              47.37967533004642
            ],
            [
              8.539748890241654,
              47.379686769452334
            ],
            [
              8.539760323058589,
              47.379697859411166
            ],
            [
              8.53977251584151,
              47.37970855533457
            ],
            [
              8.539785455164258,
              47.379718848355054
            ],
            [
              8.539798146733634,
              47.379728046330314
            ],
            [
              8.53981142632749,
              47.37973686090367
            ],
            [
              8.539825266907334,
              47.37974526534732
            ],
            [
              8.539839654860886,
              47.37975324180056
            ],
            [
              8.539854536854211,
              47.37976077278141
            ],
            [
              8.53987912881295,
              47.379770857347495
            ],
            [
              8.539775000000015,
              47.37979899999999
            ],
            [
              8.539658,
              47.37984699999999
            ],
            [
              8.539654000000015,
              47.379848
            ],
            [
              8.539651000000003,
              47.37985
            ],
            [
              8.539647000000008,
              47.379851
            ],
            [
              8.539643999999997,
              47.37985200000001
            ],
            [
              8.539639999999993,
              47.37985299999999
            ],
            [
              8.539636000000012,
              47.379854000000016
            ],
            [
              8.539632999999995,
              47.37985499999999
            ],
            [
              8.539628999999994,
              47.379856
            ],
            [
              8.539625000000013,
              47.37985700000001
            ],
            [
              8.53962100000002,
              47.37985700000001
            ],
            [
              8.539618000000004,
              47.379858
            ],
            [
              8.53961400000001,
              47.379858999999996
            ],
            [
              8.53961,
              47.379859
            ],
            [
              8.53960600000001,
              47.379859999999994
            ],
            [
              8.539602000000004,
              47.37986
            ],
            [
              8.53959800000001,
              47.37986099999999
            ],
            [
              8.539594000000006,
              47.379860999999984
            ],
            [
              8.539590999999996,
              47.37986099999999
            ],
            [
              8.539587000000003,
              47.37986099999999
            ],
            [
              8.539583000000002,
              47.379861000000005
            ],
            [
              8.539579000000003,
              47.37986099999999
            ],
            [
              8.539575000000003,
              47.37986099999999
            ],
            [
              8.539571000000004,
              47.37986099999999
            ],
            [
              8.539567000000002,
              47.379861000000005
            ],
            [
              8.539563000000008,
              47.379860999999984
            ],
            [
              8.53955900000001,
              47.37986099999999
            ],
            [
              8.539555000000012,
              47.37986
            ],
            [
              8.539551000000001,
              47.37986
            ],
            [
              8.539547,
              47.37986
            ],
            [
              8.539544000000001,
              47.379858999999996
            ],
            [
              8.539540000000008,
              47.379858
            ],
            [
              8.539536000000009,
              47.379858
            ],
            [
              8.539531999999998,
              47.37985699999999
            ],
            [
              8.539528999999996,
              47.37985599999999
            ],
            [
              8.539525,
              47.37985599999999
            ],
            [
              8.539520999999997,
              47.37985499999999
            ],
            [
              8.53951800000001,
              47.379854000000016
            ],
            [
              8.539514,
              47.37985299999999
            ]
          ]
        ]
      }
    },
    {
      "type": "Feature",
      "properties": {
        "landCoverId": 81,
        "parcelId": "9900/9005/01",
        "buildingId": null,
        "type": "Gartenanlage",
        "typeGroup": "humusiert",
        "area": 409.88,
        "egid": null,
        "egrid": "CH385599917023",
        "surveyStatus": "AV93",
        "canton": "ZH",
        "municipalityNumber": 261,
        "provenance": {
          "dataStatus": "public-source",
          "buildingId": "9900/9005/AA",
          "notice": "Bodenbedeckung der amtlichen Vermessung (geodienste.ch WFS ms:LCSF), auf die AV-Parzelle zugeschnitten.",
          "geometryMethod": "AV land cover polygon (WFS, EPSG:4326) clipped to the AV parcel in a local azimuthal equidistant CRS; geodesic area",
          "sourceUrl": "https://geodienste.ch/db/av_0/deu?SERVICE=WFS&VERSION=2.0.0&REQUEST=GetFeature&TYPENAMES=ms%3ALCSF&SRSNAME=urn%3Aogc%3Adef%3Acrs%3AEPSG%3A%3A4326&BBOX=47.378657%2C8.538467%2C47.379861%2C8.541281%2Curn%3Aogc%3Adef%3Acrs%3AEPSG%3A%3A4326&OUTPUTFORMAT=geojson&COUNT=1000",
          "retrievedAt": "2026-09-23",
          "licence": "AV land cover © the cantons, distributed via geodienste.ch; see the geodienste.ch and geo.admin.ch terms of use",
          "quality": "AV93",
          "canton": "ZH",
          "municipalityNumber": 261
        }
      },
      "geometry": {
        "type": "Polygon",
        "coordinates": [
          [
            [
              8.539000497804057,
              47.37909554462373
            ],
            [
              8.538993663714322,
              47.37908524733342
            ],
            [
              8.53904924764042,
              47.37906936318881
            ],
            [
              8.539613670917861,
              47.37891586250113
            ],
            [
              8.540095386214137,
              47.378785293660606
            ],
            [
              8.54037672404242,
              47.37870931849111
            ],
            [
              8.540383559942926,
              47.378720973950266
            ],
            [
              8.540222539194975,
              47.37876452579778
            ],
            [
              8.54024457022049,
              47.378802077266094
            ],
            [
              8.540096627052867,
              47.37884213105002
            ],
            [
              8.540094432771,
              47.37883848195916
            ],
            [
              8.540088704271414,
              47.37884003876575
            ],
            [
              8.540079892675754,
              47.37882505593933
            ],
            [
              8.540060969695034,
              47.378819344552205
            ],
            [
              8.540041691440623,
              47.37882463759295
            ],
            [
              8.540033429885982,
              47.378837552411184
            ],
            [
              8.540041539451684,
              47.37885124663568
            ],
            [
              8.539896009126513,
              47.3788908004125
            ],
            [
              8.539886923850505,
              47.37887538841487
            ],
            [
              8.539892755869197,
              47.37886602285925
            ],
            [
              8.539886619285314,
              47.3788555210775
            ],
            [
              8.539871118117151,
              47.378859671681504
            ],
            [
              8.539865299521518,
              47.378869046103205
            ],
            [
              8.53985581851669,
              47.37887165511955
            ],
            [
              8.539856139953816,
              47.378872470612144
            ],
            [
              8.53964423595643,
              47.37892998138984
            ],
            [
              8.539643716660228,
              47.378929203763015
            ],
            [
              8.539634313589632,
              47.37893174005711
            ],
            [
              8.539620484470149,
              47.378927725104354
            ],
            [
              8.539605038822476,
              47.378932001074794
            ],
            [
              8.539611293593852,
              47.378942456768776
            ],
            [
              8.53962509270591,
              47.37894630110119
            ],
            [
              8.539634205142077,
              47.37896174884013
            ],
            [
              8.539488398579678,
              47.37900142166547
            ],
            [
              8.539480328854395,
              47.37898772702421
            ],
            [
              8.539461367459376,
              47.37898207887106
            ],
            [
              8.539442085742941,
              47.37898720993095
            ],
            [
              8.539433825132178,
              47.37900017866582
            ],
            [
              8.539442542035024,
              47.37901507249031
            ],
            [
              8.53943677451929,
              47.37901666561644
            ],
            [
              8.539438957194823,
              47.37902039578603
            ],
            [
              8.539290997345677,
              47.37906034074074
            ],
            [
              8.539269089020467,
              47.37902293185178
            ],
            [
              8.539108224032677,
              47.37906641767372
            ],
            [
              8.539174467735721,
              47.37917940405909
            ],
            [
              8.539160956062384,
              47.379183067865824
            ],
            [
              8.539100070736922,
              47.37907945732219
            ],
            [
              8.539019540118359,
              47.37910126404256
            ],
            [
              8.539015170234185,
              47.3791012786821
            ],
            [
              8.539010893461281,
              47.3791006717708
            ],
            [
              8.539006895722265,
              47.3790994685231
            ],
            [
              8.53900339034876,
              47.37909773886786
            ],
            [
              8.539000497804057,
              47.37909554462373
            ]
          ]
        ]
      }
    },
    {
      "type": "Feature",
      "properties": {
        "landCoverId": 82,
        "parcelId": "9900/9005/01",
        "buildingId": null,
        "type": "Gartenanlage",
        "typeGroup": "humusiert",
        "area": 310.97,
        "egid": null,
        "egrid": "CH385599917023",
        "surveyStatus": "AV93",
        "canton": "ZH",
        "municipalityNumber": 261,
        "provenance": {
          "dataStatus": "public-source",
          "buildingId": "9900/9005/AA",
          "notice": "Bodenbedeckung der amtlichen Vermessung (geodienste.ch WFS ms:LCSF), auf die AV-Parzelle zugeschnitten.",
          "geometryMethod": "AV land cover polygon (WFS, EPSG:4326) clipped to the AV parcel in a local azimuthal equidistant CRS; geodesic area",
          "sourceUrl": "https://geodienste.ch/db/av_0/deu?SERVICE=WFS&VERSION=2.0.0&REQUEST=GetFeature&TYPENAMES=ms%3ALCSF&SRSNAME=urn%3Aogc%3Adef%3Acrs%3AEPSG%3A%3A4326&BBOX=47.378657%2C8.538467%2C47.379861%2C8.541281%2Curn%3Aogc%3Adef%3Acrs%3AEPSG%3A%3A4326&OUTPUTFORMAT=geojson&COUNT=1000",
          "retrievedAt": "2026-09-23",
          "licence": "AV land cover © the cantons, distributed via geodienste.ch; see the geodienste.ch and geo.admin.ch terms of use",
          "quality": "AV93",
          "canton": "ZH",
          "municipalityNumber": 261
        }
      },
      "geometry": {
        "type": "Polygon",
        "coordinates": [
          [
            [
              8.53872688004571,
              47.379219800675685
            ],
            [
              8.538713688779977,
              47.37919728556023
            ],
            [
              8.538883971799919,
              47.379151308898436
            ],
            [
              8.538940810822043,
              47.37913591658057
            ],
            [
              8.538943259796005,
              47.37913522761529
            ],
            [
              8.538982434533523,
              47.379199466476315
            ],
            [
              8.539019615088884,
              47.37927423062726
            ],
            [
              8.539025787900998,
              47.37928905876348
            ],
            [
              8.539027575774366,
              47.37929483459483
            ],
            [
              8.539028438674475,
              47.37930070918821
            ],
            [
              8.539028335394296,
              47.3793066109752
            ],
            [
              8.53902727768849,
              47.379312467882706
            ],
            [
              8.53902529073785,
              47.379318216705066
            ],
            [
              8.539022386111384,
              47.37932377637584
            ],
            [
              8.539018589175669,
              47.37932909268258
            ],
            [
              8.539013977887693,
              47.37933409292156
            ],
            [
              8.539008577428449,
              47.37933871388698
            ],
            [
              8.539006592776122,
              47.37933751844928
            ],
            [
              8.538976106163638,
              47.37928229991196
            ],
            [
              8.538901779059477,
              47.37930119600153
            ],
            [
              8.53892086596013,
              47.379336014246604
            ],
            [
              8.538912671621064,
              47.37933808921165
            ],
            [
              8.538886546933597,
              47.37940306696175
            ],
            [
              8.53887819472497,
              47.37940006118147
            ],
            [
              8.538870269427045,
              47.37939656559783
            ],
            [
              8.53886282474442,
              47.379392615679926
            ],
            [
              8.538855323075808,
              47.379387829757604
            ],
            [
              8.538848526924909,
              47.37938257836403
            ],
            [
              8.53884249036744,
              47.3793769149551
            ],
            [
              8.538837293774241,
              47.379370883741174
            ],
            [
              8.538832951499483,
              47.37936453855646
            ],
            [
              8.538804951395308,
              47.37932391337534
            ],
            [
              8.538757525350537,
              47.37926604062968
            ],
            [
              8.538756590292385,
              47.37926629240277
            ],
            [
              8.53874626493095,
              47.37926906228457
            ],
            [
              8.538742177088404,
              47.37926221094633
            ],
            [
              8.538751776638598,
              47.37925956491346
            ],
            [
              8.538748131614415,
              47.37925556081352
            ],
            [
              8.538746483731895,
              47.37925271605615
            ],
            [
              8.538822054242353,
              47.37923246795049
            ],
            [
              8.53891280994308,
              47.37920815328924
            ],
            [
              8.538893215883386,
              47.37917506693667
            ],
            [
              8.53872688004571,
              47.379219800675685
            ]
          ]
        ]
      }
    },
    {
      "type": "Feature",
      "properties": {
        "landCoverId": 83,
        "parcelId": "9900/9005/01",
        "buildingId": null,
        "type": "Gartenanlage",
        "typeGroup": "humusiert",
        "area": 244.23,
        "egid": null,
        "egrid": "CH385599917023",
        "surveyStatus": "AV93",
        "canton": "ZH",
        "municipalityNumber": 261,
        "provenance": {
          "dataStatus": "public-source",
          "buildingId": "9900/9005/AA",
          "notice": "Bodenbedeckung der amtlichen Vermessung (geodienste.ch WFS ms:LCSF), auf die AV-Parzelle zugeschnitten.",
          "geometryMethod": "AV land cover polygon (WFS, EPSG:4326) clipped to the AV parcel in a local azimuthal equidistant CRS; geodesic area",
          "sourceUrl": "https://geodienste.ch/db/av_0/deu?SERVICE=WFS&VERSION=2.0.0&REQUEST=GetFeature&TYPENAMES=ms%3ALCSF&SRSNAME=urn%3Aogc%3Adef%3Acrs%3AEPSG%3A%3A4326&BBOX=47.378657%2C8.538467%2C47.379861%2C8.541281%2Curn%3Aogc%3Adef%3Acrs%3AEPSG%3A%3A4326&OUTPUTFORMAT=geojson&COUNT=1000",
          "retrievedAt": "2026-09-23",
          "licence": "AV land cover © the cantons, distributed via geodienste.ch; see the geodienste.ch and geo.admin.ch terms of use",
          "quality": "AV93",
          "canton": "ZH",
          "municipalityNumber": 261
        }
      },
      "geometry": {
        "type": "Polygon",
        "coordinates": [
          [
            [
              8.540465111601076,
              47.37873707999736
            ],
            [
              8.540462686383346,
              47.37873122930882
            ],
            [
              8.540461185941203,
              47.37872527085328
            ],
            [
              8.540460637312671,
              47.37871923135826
            ],
            [
              8.54046104217074,
              47.37871319176402
            ],
            [
              8.540462375335956,
              47.37870721527662
            ],
            [
              8.54046465134976,
              47.378701364723256
            ],
            [
              8.540467557491846,
              47.37869844956737
            ],
            [
              8.540471025860878,
              47.378695825888165
            ],
            [
              8.540474991556893,
              47.37869355727056
            ],
            [
              8.540479376067866,
              47.378691689438924
            ],
            [
              8.54048411375021,
              47.37869025000483
            ],
            [
              8.540489759394271,
              47.37868917071047
            ],
            [
              8.540495589990716,
              47.378688710315785
            ],
            [
              8.540501446656398,
              47.37868887033615
            ],
            [
              8.540507196802793,
              47.37868964304116
            ],
            [
              8.540512707841362,
              47.37869102070036
            ],
            [
              8.540518706764502,
              47.37869165610488
            ],
            [
              8.540524788143472,
              47.37869179599038
            ],
            [
              8.54053083244371,
              47.378691423506744
            ],
            [
              8.540536773835523,
              47.37869055727231
            ],
            [
              8.540542664536115,
              47.37868916080826
            ],
            [
              8.54054824029756,
              47.37868726362073
            ],
            [
              8.54055342242181,
              47.378684902441
            ],
            [
              8.54055811915653,
              47.37868212311987
            ],
            [
              8.540563084786942,
              47.37867953912648
            ],
            [
              8.540568483216749,
              47.378677391765805
            ],
            [
              8.540574222135982,
              47.37867569990868
            ],
            [
              8.540580222846872,
              47.37867450028626
            ],
            [
              8.540587477440496,
              47.37867373845911
            ],
            [
              8.540594812924864,
              47.37867368647524
            ],
            [
              8.540602070602915,
              47.378674354843625
            ],
            [
              8.540609130754621,
              47.37867571772089
            ],
            [
              8.540615840671192,
              47.37867743474887
            ],
            [
              8.540622113435198,
              47.37867978560578
            ],
            [
              8.540627841822948,
              47.37868270834866
            ],
            [
              8.54063290574227,
              47.37868615914752
            ],
            [
              8.540636818873677,
              47.37868967489498
            ],
            [
              8.540640049647447,
              47.37869349399098
            ],
            [
              8.540642530746373,
              47.37869756310702
            ],
            [
              8.540644060962759,
              47.37870175823072
            ],
            [
              8.54064483834277,
              47.378706050487466
            ],
            [
              8.540644848158326,
              47.37871036805672
            ],
            [
              8.540644274509221,
              47.37871400756199
            ],
            [
              8.540643156706643,
              47.378717589292364
            ],
            [
              8.540641507246967,
              47.37872107714806
            ],
            [
              8.54063754549326,
              47.37872930051055
            ],
            [
              8.540636517582671,
              47.37873274645633
            ],
            [
              8.540636086786687,
              47.37873624967184
            ],
            [
              8.540636265415959,
              47.378739765063976
            ],
            [
              8.540637065595199,
              47.37874323854633
            ],
            [
              8.540638831720367,
              47.37874731448291
            ],
            [
              8.540641427707458,
              47.37875117561493
            ],
            [
              8.540644799107815,
              47.37875475050071
            ],
            [
              8.540647897148855,
              47.37875791421814
            ],
            [
              8.540651060833875,
              47.37876105032387
            ],
            [
              8.540654493416227,
              47.37876438175719
            ],
            [
              8.540657991456676,
              47.37876767658545
            ],
            [
              8.540661434639361,
              47.37877152063989
            ],
            [
              8.540664049820158,
              47.3787756694325
            ],
            [
              8.540665742085364,
              47.37878001592722
            ],
            [
              8.54066651013305,
              47.3787844971705
            ],
            [
              8.540666325064953,
              47.37878899650145
            ],
            [
              8.540665298233408,
              47.378793135062146
            ],
            [
              8.540663460767757,
              47.37879713743409
            ],
            [
              8.54066086432736,
              47.37880094015833
            ],
            [
              8.540657533905064,
              47.3788044710354
            ],
            [
              8.540653547826905,
              47.37880767534727
            ],
            [
              8.54064929344654,
              47.37881007265674
            ],
            [
              8.540645428985282,
              47.378812754090575
            ],
            [
              8.540641993792141,
              47.378815701283116
            ],
            [
              8.540639143031825,
              47.37881873285168
            ],
            [
              8.540636746160825,
              47.3788219399929
            ],
            [
              8.540634829101972,
              47.378825295474165
            ],
            [
              8.540632053613045,
              47.378832608006675
            ],
            [
              8.540629689874823,
              47.378839979577165
            ],
            [
              8.54062809061705,
              47.37884589563884
            ],
            [
              8.5406267569091,
              47.37885184514782
            ],
            [
              8.540625068763166,
              47.37885666465142
            ],
            [
              8.540622542571707,
              47.378861303251725
            ],
            [
              8.540619190459166,
              47.378865706862165
            ],
            [
              8.540615076953474,
              47.37886979391089
            ],
            [
              8.540610253900129,
              47.37887350993263
            ],
            [
              8.540604380583614,
              47.37887702908482
            ],
            [
              8.540597886682681,
              47.37887999645842
            ],
            [
              8.540590863764066,
              47.37888235720912
            ],
            [
              8.540583456727767,
              47.37888407397412
            ],
            [
              8.540577874849339,
              47.37888503572785
            ],
            [
              8.540572165254472,
              47.37888558492355
            ],
            [
              8.540566407199321,
              47.378885711810085
            ],
            [
              8.540560666885673,
              47.378885415756024
            ],
            [
              8.540554638484538,
              47.378884636712584
            ],
            [
              8.540548772539122,
              47.378883388372465
            ],
            [
              8.54054316210372,
              47.37888168783832
            ],
            [
              8.54053735611661,
              47.37887885578272
            ],
            [
              8.54053212303587,
              47.37887555051541
            ],
            [
              8.54052756952786,
              47.37887180699941
            ],
            [
              8.540523573082854,
              47.37886746449109
            ],
            [
              8.54052048352719,
              47.378862789507586
            ],
            [
              8.540518368921624,
              47.378857871351144
            ],
            [
              8.540517870007342,
              47.378852955773674
            ],
            [
              8.54051760923296,
              47.378848028929596
            ],
            [
              8.540517579826528,
              47.37884404436728
            ],
            [
              8.540517696063585,
              47.3788400584158
            ],
            [
              8.540517264251546,
              47.37883262356174
            ],
            [
              8.54051603857864,
              47.37882522326523
            ],
            [
              8.540514033215155,
              47.37881790236684
            ],
            [
              8.540510930061375,
              47.378810007256035
            ],
            [
              8.540506917045901,
              47.378802300726335
            ],
            [
              8.540501995284648,
              47.378794836737875
            ],
            [
              8.540499563062722,
              47.37879056925989
            ],
            [
              8.540497499710398,
              47.37878620831221
            ],
            [
              8.540495648800466,
              47.37878123366925
            ],
            [
              8.540494299534906,
              47.37877618228037
            ],
            [
              8.540492823404946,
              47.37877204060981
            ],
            [
              8.540490832948747,
              47.37876800279135
            ],
            [
              8.540488341964501,
              47.378764095678854
            ],
            [
              8.540485282391552,
              47.37876022997011
            ],
            [
              8.540481723592237,
              47.37875655792077
            ],
            [
              8.54047770603119,
              47.37875311512533
            ],
            [
              8.540472675780382,
              47.37874808985073
            ],
            [
              8.540468459549524,
              47.37874272399195
            ],
            [
              8.540465111601076,
              47.37873707999736
            ]
          ]
        ]
      }
    },
    {
      "type": "Feature",
      "properties": {
        "landCoverId": 84,
        "parcelId": "9900/9005/01",
        "buildingId": null,
        "type": "Gartenanlage",
        "typeGroup": "humusiert",
        "area": 201.68,
        "egid": null,
        "egrid": "CH385599917023",
        "surveyStatus": "AV93",
        "canton": "ZH",
        "municipalityNumber": 261,
        "provenance": {
          "dataStatus": "public-source",
          "buildingId": "9900/9005/AA",
          "notice": "Bodenbedeckung der amtlichen Vermessung (geodienste.ch WFS ms:LCSF), auf die AV-Parzelle zugeschnitten.",
          "geometryMethod": "AV land cover polygon (WFS, EPSG:4326) clipped to the AV parcel in a local azimuthal equidistant CRS; geodesic area",
          "sourceUrl": "https://geodienste.ch/db/av_0/deu?SERVICE=WFS&VERSION=2.0.0&REQUEST=GetFeature&TYPENAMES=ms%3ALCSF&SRSNAME=urn%3Aogc%3Adef%3Acrs%3AEPSG%3A%3A4326&BBOX=47.378657%2C8.538467%2C47.379861%2C8.541281%2Curn%3Aogc%3Adef%3Acrs%3AEPSG%3A%3A4326&OUTPUTFORMAT=geojson&COUNT=1000",
          "retrievedAt": "2026-09-23",
          "licence": "AV land cover © the cantons, distributed via geodienste.ch; see the geodienste.ch and geo.admin.ch terms of use",
          "quality": "AV93",
          "canton": "ZH",
          "municipalityNumber": 261
        }
      },
      "geometry": {
        "type": "Polygon",
        "coordinates": [
          [
            [
              8.541281000000005,
              47.37881000000001
            ],
            [
              8.54125856422396,
              47.37886366101426
            ],
            [
              8.541249790937425,
              47.378860508185966
            ],
            [
              8.541238071296274,
              47.37885476421639
            ],
            [
              8.541233484314674,
              47.3788519655361
            ],
            [
              8.541228428682345,
              47.37884955811935
            ],
            [
              8.541222984585351,
              47.37884757718135
            ],
            [
              8.541217245263983,
              47.37884604881737
            ],
            [
              8.54121048064022,
              47.3788448900444
            ],
            [
              8.541203543861684,
              47.378844371568476
            ],
            [
              8.541196554090996,
              47.37884449225224
            ],
            [
              8.541189670211692,
              47.37884525057926
            ],
            [
              8.541182849339837,
              47.3788464940416
            ],
            [
              8.541176056994766,
              47.37884783617775
            ],
            [
              8.541169860277597,
              47.37884916363359
            ],
            [
              8.541163704955446,
              47.378850571650254
            ],
            [
              8.541155359213239,
              47.37885172172282
            ],
            [
              8.541146880727029,
              47.3788522164171
            ],
            [
              8.541138362365404,
              47.37885206384185
            ],
            [
              8.541129936345815,
              47.3788512537401
            ],
            [
              8.541121403133637,
              47.378849743040504
            ],
            [
              8.541113173923186,
              47.37884756379926
            ],
            [
              8.541105395102317,
              47.37884475059992
            ],
            [
              8.541098133616952,
              47.378841338784255
            ],
            [
              8.541091522800542,
              47.378837372055486
            ],
            [
              8.541082459704244,
              47.37883393245667
            ],
            [
              8.541072959274226,
              47.37883111769484
            ],
            [
              8.541063088083826,
              47.3788289451248
            ],
            [
              8.541052952427297,
              47.378827431722364
            ],
            [
              8.541042645544483,
              47.37882660358298
            ],
            [
              8.541032617605648,
              47.37882645641074
            ],
            [
              8.541022629354682,
              47.37882694751322
            ],
            [
              8.541012733752495,
              47.37882807638501
            ],
            [
              8.541003049961535,
              47.378829841889086
            ],
            [
              8.54099365667933,
              47.37883220729386
            ],
            [
              8.54097914226989,
              47.378836681451205
            ],
            [
              8.540964996320946,
              47.37884168280346
            ],
            [
              8.540953161844742,
              47.378846392243425
            ],
            [
              8.540941652946225,
              47.37885147637094
            ],
            [
              8.54093524951742,
              47.37885433495889
            ],
            [
              8.54092849346955,
              47.37885679213029
            ],
            [
              8.540922030044449,
              47.37885867082069
            ],
            [
              8.540915347147783,
              47.378860182804516
            ],
            [
              8.540910757964395,
              47.378860478457646
            ],
            [
              8.540906159853092,
              47.378860342429526
            ],
            [
              8.540901619201588,
              47.378859783081694
            ],
            [
              8.540897375451708,
              47.37885885210046
            ],
            [
              8.54089334897563,
              47.378857541250376
            ],
            [
              8.540889606719013,
              47.3788558858732
            ],
            [
              8.540884815536256,
              47.37885345792802
            ],
            [
              8.540880558651326,
              47.378850611108554
            ],
            [
              8.540876916808088,
              47.378847407610365
            ],
            [
              8.540873944083723,
              47.3788439008883
            ],
            [
              8.540871694741353,
              47.37884015339057
            ],
            [
              8.540870399631945,
              47.37883644176368
            ],
            [
              8.540869884027318,
              47.378832641742875
            ],
            [
              8.54087014960125,
              47.37882883426848
            ],
            [
              8.540871197841481,
              47.378825091287325
            ],
            [
              8.540873324719428,
              47.37882099619924
            ],
            [
              8.540876384370492,
              47.3788171800552
            ],
            [
              8.540880299398601,
              47.378813742540075
            ],
            [
              8.540888884604655,
              47.37880880325231
            ],
            [
              8.540897874086168,
              47.37880420192128
            ],
            [
              8.540907215067962,
              47.37879994804577
            ],
            [
              8.540916894495846,
              47.37879605074527
            ],
            [
              8.540927215036914,
              47.37879241718039
            ],
            [
              8.540937835233343,
              47.3787891855361
            ],
            [
              8.540948715736436,
              47.378786374178084
            ],
            [
              8.540959803957199,
              47.37878400159841
            ],
            [
              8.540971813012066,
              47.37878197104075
            ],
            [
              8.540983950157207,
              47.378780371025854
            ],
            [
              8.540996202152611,
              47.37877920168001
            ],
            [
              8.541011559632295,
              47.37877835350821
            ],
            [
              8.541026957543394,
              47.37877817958333
            ],
            [
              8.541042343111311,
              47.3787786894042
            ],
            [
              8.541075730521353,
              47.37878134817123
            ],
            [
              8.541101178282934,
              47.37878302127561
            ],
            [
              8.541126717643882,
              47.37878400087509
            ],
            [
              8.541152282587742,
              47.37878429659475
            ],
            [
              8.541177846446898,
              47.378783899693964
            ],
            [
              8.54120011554819,
              47.37878299452611
            ],
            [
              8.541222333950854,
              47.378781559125066
            ],
            [
              8.541244462119375,
              47.378779602863375
            ],
            [
              8.541263568699254,
              47.37877745405187
            ],
            [
              8.541277999999995,
              47.37878800000001
            ],
            [
              8.541281000000005,
              47.37881000000001
            ]
          ]
        ]
      }
    },
    {
      "type": "Feature",
      "properties": {
        "landCoverId": 85,
        "parcelId": "9900/9005/01",
        "buildingId": null,
        "type": "Gartenanlage",
        "typeGroup": "humusiert",
        "area": 1.06,
        "egid": null,
        "egrid": "CH385599917023",
        "surveyStatus": "AV93",
        "canton": "ZH",
        "municipalityNumber": 261,
        "provenance": {
          "dataStatus": "public-source",
          "buildingId": "9900/9005/AA",
          "notice": "Bodenbedeckung der amtlichen Vermessung (geodienste.ch WFS ms:LCSF), auf die AV-Parzelle zugeschnitten.",
          "geometryMethod": "AV land cover polygon (WFS, EPSG:4326) clipped to the AV parcel in a local azimuthal equidistant CRS; geodesic area",
          "sourceUrl": "https://geodienste.ch/db/av_0/deu?SERVICE=WFS&VERSION=2.0.0&REQUEST=GetFeature&TYPENAMES=ms%3ALCSF&SRSNAME=urn%3Aogc%3Adef%3Acrs%3AEPSG%3A%3A4326&BBOX=47.378657%2C8.538467%2C47.379861%2C8.541281%2Curn%3Aogc%3Adef%3Acrs%3AEPSG%3A%3A4326&OUTPUTFORMAT=geojson&COUNT=1000",
          "retrievedAt": "2026-09-23",
          "licence": "AV land cover © the cantons, distributed via geodienste.ch; see the geodienste.ch and geo.admin.ch terms of use",
          "quality": "AV93",
          "canton": "ZH",
          "municipalityNumber": 261
        }
      },
      "geometry": {
        "type": "Polygon",
        "coordinates": [
          [
            [
              8.538804000000004,
              47.379791999999995
            ],
            [
              8.538803809006597,
              47.37979159148756
            ],
            [
              8.539067862468118,
              47.379720145189765
            ],
            [
              8.539107529234629,
              47.37970941393788
            ],
            [
              8.539107739379686,
              47.37970972592254
            ],
            [
              8.538804000000004,
              47.379791999999995
            ]
          ]
        ]
      }
    },
    {
      "type": "Feature",
      "properties": {
        "landCoverId": 86,
        "parcelId": "9900/9005/01",
        "buildingId": null,
        "type": "Gebaeude",
        "typeGroup": "gebaeude",
        "area": 5071.57,
        "egid": "2372933",
        "egrid": "CH385599917023",
        "surveyStatus": "AV93",
        "canton": "ZH",
        "municipalityNumber": 261,
        "provenance": {
          "dataStatus": "public-source",
          "buildingId": "9900/9005/AA",
          "notice": "Bodenbedeckung der amtlichen Vermessung (geodienste.ch WFS ms:LCSF), auf die AV-Parzelle zugeschnitten.",
          "geometryMethod": "AV land cover polygon (WFS, EPSG:4326) clipped to the AV parcel in a local azimuthal equidistant CRS; geodesic area",
          "sourceUrl": "https://geodienste.ch/db/av_0/deu?SERVICE=WFS&VERSION=2.0.0&REQUEST=GetFeature&TYPENAMES=ms%3ALCSF&SRSNAME=urn%3Aogc%3Adef%3Acrs%3AEPSG%3A%3A4326&BBOX=47.378657%2C8.538467%2C47.379861%2C8.541281%2Curn%3Aogc%3Adef%3Acrs%3AEPSG%3A%3A4326&OUTPUTFORMAT=geojson&COUNT=1000",
          "retrievedAt": "2026-09-23",
          "licence": "AV land cover © the cantons, distributed via geodienste.ch; see the geodienste.ch and geo.admin.ch terms of use",
          "quality": "AV93",
          "canton": "ZH",
          "municipalityNumber": 261
        }
      },
      "geometry": {
        "type": "Polygon",
        "coordinates": [
          [
            [
              8.539174467735721,
              47.37917940405909
            ],
            [
              8.539108224032677,
              47.37906641767372
            ],
            [
              8.539269089020467,
              47.37902293185178
            ],
            [
              8.539290997345677,
              47.37906034074074
            ],
            [
              8.539438957194823,
              47.37902039578603
            ],
            [
              8.53943677451929,
              47.37901666561644
            ],
            [
              8.539442542035024,
              47.37901507249031
            ],
            [
              8.539433825132178,
              47.37900017866582
            ],
            [
              8.539442085742941,
              47.37898720993095
            ],
            [
              8.539461367459376,
              47.37898207887106
            ],
            [
              8.539480328854395,
              47.37898772702421
            ],
            [
              8.539488398579678,
              47.37900142166547
            ],
            [
              8.539634205142077,
              47.37896174884013
            ],
            [
              8.53962509270591,
              47.37894630110119
            ],
            [
              8.539611293593852,
              47.378942456768776
            ],
            [
              8.539605038822476,
              47.378932001074794
            ],
            [
              8.539620484470149,
              47.378927725104354
            ],
            [
              8.539634313589632,
              47.37893174005711
            ],
            [
              8.539643716660228,
              47.378929203763015
            ],
            [
              8.53964423595643,
              47.37892998138984
            ],
            [
              8.539856139953816,
              47.378872470612144
            ],
            [
              8.53985581851669,
              47.37887165511955
            ],
            [
              8.539865299521518,
              47.378869046103205
            ],
            [
              8.539871118117151,
              47.378859671681504
            ],
            [
              8.539886619285314,
              47.3788555210775
            ],
            [
              8.539892755869197,
              47.37886602285925
            ],
            [
              8.539886923850505,
              47.37887538841487
            ],
            [
              8.539896009126513,
              47.3788908004125
            ],
            [
              8.540041539451684,
              47.37885124663568
            ],
            [
              8.540033429885982,
              47.378837552411184
            ],
            [
              8.540041691440623,
              47.37882463759295
            ],
            [
              8.540060969695034,
              47.378819344552205
            ],
            [
              8.540079892675754,
              47.37882505593933
            ],
            [
              8.540088704271414,
              47.37884003876575
            ],
            [
              8.540094432771,
              47.37883848195916
            ],
            [
              8.540096627052867,
              47.37884213105002
            ],
            [
              8.54024457022049,
              47.378802077266094
            ],
            [
              8.540222539194975,
              47.37876452579778
            ],
            [
              8.540383559942926,
              47.378720973950266
            ],
            [
              8.540451082077862,
              47.37883611527018
            ],
            [
              8.540472741117348,
              47.37887295962851
            ],
            [
              8.540532728611216,
              47.37897530073337
            ],
            [
              8.54054293484556,
              47.3789725408215
            ],
            [
              8.540559505932432,
              47.37900092430231
            ],
            [
              8.540584316161603,
              47.37904349546384
            ],
            [
              8.540600952936638,
              47.37907185132648
            ],
            [
              8.540584490978047,
              47.37907629004007
            ],
            [
              8.540613939589864,
              47.3791267056781
            ],
            [
              8.540652026054344,
              47.37911643871772
            ],
            [
              8.540663646799205,
              47.37911355736017
            ],
            [
              8.540675488872866,
              47.37911113264162
            ],
            [
              8.540687512740417,
              47.37910917393427
            ],
            [
              8.54069969173541,
              47.379107672497426
            ],
            [
              8.54071197326857,
              47.37910664682296
            ],
            [
              8.540724317990994,
              47.37910611527644
            ],
            [
              8.540737162463705,
              47.37910605570277
            ],
            [
              8.5407499780016,
              47.379106518121226
            ],
            [
              8.540762737938312,
              47.37910749379116
            ],
            [
              8.540775389312685,
              47.379108983217876
            ],
            [
              8.540787892031968,
              47.37911096879366
            ],
            [
              8.540800193320935,
              47.37911346001714
            ],
            [
              8.540838339674506,
              47.37912210018715
            ],
            [
              8.540885088322693,
              47.37902545122049
            ],
            [
              8.540970291484431,
              47.37884926914143
            ],
            [
              8.541191383631721,
              47.37889862932611
            ],
            [
              8.54099068868921,
              47.37931425767749
            ],
            [
              8.54098253324097,
              47.3793124465231
            ],
            [
              8.540922797067113,
              47.37929915503932
            ],
            [
              8.540783395247463,
              47.37926814762061
            ],
            [
              8.54078046685219,
              47.37927190853829
            ],
            [
              8.540776937244088,
              47.3792754143331
            ],
            [
              8.540772859012815,
              47.379278646512965
            ],
            [
              8.54076827057779,
              47.379281541745364
            ],
            [
              8.540763251009619,
              47.3792840812856
            ],
            [
              8.540758128343455,
              47.37928611808198
            ],
            [
              8.540752706390663,
              47.37928777094288
            ],
            [
              8.540746549890944,
              47.37928912497693
            ],
            [
              8.540740197982508,
              47.37928999513793
            ],
            [
              8.54073374279059,
              47.37929035356156
            ],
            [
              8.540726176555086,
              47.37929013790093
            ],
            [
              8.540718728404453,
              47.37928922848835
            ],
            [
              8.540711531301163,
              47.37928765104065
            ],
            [
              8.54070470478121,
              47.379285422407825
            ],
            [
              8.540699412849552,
              47.379283116168814
            ],
            [
              8.540694550041975,
              47.379280428040275
            ],
            [
              8.540690143397233,
              47.37927738474979
            ],
            [
              8.540686273101741,
              47.37927402151292
            ],
            [
              8.540682979992496,
              47.37927039191092
            ],
            [
              8.540413812640274,
              47.37934329231752
            ],
            [
              8.540420003089748,
              47.37935382953791
            ],
            [
              8.540254253344928,
              47.37939869481929
            ],
            [
              8.540246648223045,
              47.3793857064155
            ],
            [
              8.54018335128408,
              47.3792776578408
            ],
            [
              8.540348792051333,
              47.37923323636461
            ],
            [
              8.54035500951372,
              47.37924380031644
            ],
            [
              8.540485541632489,
              47.37920835587881
            ],
            [
              8.540482851317803,
              47.37920377603305
            ],
            [
              8.540462195312731,
              47.37916869415262
            ],
            [
              8.540432150858237,
              47.37911763651128
            ],
            [
              8.540425171194803,
              47.37911952909211
            ],
            [
              8.540408442373538,
              47.37909120106861
            ],
            [
              8.540383446153918,
              47.379048595664315
            ],
            [
              8.540377570686458,
              47.37903855916454
            ],
            [
              8.540370328083185,
              47.379040544201175
            ],
            [
              8.540366251310514,
              47.37904128470199
            ],
            [
              8.540362072931668,
              47.37904159440546
            ],
            [
              8.540357859334495,
              47.37904148167361
            ],
            [
              8.540353729124668,
              47.37904091838983
            ],
            [
              8.540349762488125,
              47.37903993976996
            ],
            [
              8.540346065719682,
              47.379038562790484
            ],
            [
              8.540342960120327,
              47.379036955294794
            ],
            [
              8.540340232914708,
              47.37903507433638
            ],
            [
              8.540337911141242,
              47.37903294664286
            ],
            [
              8.54033606193126,
              47.37903061654973
            ],
            [
              8.540334712694946,
              47.37902812877113
            ],
            [
              8.540333877973922,
              47.37902554613441
            ],
            [
              8.540319866631739,
              47.37902937675568
            ],
            [
              8.540263465894421,
              47.37893332491733
            ],
            [
              8.540165304175149,
              47.378959996035256
            ],
            [
              8.540167446806587,
              47.37896370858316
            ],
            [
              8.540164512424413,
              47.37896461808633
            ],
            [
              8.540173975960798,
              47.37898038626091
            ],
            [
              8.540164905178605,
              47.378994514151756
            ],
            [
              8.540143955010919,
              47.37900029089778
            ],
            [
              8.540122946533991,
              47.378994275581405
            ],
            [
              8.54011544761058,
              47.37898129515073
            ],
            [
              8.53997407362112,
              47.379019487107044
            ],
            [
              8.539981541157237,
              47.37903287262652
            ],
            [
              8.539995449030037,
              47.37903685080511
            ],
            [
              8.540002954853664,
              47.379049525342936
            ],
            [
              8.539984466472227,
              47.3790545949592
            ],
            [
              8.53997075441356,
              47.37905047998552
            ],
            [
              8.539959875291583,
              47.379053363198004
            ],
            [
              8.539959446813793,
              47.37905249475542
            ],
            [
              8.539752168777119,
              47.3791089541659
            ],
            [
              8.539752637158946,
              47.37910983122396
            ],
            [
              8.539741932367692,
              47.37911282069548
            ],
            [
              8.539735554838323,
              47.37912206551005
            ],
            [
              8.53971697298033,
              47.37912709999334
            ],
            [
              8.53970970442603,
              47.37911436920547
            ],
            [
              8.539715353180426,
              47.379105104353194
            ],
            [
              8.539707513855625,
              47.379091668390274
            ],
            [
              8.53956635168414,
              47.37912988480688
            ],
            [
              8.539573846221879,
              47.379142658425415
            ],
            [
              8.539564870722208,
              47.37915692028547
            ],
            [
              8.539543671087175,
              47.379162807240064
            ],
            [
              8.539522831581095,
              47.37915663728732
            ],
            [
              8.539521030399548,
              47.379153425201224
            ],
            [
              8.539525322805286,
              47.379152223923974
            ],
            [
              8.5395178543871,
              47.37913943206329
            ],
            [
              8.539510229066968,
              47.37914148365853
            ],
            [
              8.539507953512969,
              47.3791377453803
            ],
            [
              8.539359391946231,
              47.37917806495307
            ],
            [
              8.539418387369807,
              47.37927862603281
            ],
            [
              8.539454610802736,
              47.3792685481312
            ],
            [
              8.539455049630023,
              47.379259018109394
            ],
            [
              8.539469939481968,
              47.37925924502066
            ],
            [
              8.539469621678734,
              47.37926886384048
            ],
            [
              8.539505783381527,
              47.37927952028009
            ],
            [
              8.539515870127612,
              47.37927289369416
            ],
            [
              8.539526574146835,
              47.37928012271663
            ],
            [
              8.53951671471719,
              47.37928685507871
            ],
            [
              8.539531390741304,
              47.37931199152814
            ],
            [
              8.539545560237507,
              47.37931196443586
            ],
            [
              8.539545598402487,
              47.37932214655661
            ],
            [
              8.53953134741751,
              47.379322075478996
            ],
            [
              8.539515612621646,
              47.37934698001864
            ],
            [
              8.539525472661941,
              47.379353740342225
            ],
            [
              8.539514867243895,
              47.379360902583954
            ],
            [
              8.539504913220128,
              47.3793540801892
            ],
            [
              8.539468633618892,
              47.379364005723964
            ],
            [
              8.539527641580618,
              47.37946451265577
            ],
            [
              8.539687765404958,
              47.379421006341566
            ],
            [
              8.539683264051831,
              47.37941337640089
            ],
            [
              8.539818728570335,
              47.379376257597706
            ],
            [
              8.53988236221683,
              47.37948460898765
            ],
            [
              8.539889843082307,
              47.37949735573047
            ],
            [
              8.53988290288546,
              47.37949923890624
            ],
            [
              8.539770713320625,
              47.37952965044265
            ],
            [
              8.53975360626916,
              47.37953428408174
            ],
            [
              8.539749118509105,
              47.37952667200433
            ],
            [
              8.539517974974801,
              47.379589574074664
            ],
            [
              8.539519884324156,
              47.37959289307121
            ],
            [
              8.53942157722861,
              47.3796196548729
            ],
            [
              8.539390913919528,
              47.37956745149542
            ],
            [
              8.539374741883458,
              47.37957183330014
            ],
            [
              8.539342223149417,
              47.37951699402651
            ],
            [
              8.53935864544059,
              47.37951254687581
            ],
            [
              8.539357684802184,
              47.37951091891599
            ],
            [
              8.539359594271346,
              47.37951039699491
            ],
            [
              8.539299860315356,
              47.379408709541494
            ],
            [
              8.539181828795947,
              47.37944096619613
            ],
            [
              8.53913263011776,
              47.379356916680116
            ],
            [
              8.539231138823068,
              47.37933031511071
            ],
            [
              8.539186112152427,
              47.37925334101269
            ],
            [
              8.539179690436995,
              47.37925467949928
            ],
            [
              8.539173071470117,
              47.37925544417654
            ],
            [
              8.539166374601507,
              47.37925564290254
            ],
            [
              8.539159678902553,
              47.37925525693375
            ],
            [
              8.539153117149061,
              47.37925430299554
            ],
            [
              8.539146782209919,
              47.379252789198326
            ],
            [
              8.539140780380109,
              47.379250732519765
            ],
            [
              8.539135218697288,
              47.37924818591106
            ],
            [
              8.539130176975513,
              47.37924516660211
            ],
            [
              8.539125736142928,
              47.379241745783084
            ],
            [
              8.539121989625231,
              47.37923795854453
            ],
            [
              8.539118965574453,
              47.37923388557454
            ],
            [
              8.539116675559653,
              47.37922944580678
            ],
            [
              8.539115256070133,
              47.3792248358338
            ],
            [
              8.539114748683902,
              47.37922014521093
            ],
            [
              8.539115141645887,
              47.379215446011095
            ],
            [
              8.539116449867489,
              47.379210819048396
            ],
            [
              8.539118635484254,
              47.379206354634825
            ],
            [
              8.539121660260312,
              47.37920212509554
            ],
            [
              8.53912548577416,
              47.37919819376237
            ],
            [
              8.539130034254491,
              47.3791946423323
            ],
            [
              8.539135227373054,
              47.37919152552223
            ],
            [
              8.539140986801616,
              47.37918889804897
            ],
            [
              8.53914719430509,
              47.37918680601441
            ],
            [
              8.539160956062384,
              47.379183067865824
            ],
            [
              8.539174467735721,
              47.37917940405909
            ]
          ]
        ]
      }
    },
    {
      "type": "Feature",
      "properties": {
        "landCoverId": 87,
        "parcelId": "9900/9005/01",
        "buildingId": "9900/9005/AA",
        "type": "Gebaeude",
        "typeGroup": "gebaeude",
        "area": 2033.98,
        "egid": "302030043",
        "egrid": "CH385599917023",
        "surveyStatus": "AV93",
        "canton": "ZH",
        "municipalityNumber": 261,
        "provenance": {
          "dataStatus": "public-source",
          "buildingId": "9900/9005/AA",
          "notice": "Bodenbedeckung der amtlichen Vermessung (geodienste.ch WFS ms:LCSF), auf die AV-Parzelle zugeschnitten.",
          "geometryMethod": "AV land cover polygon (WFS, EPSG:4326) clipped to the AV parcel in a local azimuthal equidistant CRS; geodesic area",
          "sourceUrl": "https://geodienste.ch/db/av_0/deu?SERVICE=WFS&VERSION=2.0.0&REQUEST=GetFeature&TYPENAMES=ms%3ALCSF&SRSNAME=urn%3Aogc%3Adef%3Acrs%3AEPSG%3A%3A4326&BBOX=47.378657%2C8.538467%2C47.379861%2C8.541281%2Curn%3Aogc%3Adef%3Acrs%3AEPSG%3A%3A4326&OUTPUTFORMAT=geojson&COUNT=1000",
          "retrievedAt": "2026-09-23",
          "licence": "AV land cover © the cantons, distributed via geodienste.ch; see the geodienste.ch and geo.admin.ch terms of use",
          "quality": "AV93",
          "canton": "ZH",
          "municipalityNumber": 261
        }
      },
      "geometry": {
        "type": "Polygon",
        "coordinates": [
          [
            [
              8.539846723170815,
              47.37960052711596
            ],
            [
              8.539770713320625,
              47.37952965044265
            ],
            [
              8.53988290288546,
              47.37949923890624
            ],
            [
              8.539985203468854,
              47.37954591083708
            ],
            [
              8.540204502027644,
              47.37944112251964
            ],
            [
              8.540743883465833,
              47.37954507083696
            ],
            [
              8.540922797067113,
              47.37929915503932
            ],
            [
              8.54098253324097,
              47.3793124465231
            ],
            [
              8.54109098673744,
              47.379436947597895
            ],
            [
              8.540976254099501,
              47.37947178320193
            ],
            [
              8.540991793279122,
              47.37970828777357
            ],
            [
              8.540830539250893,
              47.379760531952556
            ],
            [
              8.540326892938767,
              47.379604413309124
            ],
            [
              8.539958071098972,
              47.3797043398263
            ],
            [
              8.539882358190242,
              47.379633748239144
            ],
            [
              8.539846723170815,
              47.37960052711596
            ]
          ]
        ]
      }
    },
    {
      "type": "Feature",
      "properties": {
        "landCoverId": 88,
        "parcelId": "9900/9005/01",
        "buildingId": null,
        "type": "Strasse_Weg",
        "typeGroup": "befestigt",
        "area": 1002.79,
        "egid": null,
        "egrid": "CH385599917023",
        "surveyStatus": "AV93",
        "canton": "ZH",
        "municipalityNumber": 261,
        "provenance": {
          "dataStatus": "public-source",
          "buildingId": "9900/9005/AA",
          "notice": "Bodenbedeckung der amtlichen Vermessung (geodienste.ch WFS ms:LCSF), auf die AV-Parzelle zugeschnitten.",
          "geometryMethod": "AV land cover polygon (WFS, EPSG:4326) clipped to the AV parcel in a local azimuthal equidistant CRS; geodesic area",
          "sourceUrl": "https://geodienste.ch/db/av_0/deu?SERVICE=WFS&VERSION=2.0.0&REQUEST=GetFeature&TYPENAMES=ms%3ALCSF&SRSNAME=urn%3Aogc%3Adef%3Acrs%3AEPSG%3A%3A4326&BBOX=47.378657%2C8.538467%2C47.379861%2C8.541281%2Curn%3Aogc%3Adef%3Acrs%3AEPSG%3A%3A4326&OUTPUTFORMAT=geojson&COUNT=1000",
          "retrievedAt": "2026-09-23",
          "licence": "AV land cover © the cantons, distributed via geodienste.ch; see the geodienste.ch and geo.admin.ch terms of use",
          "quality": "AV93",
          "canton": "ZH",
          "municipalityNumber": 261
        }
      },
      "geometry": {
        "type": "MultiPolygon",
        "coordinates": [
          [
            [
              [
                8.541018,
                47.37968100000001
              ],
              [
                8.541009454914393,
                47.3796924629304
              ],
              [
                8.541025904006963,
                47.37966208956723
              ],
              [
                8.541018,
                47.37968100000001
              ]
            ]
          ],
          [
            [
              [
                8.540330000000006,
                47.37964900000001
              ],
              [
                8.53987912881295,
                47.379770857347495
              ],
              [
                8.539854536854211,
                47.37976077278141
              ],
              [
                8.539839654860886,
                47.37975324180056
              ],
              [
                8.539825266907334,
                47.37974526534732
              ],
              [
                8.53981142632749,
                47.37973686090367
              ],
              [
                8.539798146733634,
                47.379728046330314
              ],
              [
                8.539785455164258,
                47.379718848355054
              ],
              [
                8.53977251584151,
                47.37970855533457
              ],
              [
                8.539760323058589,
                47.379697859411166
              ],
              [
                8.539748890241654,
                47.379686769452334
              ],
              [
                8.539738258041073,
                47.37967533004642
              ],
              [
                8.539718669479495,
                47.37965408136687
              ],
              [
                8.539717183294302,
                47.37965265631199
              ],
              [
                8.53971514862508,
                47.37965160528505
              ],
              [
                8.53971263334661,
                47.37965100859527
              ],
              [
                8.539709970515647,
                47.37965096201458
              ],
              [
                8.539707425499893,
                47.37965148999905
              ],
              [
                8.53941478961159,
                47.379736647198385
              ],
              [
                8.539412504889295,
                47.379737595466906
              ],
              [
                8.539410758890261,
                47.37973897936317
              ],
              [
                8.53940970752906,
                47.37974065347962
              ],
              [
                8.5394094481857,
                47.379742203112556
              ],
              [
                8.539409810962141,
                47.37974373782235
              ],
              [
                8.539410754093595,
                47.379745159060576
              ],
              [
                8.539426470218839,
                47.379763584240756
              ],
              [
                8.539442632818703,
                47.37978182526178
              ],
              [
                8.539460217132907,
                47.37980093425524
              ],
              [
                8.539478300328653,
                47.379819831604145
              ],
              [
                8.539491487219678,
                47.37983313566509
              ],
              [
                8.539505277610594,
                47.37984616411967
              ],
              [
                8.539512325696062,
                47.379852441898706
              ],
              [
                8.539510999999997,
                47.37985200000001
              ],
              [
                8.539506999999999,
                47.379851000000016
              ],
              [
                8.539503999999999,
                47.37984900000001
              ],
              [
                8.539499999999997,
                47.379848
              ],
              [
                8.539496999999995,
                47.379847
              ],
              [
                8.539493999999992,
                47.37984599999999
              ],
              [
                8.539491000000005,
                47.37984399999999
              ],
              [
                8.539487000000005,
                47.379843
              ],
              [
                8.539484000000005,
                47.379841
              ],
              [
                8.539480999999999,
                47.379839999999994
              ],
              [
                8.539477999999999,
                47.37983799999999
              ],
              [
                8.539475000000012,
                47.37983599999999
              ],
              [
                8.539472000000005,
                47.37983499999999
              ],
              [
                8.539469000000013,
                47.37983299999999
              ],
              [
                8.539467000000002,
                47.379830999999996
              ],
              [
                8.539463999999992,
                47.37982900000001
              ],
              [
                8.53946099999999,
                47.379827
              ],
              [
                8.539459000000006,
                47.379825
              ],
              [
                8.539456000000008,
                47.379824000000006
              ],
              [
                8.539453999999994,
                47.379821
              ],
              [
                8.539450999999994,
                47.379819000000005
              ],
              [
                8.539449000000008,
                47.379816999999996
              ],
              [
                8.539447000000013,
                47.37981500000001
              ],
              [
                8.539443999999998,
                47.37981299999999
              ],
              [
                8.539442000000003,
                47.379811
              ],
              [
                8.539439999999995,
                47.379809000000016
              ],
              [
                8.539439000000007,
                47.379806
              ],
              [
                8.539437000000008,
                47.37980400000002
              ],
              [
                8.539434999999985,
                47.379802000000005
              ],
              [
                8.539433,
                47.379799
              ],
              [
                8.539432000000005,
                47.379796999999996
              ],
              [
                8.539430000000017,
                47.379795
              ],
              [
                8.539343000000002,
                47.379646
              ],
              [
                8.539107739379686,
                47.37970972592254
              ],
              [
                8.539107529234629,
                47.37970941393788
              ],
              [
                8.5391054140005,
                47.37970638474009
              ],
              [
                8.53942157722861,
                47.3796196548729
              ],
              [
                8.539519884324156,
                47.37959289307121
              ],
              [
                8.539517974974801,
                47.379589574074664
              ],
              [
                8.539749118509105,
                47.37952667200433
              ],
              [
                8.53975360626916,
                47.37953428408174
              ],
              [
                8.539770713320625,
                47.37952965044265
              ],
              [
                8.539846723170815,
                47.37960052711596
              ],
              [
                8.539882358190242,
                47.379633748239144
              ],
              [
                8.539958071098972,
                47.3797043398263
              ],
              [
                8.540326892938767,
                47.379604413309124
              ],
              [
                8.540830539250893,
                47.379760531952556
              ],
              [
                8.540991793279122,
                47.37970828777357
              ],
              [
                8.540999523471442,
                47.379705785603136
              ],
              [
                8.540976999999991,
                47.379736
              ],
              [
                8.540883999999997,
                47.379782
              ],
              [
                8.540824999999996,
                47.379794
              ],
              [
                8.540794000000002,
                47.379791999999995
              ],
              [
                8.540330000000006,
                47.37964900000001
              ]
            ]
          ]
        ]
      }
    },
    {
      "type": "Feature",
      "properties": {
        "landCoverId": 89,
        "parcelId": "9900/9005/01",
        "buildingId": null,
        "type": "Strasse_Weg",
        "typeGroup": "befestigt",
        "area": 473.66,
        "egid": null,
        "egrid": "CH385599917023",
        "surveyStatus": "AV93",
        "canton": "ZH",
        "municipalityNumber": 261,
        "provenance": {
          "dataStatus": "public-source",
          "buildingId": "9900/9005/AA",
          "notice": "Bodenbedeckung der amtlichen Vermessung (geodienste.ch WFS ms:LCSF), auf die AV-Parzelle zugeschnitten.",
          "geometryMethod": "AV land cover polygon (WFS, EPSG:4326) clipped to the AV parcel in a local azimuthal equidistant CRS; geodesic area",
          "sourceUrl": "https://geodienste.ch/db/av_0/deu?SERVICE=WFS&VERSION=2.0.0&REQUEST=GetFeature&TYPENAMES=ms%3ALCSF&SRSNAME=urn%3Aogc%3Adef%3Acrs%3AEPSG%3A%3A4326&BBOX=47.378657%2C8.538467%2C47.379861%2C8.541281%2Curn%3Aogc%3Adef%3Acrs%3AEPSG%3A%3A4326&OUTPUTFORMAT=geojson&COUNT=1000",
          "retrievedAt": "2026-09-23",
          "licence": "AV land cover © the cantons, distributed via geodienste.ch; see the geodienste.ch and geo.admin.ch terms of use",
          "quality": "AV93",
          "canton": "ZH",
          "municipalityNumber": 261
        }
      },
      "geometry": {
        "type": "Polygon",
        "coordinates": [
          [
            [
              8.538997999999996,
              47.379063
            ],
            [
              8.53900910862154,
              47.379059297126226
            ],
            [
              8.539036420366159,
              47.37905229568824
            ],
            [
              8.539605193117325,
              47.37889780012466
            ],
            [
              8.540085076604695,
              47.378767671554364
            ],
            [
              8.54027791496151,
              47.378715514173216
            ],
            [
              8.540286999999998,
              47.378713999999995
            ],
            [
              8.540298000000002,
              47.37871100000001
            ],
            [
              8.54031,
              47.378709
            ],
            [
              8.540322,
              47.378706
            ],
            [
              8.540334,
              47.378704
            ],
            [
              8.540346,
              47.378701
            ],
            [
              8.540357999999998,
              47.37869899999999
            ],
            [
              8.540369999999998,
              47.378696
            ],
            [
              8.540381999999997,
              47.37869399999999
            ],
            [
              8.540394,
              47.378692
            ],
            [
              8.540406,
              47.378690000000006
            ],
            [
              8.540418,
              47.378688
            ],
            [
              8.54043,
              47.378686
            ],
            [
              8.540442,
              47.378684
            ],
            [
              8.540454,
              47.378682000000005
            ],
            [
              8.540466,
              47.37868
            ],
            [
              8.540478,
              47.378679
            ],
            [
              8.54049,
              47.378676999999996
            ],
            [
              8.540503,
              47.37867599999999
            ],
            [
              8.540515,
              47.37867399999999
            ],
            [
              8.540527,
              47.378673000000006
            ],
            [
              8.540539,
              47.378671
            ],
            [
              8.540552,
              47.37867000000001
            ],
            [
              8.540564,
              47.378669
            ],
            [
              8.540576,
              47.37866699999999
            ],
            [
              8.540588,
              47.37866600000002
            ],
            [
              8.540601,
              47.378665
            ],
            [
              8.540613,
              47.378664
            ],
            [
              8.540624999999999,
              47.378663
            ],
            [
              8.540638000000001,
              47.378662
            ],
            [
              8.540650000000001,
              47.37866199999999
            ],
            [
              8.540663,
              47.378661
            ],
            [
              8.540674999999998,
              47.37866000000002
            ],
            [
              8.540686999999998,
              47.37866
            ],
            [
              8.540700000000001,
              47.37865900000001
            ],
            [
              8.540712,
              47.37865900000001
            ],
            [
              8.540724000000003,
              47.378658
            ],
            [
              8.540737000000002,
              47.378657999999994
            ],
            [
              8.540749000000002,
              47.378658
            ],
            [
              8.540762,
              47.378657
            ],
            [
              8.540774,
              47.378657000000004
            ],
            [
              8.540786999999998,
              47.378657000000004
            ],
            [
              8.540799,
              47.378657
            ],
            [
              8.540811000000001,
              47.378657
            ],
            [
              8.540876334637188,
              47.37865738210402
            ],
            [
              8.54087672465293,
              47.3786575402131
            ],
            [
              8.540884252578413,
              47.37866103045646
            ],
            [
              8.540891663085757,
              47.3786633254672
            ],
            [
              8.540899406495097,
              47.378665068597975
            ],
            [
              8.540905438038351,
              47.37866600051051
            ],
            [
              8.54091155519582,
              47.37866658979077
            ],
            [
              8.540917731672847,
              47.378666845684876
            ],
            [
              8.540929133069906,
              47.37866617019936
            ],
            [
              8.540940444980915,
              47.378665009829504
            ],
            [
              8.540951628056764,
              47.37866338294105
            ],
            [
              8.540963723442422,
              47.37866104572567
            ],
            [
              8.540975569155648,
              47.37865816218843
            ],
            [
              8.540976228936307,
              47.37865796625524
            ],
            [
              8.540982000000001,
              47.378658
            ],
            [
              8.540988000000002,
              47.378659000000006
            ],
            [
              8.540993999999998,
              47.378659000000006
            ],
            [
              8.541000000000002,
              47.378659
            ],
            [
              8.541004999999997,
              47.378659000000006
            ],
            [
              8.541011000000003,
              47.378659000000006
            ],
            [
              8.541017,
              47.37866000000001
            ],
            [
              8.541022999999997,
              47.37866000000001
            ],
            [
              8.541028,
              47.378661
            ],
            [
              8.541033999999998,
              47.378661
            ],
            [
              8.541039999999999,
              47.378662
            ],
            [
              8.541045999999998,
              47.378662000000006
            ],
            [
              8.541050999999996,
              47.378663
            ],
            [
              8.541057000000006,
              47.37866399999999
            ],
            [
              8.541062999999998,
              47.378665
            ],
            [
              8.541068,
              47.37866600000001
            ],
            [
              8.541073999999995,
              47.37866600000002
            ],
            [
              8.541079999999997,
              47.37866700000001
            ],
            [
              8.541084999999997,
              47.37866900000001
            ],
            [
              8.541091000000003,
              47.37867
            ],
            [
              8.541095999999998,
              47.378671
            ],
            [
              8.541102000000004,
              47.378672
            ],
            [
              8.541106999999998,
              47.37867300000001
            ],
            [
              8.541113000000001,
              47.378675
            ],
            [
              8.541118,
              47.378676000000006
            ],
            [
              8.541122999999995,
              47.37867800000001
            ],
            [
              8.541129,
              47.378679
            ],
            [
              8.541188000000004,
              47.378696
            ],
            [
              8.541216487267974,
              47.378723624041186
            ],
            [
              8.541115201788376,
              47.378716404422995
            ],
            [
              8.541115669078986,
              47.378713386594214
            ],
            [
              8.540829223680209,
              47.37869346124197
            ],
            [
              8.540817639223594,
              47.37876981450316
            ],
            [
              8.540812904067838,
              47.37876945490063
            ],
            [
              8.540813324366255,
              47.37876672536582
            ],
            [
              8.54076303477046,
              47.378763220326654
            ],
            [
              8.540762628825636,
              47.37876600369513
            ],
            [
              8.540758075687258,
              47.37876548044138
            ],
            [
              8.540769729219324,
              47.37868926145487
            ],
            [
              8.54063290574227,
              47.37868615914752
            ],
            [
              8.540627841822948,
              47.37868270834866
            ],
            [
              8.540622113435198,
              47.37867978560578
            ],
            [
              8.540615840671192,
              47.37867743474887
            ],
            [
              8.540609130754621,
              47.37867571772089
            ],
            [
              8.540602070602915,
              47.378674354843625
            ],
            [
              8.540594812924864,
              47.37867368647524
            ],
            [
              8.540587477440496,
              47.37867373845911
            ],
            [
              8.540580222846872,
              47.37867450028626
            ],
            [
              8.540574222135982,
              47.37867569990868
            ],
            [
              8.540568483216749,
              47.378677391765805
            ],
            [
              8.540563084786942,
              47.37867953912648
            ],
            [
              8.54055811915653,
              47.37868212311987
            ],
            [
              8.54055342242181,
              47.378684902441
            ],
            [
              8.54054824029756,
              47.37868726362073
            ],
            [
              8.540542664536115,
              47.37868916080826
            ],
            [
              8.540536773835523,
              47.37869055727231
            ],
            [
              8.54053083244371,
              47.378691423506744
            ],
            [
              8.540524788143472,
              47.37869179599038
            ],
            [
              8.540518706764502,
              47.37869165610488
            ],
            [
              8.540512707841362,
              47.37869102070036
            ],
            [
              8.540507196802793,
              47.37868964304116
            ],
            [
              8.540501446656398,
              47.37868887033615
            ],
            [
              8.540495589990716,
              47.378688710315785
            ],
            [
              8.540489759394271,
              47.37868917071047
            ],
            [
              8.54048411375021,
              47.37869025000483
            ],
            [
              8.54037672404242,
              47.37870931849111
            ],
            [
              8.540095386214137,
              47.378785293660606
            ],
            [
              8.539613670917861,
              47.37891586250113
            ],
            [
              8.53904924764042,
              47.37906936318881
            ],
            [
              8.538993663714322,
              47.37908524733342
            ],
            [
              8.53899102465215,
              47.37908250197182
            ],
            [
              8.538988976765504,
              47.3790795261009
            ],
            [
              8.538987587555926,
              47.379076382043614
            ],
            [
              8.538986791621603,
              47.379072467749495
            ],
            [
              8.538987001399063,
              47.37906851689042
            ],
            [
              8.538987737529133,
              47.37906615768351
            ],
            [
              8.538997999999996,
              47.379063
            ]
          ]
        ]
      }
    },
    {
      "type": "Feature",
      "properties": {
        "landCoverId": 90,
        "parcelId": "9900/9005/01",
        "buildingId": null,
        "type": "Strasse_Weg",
        "typeGroup": "befestigt",
        "area": 255.57,
        "egid": null,
        "egrid": "CH385599917023",
        "surveyStatus": "AV93",
        "canton": "ZH",
        "municipalityNumber": 261,
        "provenance": {
          "dataStatus": "public-source",
          "buildingId": "9900/9005/AA",
          "notice": "Bodenbedeckung der amtlichen Vermessung (geodienste.ch WFS ms:LCSF), auf die AV-Parzelle zugeschnitten.",
          "geometryMethod": "AV land cover polygon (WFS, EPSG:4326) clipped to the AV parcel in a local azimuthal equidistant CRS; geodesic area",
          "sourceUrl": "https://geodienste.ch/db/av_0/deu?SERVICE=WFS&VERSION=2.0.0&REQUEST=GetFeature&TYPENAMES=ms%3ALCSF&SRSNAME=urn%3Aogc%3Adef%3Acrs%3AEPSG%3A%3A4326&BBOX=47.378657%2C8.538467%2C47.379861%2C8.541281%2Curn%3Aogc%3Adef%3Acrs%3AEPSG%3A%3A4326&OUTPUTFORMAT=geojson&COUNT=1000",
          "retrievedAt": "2026-09-23",
          "licence": "AV land cover © the cantons, distributed via geodienste.ch; see the geodienste.ch and geo.admin.ch terms of use",
          "quality": "AV93",
          "canton": "ZH",
          "municipalityNumber": 261
        }
      },
      "geometry": {
        "type": "Polygon",
        "coordinates": [
          [
            [
              8.538984999999993,
              47.379067
            ],
            [
              8.538987737529133,
              47.37906615768351
            ],
            [
              8.538987001399063,
              47.37906851689042
            ],
            [
              8.538986791621603,
              47.379072467749495
            ],
            [
              8.538987587555926,
              47.379076382043614
            ],
            [
              8.538988976765504,
              47.3790795261009
            ],
            [
              8.53899102465215,
              47.37908250197182
            ],
            [
              8.538993663714322,
              47.37908524733342
            ],
            [
              8.539000497804057,
              47.37909554462373
            ],
            [
              8.539063310055397,
              47.37919948767222
            ],
            [
              8.539069087314434,
              47.37919772356491
            ],
            [
              8.539102775078172,
              47.37927521050488
            ],
            [
              8.539105445758475,
              47.37928333464872
            ],
            [
              8.53910720507813,
              47.37929157541571
            ],
            [
              8.53910801238689,
              47.37929988821758
            ],
            [
              8.53910787962492,
              47.37930820997467
            ],
            [
              8.539106806048979,
              47.379316504713586
            ],
            [
              8.539104790544494,
              47.379324718474116
            ],
            [
              8.539101858663411,
              47.379332806037254
            ],
            [
              8.539098022531636,
              47.37934071331651
            ],
            [
              8.53909329446079,
              47.37934839521899
            ],
            [
              8.539087713243417,
              47.37935580639935
            ],
            [
              8.539081304617397,
              47.37936291063182
            ],
            [
              8.539074120430184,
              47.37936965345161
            ],
            [
              8.539066186419765,
              47.379375998632874
            ],
            [
              8.539057554990816,
              47.37938191869092
            ],
            [
              8.539047805976747,
              47.37938758853526
            ],
            [
              8.539037423146693,
              47.37939270671838
            ],
            [
              8.53902645871991,
              47.37939723676212
            ],
            [
              8.539014991582329,
              47.37940115092961
            ],
            [
              8.539003100805655,
              47.37940443047721
            ],
            [
              8.538990852035505,
              47.37940704779417
            ],
            [
              8.538978350824634,
              47.37940898388465
            ],
            [
              8.538965649949688,
              47.37941022925083
            ],
            [
              8.53895284190867,
              47.379410774016506
            ],
            [
              8.538940006144916,
              47.37941061742497
            ],
            [
              8.538927235342115,
              47.3794097585934
            ],
            [
              8.53891460894358,
              47.37940819676518
            ],
            [
              8.53890220694952,
              47.37940595816385
            ],
            [
              8.538926067393747,
              47.37935446768049
            ],
            [
              8.538934864505192,
              47.379355931053105
            ],
            [
              8.538943832686977,
              47.37935670017096
            ],
            [
              8.53895289231044,
              47.37935676679726
            ],
            [
              8.53896188467547,
              47.37935614143876
            ],
            [
              8.538970730153387,
              47.37935481585877
            ],
            [
              8.538979283655937,
              47.379352818424714
            ],
            [
              8.538987452871018,
              47.37935016800609
            ],
            [
              8.53899511956278,
              47.37934691070496
            ],
            [
              8.539002191604975,
              47.379343074384245
            ],
            [
              8.539008577428449,
              47.37933871388698
            ],
            [
              8.539013977887693,
              47.37933409292156
            ],
            [
              8.539018589175669,
              47.37932909268258
            ],
            [
              8.539022386111384,
              47.37932377637584
            ],
            [
              8.53902529073785,
              47.379318216705066
            ],
            [
              8.53902727768849,
              47.379312467882706
            ],
            [
              8.539028335394296,
              47.3793066109752
            ],
            [
              8.539028438674475,
              47.37930070918821
            ],
            [
              8.539027575774366,
              47.37929483459483
            ],
            [
              8.539025787900998,
              47.37928905876348
            ],
            [
              8.539019615088884,
              47.37927423062726
            ],
            [
              8.538982434533523,
              47.379199466476315
            ],
            [
              8.538943259796005,
              47.37913522761529
            ],
            [
              8.538945145188636,
              47.37913482286688
            ],
            [
              8.538928113119644,
              47.37910716316419
            ],
            [
              8.538924218938913,
              47.37910327837933
            ],
            [
              8.538919708773202,
              47.3790997052957
            ],
            [
              8.538914287806506,
              47.379096275813694
            ],
            [
              8.538909819276679,
              47.37909406024128
            ],
            [
              8.538913000000004,
              47.379093
            ],
            [
              8.538924999999985,
              47.379088
            ],
            [
              8.538936999999999,
              47.379084000000006
            ],
            [
              8.538948999999985,
              47.37908
            ],
            [
              8.538960999999992,
              47.379074999999986
            ],
            [
              8.538972999999991,
              47.379070999999996
            ],
            [
              8.538984999999993,
              47.379067
            ]
          ]
        ]
      }
    },
    {
      "type": "Feature",
      "properties": {
        "landCoverId": 91,
        "parcelId": "9900/9005/01",
        "buildingId": null,
        "type": "Trottoir",
        "typeGroup": "befestigt",
        "area": 249.4,
        "egid": null,
        "egrid": "CH385599917023",
        "surveyStatus": "AV93",
        "canton": "ZH",
        "municipalityNumber": 261,
        "provenance": {
          "dataStatus": "public-source",
          "buildingId": "9900/9005/AA",
          "notice": "Bodenbedeckung der amtlichen Vermessung (geodienste.ch WFS ms:LCSF), auf die AV-Parzelle zugeschnitten.",
          "geometryMethod": "AV land cover polygon (WFS, EPSG:4326) clipped to the AV parcel in a local azimuthal equidistant CRS; geodesic area",
          "sourceUrl": "https://geodienste.ch/db/av_0/deu?SERVICE=WFS&VERSION=2.0.0&REQUEST=GetFeature&TYPENAMES=ms%3ALCSF&SRSNAME=urn%3Aogc%3Adef%3Acrs%3AEPSG%3A%3A4326&BBOX=47.378657%2C8.538467%2C47.379861%2C8.541281%2Curn%3Aogc%3Adef%3Acrs%3AEPSG%3A%3A4326&OUTPUTFORMAT=geojson&COUNT=1000",
          "retrievedAt": "2026-09-23",
          "licence": "AV land cover © the cantons, distributed via geodienste.ch; see the geodienste.ch and geo.admin.ch terms of use",
          "quality": "AV93",
          "canton": "ZH",
          "municipalityNumber": 261
        }
      },
      "geometry": {
        "type": "Polygon",
        "coordinates": [
          [
            [
              8.53890099999999,
              47.379097
            ],
            [
              8.538909819276679,
              47.37909406024128
            ],
            [
              8.538914287806506,
              47.379096275813694
            ],
            [
              8.538919708773202,
              47.3790997052957
            ],
            [
              8.538924218938913,
              47.37910327837933
            ],
            [
              8.538928113119644,
              47.37910716316419
            ],
            [
              8.538945145188636,
              47.37913482286688
            ],
            [
              8.538943259796005,
              47.37913522761529
            ],
            [
              8.538940810822043,
              47.37913591658057
            ],
            [
              8.538883971799919,
              47.379151308898436
            ],
            [
              8.538713688779977,
              47.37919728556023
            ],
            [
              8.53872688004571,
              47.379219800675685
            ],
            [
              8.538893215883386,
              47.37917506693667
            ],
            [
              8.53891280994308,
              47.37920815328924
            ],
            [
              8.538822054242353,
              47.37923246795049
            ],
            [
              8.538746483731895,
              47.37925271605615
            ],
            [
              8.538748131614415,
              47.37925556081352
            ],
            [
              8.538751776638598,
              47.37925956491346
            ],
            [
              8.538742177088404,
              47.37926221094633
            ],
            [
              8.538677777033632,
              47.379279573135314
            ],
            [
              8.53866741194421,
              47.379282343388326
            ],
            [
              8.538668114492468,
              47.37928365898193
            ],
            [
              8.538623571948538,
              47.37927309107907
            ],
            [
              8.538480015579974,
              47.379311364956756
            ],
            [
              8.538466999999986,
              47.379288999999986
            ],
            [
              8.538715,
              47.37917499999998
            ],
            [
              8.53872600000001,
              47.37917000000001
            ],
            [
              8.538737000000017,
              47.37916500000001
            ],
            [
              8.53874899999998,
              47.379158999999994
            ],
            [
              8.538760000000003,
              47.37915399999999
            ],
            [
              8.538771999999996,
              47.37914899999999
            ],
            [
              8.538782999999997,
              47.379144
            ],
            [
              8.538795000000007,
              47.37913900000001
            ],
            [
              8.538805999999987,
              47.379134
            ],
            [
              8.53881800000001,
              47.37913
            ],
            [
              8.538830000000003,
              47.379125
            ],
            [
              8.538840999999993,
              47.37912
            ],
            [
              8.538852999999994,
              47.379115
            ],
            [
              8.538864999999998,
              47.379111
            ],
            [
              8.538876999999992,
              47.37910599999999
            ],
            [
              8.538888999999994,
              47.379102
            ],
            [
              8.53890099999999,
              47.379097
            ]
          ]
        ]
      }
    },
    {
      "type": "Feature",
      "properties": {
        "landCoverId": 92,
        "parcelId": "9900/9005/01",
        "buildingId": null,
        "type": "uebrige_befestigte",
        "typeGroup": "befestigt",
        "area": 3843.38,
        "egid": null,
        "egrid": "CH385599917023",
        "surveyStatus": "AV93",
        "canton": "ZH",
        "municipalityNumber": 261,
        "provenance": {
          "dataStatus": "public-source",
          "buildingId": "9900/9005/AA",
          "notice": "Bodenbedeckung der amtlichen Vermessung (geodienste.ch WFS ms:LCSF), auf die AV-Parzelle zugeschnitten.",
          "geometryMethod": "AV land cover polygon (WFS, EPSG:4326) clipped to the AV parcel in a local azimuthal equidistant CRS; geodesic area",
          "sourceUrl": "https://geodienste.ch/db/av_0/deu?SERVICE=WFS&VERSION=2.0.0&REQUEST=GetFeature&TYPENAMES=ms%3ALCSF&SRSNAME=urn%3Aogc%3Adef%3Acrs%3AEPSG%3A%3A4326&BBOX=47.378657%2C8.538467%2C47.379861%2C8.541281%2Curn%3Aogc%3Adef%3Acrs%3AEPSG%3A%3A4326&OUTPUTFORMAT=geojson&COUNT=1000",
          "retrievedAt": "2026-09-23",
          "licence": "AV land cover © the cantons, distributed via geodienste.ch; see the geodienste.ch and geo.admin.ch terms of use",
          "quality": "AV93",
          "canton": "ZH",
          "municipalityNumber": 261
        }
      },
      "geometry": {
        "type": "Polygon",
        "coordinates": [
          [
            [
              8.539418387369807,
              47.37927862603281
            ],
            [
              8.539359391946231,
              47.37917806495307
            ],
            [
              8.539507953512969,
              47.3791377453803
            ],
            [
              8.539510229066968,
              47.37914148365853
            ],
            [
              8.5395178543871,
              47.37913943206329
            ],
            [
              8.539525322805286,
              47.379152223923974
            ],
            [
              8.539521030399548,
              47.379153425201224
            ],
            [
              8.539522831581095,
              47.37915663728732
            ],
            [
              8.539543671087175,
              47.379162807240064
            ],
            [
              8.539564870722208,
              47.37915692028547
            ],
            [
              8.539573846221879,
              47.379142658425415
            ],
            [
              8.53956635168414,
              47.37912988480688
            ],
            [
              8.539707513855625,
              47.379091668390274
            ],
            [
              8.539715353180426,
              47.379105104353194
            ],
            [
              8.53970970442603,
              47.37911436920547
            ],
            [
              8.53971697298033,
              47.37912709999334
            ],
            [
              8.539735554838323,
              47.37912206551005
            ],
            [
              8.539741932367692,
              47.37911282069548
            ],
            [
              8.539752637158946,
              47.37910983122396
            ],
            [
              8.539752168777119,
              47.3791089541659
            ],
            [
              8.539959446813793,
              47.37905249475542
            ],
            [
              8.539959875291583,
              47.379053363198004
            ],
            [
              8.53997075441356,
              47.37905047998552
            ],
            [
              8.539984466472227,
              47.3790545949592
            ],
            [
              8.540002954853664,
              47.379049525342936
            ],
            [
              8.539995449030037,
              47.37903685080511
            ],
            [
              8.539981541157237,
              47.37903287262652
            ],
            [
              8.53997407362112,
              47.379019487107044
            ],
            [
              8.54011544761058,
              47.37898129515073
            ],
            [
              8.540122946533991,
              47.378994275581405
            ],
            [
              8.540143955010919,
              47.37900029089778
            ],
            [
              8.540164905178605,
              47.378994514151756
            ],
            [
              8.540173975960798,
              47.37898038626091
            ],
            [
              8.540164512424413,
              47.37896461808633
            ],
            [
              8.540167446806587,
              47.37896370858316
            ],
            [
              8.540165304175149,
              47.378959996035256
            ],
            [
              8.540263465894421,
              47.37893332491733
            ],
            [
              8.540319866631739,
              47.37902937675568
            ],
            [
              8.540333877973922,
              47.37902554613441
            ],
            [
              8.540334712694946,
              47.37902812877113
            ],
            [
              8.54033606193126,
              47.37903061654973
            ],
            [
              8.540337911141242,
              47.37903294664286
            ],
            [
              8.540340232914708,
              47.37903507433638
            ],
            [
              8.540342960120327,
              47.379036955294794
            ],
            [
              8.540346065719682,
              47.379038562790484
            ],
            [
              8.540349762488125,
              47.37903993976996
            ],
            [
              8.540353729124668,
              47.37904091838983
            ],
            [
              8.540357859334495,
              47.37904148167361
            ],
            [
              8.540362072931668,
              47.37904159440546
            ],
            [
              8.540366251310514,
              47.37904128470199
            ],
            [
              8.540370328083185,
              47.379040544201175
            ],
            [
              8.540377570686458,
              47.37903855916454
            ],
            [
              8.540383446153918,
              47.379048595664315
            ],
            [
              8.540408442373538,
              47.37909120106861
            ],
            [
              8.540425171194803,
              47.37911952909211
            ],
            [
              8.540432150858237,
              47.37911763651128
            ],
            [
              8.540462195312731,
              47.37916869415262
            ],
            [
              8.540482851317803,
              47.37920377603305
            ],
            [
              8.540485541632489,
              47.37920835587881
            ],
            [
              8.54035500951372,
              47.37924380031644
            ],
            [
              8.540348792051333,
              47.37923323636461
            ],
            [
              8.54018335128408,
              47.3792776578408
            ],
            [
              8.540246648223045,
              47.3793857064155
            ],
            [
              8.540254253344928,
              47.37939869481929
            ],
            [
              8.540420003089748,
              47.37935382953791
            ],
            [
              8.540413812640274,
              47.37934329231752
            ],
            [
              8.540682979992496,
              47.37927039191092
            ],
            [
              8.540686273101741,
              47.37927402151292
            ],
            [
              8.540690143397233,
              47.37927738474979
            ],
            [
              8.540694550041975,
              47.379280428040275
            ],
            [
              8.540699412849552,
              47.379283116168814
            ],
            [
              8.54070470478121,
              47.379285422407825
            ],
            [
              8.540711531301163,
              47.37928765104065
            ],
            [
              8.540718728404453,
              47.37928922848835
            ],
            [
              8.540726176555086,
              47.37929013790093
            ],
            [
              8.54073374279059,
              47.37929035356156
            ],
            [
              8.540740197982508,
              47.37928999513793
            ],
            [
              8.540746549890944,
              47.37928912497693
            ],
            [
              8.540752706390663,
              47.37928777094288
            ],
            [
              8.540758128343455,
              47.37928611808198
            ],
            [
              8.540763251009619,
              47.3792840812856
            ],
            [
              8.54076827057779,
              47.379281541745364
            ],
            [
              8.540772859012815,
              47.379278646512965
            ],
            [
              8.540776937244088,
              47.3792754143331
            ],
            [
              8.54078046685219,
              47.37927190853829
            ],
            [
              8.540783395247463,
              47.37926814762061
            ],
            [
              8.540922797067113,
              47.37929915503932
            ],
            [
              8.540743883465833,
              47.37954507083696
            ],
            [
              8.540204502027644,
              47.37944112251964
            ],
            [
              8.539985203468854,
              47.37954591083708
            ],
            [
              8.53988290288546,
              47.37949923890624
            ],
            [
              8.539889843082307,
              47.37949735573047
            ],
            [
              8.53988236221683,
              47.37948460898765
            ],
            [
              8.539818728570335,
              47.379376257597706
            ],
            [
              8.539683264051831,
              47.37941337640089
            ],
            [
              8.539687765404958,
              47.379421006341566
            ],
            [
              8.539527641580618,
              47.37946451265577
            ],
            [
              8.539468633618892,
              47.379364005723964
            ],
            [
              8.539504913220128,
              47.3793540801892
            ],
            [
              8.539514867243895,
              47.379360902583954
            ],
            [
              8.539525472661941,
              47.379353740342225
            ],
            [
              8.539515612621646,
              47.37934698001864
            ],
            [
              8.53953134741751,
              47.379322075478996
            ],
            [
              8.539545598402487,
              47.37932214655661
            ],
            [
              8.539545560237507,
              47.37931196443586
            ],
            [
              8.539531390741304,
              47.37931199152814
            ],
            [
              8.53951671471719,
              47.37928685507871
            ],
            [
              8.539526574146835,
              47.37928012271663
            ],
            [
              8.539515870127612,
              47.37927289369416
            ],
            [
              8.539505783381527,
              47.37927952028009
            ],
            [
              8.539469621678734,
              47.37926886384048
            ],
            [
              8.539469939481968,
              47.37925924502066
            ],
            [
              8.539455049630023,
              47.379259018109394
            ],
            [
              8.539454610802736,
              47.3792685481312
            ],
            [
              8.539418387369807,
              47.37927862603281
            ]
          ]
        ]
      }
    },
    {
      "type": "Feature",
      "properties": {
        "landCoverId": 93,
        "parcelId": "9900/9005/01",
        "buildingId": null,
        "type": "uebrige_befestigte",
        "typeGroup": "befestigt",
        "area": 1887.59,
        "egid": null,
        "egrid": "CH385599917023",
        "surveyStatus": "AV93",
        "canton": "ZH",
        "municipalityNumber": 261,
        "provenance": {
          "dataStatus": "public-source",
          "buildingId": "9900/9005/AA",
          "notice": "Bodenbedeckung der amtlichen Vermessung (geodienste.ch WFS ms:LCSF), auf die AV-Parzelle zugeschnitten.",
          "geometryMethod": "AV land cover polygon (WFS, EPSG:4326) clipped to the AV parcel in a local azimuthal equidistant CRS; geodesic area",
          "sourceUrl": "https://geodienste.ch/db/av_0/deu?SERVICE=WFS&VERSION=2.0.0&REQUEST=GetFeature&TYPENAMES=ms%3ALCSF&SRSNAME=urn%3Aogc%3Adef%3Acrs%3AEPSG%3A%3A4326&BBOX=47.378657%2C8.538467%2C47.379861%2C8.541281%2Curn%3Aogc%3Adef%3Acrs%3AEPSG%3A%3A4326&OUTPUTFORMAT=geojson&COUNT=1000",
          "retrievedAt": "2026-09-23",
          "licence": "AV land cover © the cantons, distributed via geodienste.ch; see the geodienste.ch and geo.admin.ch terms of use",
          "quality": "AV93",
          "canton": "ZH",
          "municipalityNumber": 261
        }
      },
      "geometry": {
        "type": "Polygon",
        "coordinates": [
          [
            [
              8.541251999999998,
              47.378769
            ],
            [
              8.541263568699254,
              47.37877745405187
            ],
            [
              8.541244462119375,
              47.378779602863375
            ],
            [
              8.541222333950854,
              47.378781559125066
            ],
            [
              8.54120011554819,
              47.37878299452611
            ],
            [
              8.541177846446898,
              47.378783899693964
            ],
            [
              8.541152282587742,
              47.37878429659475
            ],
            [
              8.541126717643882,
              47.37878400087509
            ],
            [
              8.541101178282934,
              47.37878302127561
            ],
            [
              8.541075730521353,
              47.37878134817123
            ],
            [
              8.541042343111311,
              47.3787786894042
            ],
            [
              8.541026957543394,
              47.37877817958333
            ],
            [
              8.541011559632295,
              47.37877835350821
            ],
            [
              8.540996202152611,
              47.37877920168001
            ],
            [
              8.540983950157207,
              47.378780371025854
            ],
            [
              8.540971813012066,
              47.37878197104075
            ],
            [
              8.540959803957199,
              47.37878400159841
            ],
            [
              8.540948715736436,
              47.378786374178084
            ],
            [
              8.540937835233343,
              47.3787891855361
            ],
            [
              8.540927215036914,
              47.37879241718039
            ],
            [
              8.540916894495846,
              47.37879605074527
            ],
            [
              8.540907215067962,
              47.37879994804577
            ],
            [
              8.540897874086168,
              47.37880420192128
            ],
            [
              8.540888884604655,
              47.37880880325231
            ],
            [
              8.540880299398601,
              47.378813742540075
            ],
            [
              8.540876384370492,
              47.3788171800552
            ],
            [
              8.540873324719428,
              47.37882099619924
            ],
            [
              8.540871197841481,
              47.378825091287325
            ],
            [
              8.54087014960125,
              47.37882883426848
            ],
            [
              8.540869884027318,
              47.378832641742875
            ],
            [
              8.540870399631945,
              47.37883644176368
            ],
            [
              8.540871694741353,
              47.37884015339057
            ],
            [
              8.540873944083723,
              47.3788439008883
            ],
            [
              8.540876916808088,
              47.378847407610365
            ],
            [
              8.540880558651326,
              47.378850611108554
            ],
            [
              8.540884815536256,
              47.37885345792802
            ],
            [
              8.540889606719013,
              47.3788558858732
            ],
            [
              8.54089334897563,
              47.378857541250376
            ],
            [
              8.540897375451708,
              47.37885885210046
            ],
            [
              8.540901619201588,
              47.378859783081694
            ],
            [
              8.540906159853092,
              47.378860342429526
            ],
            [
              8.540910757964395,
              47.378860478457646
            ],
            [
              8.540915347147783,
              47.378860182804516
            ],
            [
              8.540922030044449,
              47.37885867082069
            ],
            [
              8.54092849346955,
              47.37885679213029
            ],
            [
              8.54093524951742,
              47.37885433495889
            ],
            [
              8.540941652946225,
              47.37885147637094
            ],
            [
              8.540953161844742,
              47.378846392243425
            ],
            [
              8.540964996320946,
              47.37884168280346
            ],
            [
              8.54097914226989,
              47.378836681451205
            ],
            [
              8.54099365667933,
              47.37883220729386
            ],
            [
              8.541003049961535,
              47.378829841889086
            ],
            [
              8.541012733752495,
              47.37882807638501
            ],
            [
              8.541022629354682,
              47.37882694751322
            ],
            [
              8.541032617605648,
              47.37882645641074
            ],
            [
              8.541042645544483,
              47.37882660358298
            ],
            [
              8.541052952427297,
              47.378827431722364
            ],
            [
              8.541063088083826,
              47.3788289451248
            ],
            [
              8.541072959274226,
              47.37883111769484
            ],
            [
              8.541082459704244,
              47.37883393245667
            ],
            [
              8.541091522800542,
              47.378837372055486
            ],
            [
              8.541098133616952,
              47.378841338784255
            ],
            [
              8.541105395102317,
              47.37884475059992
            ],
            [
              8.541113173923186,
              47.37884756379926
            ],
            [
              8.541121403133637,
              47.378849743040504
            ],
            [
              8.541129936345815,
              47.3788512537401
            ],
            [
              8.541138362365404,
              47.37885206384185
            ],
            [
              8.541146880727029,
              47.3788522164171
            ],
            [
              8.541155359213239,
              47.37885172172282
            ],
            [
              8.541163704955446,
              47.378850571650254
            ],
            [
              8.541169860277597,
              47.37884916363359
            ],
            [
              8.541176056994766,
              47.37884783617775
            ],
            [
              8.541182849339837,
              47.3788464940416
            ],
            [
              8.541189670211692,
              47.37884525057926
            ],
            [
              8.541196554090996,
              47.37884449225224
            ],
            [
              8.541203543861684,
              47.378844371568476
            ],
            [
              8.54121048064022,
              47.3788448900444
            ],
            [
              8.541217245263983,
              47.37884604881737
            ],
            [
              8.541222984585351,
              47.37884757718135
            ],
            [
              8.541228428682345,
              47.37884955811935
            ],
            [
              8.541233484314674,
              47.3788519655361
            ],
            [
              8.541238071296274,
              47.37885476421639
            ],
            [
              8.541249790937425,
              47.378860508185966
            ],
            [
              8.54125856422396,
              47.37886366101426
            ],
            [
              8.541183999999998,
              47.379042
            ],
            [
              8.541179000000016,
              47.37905399999999
            ],
            [
              8.541173000000008,
              47.379067
            ],
            [
              8.541167999999997,
              47.379079000000004
            ],
            [
              8.541161999999996,
              47.37909200000001
            ],
            [
              8.541157000000004,
              47.379104000000005
            ],
            [
              8.541150999999996,
              47.379116
            ],
            [
              8.541145000000004,
              47.379129
            ],
            [
              8.541139000000001,
              47.379141
            ],
            [
              8.541133000000002,
              47.379152999999995
            ],
            [
              8.541127,
              47.37916500000001
            ],
            [
              8.541120999999992,
              47.379178
            ],
            [
              8.541115000000003,
              47.37919
            ],
            [
              8.541108000000008,
              47.37920200000001
            ],
            [
              8.541101999999995,
              47.379214999999995
            ],
            [
              8.541094999999999,
              47.37922700000001
            ],
            [
              8.541087999999993,
              47.37924
            ],
            [
              8.541080999999993,
              47.37925200000001
            ],
            [
              8.541074000000002,
              47.379264
            ],
            [
              8.541067,
              47.379277
            ],
            [
              8.541059999999995,
              47.379289
            ],
            [
              8.541052999999998,
              47.379301000000005
            ],
            [
              8.541046000000005,
              47.379314
            ],
            [
              8.541038000000004,
              47.379326
            ],
            [
              8.541124999999994,
              47.379425
            ],
            [
              8.541025904006963,
              47.37966208956723
            ],
            [
              8.541009454914393,
              47.3796924629304
            ],
            [
              8.540999523471442,
              47.379705785603136
            ],
            [
              8.540991793279122,
              47.37970828777357
            ],
            [
              8.540976254099501,
              47.37947178320193
            ],
            [
              8.54109098673744,
              47.379436947597895
            ],
            [
              8.54098253324097,
              47.3793124465231
            ],
            [
              8.54099068868921,
              47.37931425767749
            ],
            [
              8.541191383631721,
              47.37889862932611
            ],
            [
              8.540970291484431,
              47.37884926914143
            ],
            [
              8.540885088322693,
              47.37902545122049
            ],
            [
              8.540838339674506,
              47.37912210018715
            ],
            [
              8.540800193320935,
              47.37911346001714
            ],
            [
              8.540787892031968,
              47.37911096879366
            ],
            [
              8.540775389312685,
              47.379108983217876
            ],
            [
              8.540762737938312,
              47.37910749379116
            ],
            [
              8.5407499780016,
              47.379106518121226
            ],
            [
              8.540737162463705,
              47.37910605570277
            ],
            [
              8.540724317990994,
              47.37910611527644
            ],
            [
              8.54071197326857,
              47.37910664682296
            ],
            [
              8.54069969173541,
              47.379107672497426
            ],
            [
              8.540687512740417,
              47.37910917393427
            ],
            [
              8.540675488872866,
              47.37911113264162
            ],
            [
              8.540663646799205,
              47.37911355736017
            ],
            [
              8.540652026054344,
              47.37911643871772
            ],
            [
              8.540613939589864,
              47.3791267056781
            ],
            [
              8.540584490978047,
              47.37907629004007
            ],
            [
              8.540600952936638,
              47.37907185132648
            ],
            [
              8.540584316161603,
              47.37904349546384
            ],
            [
              8.540559505932432,
              47.37900092430231
            ],
            [
              8.54054293484556,
              47.3789725408215
            ],
            [
              8.540532728611216,
              47.37897530073337
            ],
            [
              8.540472741117348,
              47.37887295962851
            ],
            [
              8.540451082077862,
              47.37883611527018
            ],
            [
              8.540383559942926,
              47.378720973950266
            ],
            [
              8.54037672404242,
              47.37870931849111
            ],
            [
              8.54048411375021,
              47.37869025000483
            ],
            [
              8.540479376067866,
              47.378691689438924
            ],
            [
              8.540474991556893,
              47.37869355727056
            ],
            [
              8.540471025860878,
              47.378695825888165
            ],
            [
              8.540467557491846,
              47.37869844956737
            ],
            [
              8.54046465134976,
              47.378701364723256
            ],
            [
              8.540462375335956,
              47.37870721527662
            ],
            [
              8.54046104217074,
              47.37871319176402
            ],
            [
              8.540460637312671,
              47.37871923135826
            ],
            [
              8.540461185941203,
              47.37872527085328
            ],
            [
              8.540462686383346,
              47.37873122930882
            ],
            [
              8.540465111601076,
              47.37873707999736
            ],
            [
              8.540468459549524,
              47.37874272399195
            ],
            [
              8.540472675780382,
              47.37874808985073
            ],
            [
              8.54047770603119,
              47.37875311512533
            ],
            [
              8.540481723592237,
              47.37875655792077
            ],
            [
              8.540485282391552,
              47.37876022997011
            ],
            [
              8.540488341964501,
              47.378764095678854
            ],
            [
              8.540490832948747,
              47.37876800279135
            ],
            [
              8.540492823404946,
              47.37877204060981
            ],
            [
              8.540494299534906,
              47.37877618228037
            ],
            [
              8.540495648800466,
              47.37878123366925
            ],
            [
              8.540497499710398,
              47.37878620831221
            ],
            [
              8.540499563062722,
              47.37879056925989
            ],
            [
              8.540501995284648,
              47.378794836737875
            ],
            [
              8.540506917045901,
              47.378802300726335
            ],
            [
              8.540510930061375,
              47.378810007256035
            ],
            [
              8.540514033215155,
              47.37881790236684
            ],
            [
              8.54051603857864,
              47.37882522326523
            ],
            [
              8.540517264251546,
              47.37883262356174
            ],
            [
              8.540517696063585,
              47.3788400584158
            ],
            [
              8.540517579826528,
              47.37884404436728
            ],
            [
              8.54051760923296,
              47.378848028929596
            ],
            [
              8.540517870007342,
              47.378852955773674
            ],
            [
              8.540518368921624,
              47.378857871351144
            ],
            [
              8.54052048352719,
              47.378862789507586
            ],
            [
              8.540523573082854,
              47.37886746449109
            ],
            [
              8.54052756952786,
              47.37887180699941
            ],
            [
              8.54053212303587,
              47.37887555051541
            ],
            [
              8.54053735611661,
              47.37887885578272
            ],
            [
              8.54054316210372,
              47.37888168783832
            ],
            [
              8.540548772539122,
              47.378883388372465
            ],
            [
              8.540554638484538,
              47.378884636712584
            ],
            [
              8.540560666885673,
              47.378885415756024
            ],
            [
              8.540566407199321,
              47.378885711810085
            ],
            [
              8.540572165254472,
              47.37888558492355
            ],
            [
              8.540577874849339,
              47.37888503572785
            ],
            [
              8.540583456727767,
              47.37888407397412
            ],
            [
              8.540590863764066,
              47.37888235720912
            ],
            [
              8.540597886682681,
              47.37887999645842
            ],
            [
              8.540604380583614,
              47.37887702908482
            ],
            [
              8.540610253900129,
              47.37887350993263
            ],
            [
              8.540615076953474,
              47.37886979391089
            ],
            [
              8.540619190459166,
              47.378865706862165
            ],
            [
              8.540622542571707,
              47.378861303251725
            ],
            [
              8.540625068763166,
              47.37885666465142
            ],
            [
              8.5406267569091,
              47.37885184514782
            ],
            [
              8.54062809061705,
              47.37884589563884
            ],
            [
              8.540629689874823,
              47.378839979577165
            ],
            [
              8.540632053613045,
              47.378832608006675
            ],
            [
              8.540634829101972,
              47.378825295474165
            ],
            [
              8.540636746160825,
              47.3788219399929
            ],
            [
              8.540639143031825,
              47.37881873285168
            ],
            [
              8.540641993792141,
              47.378815701283116
            ],
            [
              8.540645428985282,
              47.378812754090575
            ],
            [
              8.54064929344654,
              47.37881007265674
            ],
            [
              8.540653547826905,
              47.37880767534727
            ],
            [
              8.540657533905064,
              47.3788044710354
            ],
            [
              8.54066086432736,
              47.37880094015833
            ],
            [
              8.540663460767757,
              47.37879713743409
            ],
            [
              8.540665298233408,
              47.378793135062146
            ],
            [
              8.540666325064953,
              47.37878899650145
            ],
            [
              8.54066651013305,
              47.3787844971705
            ],
            [
              8.540665742085364,
              47.37878001592722
            ],
            [
              8.540664049820158,
              47.3787756694325
            ],
            [
              8.540661434639361,
              47.37877152063989
            ],
            [
              8.540657991456676,
              47.37876767658545
            ],
            [
              8.540654493416227,
              47.37876438175719
            ],
            [
              8.540651060833875,
              47.37876105032387
            ],
            [
              8.540647897148855,
              47.37875791421814
            ],
            [
              8.540644799107815,
              47.37875475050071
            ],
            [
              8.540641427707458,
              47.37875117561493
            ],
            [
              8.540638831720367,
              47.37874731448291
            ],
            [
              8.540637065595199,
              47.37874323854633
            ],
            [
              8.540636265415959,
              47.378739765063976
            ],
            [
              8.540636086786687,
              47.37873624967184
            ],
            [
              8.540636517582671,
              47.37873274645633
            ],
            [
              8.54063754549326,
              47.37872930051055
            ],
            [
              8.540641507246967,
              47.37872107714806
            ],
            [
              8.540643156706643,
              47.378717589292364
            ],
            [
              8.540644274509221,
              47.37871400756199
            ],
            [
              8.540644848158326,
              47.37871036805672
            ],
            [
              8.54064483834277,
              47.378706050487466
            ],
            [
              8.540644060962759,
              47.37870175823072
            ],
            [
              8.540642530746373,
              47.37869756310702
            ],
            [
              8.540640049647447,
              47.37869349399098
            ],
            [
              8.540636818873677,
              47.37868967489498
            ],
            [
              8.54063290574227,
              47.37868615914752
            ],
            [
              8.540769729219324,
              47.37868926145487
            ],
            [
              8.540758075687258,
              47.37876548044138
            ],
            [
              8.540762628825636,
              47.37876600369513
            ],
            [
              8.54076303477046,
              47.378763220326654
            ],
            [
              8.540813324366255,
              47.37876672536582
            ],
            [
              8.540812904067838,
              47.37876945490063
            ],
            [
              8.540817639223594,
              47.37876981450316
            ],
            [
              8.540829223680209,
              47.37869346124197
            ],
            [
              8.541115669078986,
              47.378713386594214
            ],
            [
              8.541115201788376,
              47.378716404422995
            ],
            [
              8.541216487267974,
              47.378723624041186
            ],
            [
              8.541254000000002,
              47.37875999999999
            ],
            [
              8.541251999999998,
              47.378769
            ]
          ]
        ]
      }
    },
    {
      "type": "Feature",
      "properties": {
        "landCoverId": 94,
        "parcelId": "9900/9005/01",
        "buildingId": null,
        "type": "uebrige_befestigte",
        "typeGroup": "befestigt",
        "area": 1375.73,
        "egid": null,
        "egrid": "CH385599917023",
        "surveyStatus": "AV93",
        "canton": "ZH",
        "municipalityNumber": 261,
        "provenance": {
          "dataStatus": "public-source",
          "buildingId": "9900/9005/AA",
          "notice": "Bodenbedeckung der amtlichen Vermessung (geodienste.ch WFS ms:LCSF), auf die AV-Parzelle zugeschnitten.",
          "geometryMethod": "AV land cover polygon (WFS, EPSG:4326) clipped to the AV parcel in a local azimuthal equidistant CRS; geodesic area",
          "sourceUrl": "https://geodienste.ch/db/av_0/deu?SERVICE=WFS&VERSION=2.0.0&REQUEST=GetFeature&TYPENAMES=ms%3ALCSF&SRSNAME=urn%3Aogc%3Adef%3Acrs%3AEPSG%3A%3A4326&BBOX=47.378657%2C8.538467%2C47.379861%2C8.541281%2Curn%3Aogc%3Adef%3Acrs%3AEPSG%3A%3A4326&OUTPUTFORMAT=geojson&COUNT=1000",
          "retrievedAt": "2026-09-23",
          "licence": "AV land cover © the cantons, distributed via geodienste.ch; see the geodienste.ch and geo.admin.ch terms of use",
          "quality": "AV93",
          "canton": "ZH",
          "municipalityNumber": 261
        }
      },
      "geometry": {
        "type": "Polygon",
        "coordinates": [
          [
            [
              8.538704825077652,
              47.37932733155282
            ],
            [
              8.538676468590324,
              47.37928804101358
            ],
            [
              8.538681881265255,
              47.37928657723686
            ],
            [
              8.538677777033632,
              47.379279573135314
            ],
            [
              8.538742177088404,
              47.37926221094633
            ],
            [
              8.53874626493095,
              47.37926906228457
            ],
            [
              8.538756590292385,
              47.37926629240277
            ],
            [
              8.538757525350537,
              47.37926604062968
            ],
            [
              8.538804951395308,
              47.37932391337534
            ],
            [
              8.538832951499483,
              47.37936453855646
            ],
            [
              8.538837293774241,
              47.379370883741174
            ],
            [
              8.53884249036744,
              47.3793769149551
            ],
            [
              8.538848526924909,
              47.37938257836403
            ],
            [
              8.538855323075808,
              47.379387829757604
            ],
            [
              8.53886282474442,
              47.379392615679926
            ],
            [
              8.538870269427045,
              47.37939656559783
            ],
            [
              8.53887819472497,
              47.37940006118147
            ],
            [
              8.538886546933597,
              47.37940306696175
            ],
            [
              8.538912671621064,
              47.37933808921165
            ],
            [
              8.53892086596013,
              47.379336014246604
            ],
            [
              8.538901779059477,
              47.37930119600153
            ],
            [
              8.538976106163638,
              47.37928229991196
            ],
            [
              8.539006592776122,
              47.37933751844928
            ],
            [
              8.539008577428449,
              47.37933871388698
            ],
            [
              8.539002191604975,
              47.379343074384245
            ],
            [
              8.53899511956278,
              47.37934691070496
            ],
            [
              8.538987452871018,
              47.37935016800609
            ],
            [
              8.538979283655937,
              47.379352818424714
            ],
            [
              8.538970730153387,
              47.37935481585877
            ],
            [
              8.53896188467547,
              47.37935614143876
            ],
            [
              8.53895289231044,
              47.37935676679726
            ],
            [
              8.538943832686977,
              47.37935670017096
            ],
            [
              8.538934864505192,
              47.379355931053105
            ],
            [
              8.538926067393747,
              47.37935446768049
            ],
            [
              8.53890220694952,
              47.37940595816385
            ],
            [
              8.53891460894358,
              47.37940819676518
            ],
            [
              8.538927235342115,
              47.3794097585934
            ],
            [
              8.538940006144916,
              47.37941061742497
            ],
            [
              8.53895284190867,
              47.379410774016506
            ],
            [
              8.538965649949688,
              47.37941022925083
            ],
            [
              8.538978350824634,
              47.37940898388465
            ],
            [
              8.538990852035505,
              47.37940704779417
            ],
            [
              8.539003100805655,
              47.37940443047721
            ],
            [
              8.539014991582329,
              47.37940115092961
            ],
            [
              8.53902645871991,
              47.37939723676212
            ],
            [
              8.539037423146693,
              47.37939270671838
            ],
            [
              8.539047805976747,
              47.37938758853526
            ],
            [
              8.539057554990816,
              47.37938191869092
            ],
            [
              8.539066186419765,
              47.379375998632874
            ],
            [
              8.539074120430184,
              47.37936965345161
            ],
            [
              8.539081304617397,
              47.37936291063182
            ],
            [
              8.539087713243417,
              47.37935580639935
            ],
            [
              8.53909329446079,
              47.37934839521899
            ],
            [
              8.539098022531636,
              47.37934071331651
            ],
            [
              8.539101858663411,
              47.379332806037254
            ],
            [
              8.539104790544494,
              47.379324718474116
            ],
            [
              8.539106806048979,
              47.379316504713586
            ],
            [
              8.53910787962492,
              47.37930820997467
            ],
            [
              8.53910801238689,
              47.37929988821758
            ],
            [
              8.53910720507813,
              47.37929157541571
            ],
            [
              8.539105445758475,
              47.37928333464872
            ],
            [
              8.539102775078172,
              47.37927521050488
            ],
            [
              8.539069087314434,
              47.37919772356491
            ],
            [
              8.539063310055397,
              47.37919948767222
            ],
            [
              8.539000497804057,
              47.37909554462373
            ],
            [
              8.53900339034876,
              47.37909773886786
            ],
            [
              8.539006895722265,
              47.3790994685231
            ],
            [
              8.539010893461281,
              47.3791006717708
            ],
            [
              8.539015170234185,
              47.3791012786821
            ],
            [
              8.539019540118359,
              47.37910126404256
            ],
            [
              8.539100070736922,
              47.37907945732219
            ],
            [
              8.539160956062384,
              47.379183067865824
            ],
            [
              8.53914719430509,
              47.37918680601441
            ],
            [
              8.539140986801616,
              47.37918889804897
            ],
            [
              8.539135227373054,
              47.37919152552223
            ],
            [
              8.539130034254491,
              47.3791946423323
            ],
            [
              8.53912548577416,
              47.37919819376237
            ],
            [
              8.539121660260312,
              47.37920212509554
            ],
            [
              8.539118635484254,
              47.379206354634825
            ],
            [
              8.539116449867489,
              47.379210819048396
            ],
            [
              8.539115141645887,
              47.379215446011095
            ],
            [
              8.539114748683902,
              47.37922014521093
            ],
            [
              8.539115256070133,
              47.3792248358338
            ],
            [
              8.539116675559653,
              47.37922944580678
            ],
            [
              8.539118965574453,
              47.37923388557454
            ],
            [
              8.539121989625231,
              47.37923795854453
            ],
            [
              8.539125736142928,
              47.379241745783084
            ],
            [
              8.539130176975513,
              47.37924516660211
            ],
            [
              8.539135218697288,
              47.37924818591106
            ],
            [
              8.539140780380109,
              47.379250732519765
            ],
            [
              8.539146782209919,
              47.379252789198326
            ],
            [
              8.539153117149061,
              47.37925430299554
            ],
            [
              8.539159678902553,
              47.37925525693375
            ],
            [
              8.539166374601507,
              47.37925564290254
            ],
            [
              8.539173071470117,
              47.37925544417654
            ],
            [
              8.539179690436995,
              47.37925467949928
            ],
            [
              8.539186112152427,
              47.37925334101269
            ],
            [
              8.539231138823068,
              47.37933031511071
            ],
            [
              8.53913263011776,
              47.379356916680116
            ],
            [
              8.539181828795947,
              47.37944096619613
            ],
            [
              8.539299860315356,
              47.379408709541494
            ],
            [
              8.539359594271346,
              47.37951039699491
            ],
            [
              8.539357684802184,
              47.37951091891599
            ],
            [
              8.53935864544059,
              47.37951254687581
            ],
            [
              8.539342223149417,
              47.37951699402651
            ],
            [
              8.539374741883458,
              47.37957183330014
            ],
            [
              8.539390913919528,
              47.37956745149542
            ],
            [
              8.53942157722861,
              47.3796196548729
            ],
            [
              8.5391054140005,
              47.37970638474009
            ],
            [
              8.539093641621875,
              47.37968589804593
            ],
            [
              8.539088186141239,
              47.3796775935426
            ],
            [
              8.539074814135063,
              47.37966301389176
            ],
            [
              8.53905202002253,
              47.379641076026914
            ],
            [
              8.539006364677268,
              47.379608058040134
            ],
            [
              8.538827612369335,
              47.379475418354154
            ],
            [
              8.538802562426595,
              47.37945453636386
            ],
            [
              8.538791038663168,
              47.37944351913885
            ],
            [
              8.538780039696594,
              47.37943226304162
            ],
            [
              8.53876956552667,
              47.379420768072336
            ],
            [
              8.538759643191066,
              47.37940906095901
            ],
            [
              8.538749292830635,
              47.37939586473
            ],
            [
              8.538739626152559,
              47.37938242811612
            ],
            [
              8.538730656768209,
              47.379368768978104
            ],
            [
              8.538704825077652,
              47.37932733155282
            ]
          ]
        ]
      }
    },
    {
      "type": "Feature",
      "properties": {
        "landCoverId": 95,
        "parcelId": "9900/9005/01",
        "buildingId": null,
        "type": "uebrige_humusierte",
        "typeGroup": "humusiert",
        "area": 11.62,
        "egid": null,
        "egrid": "CH385599917023",
        "surveyStatus": "AV93",
        "canton": "ZH",
        "municipalityNumber": 261,
        "provenance": {
          "dataStatus": "public-source",
          "buildingId": "9900/9005/AA",
          "notice": "Bodenbedeckung der amtlichen Vermessung (geodienste.ch WFS ms:LCSF), auf die AV-Parzelle zugeschnitten.",
          "geometryMethod": "AV land cover polygon (WFS, EPSG:4326) clipped to the AV parcel in a local azimuthal equidistant CRS; geodesic area",
          "sourceUrl": "https://geodienste.ch/db/av_0/deu?SERVICE=WFS&VERSION=2.0.0&REQUEST=GetFeature&TYPENAMES=ms%3ALCSF&SRSNAME=urn%3Aogc%3Adef%3Acrs%3AEPSG%3A%3A4326&BBOX=47.378657%2C8.538467%2C47.379861%2C8.541281%2Curn%3Aogc%3Adef%3Acrs%3AEPSG%3A%3A4326&OUTPUTFORMAT=geojson&COUNT=1000",
          "retrievedAt": "2026-09-23",
          "licence": "AV land cover © the cantons, distributed via geodienste.ch; see the geodienste.ch and geo.admin.ch terms of use",
          "quality": "AV93",
          "canton": "ZH",
          "municipalityNumber": 261
        }
      },
      "geometry": {
        "type": "Polygon",
        "coordinates": [
          [
            [
              8.540275000000001,
              47.378716
            ],
            [
              8.54027791496151,
              47.378715514173216
            ],
            [
              8.540085076604695,
              47.378767671554364
            ],
            [
              8.539605193117325,
              47.37889780012466
            ],
            [
              8.539036420366159,
              47.37905229568824
            ],
            [
              8.53900910862154,
              47.379059297126226
            ],
            [
              8.539010000000005,
              47.379059000000005
            ],
            [
              8.539021999999989,
              47.379055
            ],
            [
              8.540205,
              47.378734
            ],
            [
              8.540216999999998,
              47.37873100000001
            ],
            [
              8.540228,
              47.378728
            ],
            [
              8.540239999999999,
              47.378724999999996
            ],
            [
              8.540250999999998,
              47.378721999999996
            ],
            [
              8.540262999999996,
              47.37871899999999
            ],
            [
              8.540275000000001,
              47.378716
            ]
          ]
        ]
      }
    },
    {
      "type": "Feature",
      "properties": {
        "landCoverId": 96,
        "parcelId": "9900/9005/01",
        "buildingId": null,
        "type": "uebrige_humusierte",
        "typeGroup": "humusiert",
        "area": 4.98,
        "egid": null,
        "egrid": "CH385599917023",
        "surveyStatus": "AV93",
        "canton": "ZH",
        "municipalityNumber": 261,
        "provenance": {
          "dataStatus": "public-source",
          "buildingId": "9900/9005/AA",
          "notice": "Bodenbedeckung der amtlichen Vermessung (geodienste.ch WFS ms:LCSF), auf die AV-Parzelle zugeschnitten.",
          "geometryMethod": "AV land cover polygon (WFS, EPSG:4326) clipped to the AV parcel in a local azimuthal equidistant CRS; geodesic area",
          "sourceUrl": "https://geodienste.ch/db/av_0/deu?SERVICE=WFS&VERSION=2.0.0&REQUEST=GetFeature&TYPENAMES=ms%3ALCSF&SRSNAME=urn%3Aogc%3Adef%3Acrs%3AEPSG%3A%3A4326&BBOX=47.378657%2C8.538467%2C47.379861%2C8.541281%2Curn%3Aogc%3Adef%3Acrs%3AEPSG%3A%3A4326&OUTPUTFORMAT=geojson&COUNT=1000",
          "retrievedAt": "2026-09-23",
          "licence": "AV land cover © the cantons, distributed via geodienste.ch; see the geodienste.ch and geo.admin.ch terms of use",
          "quality": "AV93",
          "canton": "ZH",
          "municipalityNumber": 261
        }
      },
      "geometry": {
        "type": "Polygon",
        "coordinates": [
          [
            [
              8.540876334637188,
              47.37865738210402
            ],
            [
              8.540976228936307,
              47.37865796625524
            ],
            [
              8.540975569155648,
              47.37865816218843
            ],
            [
              8.540963723442422,
              47.37866104572567
            ],
            [
              8.540951628056764,
              47.37866338294105
            ],
            [
              8.540940444980915,
              47.378665009829504
            ],
            [
              8.540929133069906,
              47.37866617019936
            ],
            [
              8.540917731672847,
              47.378666845684876
            ],
            [
              8.54091155519582,
              47.37866658979077
            ],
            [
              8.540905438038351,
              47.37866600051051
            ],
            [
              8.540899406495097,
              47.378665068597975
            ],
            [
              8.540891663085757,
              47.3786633254672
            ],
            [
              8.540884252578413,
              47.37866103045646
            ],
            [
              8.54087672465293,
              47.3786575402131
            ],
            [
              8.540876334637188,
              47.37865738210402
            ]
          ]
        ]
      }
    },
    {
      "type": "Feature",
      "properties": {
        "landCoverId": 97,
        "parcelId": "9900/9006/01",
        "buildingId": "9900/9006/AA",
        "type": "Gebaeude",
        "typeGroup": "gebaeude",
        "area": 725,
        "egid": null,
        "egrid": null,
        "surveyStatus": "Demo",
        "canton": null,
        "municipalityNumber": null,
        "provenance": {
          "dataStatus": "synthetic-demo",
          "buildingId": "9900/9006/AA",
          "notice": "Schematische Bodenbedeckung; keine AV-Gebäudegrundrisse.",
          "geometryMethod": "metric rectangles"
        }
      },
      "geometry": {
        "type": "Polygon",
        "coordinates": [
          [
            [
              149.120937656,
              -35.313568646
            ],
            [
              149.121233744,
              -35.313568646
            ],
            [
              149.121233744,
              -35.313325954
            ],
            [
              149.120937656,
              -35.313325954
            ],
            [
              149.120937656,
              -35.313568646
            ]
          ]
        ]
      }
    },
    {
      "type": "Feature",
      "properties": {
        "landCoverId": 98,
        "parcelId": "9900/9006/01",
        "buildingId": null,
        "type": "uebrige_befestigte",
        "typeGroup": "befestigt",
        "area": 688.99,
        "egid": null,
        "egrid": null,
        "surveyStatus": "Demo",
        "canton": null,
        "municipalityNumber": null,
        "provenance": {
          "dataStatus": "synthetic-demo",
          "buildingId": "9900/9006/AA",
          "notice": "Schematische Bodenbedeckung; keine AV-Gebäudegrundrisse.",
          "geometryMethod": "metric rectangles"
        }
      },
      "geometry": {
        "type": "Polygon",
        "coordinates": [
          [
            [
              149.120656275,
              -35.313568645
            ],
            [
              149.120937656,
              -35.313568646
            ],
            [
              149.120937656,
              -35.313325954
            ],
            [
              149.120656277,
              -35.313325953
            ],
            [
              149.120656275,
              -35.313568645
            ]
          ]
        ]
      }
    },
    {
      "type": "Feature",
      "properties": {
        "landCoverId": 99,
        "parcelId": "9900/9006/01",
        "buildingId": null,
        "type": "uebrige_befestigte",
        "typeGroup": "befestigt",
        "area": 688.99,
        "egid": null,
        "egrid": null,
        "surveyStatus": "Demo",
        "canton": null,
        "municipalityNumber": null,
        "provenance": {
          "dataStatus": "synthetic-demo",
          "buildingId": "9900/9006/AA",
          "notice": "Schematische Bodenbedeckung; keine AV-Gebäudegrundrisse.",
          "geometryMethod": "metric rectangles"
        }
      },
      "geometry": {
        "type": "Polygon",
        "coordinates": [
          [
            [
              149.121233744,
              -35.313568646
            ],
            [
              149.121515125,
              -35.313568645
            ],
            [
              149.121515123,
              -35.313325953
            ],
            [
              149.121233744,
              -35.313325954
            ],
            [
              149.121233744,
              -35.313568646
            ]
          ]
        ]
      }
    },
    {
      "type": "Feature",
      "properties": {
        "landCoverId": 100,
        "parcelId": "9900/9006/01",
        "buildingId": null,
        "type": "Gartenanlage",
        "typeGroup": "humusiert",
        "area": 1998.51,
        "egid": null,
        "egrid": null,
        "surveyStatus": "Demo",
        "canton": null,
        "municipalityNumber": null,
        "provenance": {
          "dataStatus": "synthetic-demo",
          "buildingId": "9900/9006/AA",
          "notice": "Schematische Bodenbedeckung; keine AV-Gebäudegrundrisse.",
          "geometryMethod": "metric rectangles"
        }
      },
      "geometry": {
        "type": "Polygon",
        "coordinates": [
          [
            [
              149.120656277,
              -35.313325953
            ],
            [
              149.121515123,
              -35.313325953
            ],
            [
              149.121515122,
              -35.313095316
            ],
            [
              149.120656278,
              -35.313095316
            ],
            [
              149.120656277,
              -35.313325953
            ]
          ]
        ]
      }
    },
    {
      "type": "Feature",
      "properties": {
        "landCoverId": 101,
        "parcelId": "9900/9006/01",
        "buildingId": null,
        "type": "Gartenanlage",
        "typeGroup": "humusiert",
        "area": 1998.51,
        "egid": null,
        "egrid": null,
        "surveyStatus": "Demo",
        "canton": null,
        "municipalityNumber": null,
        "provenance": {
          "dataStatus": "synthetic-demo",
          "buildingId": "9900/9006/AA",
          "notice": "Schematische Bodenbedeckung; keine AV-Gebäudegrundrisse.",
          "geometryMethod": "metric rectangles"
        }
      },
      "geometry": {
        "type": "Polygon",
        "coordinates": [
          [
            [
              149.120656274,
              -35.313799282
            ],
            [
              149.121515126,
              -35.313799282
            ],
            [
              149.121515125,
              -35.313568645
            ],
            [
              149.120656275,
              -35.313568645
            ],
            [
              149.120656274,
              -35.313799282
            ]
          ]
        ]
      }
    },
    {
      "type": "Feature",
      "properties": {
        "landCoverId": 102,
        "parcelId": "9900/9007/01",
        "buildingId": "9900/9007/AA",
        "type": "Gebaeude",
        "typeGroup": "gebaeude",
        "area": 950,
        "egid": null,
        "egrid": null,
        "surveyStatus": "Demo",
        "canton": null,
        "municipalityNumber": null,
        "provenance": {
          "dataStatus": "synthetic-demo",
          "buildingId": "9900/9007/AA",
          "notice": "Schematische Bodenbedeckung; keine AV-Gebäudegrundrisse.",
          "geometryMethod": "metric rectangles"
        }
      },
      "geometry": {
        "type": "Polygon",
        "coordinates": [
          [
            [
              -47.897419162,
              -15.831746169
            ],
            [
              -47.897131438,
              -15.831746169
            ],
            [
              -47.897131438,
              -15.831467631
            ],
            [
              -47.897419162,
              -15.831467631
            ],
            [
              -47.897419162,
              -15.831746169
            ]
          ]
        ]
      }
    },
    {
      "type": "Feature",
      "properties": {
        "landCoverId": 103,
        "parcelId": "9900/9007/01",
        "buildingId": null,
        "type": "uebrige_befestigte",
        "typeGroup": "befestigt",
        "area": 2126.68,
        "egid": null,
        "egrid": null,
        "surveyStatus": "Demo",
        "canton": null,
        "municipalityNumber": null,
        "provenance": {
          "dataStatus": "synthetic-demo",
          "buildingId": "9900/9007/AA",
          "notice": "Schematische Bodenbedeckung; keine AV-Gebäudegrundrisse.",
          "geometryMethod": "metric rectangles"
        }
      },
      "geometry": {
        "type": "Polygon",
        "coordinates": [
          [
            [
              -47.898063266,
              -15.831746167
            ],
            [
              -47.897419162,
              -15.831746169
            ],
            [
              -47.897419162,
              -15.831467631
            ],
            [
              -47.898063265,
              -15.83146763
            ],
            [
              -47.898063266,
              -15.831746167
            ]
          ]
        ]
      }
    },
    {
      "type": "Feature",
      "properties": {
        "landCoverId": 104,
        "parcelId": "9900/9007/01",
        "buildingId": null,
        "type": "uebrige_befestigte",
        "typeGroup": "befestigt",
        "area": 2126.68,
        "egid": null,
        "egrid": null,
        "surveyStatus": "Demo",
        "canton": null,
        "municipalityNumber": null,
        "provenance": {
          "dataStatus": "synthetic-demo",
          "buildingId": "9900/9007/AA",
          "notice": "Schematische Bodenbedeckung; keine AV-Gebäudegrundrisse.",
          "geometryMethod": "metric rectangles"
        }
      },
      "geometry": {
        "type": "Polygon",
        "coordinates": [
          [
            [
              -47.897131438,
              -15.831746169
            ],
            [
              -47.896487334,
              -15.831746167
            ],
            [
              -47.896487335,
              -15.83146763
            ],
            [
              -47.897131438,
              -15.831467631
            ],
            [
              -47.897131438,
              -15.831746169
            ]
          ]
        ]
      }
    },
    {
      "type": "Feature",
      "properties": {
        "landCoverId": 105,
        "parcelId": "9900/9007/01",
        "buildingId": null,
        "type": "Gartenanlage",
        "typeGroup": "humusiert",
        "area": 11648.32,
        "egid": null,
        "egrid": null,
        "surveyStatus": "Demo",
        "canton": null,
        "municipalityNumber": null,
        "provenance": {
          "dataStatus": "synthetic-demo",
          "buildingId": "9900/9007/AA",
          "notice": "Schematische Bodenbedeckung; keine AV-Gebäudegrundrisse.",
          "geometryMethod": "metric rectangles"
        }
      },
      "geometry": {
        "type": "Polygon",
        "coordinates": [
          [
            [
              -47.898063265,
              -15.83146763
            ],
            [
              -47.896487335,
              -15.83146763
            ],
            [
              -47.896487337,
              -15.830844093
            ],
            [
              -47.898063263,
              -15.830844093
            ],
            [
              -47.898063265,
              -15.83146763
            ]
          ]
        ]
      }
    },
    {
      "type": "Feature",
      "properties": {
        "landCoverId": 106,
        "parcelId": "9900/9007/01",
        "buildingId": null,
        "type": "Gartenanlage",
        "typeGroup": "humusiert",
        "area": 11648.32,
        "egid": null,
        "egrid": null,
        "surveyStatus": "Demo",
        "canton": null,
        "municipalityNumber": null,
        "provenance": {
          "dataStatus": "synthetic-demo",
          "buildingId": "9900/9007/AA",
          "notice": "Schematische Bodenbedeckung; keine AV-Gebäudegrundrisse.",
          "geometryMethod": "metric rectangles"
        }
      },
      "geometry": {
        "type": "Polygon",
        "coordinates": [
          [
            [
              -47.898063269,
              -15.832369704
            ],
            [
              -47.896487331,
              -15.832369704
            ],
            [
              -47.896487334,
              -15.831746167
            ],
            [
              -47.898063266,
              -15.831746167
            ],
            [
              -47.898063269,
              -15.832369704
            ]
          ]
        ]
      }
    },
    {
      "type": "Feature",
      "properties": {
        "landCoverId": 107,
        "parcelId": "9900/9008/01",
        "buildingId": "9900/9008/AA",
        "type": "Gebaeude",
        "typeGroup": "gebaeude",
        "area": 1180,
        "egid": null,
        "egrid": null,
        "surveyStatus": "Demo",
        "canton": null,
        "municipalityNumber": null,
        "provenance": {
          "dataStatus": "synthetic-demo",
          "buildingId": "9900/9008/AA",
          "notice": "Schematische Bodenbedeckung; keine AV-Gebäudegrundrisse.",
          "geometryMethod": "metric rectangles"
        }
      },
      "geometry": {
        "type": "Polygon",
        "coordinates": [
          [
            [
              126.96473568,
              37.570077449
            ],
            [
              126.96512452,
              37.570077449
            ],
            [
              126.96512452,
              37.570386951
            ],
            [
              126.96473568,
              37.570386951
            ],
            [
              126.96473568,
              37.570077449
            ]
          ]
        ]
      }
    },
    {
      "type": "Feature",
      "properties": {
        "landCoverId": 108,
        "parcelId": "9900/9008/01",
        "buildingId": null,
        "type": "uebrige_befestigte",
        "typeGroup": "befestigt",
        "area": 574.9,
        "egid": null,
        "egrid": null,
        "surveyStatus": "Demo",
        "canton": null,
        "municipalityNumber": null,
        "provenance": {
          "dataStatus": "synthetic-demo",
          "buildingId": "9900/9008/AA",
          "notice": "Schematische Bodenbedeckung; keine AV-Gebäudegrundrisse.",
          "geometryMethod": "metric rectangles"
        }
      },
      "geometry": {
        "type": "Polygon",
        "coordinates": [
          [
            [
              126.964546235,
              37.570077448
            ],
            [
              126.96473568,
              37.570077449
            ],
            [
              126.96473568,
              37.570386951
            ],
            [
              126.964546234,
              37.57038695
            ],
            [
              126.964546235,
              37.570077448
            ]
          ]
        ]
      }
    },
    {
      "type": "Feature",
      "properties": {
        "landCoverId": 109,
        "parcelId": "9900/9008/01",
        "buildingId": null,
        "type": "uebrige_befestigte",
        "typeGroup": "befestigt",
        "area": 574.9,
        "egid": null,
        "egrid": null,
        "surveyStatus": "Demo",
        "canton": null,
        "municipalityNumber": null,
        "provenance": {
          "dataStatus": "synthetic-demo",
          "buildingId": "9900/9008/AA",
          "notice": "Schematische Bodenbedeckung; keine AV-Gebäudegrundrisse.",
          "geometryMethod": "metric rectangles"
        }
      },
      "geometry": {
        "type": "Polygon",
        "coordinates": [
          [
            [
              126.96512452,
              37.570077449
            ],
            [
              126.965313965,
              37.570077448
            ],
            [
              126.965313966,
              37.57038695
            ],
            [
              126.96512452,
              37.570386951
            ],
            [
              126.96512452,
              37.570077449
            ]
          ]
        ]
      }
    },
    {
      "type": "Feature",
      "properties": {
        "landCoverId": 110,
        "parcelId": "9900/9008/01",
        "buildingId": null,
        "type": "Gartenanlage",
        "typeGroup": "humusiert",
        "area": 1135.1,
        "egid": null,
        "egrid": null,
        "surveyStatus": "Demo",
        "canton": null,
        "municipalityNumber": null,
        "provenance": {
          "dataStatus": "synthetic-demo",
          "buildingId": "9900/9008/AA",
          "notice": "Schematische Bodenbedeckung; keine AV-Gebäudegrundrisse.",
          "geometryMethod": "metric rectangles"
        }
      },
      "geometry": {
        "type": "Polygon",
        "coordinates": [
          [
            [
              126.964546234,
              37.57038695
            ],
            [
              126.965313966,
              37.57038695
            ],
            [
              126.965313967,
              37.570537742
            ],
            [
              126.964546233,
              37.570537742
            ],
            [
              126.964546234,
              37.57038695
            ]
          ]
        ]
      }
    },
    {
      "type": "Feature",
      "properties": {
        "landCoverId": 111,
        "parcelId": "9900/9008/01",
        "buildingId": null,
        "type": "Gartenanlage",
        "typeGroup": "humusiert",
        "area": 1135.1,
        "egid": null,
        "egrid": null,
        "surveyStatus": "Demo",
        "canton": null,
        "municipalityNumber": null,
        "provenance": {
          "dataStatus": "synthetic-demo",
          "buildingId": "9900/9008/AA",
          "notice": "Schematische Bodenbedeckung; keine AV-Gebäudegrundrisse.",
          "geometryMethod": "metric rectangles"
        }
      },
      "geometry": {
        "type": "Polygon",
        "coordinates": [
          [
            [
              126.964546236,
              37.569926657
            ],
            [
              126.965313964,
              37.569926657
            ],
            [
              126.965313965,
              37.570077448
            ],
            [
              126.964546235,
              37.570077448
            ],
            [
              126.964546236,
              37.569926657
            ]
          ]
        ]
      }
    },
    {
      "type": "Feature",
      "properties": {
        "landCoverId": 112,
        "parcelId": "9900/9009/01",
        "buildingId": "9900/9009/AA",
        "type": "Gebaeude",
        "typeGroup": "gebaeude",
        "area": 756,
        "egid": null,
        "egrid": null,
        "surveyStatus": "Demo",
        "canton": null,
        "municipalityNumber": null,
        "provenance": {
          "dataStatus": "synthetic-demo",
          "buildingId": "9900/9009/AA",
          "notice": "Schematische Bodenbedeckung; keine AV-Gebäudegrundrisse.",
          "geometryMethod": "metric rectangles"
        }
      },
      "geometry": {
        "type": "Polygon",
        "coordinates": [
          [
            [
              36.800736474,
              -1.22880373
            ],
            [
              36.800983526,
              -1.22880373
            ],
            [
              36.800983526,
              -1.22855507
            ],
            [
              36.800736474,
              -1.22855507
            ],
            [
              36.800736474,
              -1.22880373
            ]
          ]
        ]
      }
    },
    {
      "type": "Feature",
      "properties": {
        "landCoverId": 113,
        "parcelId": "9900/9009/01",
        "buildingId": null,
        "type": "uebrige_befestigte",
        "typeGroup": "befestigt",
        "area": 996.77,
        "egid": null,
        "egrid": null,
        "surveyStatus": "Demo",
        "canton": null,
        "municipalityNumber": null,
        "provenance": {
          "dataStatus": "synthetic-demo",
          "buildingId": "9900/9009/AA",
          "notice": "Schematische Bodenbedeckung; keine AV-Gebäudegrundrisse.",
          "geometryMethod": "metric rectangles"
        }
      },
      "geometry": {
        "type": "Polygon",
        "coordinates": [
          [
            [
              36.80041074,
              -1.22880373
            ],
            [
              36.800736474,
              -1.22880373
            ],
            [
              36.800736474,
              -1.22855507
            ],
            [
              36.80041074,
              -1.22855507
            ],
            [
              36.80041074,
              -1.22880373
            ]
          ]
        ]
      }
    },
    {
      "type": "Feature",
      "properties": {
        "landCoverId": 114,
        "parcelId": "9900/9009/01",
        "buildingId": null,
        "type": "uebrige_befestigte",
        "typeGroup": "befestigt",
        "area": 996.77,
        "egid": null,
        "egrid": null,
        "surveyStatus": "Demo",
        "canton": null,
        "municipalityNumber": null,
        "provenance": {
          "dataStatus": "synthetic-demo",
          "buildingId": "9900/9009/AA",
          "notice": "Schematische Bodenbedeckung; keine AV-Gebäudegrundrisse.",
          "geometryMethod": "metric rectangles"
        }
      },
      "geometry": {
        "type": "Polygon",
        "coordinates": [
          [
            [
              36.800983526,
              -1.22880373
            ],
            [
              36.80130926,
              -1.22880373
            ],
            [
              36.80130926,
              -1.22855507
            ],
            [
              36.800983526,
              -1.22855507
            ],
            [
              36.800983526,
              -1.22880373
            ]
          ]
        ]
      }
    },
    {
      "type": "Feature",
      "properties": {
        "landCoverId": 115,
        "parcelId": "9900/9009/01",
        "buildingId": null,
        "type": "Gartenanlage",
        "typeGroup": "humusiert",
        "area": 3625.23,
        "egid": null,
        "egrid": null,
        "surveyStatus": "Demo",
        "canton": null,
        "municipalityNumber": null,
        "provenance": {
          "dataStatus": "synthetic-demo",
          "buildingId": "9900/9009/AA",
          "notice": "Schematische Bodenbedeckung; keine AV-Gebäudegrundrisse.",
          "geometryMethod": "metric rectangles"
        }
      },
      "geometry": {
        "type": "Polygon",
        "coordinates": [
          [
            [
              36.80041074,
              -1.22855507
            ],
            [
              36.80130926,
              -1.22855507
            ],
            [
              36.80130926,
              -1.228227217
            ],
            [
              36.80041074,
              -1.228227217
            ],
            [
              36.80041074,
              -1.22855507
            ]
          ]
        ]
      }
    },
    {
      "type": "Feature",
      "properties": {
        "landCoverId": 116,
        "parcelId": "9900/9009/01",
        "buildingId": null,
        "type": "Gartenanlage",
        "typeGroup": "humusiert",
        "area": 3625.23,
        "egid": null,
        "egrid": null,
        "surveyStatus": "Demo",
        "canton": null,
        "municipalityNumber": null,
        "provenance": {
          "dataStatus": "synthetic-demo",
          "buildingId": "9900/9009/AA",
          "notice": "Schematische Bodenbedeckung; keine AV-Gebäudegrundrisse.",
          "geometryMethod": "metric rectangles"
        }
      },
      "geometry": {
        "type": "Polygon",
        "coordinates": [
          [
            [
              36.80041074,
              -1.229131583
            ],
            [
              36.80130926,
              -1.229131583
            ],
            [
              36.80130926,
              -1.22880373
            ],
            [
              36.80041074,
              -1.22880373
            ],
            [
              36.80041074,
              -1.229131583
            ]
          ]
        ]
      }
    },
    {
      "type": "Feature",
      "properties": {
        "landCoverId": 117,
        "parcelId": "9900/9010/01",
        "buildingId": "9900/9010/AA",
        "type": "Gebaeude",
        "typeGroup": "gebaeude",
        "area": 976,
        "egid": null,
        "egrid": null,
        "surveyStatus": "Demo",
        "canton": null,
        "municipalityNumber": null,
        "provenance": {
          "dataStatus": "synthetic-demo",
          "buildingId": "9900/9010/AA",
          "notice": "Schematische Bodenbedeckung; keine AV-Gebäudegrundrisse.",
          "geometryMethod": "metric rectangles"
        }
      },
      "geometry": {
        "type": "Polygon",
        "coordinates": [
          [
            [
              -77.058123339,
              38.928472393
            ],
            [
              -77.057763061,
              38.928472393
            ],
            [
              -77.05776306,
              38.928753807
            ],
            [
              -77.05812334,
              38.928753807
            ],
            [
              -77.058123339,
              38.928472393
            ]
          ]
        ]
      }
    },
    {
      "type": "Feature",
      "properties": {
        "landCoverId": 118,
        "parcelId": "9900/9010/01",
        "buildingId": null,
        "type": "uebrige_befestigte",
        "typeGroup": "befestigt",
        "area": 751.84,
        "egid": null,
        "egrid": null,
        "surveyStatus": "Demo",
        "canton": null,
        "municipalityNumber": null,
        "provenance": {
          "dataStatus": "synthetic-demo",
          "buildingId": "9900/9010/AA",
          "notice": "Schematische Bodenbedeckung; keine AV-Gebäudegrundrisse.",
          "geometryMethod": "metric rectangles"
        }
      },
      "geometry": {
        "type": "Polygon",
        "coordinates": [
          [
            [
              -77.058400871,
              38.928472392
            ],
            [
              -77.058123339,
              38.928472393
            ],
            [
              -77.05812334,
              38.928753807
            ],
            [
              -77.058400873,
              38.928753806
            ],
            [
              -77.058400871,
              38.928472392
            ]
          ]
        ]
      }
    },
    {
      "type": "Feature",
      "properties": {
        "landCoverId": 119,
        "parcelId": "9900/9010/01",
        "buildingId": null,
        "type": "uebrige_befestigte",
        "typeGroup": "befestigt",
        "area": 751.84,
        "egid": null,
        "egrid": null,
        "surveyStatus": "Demo",
        "canton": null,
        "municipalityNumber": null,
        "provenance": {
          "dataStatus": "synthetic-demo",
          "buildingId": "9900/9010/AA",
          "notice": "Schematische Bodenbedeckung; keine AV-Gebäudegrundrisse.",
          "geometryMethod": "metric rectangles"
        }
      },
      "geometry": {
        "type": "Polygon",
        "coordinates": [
          [
            [
              -77.057763061,
              38.928472393
            ],
            [
              -77.057485529,
              38.928472392
            ],
            [
              -77.057485527,
              38.928753806
            ],
            [
              -77.05776306,
              38.928753807
            ],
            [
              -77.057763061,
              38.928472393
            ]
          ]
        ]
      }
    },
    {
      "type": "Feature",
      "properties": {
        "landCoverId": 120,
        "parcelId": "9900/9010/01",
        "buildingId": null,
        "type": "Gartenanlage",
        "typeGroup": "humusiert",
        "area": 1910.16,
        "egid": null,
        "egrid": null,
        "surveyStatus": "Demo",
        "canton": null,
        "municipalityNumber": null,
        "provenance": {
          "dataStatus": "synthetic-demo",
          "buildingId": "9900/9010/AA",
          "notice": "Schematische Bodenbedeckung; keine AV-Gebäudegrundrisse.",
          "geometryMethod": "metric rectangles"
        }
      },
      "geometry": {
        "type": "Polygon",
        "coordinates": [
          [
            [
              -77.058400873,
              38.928753806
            ],
            [
              -77.057485527,
              38.928753806
            ],
            [
              -77.057485526,
              38.928970588
            ],
            [
              -77.058400874,
              38.928970588
            ],
            [
              -77.058400873,
              38.928753806
            ]
          ]
        ]
      }
    },
    {
      "type": "Feature",
      "properties": {
        "landCoverId": 121,
        "parcelId": "9900/9010/01",
        "buildingId": null,
        "type": "Gartenanlage",
        "typeGroup": "humusiert",
        "area": 1910.16,
        "egid": null,
        "egrid": null,
        "surveyStatus": "Demo",
        "canton": null,
        "municipalityNumber": null,
        "provenance": {
          "dataStatus": "synthetic-demo",
          "buildingId": "9900/9010/AA",
          "notice": "Schematische Bodenbedeckung; keine AV-Gebäudegrundrisse.",
          "geometryMethod": "metric rectangles"
        }
      },
      "geometry": {
        "type": "Polygon",
        "coordinates": [
          [
            [
              -77.058400869,
              38.928255611
            ],
            [
              -77.057485531,
              38.928255611
            ],
            [
              -77.057485529,
              38.928472392
            ],
            [
              -77.058400871,
              38.928472392
            ],
            [
              -77.058400869,
              38.928255611
            ]
          ]
        ]
      }
    },
    {
      "type": "Feature",
      "properties": {
        "landCoverId": 122,
        "parcelId": "9900/9011/01",
        "buildingId": "9900/9011/AA",
        "type": "Gebaeude",
        "typeGroup": "gebaeude",
        "area": 672,
        "egid": null,
        "egrid": null,
        "surveyStatus": "Demo",
        "canton": null,
        "municipalityNumber": null,
        "provenance": {
          "dataStatus": "synthetic-demo",
          "buildingId": "9900/9011/AA",
          "notice": "Schematische Bodenbedeckung; keine AV-Gebäudegrundrisse.",
          "geometryMethod": "metric rectangles"
        }
      },
      "geometry": {
        "type": "Polygon",
        "coordinates": [
          [
            [
              103.789491633,
              1.342434381
            ],
            [
              103.789724567,
              1.342434381
            ],
            [
              103.789724567,
              1.342668819
            ],
            [
              103.789491633,
              1.342668819
            ],
            [
              103.789491633,
              1.342434381
            ]
          ]
        ]
      }
    },
    {
      "type": "Feature",
      "properties": {
        "landCoverId": 123,
        "parcelId": "9900/9011/01",
        "buildingId": null,
        "type": "uebrige_befestigte",
        "typeGroup": "befestigt",
        "area": 823.31,
        "egid": null,
        "egrid": null,
        "surveyStatus": "Demo",
        "canton": null,
        "municipalityNumber": null,
        "provenance": {
          "dataStatus": "synthetic-demo",
          "buildingId": "9900/9011/AA",
          "notice": "Schematische Bodenbedeckung; keine AV-Gebäudegrundrisse.",
          "geometryMethod": "metric rectangles"
        }
      },
      "geometry": {
        "type": "Polygon",
        "coordinates": [
          [
            [
              103.789206252,
              1.342434381
            ],
            [
              103.789491633,
              1.342434381
            ],
            [
              103.789491633,
              1.342668819
            ],
            [
              103.789206252,
              1.342668819
            ],
            [
              103.789206252,
              1.342434381
            ]
          ]
        ]
      }
    },
    {
      "type": "Feature",
      "properties": {
        "landCoverId": 124,
        "parcelId": "9900/9011/01",
        "buildingId": null,
        "type": "uebrige_befestigte",
        "typeGroup": "befestigt",
        "area": 823.31,
        "egid": null,
        "egrid": null,
        "surveyStatus": "Demo",
        "canton": null,
        "municipalityNumber": null,
        "provenance": {
          "dataStatus": "synthetic-demo",
          "buildingId": "9900/9011/AA",
          "notice": "Schematische Bodenbedeckung; keine AV-Gebäudegrundrisse.",
          "geometryMethod": "metric rectangles"
        }
      },
      "geometry": {
        "type": "Polygon",
        "coordinates": [
          [
            [
              103.789724567,
              1.342434381
            ],
            [
              103.790009948,
              1.342434381
            ],
            [
              103.790009948,
              1.342668819
            ],
            [
              103.789724567,
              1.342668819
            ],
            [
              103.789724567,
              1.342434381
            ]
          ]
        ]
      }
    },
    {
      "type": "Feature",
      "properties": {
        "landCoverId": 125,
        "parcelId": "9900/9011/01",
        "buildingId": null,
        "type": "Gartenanlage",
        "typeGroup": "humusiert",
        "area": 2840.69,
        "egid": null,
        "egrid": null,
        "surveyStatus": "Demo",
        "canton": null,
        "municipalityNumber": null,
        "provenance": {
          "dataStatus": "synthetic-demo",
          "buildingId": "9900/9011/AA",
          "notice": "Schematische Bodenbedeckung; keine AV-Gebäudegrundrisse.",
          "geometryMethod": "metric rectangles"
        }
      },
      "geometry": {
        "type": "Polygon",
        "coordinates": [
          [
            [
              103.789206252,
              1.342668819
            ],
            [
              103.790009948,
              1.342668819
            ],
            [
              103.790009948,
              1.342956044
            ],
            [
              103.789206252,
              1.342956044
            ],
            [
              103.789206252,
              1.342668819
            ]
          ]
        ]
      }
    },
    {
      "type": "Feature",
      "properties": {
        "landCoverId": 126,
        "parcelId": "9900/9011/01",
        "buildingId": null,
        "type": "Gartenanlage",
        "typeGroup": "humusiert",
        "area": 2840.69,
        "egid": null,
        "egrid": null,
        "surveyStatus": "Demo",
        "canton": null,
        "municipalityNumber": null,
        "provenance": {
          "dataStatus": "synthetic-demo",
          "buildingId": "9900/9011/AA",
          "notice": "Schematische Bodenbedeckung; keine AV-Gebäudegrundrisse.",
          "geometryMethod": "metric rectangles"
        }
      },
      "geometry": {
        "type": "Polygon",
        "coordinates": [
          [
            [
              103.789206252,
              1.342147156
            ],
            [
              103.790009948,
              1.342147156
            ],
            [
              103.790009948,
              1.342434381
            ],
            [
              103.789206252,
              1.342434381
            ],
            [
              103.789206252,
              1.342147156
            ]
          ]
        ]
      }
    },
    {
      "type": "Feature",
      "properties": {
        "landCoverId": 127,
        "parcelId": "9900/9012/01",
        "buildingId": "9900/9012/AA",
        "type": "Gebaeude",
        "typeGroup": "gebaeude",
        "area": 899,
        "egid": null,
        "egrid": null,
        "surveyStatus": "Demo",
        "canton": null,
        "municipalityNumber": null,
        "provenance": {
          "dataStatus": "synthetic-demo",
          "buildingId": "9900/9012/AA",
          "notice": "Schematische Bodenbedeckung; keine AV-Gebäudegrundrisse.",
          "geometryMethod": "metric rectangles"
        }
      },
      "geometry": {
        "type": "Polygon",
        "coordinates": [
          [
            [
              -3.993497153,
              5.329099932
            ],
            [
              -3.993226647,
              5.329099932
            ],
            [
              -3.993226647,
              5.329371068
            ],
            [
              -3.993497153,
              5.329371068
            ],
            [
              -3.993497153,
              5.329099932
            ]
          ]
        ]
      }
    },
    {
      "type": "Feature",
      "properties": {
        "landCoverId": 128,
        "parcelId": "9900/9012/01",
        "buildingId": null,
        "type": "uebrige_befestigte",
        "typeGroup": "befestigt",
        "area": 398.56,
        "egid": null,
        "egrid": null,
        "surveyStatus": "Demo",
        "canton": null,
        "municipalityNumber": null,
        "provenance": {
          "dataStatus": "synthetic-demo",
          "buildingId": "9900/9012/AA",
          "notice": "Schematische Bodenbedeckung; keine AV-Gebäudegrundrisse.",
          "geometryMethod": "metric rectangles"
        }
      },
      "geometry": {
        "type": "Polygon",
        "coordinates": [
          [
            [
              -3.993617078,
              5.329099932
            ],
            [
              -3.993497153,
              5.329099932
            ],
            [
              -3.993497153,
              5.329371068
            ],
            [
              -3.993617078,
              5.329371068
            ],
            [
              -3.993617078,
              5.329099932
            ]
          ]
        ]
      }
    },
    {
      "type": "Feature",
      "properties": {
        "landCoverId": 129,
        "parcelId": "9900/9012/01",
        "buildingId": null,
        "type": "uebrige_befestigte",
        "typeGroup": "befestigt",
        "area": 398.56,
        "egid": null,
        "egrid": null,
        "surveyStatus": "Demo",
        "canton": null,
        "municipalityNumber": null,
        "provenance": {
          "dataStatus": "synthetic-demo",
          "buildingId": "9900/9012/AA",
          "notice": "Schematische Bodenbedeckung; keine AV-Gebäudegrundrisse.",
          "geometryMethod": "metric rectangles"
        }
      },
      "geometry": {
        "type": "Polygon",
        "coordinates": [
          [
            [
              -3.993226647,
              5.329099932
            ],
            [
              -3.993106722,
              5.329099932
            ],
            [
              -3.993106722,
              5.329371068
            ],
            [
              -3.993226647,
              5.329371068
            ],
            [
              -3.993226647,
              5.329099932
            ]
          ]
        ]
      }
    },
    {
      "type": "Feature",
      "properties": {
        "landCoverId": 130,
        "parcelId": "9900/9012/01",
        "buildingId": null,
        "type": "Gartenanlage",
        "typeGroup": "humusiert",
        "area": 751.94,
        "egid": null,
        "egrid": null,
        "surveyStatus": "Demo",
        "canton": null,
        "municipalityNumber": null,
        "provenance": {
          "dataStatus": "synthetic-demo",
          "buildingId": "9900/9012/AA",
          "notice": "Schematische Bodenbedeckung; keine AV-Gebäudegrundrisse.",
          "geometryMethod": "metric rectangles"
        }
      },
      "geometry": {
        "type": "Polygon",
        "coordinates": [
          [
            [
              -3.993617078,
              5.329371068
            ],
            [
              -3.993106722,
              5.329371068
            ],
            [
              -3.993106722,
              5.329491272
            ],
            [
              -3.993617078,
              5.329491272
            ],
            [
              -3.993617078,
              5.329371068
            ]
          ]
        ]
      }
    },
    {
      "type": "Feature",
      "properties": {
        "landCoverId": 131,
        "parcelId": "9900/9012/01",
        "buildingId": null,
        "type": "Gartenanlage",
        "typeGroup": "humusiert",
        "area": 751.94,
        "egid": null,
        "egrid": null,
        "surveyStatus": "Demo",
        "canton": null,
        "municipalityNumber": null,
        "provenance": {
          "dataStatus": "synthetic-demo",
          "buildingId": "9900/9012/AA",
          "notice": "Schematische Bodenbedeckung; keine AV-Gebäudegrundrisse.",
          "geometryMethod": "metric rectangles"
        }
      },
      "geometry": {
        "type": "Polygon",
        "coordinates": [
          [
            [
              -3.993617078,
              5.328979728
            ],
            [
              -3.993106722,
              5.328979728
            ],
            [
              -3.993106722,
              5.329099932
            ],
            [
              -3.993617078,
              5.329099932
            ],
            [
              -3.993617078,
              5.328979728
            ]
          ]
        ]
      }
    },
    {
      "type": "Feature",
      "properties": {
        "landCoverId": 132,
        "parcelId": "9900/9013/01",
        "buildingId": "9900/9013/AA",
        "type": "Gebaeude",
        "typeGroup": "gebaeude",
        "area": 875,
        "egid": null,
        "egrid": null,
        "surveyStatus": "Demo",
        "canton": null,
        "municipalityNumber": null,
        "provenance": {
          "dataStatus": "synthetic-demo",
          "buildingId": "9900/9013/AA",
          "notice": "Schematische Bodenbedeckung; keine AV-Gebäudegrundrisse.",
          "geometryMethod": "metric rectangles"
        }
      },
      "geometry": {
        "type": "Polygon",
        "coordinates": [
          [
            [
              -122.398286141,
              37.802058346
            ],
            [
              -122.397950259,
              37.802058346
            ],
            [
              -122.397950259,
              37.802324854
            ],
            [
              -122.398286141,
              37.802324854
            ],
            [
              -122.398286141,
              37.802058346
            ]
          ]
        ]
      }
    },
    {
      "type": "Feature",
      "properties": {
        "landCoverId": 133,
        "parcelId": "9900/9013/01",
        "buildingId": null,
        "type": "uebrige_befestigte",
        "typeGroup": "befestigt",
        "area": 190.0,
        "egid": null,
        "egrid": null,
        "surveyStatus": "Demo",
        "canton": null,
        "municipalityNumber": null,
        "provenance": {
          "dataStatus": "synthetic-demo",
          "buildingId": "9900/9013/AA",
          "notice": "Schematische Bodenbedeckung; keine AV-Gebäudegrundrisse.",
          "geometryMethod": "metric rectangles"
        }
      },
      "geometry": {
        "type": "Polygon",
        "coordinates": [
          [
            [
              -122.398359073,
              37.802058346
            ],
            [
              -122.398286141,
              37.802058346
            ],
            [
              -122.398286141,
              37.802324854
            ],
            [
              -122.398359074,
              37.802324854
            ],
            [
              -122.398359073,
              37.802058346
            ]
          ]
        ]
      }
    },
    {
      "type": "Feature",
      "properties": {
        "landCoverId": 134,
        "parcelId": "9900/9013/01",
        "buildingId": null,
        "type": "uebrige_befestigte",
        "typeGroup": "befestigt",
        "area": 190.0,
        "egid": null,
        "egrid": null,
        "surveyStatus": "Demo",
        "canton": null,
        "municipalityNumber": null,
        "provenance": {
          "dataStatus": "synthetic-demo",
          "buildingId": "9900/9013/AA",
          "notice": "Schematische Bodenbedeckung; keine AV-Gebäudegrundrisse.",
          "geometryMethod": "metric rectangles"
        }
      },
      "geometry": {
        "type": "Polygon",
        "coordinates": [
          [
            [
              -122.397950259,
              37.802058346
            ],
            [
              -122.397877327,
              37.802058346
            ],
            [
              -122.397877326,
              37.802324854
            ],
            [
              -122.397950259,
              37.802324854
            ],
            [
              -122.397950259,
              37.802058346
            ]
          ]
        ]
      }
    },
    {
      "type": "Feature",
      "properties": {
        "landCoverId": 135,
        "parcelId": "9900/9013/01",
        "buildingId": null,
        "type": "Gartenanlage",
        "typeGroup": "humusiert",
        "area": 272.5,
        "egid": null,
        "egrid": null,
        "surveyStatus": "Demo",
        "canton": null,
        "municipalityNumber": null,
        "provenance": {
          "dataStatus": "synthetic-demo",
          "buildingId": "9900/9013/AA",
          "notice": "Schematische Bodenbedeckung; keine AV-Gebäudegrundrisse.",
          "geometryMethod": "metric rectangles"
        }
      },
      "geometry": {
        "type": "Polygon",
        "coordinates": [
          [
            [
              -122.398359074,
              37.802324854
            ],
            [
              -122.397877326,
              37.802324854
            ],
            [
              -122.397877326,
              37.802382722
            ],
            [
              -122.398359074,
              37.802382722
            ],
            [
              -122.398359074,
              37.802324854
            ]
          ]
        ]
      }
    },
    {
      "type": "Feature",
      "properties": {
        "landCoverId": 136,
        "parcelId": "9900/9013/01",
        "buildingId": null,
        "type": "Gartenanlage",
        "typeGroup": "humusiert",
        "area": 272.5,
        "egid": null,
        "egrid": null,
        "surveyStatus": "Demo",
        "canton": null,
        "municipalityNumber": null,
        "provenance": {
          "dataStatus": "synthetic-demo",
          "buildingId": "9900/9013/AA",
          "notice": "Schematische Bodenbedeckung; keine AV-Gebäudegrundrisse.",
          "geometryMethod": "metric rectangles"
        }
      },
      "geometry": {
        "type": "Polygon",
        "coordinates": [
          [
            [
              -122.398359073,
              37.802000477
            ],
            [
              -122.397877327,
              37.802000477
            ],
            [
              -122.397877327,
              37.802058346
            ],
            [
              -122.398359073,
              37.802058346
            ],
            [
              -122.398359073,
              37.802000477
            ]
          ]
        ]
      }
    }
  ]
}
